{"Abdominal distension": 3.2594330559258324, "Abortion": 27.47136725508368, "Agitation": 25.32540878648295, "Alanine aminotransferase increased": 4.815738929476005, "Angioneurotic oedema": 39.35315493289594, "Anorexia": 20.70327354726855, "Aphasia": 2.8502840497942854, "Apnoea": 20.187456346379356, "Areflexia": 20.171585704597607, "Aspartate aminotransferase increased": 4.984121409527614, "Asphyxia": 45.65526159474761, "Asthenia": 1.8724678713128573, "Asthma": 2.050036514561214, "Autism": 32.56123986833522, "Back pain": 1.2587037814164972, "Blister": 1.373127315436592, "Blood albumin normal": 23.626387676103278, "Blood alkaline phosphatase normal": 14.882979707800557, "Blood calcium decreased": 21.065892459973856, "Blood creatine phosphokinase increased": 7.582227250664348, "Blood culture negative": 9.62425244420411, "Blood lactate dehydrogenase increased": 13.720993056817194, "Body temperature increased": 1.6331396484150058, "Brain neoplasm": 553.7753312859314, "Brain neoplasm malignant": 3665.465288035451, "CSF test abnormal": 34.83021314422827, "Campylobacter test positive": 328.9520130288225, "Cardiac failure": 4.266421186605946, "Cardio-respiratory arrest": 18.866365453123645, "Chest X-ray abnormal": 2.8408167644207434, "Coagulopathy": 16.85825033919064, "Coma": 11.224084434054312, "Confusional state": 1.0612233028475535, "Constipation": 3.712132091471087, "Convulsion": 22.016695569116315, "Coordination abnormal": 7.010452736679824, "Crying": 6.888739130906074, "Culture stool positive": 83.30602927353297, "Culture urine negative": 19.43807349715769, "Cytomegalovirus test positive": 70.48971707760482, "Dementia": 19.11941655458134, "Depressed level of consciousness": 12.487795432956595, "Depression": 6.1976466222821625, "Dermatitis bullous": 5.361106773140024, "Dermatitis contact": 24.06965948991384, "Diarrhoea": 1.6206872201705174, "Difficulty in walking": 56.02239523198287, "Diplopia": 3.7989720189884735, "Disturbance in attention": 1.5824754543140591, "Drug ineffective": 1.273633520874607, "Drug toxicity": 113.03196923457337, "Dysphagia": 3.8498935204933713, "Dyspnoea": 2.89504494957206, "Dysstasia": 2.402908504986716, "Ecchymosis": 18.660550557271385, "Echocardiogram normal": 5.506063737392308, "Electroencephalogram abnormal": 12.27667799820486, "Electromyogram abnormal": 15.345847497756074, "Enterovirus test positive": 175.7414864126586, "Epilepsy": 3.792234261934401, "Epistaxis": 2.364380484357552, "Epstein-Barr virus antibody": 42.06271642007894, "Epstein-Barr virus antibody negative": 58.5804954708862, "Epstein-Barr virus test negative": 34.956753428131, "Erythema multiforme": 13.124428141303405, "Erythema of eyelid": 36.97155189661117, "Exposure to vaccinated person": 162.39403174840604, "Extrapyramidal disorder": 156.45278668443996, "Eye discharge": 27.61922176130049, "Eye disorder": 6.741528380517119, "Eye pain": 1.5397417796596349, "Face oedema": 7.666046314983016, "Facial palsy": 30.716189564542884, "Faecal incontinence": 68.60496528408598, "Febrile convulsion": 16.266857787139575, "Gait disturbance": 4.695383224765688, "Globulins decreased": 413.8428551007767, "Glossitis": 41.653014636766486, "Grand mal convulsion": 19.497155787422614, "Granuloma": 72.89277561434135, "Growth retardation": 178.1823403906122, "Guillain-Barre syndrome": 3.669659184246018, "HIV test positive": 175.7414864126586, "Haemoglobin normal": 6.354199360140703, "Haemorrhage": 2.5714829641459365, "Hemiplegia": 9.196507891128372, "Hepatic fibrosis": 475.1529077082992, "Hepatitis": 23.626387676103278, "Hepatitis viral test negative": 63.51053716893108, "Herpes simplex": 14.254587231248976, "Hyperreflexia": 43.48857121397992, "Hypertonia": 50.04861576641383, "Hyperventilation": 5.494273451016736, "Hypocalcaemia": 115.57773430742412, "Hypokinesia": 18.77318969544405, "Hypotonia": 7.595694794626453, "Hypoventilation": 35.05226368339912, "Hypoxia": 9.514804826791652, "Immune system disorder": 24.20590284551713, "Immunoglobulins decreased": 139.44704900134866, "Indirect infection transmission": 2138.1880846873464, "Infection": 24.38997815232714, "Infection transmission via personal contact": 75.02414332236302, "Influenza": 3.144137368219282, "Influenza virus test negative": 4.6281127374184985, "Injection site hypersensitivity": 2.353105008826867, "Injection site oedema": 3.2312472105089607, "Injury": 21.03135821003947, "Intervertebral discitis": 229.0915805022157, "Laboratory test abnormal": 16.869334001478077, "Laryngospasm": 15.512851884067809, "Leukocytosis": 7.3688274027134275, "Lung disorder": 60.70565540121803, "Lung neoplasm malignant": 1200.3862931578085, "Lymphocyte count increased": 28.700511203857, "Lymphocyte morphology abnormal": 106.02585543904198, "Lymphocyte percentage decreased": 18.223193903585337, "Lymphocytosis": 51.93979153086672, "Meningitis": 48.375296033650365, "Mental retardation severity unspecified": 114.0366978499918, "Metal poisoning": 270.0869159605069, "Microscopy": 54.592036204783305, "Middle ear effusion": 47.3399575945538, "Monoparesis": 19.556598335554995, "Muscle atrophy": 44.39144812499681, "Muscle contractions involuntary": 12.114380083214426, "Muscular weakness": 1.148894327508537, "Myalgia": 1.0390575815150618, "Myasthenic syndrome": 76.47766621832535, "Myelitis": 12.689543529301758, "Myopathy": 42.48055797392079, "Myositis": 36.68959535211843, "Neck pain": 1.0382913975496988, "Neoplasm malignant": 235.59334489042544, "Nerve injury": 9.937357481118571, "Nervous system disorder": 15.394954209748892, "Neurodevelopmental disorder": 76.82112879116214, "Neurological examination normal": 13.959878681310204, "Neuropathy": 88.8268047051123, "Nonspecific reaction": 66.47216843587606, "Nuchal rigidity": 45.43965233101798, "Nuclear magnetic resonance imaging spinal cord abnormal": 144.14751132723683, "Ocular hyperaemia": 2.830787402498693, "Oedema": 5.781490990592194, "Oedema genital": 242.05902845517127, "Oedema peripheral": 1.7635752983880786, "Oesophagitis": 60.801556910540654, "Osteoarthritis": 7.728390667544626, "Otitis media": 12.443383616027232, "Otitis media acute": 152.72772033481044, "Pallor": 2.446750510131737, "Paralysis": 80.60834732025761, "Paralysis flaccid": 1673.364588016184, "Paraplegia": 54.360714017474905, "Parasite stool test positive": 916.3663220088628, "Pelvic pain": 9.876157435045478, "Pericardial effusion": 4.53486338215768, "Periorbital oedema": 33.15020286336971, "Peripheral vascular disorder": 21.240278986960394, "Personality disorder": 92.96469933423244, "Pharyngeal oedema": 6.267283101184209, "Pharyngitis": 19.586455737594008, "Pharyngolaryngeal pain": 8.73323928395104, "Pleocytosis": 58.31422049147308, "Pleural effusion": 11.732170560698746, "Pleural mesothelioma": 64145.64254062038, "Pneumonia": 1.259362767068232, "Poliomyelitis": 16283.124644926716, "Poliovirus test positive": 2138.1880846873464, "Post polio syndrome": 1425.4587231248977, "Pulmonary congestion": 27.798761664407536, "Pulmonary embolism": 1.0283870547594451, "Pyrexia": 1.7036556730261008, "Quadriplegia": 114.0366978499918, "Radioisotope scan normal": 1282.912850812408, "Rash": 1.560169079615319, "Rash maculo-papular": 16.34630941786886, "Rash papular": 1.995198834856, "Rash pustular": 11.40366978499918, "Renal failure": 8.598611600619355, "Respiratory arrest": 9.914318785258176, "Respiratory disorder": 18.362302253994383, "Respiratory failure": 15.760600132830564, "Respiratory syncytial virus test negative": 16.639595989784798, "Rhinitis": 14.139377488748066, "Salivary hypersecretion": 16.661205854706594, "Salmonella test negative": 328.9520130288225, "Sarcoidosis": 34.67332029222724, "Screaming": 24.63586847455416, "Sepsis": 4.163949532010411, "Shigella test positive": 6414.564254062039, "Shock": 11.040558096492322, "Skin nodule": 27.238064773087213, "Somnolence": 2.179230254480054, "Spinal X-ray normal": 81.19701587420302, "Staring": 13.73568362754184, "Tachycardia": 1.098008259853139, "Tenosynovitis": 54.82533550480375,