{"COVID19": 1.0351694031415837, "DT": 9.659226697107458, "FLU3": 0.3036740993433318, "FLU4": 1.1774967712537967, "FLUA3": 4.5671170189583785, "FLUX": 0.8001683157451212, "HEP": 0.2667810839655366, "HEPA": 1.1642039671830289, "HEPAB": 5.147462737256094, "HIBV": 2.1782676807547703, "HPV4": 1.350938083965587, "HPV9": 3.345454439952806, "HPVX": 4.276938282559401, "MENB": 1.3440612694809853, "MNQ": 1.4728891189001925, "PNC13": 1.4953521741518607, "RV1": 21.31133353401565, "RV5": 12.948325127107438, "TD": 0.9290129011546512, "TDAP": 0.9709532690570096, "TYP": 10.247932559577492, "VARZOS": 0.4746667131009491}