{"COVID19": 0.0953445502893563, "HEP": 36.81578958724405, "MNQ": 76.22201190308495, "RV1": 105.49110099337749}