{"COVID19": 4.099815662442324, "FLUX": 1.7916812287336408, "HEP": 1.2005148778449146, "PNC13": 3.348288563861775, "VARZOS": 0.5262609210467044}