{"COVID19": 0.1013981725299504, "FLU(H1N1)": 1.7961261530837926, "FLU3": 0.0983598497873055, "FLUN(H1N1)": 3.1332034886198112, "FLUN4": 2.518732917220486, "FLUX": 0.5199831957208042, "FLUX(H1N1)": 5.5550104074695605, "HEP": 1.2389929188014823, "HEPA": 2.287881846900825, "HEPAB": 1.6672599431993007, "HEPATYP": 354.7300498243894, "HPV2": 32.201111281098136, "HPV4": 51.19154712840263, "HPV9": 2.9029340113876194, "HPVX": 8.404995802118314, "MMR": 6.455747639385843, "MNQ": 1.923583896607822, "RAB": 1.4254356793242282, "RUB": 8.923148148148147, "UNK": 0.9597260178295054, "VARCEL": 2.450214516731607, "VARZOS": 0.1527318761397375}