{"COVID19": 5.060071490356555, "COVID19-2": 1.1475393721884315, "DTAP": 0.449325994567092, "EBZR": 28.475531674245232, "FLU(H1N1)": 0.1782629901463876, "FLU3": 0.3964313337435129, "FLU4": 0.3540137998636493, "FLUC4": 0.3013697253699938, "FLUN(H1N1)": 1.2485698112545112, "FLUN3": 0.3296073504548412, "FLUR3": 6.489763025242736, "FLUR4": 0.8820330516667794, "FLUX": 0.2586859275635514, "FLUX(H1N1)": 0.5513269565334535, "HEP": 0.1038689988354847, "HIBV": 0.2823427738987085, "HPV2": 0.1808414006276448, "HPV4": 0.1031625445937357, "LYME": 0.4098913101887913, "MMR": 0.5188742596072051, "PPV": 0.0987504723975039, "RAB": 0.2838375366469033, "TD": 0.1204168256349485, "TDAP": 0.1253235422467067, "UNK": 0.669274680566836, "VARCEL": 0.0528467613015235, "VARZOS": 0.4631633106150842}