{"ADEN_4_7": 93.95315204222914, "ANTH": 0.6835859333269948, "COVID19": 1.4569504313879176, "COVID19-2": 1.712440487022175, "DTAP": 0.5581580695751649, "FLU(H1N1)": 0.6651541945415447, "FLU3": 0.1465031954677432, "FLU4": 0.1879959798341342, "FLUN3": 1.2298666791504236, "FLUX": 0.3860296792587704, "FLUX(H1N1)": 6.200486968900882, "HEP": 2.000858129741524, "HEPA": 1.6971142338513163, "HEPAB": 2.483319259659848, "HPV2": 2.7181526287279896, "HPV4": 4.421004429944812, "HPV9": 2.695826101377064, "HPVX": 4.146727046790613, "IPV": 2.6011767667987518, "MMR": 0.2140423672159525, "MNQ": 0.7123552514307004, "PNC13": 0.3598627895739291, "TDAP": 0.2336639876468971, "VARCEL": 0.5943399844967123, "VARZOS": 0.170478889916538}