{"COVID19": 0.3813782011574255, "DTAP": 34.12737911116723, "MENB": 39.74581182608057, "PNC": 79.3177418764637, "RV1": 60.28062913907285}