{"COVID19": 0.2542521341049503, "FLUX": 20.60433413043687, "HPV2": 72.20092920058723, "MMR": 22.90253329210692}