{"DTAPIPV": 210.63659318248037, "FLU3": 20.85228815490878, "PNC13": 38.50531848441042, "VARCEL": 21.099069449633287}