{"COVID19": 4.98969813180965, "FLU3": 0.3745920027827925, "FLU4": 0.963620112203706, "FLUC4": 2.864806258427857, "FLUX": 1.4894699371400146, "HEPA": 1.4344656024219462, "HPVX": 5.269798955296404, "VARCEL": 0.5023587964198402, "VARZOS": 0.1440952521913595}