{"ANTH": 48.76246324399229, "COVID19": 0.0635630335262375, "HEP": 9.203947396811012, "HPV2": 48.13395280039148, "LYME": 109.09940372858328, "MMR": 15.26835552807128, "PPV": 8.750389081889931}