{"COVID19": 2.0340170728396023, "FLUX": 9.696157237852644, "PNC13": 8.556737440980092}