{"COVID19": 2.2882692069445527, "FLU3": 0.6516340048408994, "HEP": 3.601544633534744, "PNC13": 3.2087765403675346, "PPV": 1.0937986352362414, "VARZOS": 0.5043333826697585}