{"COVID19": 2.3972344072752456, "FLU3": 0.6255686446472635, "FLUX": 1.6483467304349495, "HEPA": 4.819804424137739, "HPVX": 17.70652448979592, "MMR": 1.8322026633685533, "UNK": 3.042331476519532, "VARCEL": 1.687925555970663}