{"COVID19": 2.161143139892077, "FLU3": 1.6462332753875353, "FLUX": 4.337754553776184, "UNK": 8.006135464525084}