{"COVID19": 0.1271260670524751, "DTAPIPVHIB": 320.8349787391385, "FLUC3": 835.501635873749, "HEP": 18.407894793622024}