{"COVID19": 44.74837560247125, "COVID19-2": 0.2060913438439878, "FLU4": 0.0907639925200332, "FLUN4": 0.4514977833574491, "FLUX": 0.1395327367749675, "HPV4": 0.0309177487085698, "MENB": 0.1568324029214002, "PNC13": 0.0868214621970922, "UNK": 0.3435721599683266, "VARZOS": 0.0136459990801287}