{"COVID19": 1.060417437364549, "DTAP": 1.5512445050530557, "FLU3": 0.203106702807553, "FLU4": 0.5224823335649963, "FLUA3": 6.138917031976522, "FLUN3": 10.389136947560155, "FLUX": 1.626657957666069, "FLUX(H1N1)": 5.717332140155359, "HEP": 1.4628790564467835, "HEPAB": 6.930570744279446, "HPV2": 11.629679871235524, "HPV4": 2.2086477668054822, "HPV9": 1.484454892186851, "HPVX": 5.748871587596077, "LYME": 4.250626119295452, "PNC": 3.605351903475623, "PPV": 0.3409242499437636, "RAB": 2.9434321170461337, "SMALL": 3.3664629533843744, "TD": 1.2487381203831998, "TTOX": 6.284224530767025, "VARZOS": 0.1571948205723922, "YF": 15.36374885815648}