{"COVID19": 0.3813782011574255, "HPV4": 18.28269540300094, "PNC13": 51.34042464588055}