{"COVID19": 0.3813782011574255, "PNC": 61.69157701502732, "RV1": 46.88493377483444, "RV5": 71.57546389706611, "YF": 130.5918652943301}