{"COVID19": 0.9915833230093064, "FLU3": 6.255686446472635, "RV5": 16.841285622839088, "UNK": 8.948033754469211}