{"ANTH": 292.57477946395375, "PPV": 52.50233449133959}