{"ANTH": 83.59279413255821, "COVID19": 0.4767227514467819, "HPV4": 15.670881774000806}