{"ANTH": 0.8536098598510685, "COVID19": 1.5826481156645222, "COVID19-2": 0.5325652497876685, "DTAP": 0.3479849290286534, "EBZR": 33.09710632006524, "FLU(H1N1)": 0.8305937133881286, "FLU3": 0.5085923940221654, "FLU4": 0.887451610687604, "FLUA3": 2.067186347502298, "FLUC4": 0.7010742191054334, "FLUX": 0.7256111799420174, "FLUX(H1N1)": 0.6408072413274566, "HEP": 0.2825773323582328, "HEPA": 0.52694654782847, "HEPAB": 0.3858723886007115, "HPV2": 0.631495007585311, "HPV4": 0.8918388001463874, "HPV9": 0.8343286620320257, "HPVX": 3.2311176076269925, "JEV1": 7.891514791372502, "LYME": 0.4764166101684859, "MENB": 0.2024895798999738, "MMR": 0.8065455598100749, "MMRV": 0.2875650799998088, "MNQ": 0.444119515822782, "PNC13": 0.5621214377286192, "PPV": 0.3846324871160409, "RAB": 4.999506022335712, "RVX": 3.266293550583182, "SMALL": 0.7551861541459485, "TD": 0.2801247932105066, "TDAP": 0.3649933821637663, "UNK": 1.002232184797796, "VARCEL": 0.4939065269848319, "VARZOS": 1.4360679370935494, "YF": 0.8554052311855682}