{"COVID19": 0.1525512804629701, "HPV4": 73.13078161200376, "RV5": 47.71697593137741}