{"COVID19": 0.2860336508680691, "HPV4": 21.93923448360113, "HPV9": 38.101008899462514, "YF": 195.8877979414951}