{"COVID19": 4.068034145679205, "DF": 135.4268448630778, "FLUX": 2.4240393094631614, "HIBV": 13.261806174006985}