{"ANTH": 3.2086964846495425, "BCG": 15.21218719235984, "COVID19": 0.5664587987779407, "COVID19-2": 2.176226452257348, "DTAP": 0.2358259168590035, "DTAPIPV": 0.8317338329021928, "DTIPV": 30.51334783051645, "FLU(H1N1)": 3.985603933692935, "FLU3": 1.0192564474904495, "FLU4": 1.3719746732930391, "FLUA3": 0.9332608321069936, "FLUA4": 1.7816590149265372, "FLUC3": 2.474338507029859, "FLUC4": 1.42815267482457, "FLUN(H1N1)": 0.983572269872754, "FLUN3": 2.084684905649035, "FLUN4": 2.376727203786691, "FLUR4": 1.3905298948784273, "FLUX": 1.405310652828192, "FLUX(H1N1)": 5.240887795142412, "HEP": 1.857677456237085, "HEPA": 1.6752051126595917, "HEPAB": 4.747958166603382, "HPV2": 4.043252035232884, "HPV4": 4.3808375566296185, "HPV9": 3.897996898440497, "HPVX": 5.269798955296404, "IPV": 1.0990164424381692, "LYME": 0.6461958759837114, "MEN": 3.899299379797249, "MENB": 1.9340067323514876, "MMR": 0.7285100053155282, "MMRV": 0.390043849871409, "MNQ": 2.1193806686061354, "PNC13": 1.2248212639176277, "PPV": 0.6287704729501747, "RAB": 0.8958271660575189, "RUB": 2.80114621037622, "RV1": 0.4165492635473938, "RV5": 0.8495604023390637, "SMALL": 2.053209088400767, "TD": 0.380050732290539, "TDAP": 1.7052549389356304, "TYP": 2.773367887410411, "UNK": 1.5151053169917983, "VARCEL": 0.0833132061189863, "VARZOS": 0.6874483431117194, "YF": 2.322780212745001}