{"COVID19": 2.79864297614052, "DT": 3.5326147107795824, "DTAP": 0.4220700596787466, "DTIPV": 54.61134514542962, "DTP": 1.6299487341332235, "DTPIPV": 182.61172315196364, "FLU3": 0.1107201140968607, "FLU4": 0.142159504185529, "HEP": 0.5906276404370703, "HEPA": 0.4257777759838992, "HPV4": 1.287048954362882, "HPV9": 0.8092249677761949, "HPVX": 1.5641806086392156, "MEN": 2.321667651928751, "MENB": 0.4915559766476395, "MMR": 0.8150367719611004, "MNQ": 1.0792497260613798, "PNC": 3.9447544805346073, "PNC13": 0.5452080493367847, "PPV": 0.8468118466345096, "RAB": 0.8008631555213862, "RV5": 0.505833667117075, "TD": 0.3397626687968423, "TDAP": 0.3540112803995468, "UNK": 0.2687571975723968, "VARZOS": 0.1719929120294735, "YF": 2.076549094786168}