{"COVID19": 16.268791159899653, "COVID19-2": 0.2205102798427227, "FLU3": 0.0188651581618595, "FLU4": 0.0485297221767246, "FLUA3": 0.5702009788446226, "FLUC4": 0.2902819369215199, "FLUX": 0.0497088881313314, "FLUX(H1N1)": 0.5310429128974218, "HEP": 0.0333074091561315, "HEPA": 0.1453499524770126, "HIBV": 0.2719550120122059, "HPV4": 0.1658043718530919, "MENB": 0.1678049956469022, "PNC13": 0.0928958226403146, "PPV": 0.0633703494162215, "RV1": 0.5093112902516717, "TDAP": 0.1207099417174073, "UNK": 0.1836047964103519, "VARZOS": 0.1911932143292401}