{"ANTH": 4.120771541745827, "COVID19": 0.7318338454642489, "DTAPIPV": 3.918820338278704, "DTAPIPVHIB": 4.476767145197281, "FLU(H1N1)": 1.3241209082036332, "FLU3": 0.4405412990473686, "FLU4": 0.7519839193365369, "FLUA4": 8.394514335444567, "FLUC3": 11.658162361029056, "FLUN(H1N1)": 4.6342265552609305, "FLUN3": 2.4482927380296804, "FLUX": 3.583362457467281, "FLUX(H1N1)": 4.095205346901978, "HEP": 2.1239878608025418, "HEPA": 2.2522450580082896, "HEPAB": 7.467445942779967, "HIBV": 2.097215860075523, "HPV2": 1.3432731014062738, "HPV4": 1.299717682677792, "HPV9": 1.0632839692873255, "LYME": 6.117723573565418, "MMR": 1.728493078649579, "MMRV": 1.837741487998778, "MNQ": 1.418083942382976, "PNC13": 0.7163780183146125, "PPV": 0.7394694998780224, "RAB": 4.236341551636491, "RV5": 2.6757182765258363, "SMALL": 2.4113269526567147, "TD": 0.8944449792512222, "TDAP": 1.408566010040451, "UNK": 1.4216502226726786, "VARCEL": 1.1886799689934249, "VARZOS": 0.2262430127864337}