{"COVID19": 0.2416365701989795, "DTAP": 5.715111334405995, "DTAPIPV": 3.955616773379913, "DTP": 13.11683862823798, "FLU(H1N1)": 1.3365539683745593, "FLU3": 1.5332564819785868, "FLU4": 1.5326148451239894, "FLUN3": 2.471281402236532, "FLUX": 4.465964047976465, "HEP": 1.321140774661868, "HEPAB": 2.4891486475933227, "HIBV": 4.25378688600224, "HPV2": 14.15704494129161, "HPV4": 4.733083581487554, "HPV9": 1.0732678563228877, "IPV": 5.226777728590917, "MENB": 1.306200388650535, "MMR": 6.412709321789937, "MMRV": 1.854997276618485, "PNC13": 3.684719472192384, "PPV": 3.6751634143937713, "RV1": 3.980796263901037, "TD": 0.902843523657337, "TDAP": 1.9049178421499424, "TTOX": 4.543523839146112, "TYP": 3.287677894700135, "UNK": 0.714162318431815, "VARCEL": 0.3962266563311415, "VARZOS": 0.6983077606196655, "YF": 33.903657336028004}