{"ANTH": 0.5358512444394757, "BCG": 9.389207113233088, "COVID19": 1.663855877598572, "DTAPIPV": 1.5431252247800755, "DTAPIPVHIB": 1.7628295535117495, "DTIPV": 56.61176071852228, "FLU(H1N1)": 0.5214029217285368, "FLU3": 0.2885464228077783, "FLU4": 0.2952744197027869, "FLUN4": 1.4669543364031408, "FLUX": 0.4545073705243427, "FLUX(H1N1)": 3.231079448014405, "HEP": 0.6124623036694944, "HEPA": 0.441374031514445, "HEPAB": 2.9238345327428914, "HIBV": 7.5429603889333405, "HPV2": 1.5926675558953065, "HPV4": 0.6082967047209185, "HPV9": 0.8389212968688994, "HPVX": 1.621476601629663, "IPV": 12.34717548454564, "LYME": 1.198894546467948, "MEN": 4.8222528109786165, "MMR": 1.1875387632944328, "MNQ": 1.1188552205957425, "PNC": 2.037519974808242, "PNC13": 1.4208604606793511, "PPV": 0.3867575284813229, "RV1": 0.7728285787060621, "RV5": 0.5243623728722792, "RVX": 8.219573880038997, "SMALL": 2.859018169969818, "TDAP": 1.6729994059774125, "TYP": 1.2825556622181846, "UNK": 0.5582259589944095, "VARCEL": 0.1545719373599508, "VARZOS": 0.0888367059381592, "YF": 4.313125826234755}