{"MEN": 1314.063890991673, "TYP": 700.2753915711287}