{"FLU(H1N1)": 6.326355450306247, "FLU3": 1.4217469196528716, "FLUN3": 11.69739863725292, "FLUX(H1N1)": 40.02132498108752, "HEP": 1.2271929862414683, "HPV2": 13.12744167283404, "HPV4": 3.8266106657443824, "MMR": 209.39459009926327, "TDAP": 4.545826668766908}