{"FLU3": 10.42614407745439, "HPV4": 54.84808620900282, "HPV9": 76.20201779892503}