{"COVID19": 0.553613517809166, "FLU3": 1.2854150232478017, "FLU4": 4.470126631611636, "FLUC4": 13.007768957185949, "FLUX": 7.064343130435499, "FLUX(H1N1)": 11.739588661119004, "HEPAB": 7.069182159165036, "HIBV": 6.012018798883166, "HPV4": 2.254030940096006, "HPV9": 3.0480807119570006, "MMR": 1.2214684422457025, "PNC13": 2.0536169858352222, "RAB": 6.043847280334727, "TDAP": 4.109925481350904, "UNK": 6.251366047642874}