{"COVID19": 0.4160489467171914, "FLU3": 1.4217469196528716, "FLUN4": 36.4071394398234, "HEP": 5.259398512463436, "HEPA": 10.954100963949406, "HPV4": 5.22362725800027, "LYME": 62.3425164163333, "PPV": 2.386469749606345, "YF": 53.42394489313503}