{"6VAX-F": 17.684313406092198, "COVID19": 0.5570128990588714, "DF": 135.17835523947582, "DTAP": 2.1483062390123253, "DTAPIPV": 1.5045470941605736, "DTP": 3.300719082359229, "DTPIPV": 61.30536420101637, "DTPPHIB": 146.32565700808624, "FLU(H1N1)": 1.0185545447720254, "FLU3": 0.859297588801186, "FLU4": 0.143682641730374, "FLUC4": 0.8594418775283572, "FLUN(H1N1)": 1.7792119810376787, "FLUN4": 1.4302804779930622, "FLUX": 3.363972919254999, "FLUX(H1N1)": 1.5722663385427236, "HBHEPB": 38.7940655575879, "HEP": 2.4680976259604948, "HEPAB": 5.731769318241921, "HIBV": 8.183328673615925, "HPV2": 1.0332870010817492, "HPV4": 1.5068155551923852, "HPV9": 2.0558098327048118, "IPV": 3.983197338783061, "JEV": 15.540006799312913, "LYME": 1.1689221828062497, "MEA": 7.4696540393614095, "MENB": 1.9979941312930984, "MMR": 4.094307627639226, "MNQ": 0.5444429421648925, "PNC": 10.076664122236767, "PNC13": 2.228155861665702, "PPV": 0.3770365134027977, "RAB": 4.900416713784915, "RV1": 0.7535078642384105, "RV5": 0.5112533135504723, "TDAP": 1.263641348357588, "TTOX": 1.7281617459609315, "TYP": 1.25049177066273, "UNK": 1.3679548005933146, "VARCEL": 1.2209226444634091, "VARZOS": 0.3058772862401422}