{"COVID19": 2.2882692069445527, "FLU4": 6.189406105308418, "FLUX": 6.339795117057498}