{"6VAX-F": 1.4377490574058698, "ANTH": 0.0637186452553075, "BCG": 0.7442664175123789, "CHOL": 1.8326915350997872, "COVID19": 8.968495207289209, "COVID19-2": 0.23897555347615, "DTAP": 0.052027220423558, "DTAPHEPBIP": 0.5681978352296524, "DTAPIPV": 0.3058688639838529, "DTAPIPVHIB": 0.2096199498114153, "DTPPVHBHPB": 1.8434094539292756, "FLU(H1N1)": 0.1653949137334966, "FLU3": 0.1093492168356469, "FLU4": 0.2049173963410703, "FLUA3": 0.205893260890973, "FLUA4": 0.1310024375495813, "FLUC4": 0.1048175937747833, "FLUN3": 0.1528627671486514, "FLUN4": 0.2325997002108653, "FLUR4": 0.1022433609284929, "FLUX": 0.1378116132315661, "FLUX(H1N1)": 0.1278265315888393, "HEP": 0.1446698179094148, "HEPA": 0.1400088431122074, "HIBV": 0.1636903397648433, "HPV2": 0.1677871993041969, "HPV4": 0.1356835660001525, "HPV9": 0.3989054298038826, "HPVX": 0.0642611761987222, "IPV": 0.0808088594171347, "JEV1": 0.7870321059262406, "MEN": 0.0953809894020231, "MENB": 0.5665584813026757, "MMR": 0.1331736199570107, "MMRV": 0.2295508612460347, "MNQ": 0.1549790380717724, "OPV": 0.9311989916617608, "PNC": 0.1209199694668412, "PNC13": 0.2239006744259945, "PPV": 0.2565572468032785, "RAB": 0.0658084416412753, "RV1": 0.4291994809378915, "RV5": 0.187138986149639, "SMALL": 0.3765509114041209, "SMALLMNK": 0.1819865712566808, "TD": 0.013958457613342, "TDAP": 0.1890788870371343, "TDAPIPV": 1.933887099999065, "UNK": 0.1326019821234722, "VARCEL": 0.0367686368567527, "VARZOS": 0.0740198092211876, "YF": 0.0853107924547412}