{"COVID19": 1.906891005787128, "HPV9": 45.72121067935501}