{"COVID19": 0.7082738021495045, "FLU3": 1.6462332753875353, "FLU4": 8.940253263223271, "FLUC4": 25.33091849557264, "HEP": 2.906509704256109, "HPV4": 2.8867413794212013, "MMRV": 20.795495785249333}