{"COVID19": 1.7162019052084148, "FLUX": 8.241733652174748, "HEPAB": 16.568395685543052, "PPV": 1.6406979528543622, "RV1": 13.186387624172186}