{"COVID19": 11.05996783356534, "FLU3": 0.3514430587905974, "VARZOS": 0.5501818720033728}