{"COVID19": 0.0408619501240098, "DF": 153.48375751148816, "FLUX": 19.7801607652194, "HEP": 1.8407894793622024, "HPV2": 9.626790560078296, "HPV4": 3.782626635103643, "HPVX": 258.22014880952383, "MMR": 3.053671105614256, "PNC13": 5.134042464588055, "PPV": 10.096602786796074, "RV5": 9.543395186275482, "VARCEL": 5.820432951622976}