{"HPV4": 91.4134770150047, "HPV9": 137.16363203806503}