{"COVID19": 2.09758010636584, "FLU3": 5.686987678611486}