{"COVID19": 0.2542521341049503, "HEPA": 60.24755530172174, "HPV2": 72.20092920058723, "HPV4": 13.712021552250706}