{"6VAX-F": 2.1929175171416366, "ANTH": 0.3891484541750659, "BCG": 4.543768742588314, "CEE": 10.805300255769748, "COVID19": 1.394586061345761, "COVID19-2": 1.3811783883659965, "DF": 3.060154669037203, "DTAP": 0.6895185388801548, "DTAPHEPBIP": 0.5777181266820536, "DTAPIPV": 0.7467727655483459, "DTAPIPVHIB": 1.7077044776534314, "DTP": 1.431897313666482, "FLU(H1N1)": 1.075480426552062, "FLU3": 0.7153808096622917, "FLU4": 0.7188946112933611, "FLUA3": 0.6283074144380048, "FLUA4": 0.3996502617627507, "FLUC3": 1.1103011772408626, "FLUC4": 0.8539143072359815, "FLUN(H1N1)": 1.9891810968123116, "FLUN3": 2.3410404210646267, "FLUN4": 2.6686708163353448, "FLUX": 1.9040924858931467, "FLUX(H1N1)": 1.757813297749629, "HEP": 0.3320800619784819, "HEPA": 0.267054766408341, "HEPAB": 0.469921260303459, "HIBV": 1.1007357987302733, "HPV2": 0.0639512216125661, "HPV4": 0.268444470878323, "HPV9": 0.2026200340321516, "HPVX": 0.5883869458283978, "IPV": 2.9655147334691194, "JEV1": 2.4010056074725017, "LYME": 0.2899651926341083, "MEA": 1.85293743612066, "MEN": 1.4561878224641769, "MENB": 0.6791894164687535, "MER": 4.074742253531699, "MMR": 0.4483699509911922, "MMRV": 0.2625926583427585, "MNQ": 0.1350556135602834, "OPV": 2.8408167644207434, "PNC": 4.835583638292674, "PNC13": 3.7012593600974872, "PPV": 1.445127951194743, "RAB": 0.3012551258474332, "RV1": 1.499984550894503, "RV5": 0.9539155561581446, "RVX": 6.9656787959000095, "SMALL": 0.5745071972752589, "TD": 0.1278061611911914, "TDAP": 0.2886559563204564, "TTOX": 0.428691285819766, "TYP": 0.4654023426480696, "UNK": 1.2563199177591815, "VARCEL": 0.4319346660806102, "VARZOS": 0.2326651993362497, "YF": 0.7811210374273178}