{"HEP": 27.61184219043304, "PPV": 26.251167245669794, "TD": 96.15283526950638}