{"ADEN_4_7": 1.2564270918317162, "ANTH": 0.5862120683017044, "CEE": 1.524659770506364, "COVID19": 2.4363481853256217, "COVID19-2": 1.1343905210124487, "DF": 1.4390901129343183, "DT": 0.1874317963598328, "DTAP": 0.2016971966606399, "DTAPHEPBIP": 0.0815177334821482, "DTAPIPV": 0.0263254607945608, "DTP": 0.0576522299412201, "DTPHEP": 2.120242198484612, "EBZR": 1.420884989338217, "FLU(H1N1)": 1.6101137166932882, "FLU3": 1.1678470840630837, "FLU4": 0.8613608079734171, "FLUA3": 0.5615553579755309, "FLUA4": 0.9026923824298004, "FLUC3": 0.5483150833885038, "FLUC4": 0.7681320614054102, "FLUN(H1N1)": 0.965977169376516, "FLUN3": 0.6586785192722033, "FLUN4": 0.626119467555826, "FLUR3": 1.6193480752652494, "FLUR4": 0.4402446504287557, "FLUX": 0.6697641685337926, "FLUX(H1N1)": 0.963886654638184, "H5N1": 10.438238015694663, "HEP": 0.2948871197621319, "HEPA": 0.3393060277935582, "HEPAB": 0.3646870486062503, "HIBV": 0.0140884677367985, "HPV2": 0.3885292313769358, "HPV4": 0.3935226778164971, "HPV9": 0.2073232494763885, "HPVX": 0.3043784488009924, "IPV": 0.0347853040521751, "JEV": 1.0877324926711118, "JEV1": 1.3552829602332126, "LYME": 0.2455196933318121, "MEN": 0.7805425306793943, "MENB": 0.2174890425428879, "MMR": 0.1778057931518443, "MNQ": 0.314681311456767, "PNC": 0.1041045362128586, "PNC13": 0.2844478405584517, "PNC20": 0.291299269287528, "PPV": 0.3068961098488109, "RAB": 0.751863453801851, "RUB": 0.0886599316079084, "RV1": 0.0131843275729889, "SMALL": 1.967403816006412, "SMALLMNK": 0.7836070109398963, "TD": 0.2948642818916552, "TDAP": 0.5940706945574001, "TTOX": 0.302466113807389, "TYP": 0.4597712434889386, "UNK": 0.7642608745888417, "VARCEL": 0.102964145341846, "VARZOS": 0.2367642836359794, "YF": 0.9555502338609518}