{"COVID19": 0.4068034145679205, "COVID19-2": 8.035297669873282, "FLU3": 1.0426144077454391, "FLU4": 6.549255297477512, "FLUA3": 10.276013292656351, "FLUC4": 5.231385341476957, "FLUR4": 15.310943299041812, "FLUX": 2.747244550724916, "HEPAB": 5.762920238449757, "HPV4": 4.464379110035114, "HPV9": 5.024308865863188, "JEV1": 117.85805786245454, "MMR": 0.9957623170481268, "PNC13": 1.6741442819308876, "PPV": 1.1538974613481228, "TDAP": 3.3336062237624, "VARZOS": 2.593714539444472}