{"COVID19": 2.7173196832466564, "HEP": 2.6721137603644878, "HPV2": 4.512558075036702, "HPV4": 0.8570013470156691, "MMR": 1.4314083307566825, "PPV": 0.8203489764271811, "RV1": 6.593193812086093}