{"COVID19": 0.8717216026455439, "FLU(H1N1)": 27.11295192988392, "FLU4": 3.657376334954975, "HEP": 2.510167471857549, "HPV4": 5.22362725800027, "PNC": 25.23746332432936}