{"ANTH": 4.501150453291596, "COVID19": 0.4576538413889106, "FLU3": 0.9774510072613491, "FLU4": 1.2378812210616836, "FLUN(H1N1)": 47.44565282767143, "FLUX": 2.575541766304609, "HEP": 7.617059914602217, "HEPAB": 16.568395685543052, "HPV4": 2.6118136290001344, "HPV9": 7.14393916864922, "MEN": 20.216367553718047, "MMR": 1.4093866641296564, "PPV": 0.8077282229436861, "TD": 6.009552204344149, "TDAP": 1.538587487890338}