{"ANTH": 58.51495589279075, "COVID19": 0.076275640231485, "HEP": 11.044736876173216, "HEPA": 48.19804424137739, "HPV4": 10.969617241800565, "PNC": 111.04483862704916}