{"6VAX-F": 3.68560309170511, "ANTH": 2.8576049083631845, "BCG": 1.9078924763026668, "COVID19": 0.6407001684449272, "COVID19-2": 0.1360647726011292, "DTAP": 0.9816242777586388, "DTAPHEPBIP": 1.942647103571224, "DTAPIPV": 1.2556577835021183, "DTAPIPVHIB": 0.7166827522095424, "DTIPV": 23.01565253336796, "DTP": 1.0307832218093904, "FLU(H1N1)": 0.956391921378884, "FLU3": 0.4485209150301134, "FLU4": 0.4212684783717771, "FLUA3": 0.3518396810287996, "FLUN(H1N1)": 0.3708071117905098, "FLUN3": 0.1958998655289845, "FLUN4": 1.1936767029450297, "FLUR4": 0.5242302878719192, "FLUX": 0.4935169851601645, "FLUX(H1N1)": 0.6555987710974872, "HEP": 2.13383633620039, "HEPA": 1.080673637699045, "HEPAB": 0.9880519231035736, "HIBV": 0.6719842174608606, "HPV2": 15.748809978629458, "HPV4": 4.986189655363893, "HPV9": 1.1968903319202882, "HPVX": 3.637873914601328, "IPV": 0.4143296078116358, "LYME": 28.725978923487176, "MEA": 6.233988468021445, "MEN": 0.4890449910650066, "MENB": 0.310861098081077, "MMR": 3.908888537054711, "MMRV": 0.1470466765611229, "MNQ": 0.4543786104505809, "PER": 25.2633475660834, "PNC": 0.6203622269667552, "PNC13": 0.3445666083616144, "PPV": 0.1370818132933148, "RAB": 2.0326840628928458, "SMALL": 0.3860277697849543, "TD": 0.5021035784308427, "TDAP": 0.335973751555001, "TTOX": 1.081307908087287, "UNK": 0.9681698820822172, "VARCEL": 0.1888059906007453, "VARZOS": 0.3656797940807916, "YF": 1.313214287875945}