{"BCG": 222.89161234022893, "COVID19": 0.1003626845151119, "MMR": 13.087161881203954, "PPV": 4.77293949921269, "RV1": 38.36040036122817, "RV5": 143.15092779413223, "UNK": 6.613764079390287, "VARCEL": 7.67238889077574}