{"FLU3": 31.278432232363173, "RV5": 286.30185558826446}