{"COVID19": 0.762756402314851, "MENB": 55.64413655651279, "MMR": 18.32202663368553}