{"COVID19": 0.3813782011574255, "HIBV": 450.9014099162375}