{"COVID19": 1.9068910057871276, "FLUX": 4.0008415787256055, "HPV9": 2.136505171932477, "PNC13": 1.4394511582957163, "UNK": 1.4216502226726786, "VARZOS": 2.4702043232804494}