{"FLUX": 82.41733652174749, "HEPA": 240.99022120688696}