{"COVID19": 5.720673017361381, "HEP": 1.7814091735763251, "TDAP": 3.2260705391249025}