{"DTAP": 8.847839028821133, "FLU4": 2.980084421074424, "HEP": 2.0453216437357806, "HEPA": 18.53770932360669, "HEPAB": 19.636617108791764, "HPV2": 10.69643395564255, "HPV4": 14.95856896609168, "MMR": 7.046933320648282, "PNC13": 5.704491627320062, "RV1": 140.6548013245033, "RV5": 34.35622267059174, "TDAP": 7.692937439451691}