{"COVID19": 0.762756402314851, "HPV4": 10.969617241800565, "VARZOS": 4.841600473629681}