{"BCG": 732.3581548321807, "COVID19": 0.2288269206944553, "FLUX": 11.773905217392498, "HEP": 18.407894793622024, "HPV9": 32.658007628110724}