{"ANTH": 32.50830882932819, "COVID19": 1.525512804629702, "PPV": 5.833592721259954}