{"ANTH": 1.9223047270956224, "COVID19": 1.223763019098552, "COVID19-2": 0.4779163973584763, "DTP": 1.2059489980645812, "FLU3": 0.1229820402320963, "FLU4": 0.1051794501555678, "FLUN4": 2.0967462504610337, "FLUX": 0.3240524371759403, "HEP": 2.4075720711004283, "HEPA": 1.9025543779491076, "HEPAB": 3.4834997499170672, "HPV2": 2.66353889014024, "HPV4": 3.50418328557518, "HPV9": 4.2559637600463445, "HPVX": 3.4809681172600104, "LYME": 2.573773613518348, "MEN": 5.166699440334233, "MENB": 0.3636871670360313, "MMR": 1.4579862042720586, "MNQ": 1.60046219219076, "PNC13": 0.8085106243445755, "PPV": 0.1374406662076952, "RUB": 3.709230210602759, "TDAP": 0.5249773580728189, "TTOX": 1.265059578742643, "TYP": 1.833181653327562, "UNK": 1.2009203196787626, "VARCEL": 0.4430250803072606, "VARZOS": 0.1911158081695926}