{"COVID19": 0.090190790814256, "DTAP": 6.71043971286996, "DTAPIPV": 4.629375674340228, "DTAPIPVHIB": 5.288488660535249, "FLU(H1N1)": 1.5642087651856105, "FLU3": 2.194977700516714, "FLU4": 0.8890859598785573, "FLUN(H1N1)": 45.54782671456457, "FLUN3": 36.939153591325, "FLUN4": 120.89918002658337, "FLUX": 6.302502204604219, "FLUX(H1N1)": 14.674485826398756, "HEP": 1.5512270893501705, "HEPA": 5.385256339818703, "HIBV": 12.665769941467346, "IPV": 12.30169785845155, "MEA": 22.983550890342794, "MEN": 7.220131269185016, "MENB": 3.0742616882051266, "MMR": 9.99383270928302, "MMRV": 4.365905192483286, "MNQ": 6.81314072876737, "PNC": 9.253736552254098, "PNC13": 3.441816177377467, "RV1": 2.3184857361181868, "RV5": 1.5730871186168378, "UNK": 1.6808461196240507, "VARCEL": 4.878397560608852, "VARZOS": 0.1330110020227934}