{"COVID19": 0.3813782011574255, "FLUX": 27.47244550724916, "UNK": 50.70552460865887}