{"ANTH": 2.210892540029877, "BCG": 104.6225935474544, "COVID19": 0.079501800241276, "COVID19-2": 1.837216301403188, "DTAP": 4.255067624547568, "DTAPIPV": 2.1116450444358934, "DTAPIPVHIB": 12.18360678756222, "DTIPV": 77.46872519376734, "FLU(H1N1)": 4.335319724829153, "FLU3": 2.2641224404123474, "FLU4": 0.6080273000177034, "FLUA3": 4.750719713187862, "FLUC4": 1.2062342140748874, "FLUN3": 14.88486458982055, "FLUN4": 8.090475431071868, "FLUX": 5.260681054579626, "FLUX(H1N1)": 8.893627773575004, "HEP": 6.651592236350816, "HEPA": 2.434244658655424, "HIBV": 6.86651893273458, "HPV2": 4.398026144198206, "HPV4": 5.095177407393705, "HPV9": 1.1487741376722365, "HPVX": 2.218862718019539, "IPV": 5.594490734622439, "JEV1": 27.175291537207563, "JEVX": 213.42314118629903, "MEA": 10.483724967524784, "MEN": 13.273372636279523, "MENB": 10.839766861658337, "MMR": 2.83330308768333, "MMRV": 2.9857512840282414, "MNQ": 7.8176422464702515, "PNC": 15.700427055238316, "PNC13": 3.545246714677174, "PNC20": 11.682633852478752, "PPV": 0.7995279364163389, "RAB": 2.27783188957339, "RUB": 7.111681982734614, "RV1": 4.262266706803131, "RV5": 4.359926734846668, "RVX": 11.247837941105994, "SMALL": 2.605202486538661, "SMALLMNK": 6.283781935346597, "TD": 1.4531914650303233, "TDAP": 0.5025537020747336, "UNK": 3.501404512618387, "VARCEL": 1.5032415892868498, "VARZOS": 0.3064304097233975, "YF": 20.93457382580864}