{"ANTH": 2.1355823318536773, "BCG": 18.641843941182785, "COVID19": 0.0723303484953738, "COVID19-2": 1.3294765235608523, "DTAP": 1.7437346991107343, "DTAPIPVHIB": 3.5000179498815105, "DTIPV": 112.40007764477517, "FLU(H1N1)": 8.498089410859137, "FLU3": 2.978898307844112, "FLU4": 1.1832688142501389, "FLUC4": 1.7501361869668366, "FLUN(H1N1)": 3.623122579567637, "FLUN3": 11.69739863725292, "FLUX": 10.808831019245572, "FLUX(H1N1)": 22.911836606273148, "HEP": 3.8528151893627496, "HEPA": 1.7590527095393207, "HEPAB": 11.78197026527506, "HIBV": 10.020031331471944, "HPV2": 10.857282586554469, "HPV4": 5.462956793725381, "HPV9": 1.6686573240640517, "HPVX": 23.03822889006904, "IPV": 8.12630405978004, "MEA": 15.210931861972323, "MENB": 6.182681839612533, "MMR": 2.734630840848587, "MMRV": 1.4367797087990448, "MNQ": 3.3504181056301072, "PNC": 2.0189970659463485, "PNC13": 0.5600773597732424, "PPV": 0.3832287189148875, "RAB": 8.363257306736246, "RV1": 6.205358881963382, "RV5": 1.041097656684598, "SMALL": 3.784199232271486, "TD": 2.1132491268023386, "TDAP": 1.8451694965474532, "UNK": 2.237008438617303, "VARCEL": 1.557126896651903, "VARZOS": 0.4466421101134392, "YF": 26.118373058866016}