{"HPV4": 13.712021552250706, "MENB": 69.555170695641, "PNC": 138.8060482838115, "RAB": 113.32213650627614, "UNK": 38.02914345649415}