{"COVID19": 1.1441346034722764, "DTAPHEPBIP": 237.17955091783216, "HEPA": 21.90820192789881, "PPV": 4.77293949921269}