{"BCG": 19.418587438732068, "COVID19": 0.6292740319097521, "DTAP": 2.7354006157805792, "DTAPIPV": 3.191463533067884, "FLU(H1N1)": 5.474730678149637, "FLU3": 1.7446137500122885, "FLU4": 2.504662392809632, "FLUN(H1N1)": 11.408687511997329, "FLUN3": 4.002912081189211, "FLUN4": 9.17126413369597, "FLUX": 1.9092819271447288, "HEP": 0.2091806226547957, "HEPA": 0.912841746995784, "HEPAB": 2.0082903861264305, "HIBV": 1.7079598860463538, "HPV4": 1.707333422848337, "HPV9": 0.8659320204423298, "MEN": 4.977514738604822, "MENB": 5.350397745818538, "MMR": 3.967367971861041, "MNQ": 7.063043574031036, "PNC13": 0.5834139164304608, "SMALL": 3.942473724875997, "TDAP": 2.3167919701823623, "TYP": 2.652558301405791, "UNK": 1.7417928300684342, "VARZOS": 0.465538507079777}