{"COVID19": 2.3264070270602955, "DTAPIPV": 12.03637675328459, "FLUX": 1.1773905217392495, "HEP": 0.7889097768695154, "HPV2": 4.125767382890698, "HPV4": 1.5897996002609514, "PNC13": 2.2003039133948805, "PPV": 0.7500333498762798, "RAB": 6.475550657501494, "TD": 2.74722386484304}