{"COVID19": 0.0108965200330692, "DTAP": 29.861456722271324, "DTAPIPVHIB": 27.500141034783297, "DTP": 26.358599529125843, "DTPIPV": 980.885827216262, "FLU3": 2.843493839305743, "FLU4": 2.298922267685984, "FLUC4": 13.751070040453715, "FLUX": 4.848078618926323, "FLUX(H1N1)": 51.79230291670149, "HEP": 5.020334943715097, "HPV4": 1.5670881774000809, "HPV9": 6.531601525622144, "MMR": 5.388831362848687, "PER": 3084.4250710227275, "PNC13": 4.400607826789761, "PPV": 1.5000666997525596, "RV5": 8.180053016807557, "SMALL": 14.812436994891248, "TDAP": 5.882834512521881, "UNK": 8.948033754469211, "VARCEL": 2.4113222228152327}