{"COVID19": 0.8581009526042074, "DTAPHEPBIP": 217.4145883413462, "FLU4": 6.705189947417454, "HPV9": 19.050504449731257, "MENB": 23.185056898547}