{"COVID19": 1.04879005318292, "FLUA3": 67.52808735174175, "FLUX": 5.886952608696249, "HPV4": 8.438167109077357}