{"COVID19": 8.39032042546336, "FLUX": 1.831496367149944, "VARZOS": 0.5379556081810756}