{"6VAX-F": 1.2215635262626905, "ANTH": 2.989176665343161, "CEE": 6.019086709640579, "COVID19": 1.424821830959634, "COVID19-2": 0.4966859928086424, "DT": 0.7400838715488872, "DTAP": 0.442774596153782, "DTAPHEPBIP": 0.6437145472726755, "DTAPIPV": 0.6239543614390927, "DTAPIPVHIB": 0.2374796289704948, "DTIPV": 7.626454811821654, "DTP": 0.3414747625611614, "EBZR": 5.60940225530648, "FLU(H1N1)": 0.7392612712426614, "FLU3": 0.3116933954395931, "FLU4": 0.4390302941761427, "FLUA3": 0.3499296321743557, "FLUA4": 0.6680396972685684, "FLUC4": 0.5943287866335887, "FLUN(H1N1)": 0.3687940935401974, "FLUN3": 0.389817036788236, "FLUN4": 0.5931550735690804, "FLUR4": 0.5213843739093819, "FLUX": 0.4496977687198523, "FLUX(H1N1)": 0.6520383729330476, "HEP": 1.012642290832259, "HEPA": 0.2975922711865731, "HEPAB": 1.771450794741888, "HIBV": 0.0556187751222693, "HPV2": 3.6429593352113447, "HPV4": 3.8128138018921622, "HPV9": 0.9058189337167908, "HPVX": 3.7281510568061753, "IPV": 0.6869700457792578, "JEV": 1.0734431735062575, "JEV1": 1.337478885326979, "LYME": 5.044118591478124, "MEA": 1.5483058341921243, "MEN": 0.324220056992764, "MENB": 0.4812317221344077, "MMR": 1.1092476491496048, "MMRV": 0.1462483972559175, "MNQ": 0.3388063252884378, "OPV": 1.5824754543140591, "PNC": 0.1369909186121998, "PNC13": 0.1521197767285349, "PPV": 0.0973106409699856, "RAB": 1.2895035941344968, "RV1": 0.0520493899066868, "RV5": 0.0706394906460065, "SMALL": 0.5120348590826604, "TD": 0.4517007961727337, "TDAP": 0.5581506141732903, "TDAPIPV": 3.286439197815113, "TTOX": 0.4776755072744925, "TYP": 0.6051015604243798, "UNK": 0.7920773742488243, "VARCEL": 0.0833543484429956, "VARZOS": 0.2747821149434332, "YF": 0.2899893381813399}