{"COVID19": 1.0424337498302965, "DTAP": 4.343484614148556, "FLU3": 1.7704772961715003, "FLU4": 7.888458761667592, "FLUA4": 32.81491967491968, "FLUC4": 8.750680934834184, "HPV2": 5.250976669133616, "HPV4": 2.031410600333438, "UNK": 2.765755887745029}