{"MMR": 45.80506658421383, "PPV": 105.00466898267918}