{"ANTH": 0.2865570807678293, "DT": 1.9583348935369675, "DTAP": 2.360589464211172, "DTAPHEPBIP": 2.555313477077526, "DTAPIPV": 7.485604496119736, "DTAPIPVHIB": 1.8872645808184616, "DTOX": 72.7113522020476, "FLU(H1N1)": 0.2788305536373958, "FLU3": 13.492657041411563, "FLU4": 9.115552346815884, "FLUA3": 3.71470814508599, "FLUC3": 14.802194336345948, "FLUC4": 8.141180770218867, "FLUN3": 2.587920052489584, "FLUN4": 0.7844829262253818, "FLUX": 9.839528675652216, "FLUX(H1N1)": 0.8623595980253921, "HEP": 0.711504357731674, "HEPA": 1.1848093471331709, "HEPAB": 1.5609087201296694, "HIBV": 0.8841204116004656, "HPV2": 0.8502562810667779, "HPV4": 7.923183786070957, "HPV9": 1.5765934717018968, "HPVX": 2.606456009292824, "IPV": 3.2776358867218804, "JEV1": 10.61992294157279, "MENB": 2.4718520681570344, "MMR": 0.7227623918613623, "MMRV": 0.7747341567053673, "MNQ": 0.2986170887486188, "PNC": 1.63461489637462, "PNC13": 3.54603533590166, "PPV": 2.7007373709536826, "RAB": 6.752063744167397, "RV5": 0.2804131788327761, "SMALL": 0.5077720811177214, "TD": 1.9002536614526957, "TDAP": 5.252747190892349, "TTOX": 2.849177363311448, "TYP": 0.6858720779345041, "UNK": 0.4478407472796171, "VARCEL": 0.5820432951622975, "VARZOS": 2.139791476630796, "YF": 1.1511525833976206}