{"COVID19": 2.0340170728396023, "FLU3": 1.737690679575732, "HEP": 3.067982465603671, "UNK": 8.450920768109812}