{"ANTH": 1.0658461911255146, "COVID19": 3.907180754714849, "COVID19-2": 0.3320672515706034, "FLU3": 0.0284091119276686, "FLU4": 0.293123057810599, "FLUN(H1N1)": 0.9049579558411444, "FLUN3": 0.4780953121493018, "FLUX": 0.4511897984767197, "HEPA": 0.2188830347019863, "HEPAB": 0.4815519181992531, "HPV4": 0.0997237931072778, "HPV9": 0.2076349258826295, "IPV": 1.011174982915409, "MEN": 1.1935185204284042, "MENB": 0.2526981678315749, "MNQ": 0.8322694657297719, "PNC13": 0.1398921652476309, "RAB": 0.4117062180064528, "SMALL": 18.515546243614057, "SMALLMNK": 2.277228875752309, "TD": 0.1746645508982859, "TDAP": 0.4558258282263991, "TTOX": 0.8789923503525177, "TYP": 0.6360357779937591, "UNK": 2.2411281594987345, "VARZOS": 0.0660818990941266, "YF": 1.0675084356484748}