{"COVID19": 18.687531856713846, "VARZOS": 0.4940408646560899}