{"COVID19": 0.1906891005787127, "HPV2": 144.40185840117445, "PPV": 26.251167245669794}