{"COVID19": 9.125835527695536, "COVID19-2": 0.2620831856481966, "DTAPHEPBIP": 1.8702330179900744, "DTAPIPVHIB": 0.689967696213201, "DTP": 1.3236025588513691, "FLU3": 0.0898805523918482, "FLU4": 0.0576790533111178, "FLUX": 0.2368314267866307, "FLUX(H1N1)": 0.6311606807053228, "HEP": 0.1985035383927608, "HEPA": 0.1727528467432881, "HEPAB": 0.7606723987623784, "HPV2": 0.6219749823453313, "HPV4": 0.1181222244271417, "HPV9": 0.3279857294071378, "IPV": 0.7980671370536669, "MENB": 0.5991830928554859, "MMR": 0.1314349112889923, "PNC13": 0.110409515367485, "PPV": 0.1130703542527055, "RV1": 0.3024834437086093, "RV5": 0.410763063971685, "TDAP": 0.1434837685980946, "TYP": 0.5019895280079776, "UNK": 0.2182447257187612, "VARZOS": 0.1044949742510003, "YF": 0.8425281631892263}