{"6VAX-F": 23.192542171924195, "ANTH": 5.572852942170548, "BCG": 24.068108374766503, "COVID19": 0.5009454209797535, "COVID19-2": 1.7164603003719925, "DTAPIPV": 1.9731765169319, "DTAPIPVHIB": 2.254109920883877, "FLU(H1N1)": 1.3365539683745593, "FLU3": 0.9022624682412452, "FLU4": 1.3378526260880428, "FLUC4": 1.12713688856178, "FLUN(H1N1)": 2.3333927620166275, "FLUN3": 1.2327469289844994, "FLUX": 2.174078421436984, "HEP": 2.565403430895979, "HEPA": 2.848584175022304, "HEPAB": 2.4891486475933227, "HIBV": 2.1169080277757626, "HPV2": 2.038614471545992, "HPV4": 1.7181328210049076, "HPVX": 2.0733635233953067, "IPV": 10.502864681036463, "MEN": 3.077432999980499, "MENB": 3.2886605529853896, "MMR": 0.8642465393247893, "MMRV": 8.486944580614882, "MNQ": 1.4313992845649757, "PNC": 1.300290850433831, "PNC13": 4.062911302911411, "PPV": 1.9068644488379995, "RAB": 2.1281152395544813, "RV1": 0.988207035066768, "RV5": 2.0209542747406903, "SMALL": 2.433968520287294, "TBE": 87.67831906646208, "TDAP": 1.9049178421499424, "TDAPIPV": 62.39616528498154, "TYP": 1.639989207426531, "UNK": 2.897458549066221, "VARCEL": 0.1976493625258387, "VARZOS": 0.5791388126351292}