{"COVID19": 2.415395273997028, "FLUX": 3.924635072464166, "PNC13": 7.334346377982936, "PPV": 2.500111166254266}