{"COVID19": 1.7162019052084148, "UNK": 15.21165738259766, "VARZOS": 2.4208002368148405}