{"COVID19": 0.3178151676311879, "DTAP": 13.782210794894455, "FLU3": 0.5792302265252439, "FLU4": 1.490042210537212, "HEP": 1.0226608218678903, "HPV2": 5.348216977821275, "MENB": 16.051193237455614, "MMR": 3.4569861572991574, "MNQ": 23.91278804802665, "PNC13": 12.080099916677778, "PPV": 3.0289808360388224, "RAB": 8.394232333798234, "SMALL": 9.600653607799885, "TD": 7.256817756189161, "TDAP": 1.8520034576457771, "UNK": 2.816973589369937, "VARZOS": 0.4482963401508963}