{"COVID19": 0.1658166091988806, "FLU(H1N1)": 18.36683840411491, "FLU4": 2.514446230281545, "FLUX": 2.575541766304609, "HBHEPB": 338.8419163545568, "HPV4": 1.7140026940313382, "MMR": 2.862816661513365, "PPV": 7.241701309150288, "SMALL": 115.2078432935986, "VARCEL": 5.444921148292461, "VARZOS": 3.3390348093997795}