{"6VAX-F": 58.947711353640656, "BCG": 30.51492311800753, "COVID19": 0.6416839575029698, "FLU3": 0.95361073879156, "FLUC4": 2.864806258427857, "FLUX": 0.9870339703203292, "HEP": 1.3387559849906927, "HIBV": 5.4000168852244, "HPV4": 0.6568633078922493, "MEN": 15.737292107684706, "MENB": 1.6560754927533567, "MMR": 0.5452984117168314, "PNC13": 0.916793297247867, "PPV": 1.600680929614012, "RUB": 16.890244708994707, "RV1": 29.37726863106715, "RV5": 16.104479376839876, "RVX": 81.10639768375829, "TDAP": 0.595286825671857, "TYP": 4.1683059022091, "UNK": 1.8217553751613964, "VARCEL": 1.0107338658506964, "VARZOS": 0.7380488526874514}