{"FLUX": 3.583362457467281, "HEPAB": 23.05168095379903, "HIBV": 19.60440912679293, "IPV": 48.404506790863714, "MEN": 119.46035372651572, "MENB": 25.29278934386945, "MMR": 8.328193924402516, "MMRV": 17.17888782259727, "PNC": 111.04483862704916, "PNC13": 6.69657712772355, "PPV": 2.282710195275634, "RV1": 60.28062913907285, "UNK": 13.828779438725144, "VARCEL": 7.67238889077574}