{"FLUX": 164.83467304349497, "HEP": 5.020334943715098, "TD": 38.46113410780256, "TDAP": 9.091653337533817}