{"COVID19": 0.1089652003306929, "FLU3": 3.9098040290453966, "FLU4": 10.05778492112618, "FLUA4": 225.6025727650728, "FLUC4": 60.16093142698501, "PPV": 6.562791811417449, "RAB": 56.66106825313807, "VARZOS": 3.0260002960185504}