{"ANTH": 3.703478221062706, "COVID19": 0.0673020354983692, "FLUN3": 20.50842618219668, "FLUN4": 114.42243823944496, "FLUX": 1.0432574243259176, "MMR": 2.348977773549428, "MMRV": 5.001448353414396, "OPV": 162.39403174840604, "PNC13": 1.949636378957489, "RV1": 10.81960010188487, "RV5": 27.453602590655496, "SMALL": 82.64910497149464, "UNK": 1.925526250961729, "VARCEL": 12.056611114076162, "VARZOS": 6.532318099341633}