{"COVID19": 2.584896696733661, "COVID19-2": 5.298638318539628, "UNK": 2.204588026463429, "VARZOS": 2.689778040905378}