{"COVID19": 1.7162019052084148, "PNC13": 15.402127393764166, "VARZOS": 2.4208002368148405}