{"COVID19": 0.7627564023148511, "FLU4": 4.023113968450472, "HEP": 2.761184219043304, "HEPAB": 26.50943309686888, "HPV4": 5.773482758842403, "PPV": 2.6251167245669795, "UNK": 7.60582869129883}