{"COVID19": 0.5720673017361382, "FLU3": 7.819608058090793, "FLUA3": 236.3483057310961}