{"ANTH": 0.403551419950281, "COVID19": 3.1683727480770734, "COVID19-2": 2.5354094589405998, "DTAP": 0.3295057293492008, "DTP": 1.2724841151991788, "FLU(H1N1)": 0.7864254012811632, "FLU3": 0.2606536019363598, "FLU4": 0.6705189947417454, "FLUN3": 1.4540965156806114, "FLUX": 0.1136790848575827, "FLUX(H1N1)": 1.2144402063226556, "HEP": 0.3829659111017064, "HEPA": 0.3324003051129475, "HIBV": 0.6219329791948103, "HPV2": 0.3983499542101364, "HPV4": 0.9218165749412238, "HPV9": 0.9485728356712658, "IPV": 1.535591249917056, "MEN": 1.812501918609204, "PPV": 0.2908716592317983, "SMALL": 2.151183795938563, "SMALLMNK": 3.4582468857976445, "TDAP": 0.6935380493264354, "TYP": 0.9658970918222466, "UNK": 2.3402549819381018, "VARZOS": 0.0668729347186419}