{"FLU3": 1.0785666287021785, "HEPA": 8.310007627823689, "SMALL": 17.877079131765296, "UNK": 5.245399097447469, "YF": 7639.62411971831}