{"COVID19": 2.320050723707672, "FLU3": 0.7536971622256187, "FLUX": 7.396427636567082, "HPV4": 1.3216406315422369, "VARZOS": 0.2881905043827191}