{"ANTH": 4.179639706627911, "COVID19": 0.0775684476930357, "DTAPIPVHIB": 27.898693803403344, "FLU3": 1.379930833780728, "FLU4": 1.149461133842992, "FLUX": 9.01439618206613, "HEP": 9.053063013256734, "HPV2": 4.125767382890698, "HPV4": 7.9618189658229905, "HPV9": 3.265800762811072, "HPVX": 12.647517492711373, "JEV1": 154.8991617620831, "MENB": 8.064367616885912, "MMR": 2.655366178795005, "PNC13": 4.4643847518157, "RAB": 13.138798435510278, "RV5": 8.298604509804766, "SMALLMNK": 35.8175570314756, "TDAP": 1.428688381612457, "UNK": 2.1730939117996657, "VARCEL": 5.038583749166158, "VARZOS": 0.7016812280622726, "YF": 51.85265239627812}