{"COVID19": 0.5720673017361382, "HPV4": 3.9177204435002015, "MMR": 14.093866641296565, "RV5": 44.04643932127146, "VARZOS": 1.7291430262963146}