{"HEP": 27.61184219043304, "HPV4": 10.969617241800565, "IPV": 222.6607312379731, "PNC": 111.04483862704916, "RV1": 84.39288079470198}