{"BCG": 1708.8356946084218, "COVID19": 1.1441346034722764}