{"COVID19": 1.8115464554977712, "FLU3": 1.4217469196528716, "FLU4": 3.657376334954975, "FLUC4": 21.876702337085455, "VARZOS": 1.1003637440067455}