{"COVID19": 0.6356303352623758, "HEP": 7.889097768695153, "HPV4": 18.28269540300094}