{"COVID19": 8.008942224305935, "FLU4": 3.831537112809973}