{"COVID19": 1.7162019052084148, "FLU3": 3.1278432232363174, "HEP": 5.522368438086608}