{"BCG": 57.60120318904793, "COVID19": 1.42515012011459, "DTP": 10.365741387858478, "FLUX": 2.841977121439568, "HEP": 0.6204908357400682, "HPV2": 3.244985582048864, "HPV4": 1.8913133175518213, "HPVX": 9.947485668424674, "MEN": 14.764762820131155, "MENB": 3.126075087444539, "MMR": 1.0293273389710975, "PPV": 0.5899138706892089, "SMALL": 5.825115672148243, "TDAP": 1.123687491155865, "TYP": 7.868262826641896, "VARZOS": 0.272000026608409}