{"ANTH": 13.932132355426369, "COVID19": 0.2179304006613859, "DTAP": 5.5556198553062925, "FLU(H1N1)": 13.556475964941958, "FLU3": 0.7274054007526319, "HPV4": 1.275536888581461, "MMRV": 9.188707439993893, "MNQ": 7.090419711914879, "PPV": 9.93287409295614, "TDAP": 15.79076632308505, "UNK": 3.537594740138991, "VARCEL": 8.439627779853314, "VARZOS": 0.5629767992592652}