{"ANTH": 5.044392749378513, "COVID19": 1.8687531856713848, "HPV2": 4.979374427626705, "HPV4": 1.9244942529474676, "MENB": 9.76212922044084, "PPV": 0.905212663643786, "VARCEL": 1.455108237905744, "VARZOS": 0.8494035918648564}