{"6VAX-F": 825.2679589509692, "COVID19": 0.326895600992079, "FLUX": 6.86811137681229, "HEPAB": 44.18238849478147, "HPV4": 4.570673850750235, "HPVX": 73.77718537414965, "MMRV": 32.92620165997811, "RAB": 37.77404550209205}