{"ANTH": 0.8089625238634667, "BCG": 4.716197869204476, "COVID19": 0.2649449808663734, "DF": 4.235982268026353, "DTAP": 0.4399477970132055, "DTAPHEPBIP": 7.213755926533144, "DTP": 0.8487129563195994, "FLU(H1N1)": 0.261900639617094, "FLU3": 0.4077263047049203, "FLU4": 0.2224763484857403, "FLUC3": 2.3058922793203744, "FLUN(H1N1)": 0.9166133480966882, "FLUN3": 0.4842529334649322, "FLUX": 0.996674767239737, "FLUX(H1N1)": 1.6214901465633984, "HBHEPB": 9.975107013197626, "HEP": 29.639830599899877, "HEPA": 13.323416691360384, "HEPAB": 19.18778014630509, "HPV2": 0.5318668817722815, "HPV4": 0.8186281523731764, "HPV9": 0.6320904702214979, "HPVX": 0.8144675478286991, "IPV": 1.024198395758846, "LYME": 0.6022046203969639, "MEA": 3.8482118326056938, "MENB": 0.7692737772789787, "MMR": 1.978434800820504, "MMRV": 0.3634907266970904, "OPV": 23.626387676103278, "PNC": 1.0225123262159226, "PNC13": 0.2836487549496163, "PPV": 0.4379249401501913, "RAB": 0.8347855359578353, "RUB": 2.610451804150056, "RV1": 0.7770983498591343, "RVX": 4.128691203773037, "SMALL": 0.4769413935797549, "TD": 0.7096150204391615, "TDAP": 0.2765203319249916, "TTOX": 0.8903133189863127, "TYP": 2.584042035317818, "UNK": 0.1399416502538883, "VARCEL": 1.0206061501217962, "VARZOS": 0.2927479356148179, "YF": 6.517523776241982}