{"COVID19": 0.2321432528784329, "FLU3": 0.8688453397878659, "FLUN(H1N1)": 13.648749443576714, "FLUX": 2.2893704589374297, "FLUX(H1N1)": 12.06122122717706, "HEP": 12.885526355535418, "HEPA": 3.3012359069436568, "HIBV": 6.176731642688184, "HPV2": 3.956215298662314, "HPV4": 4.839537018441425, "MNQ": 8.469112433676106, "OPV": 175.7414864126586, "PPV": 2.218408499634067, "SMALL": 7.101853353714981, "UNK": 6.427460865886335, "VARCEL": 4.822644445630465, "VARZOS": 1.0228733394992282}