{"COVID19": 3.051025609259404, "FLUX": 10.302167065218436}