{"6VAX-F": 19.27945913188507, "ANTH": 5.797386647238185, "COVID19": 0.0392274721190494, "DT": 16.97777860347235, "DTAP": 3.1350610732043385, "DTAPIPV": 1.0927968517897813, "DTAPIPVHIB": 3.127046576404859, "DTP": 23.90663678223041, "DTPHEP": 43.978192846727154, "DTPHIB": 41.89252305638865, "FLU(H1N1)": 0.1845016171508626, "FLU3": 2.731356054093685, "FLU4": 0.2089929334259985, "FLUX": 3.044293827196851, "HEP": 17.715039899764566, "HEPA": 3.644165080709007, "HEPAB": 0.687663634160023, "HIBV": 3.235430860455716, "HPV2": 2.262170105501427, "HPV4": 0.9027005630184796, "HPV9": 0.8918311575947011, "IPV": 1.443973613735234, "JEV": 5.639924697093474, "LYME": 6.854412799701568, "MEA": 13.590013846791386, "MEN": 5.126387090994823, "MENB": 7.209705401009963, "MER": 23.86710248631537, "MMR": 10.296239750918383, "MMRV": 0.7692039323551019, "MNQ": 0.3954449385374057, "OPV": 50.04861576641383, "PNC": 4.349014567639002, "PNC13": 1.2064329551251305, "PPV": 0.969700109338726, "RAB": 11.437559594258948, "RUB": 27.83742097231306, "RV": 36.83856081909294, "RV1": 1.9217637136073973, "RV5": 0.3713383340963222, "SMALL": 0.3359917659242992, "TD": 27.4722386484304, "TDAP": 0.5208759724628749, "TTOX": 18.524981356043256, "TYP": 3.647267664432962, "UNK": 0.5934326677216252, "VARCEL": 1.3890104970133827, "VARZOS": 0.0313981872479227, "YF": 3.0527968510362875}