{"COVID19": 0.5085042682099006, "HEP": 41.41776328564956}