{"COVID19": 24.865858715464142, "FLU4": 0.2438250889969983, "HEP": 0.1673444981238366, "HEPA": 0.7302733975966271, "HPV4": 0.166206321845463, "HPV9": 0.6927456163538638}