{"COVID19": 1.2394791537616328, "FLUX": 5.151083532609218, "MENB": 17.38879267391025, "PNC13": 9.626329621102604, "PPV": 3.2813959057087243}