{"COVID19": 0.5085042682099006, "FLUN(H1N1)": 76.6429776447, "HEP": 4.247975721605084, "HEPA": 18.53770932360669, "PNC13": 11.847790302895511, "PPV": 8.750389081889931}