{"COVID19": 16.78064085092672, "HEPAB": 12.049742316758584}