{"ANTH": 1.399879327578726, "BCG": 24.52874202787208, "COVID19": 1.3596961954308215, "COVID19-2": 1.7493112152116477, "DT": 9.566793905747575, "DTAP": 3.462197880843052, "DTAPIPV": 4.031322357559432, "DTAPIPVHIB": 4.605286776159883, "FLU3": 0.1496575704897759, "FLUN(H1N1)": 4.767266552062679, "FLUN3": 2.5185786539539774, "FLUN4": 3.832330467349832, "FLUX": 0.3943413230705621, "FLUX(H1N1)": 8.46604951523005, "HEP": 0.8003432518966098, "HEPA": 1.1530632593630956, "HEPAB": 2.5367878561597017, "HIBV": 4.335590479963821, "HPV2": 1.381835965561478, "HPV4": 1.6131790061471416, "HPV9": 2.198135128815145, "MENB": 1.3311994391510238, "MMR": 2.6944156814243434, "PNC13": 0.7369438944384769, "RV1": 2.018968440064641, "RV5": 2.752902457579466, "TD": 0.9201228255455156, "TDAP": 0.4785080703965166, "UNK": 0.7278304967750077}