{"ANTH": 1.1749991143130671, "COVID19": 0.5816980643916287, "DTAP": 6.881652577971992, "DTAPIPV": 3.3837203724093228, "DTAPIPVHIB": 15.650486767762851, "DTP": 3.705024030198412, "FLU(H1N1)": 1.1433172500553457, "FLU3": 0.2522454212287353, "HEP": 0.2217818649833979, "HEPA": 3.918540182225804, "HEPAB": 6.439538404097704, "HPV2": 9.547230307515663, "HPV4": 11.393563801870153, "HPV9": 1.843597204812702, "HPVX": 18.06788213244482, "MENB": 1.1173521396890118, "MMR": 0.7387913965195779, "PNC13": 2.5044109583356366, "PPV": 0.4234059233172547, "TDAP": 0.8065176347812256, "TDAPIPV": 107.00065291842216, "TTOX": 3.8866288262575175, "UNK": 1.2267465631127143, "VARZOS": 0.0972208930447727}