{"ANTH": 19.50498529759692, "COVID19": 0.088010354113252, "HEP": 3.681578958724405, "HPV4": 7.835440887000403, "HPV9": 15.240403559785005, "LYME": 93.51377462449996, "MEN": 87.60425939944487, "MMR": 13.087161881203954, "SMALL": 34.562352988079574, "VARCEL": 12.056611114076164}