{"COVID19": 0.9534455028935638, "FLUC3": 417.7508179368745, "HEPAB": 88.36477698956294}