{"ANTH": 2.635808823999584, "COVID19": 0.2037499978786245, "DTAP": 4.343484614148556, "DTAPIPV": 7.590507862431724, "DTAPIPVHIB": 17.50008974940755, "FLU3": 0.2817876777690375, "FLU4": 2.214558147770902, "FLUA3": 8.51705606238184, "FLUX": 1.498497027668136, "HEP": 2.580545999105892, "HEPA": 4.381640385579763, "HPV2": 16.34738019635937, "HPV4": 10.502825018745222, "HPV9": 6.291909726516745, "MENB": 2.5064926376807564, "MMR": 15.26835552807128, "MMRV": 3.5595893686462823, "PNC13": 2.800386798866212, "TYP": 6.30878731145161, "UNK": 2.765755887745029, "VARCEL": 0.7603268270138122, "YF": 21.369577957254013}