{"COVID19": 3.0510256092594044, "FLU3": 0.3514430587905974, "FLUR4": 15.827042511369063, "FLUX(H1N1)": 9.892911793077811, "HEP": 0.6204908357400682, "RV1": 4.741173078354044, "TDAP": 2.272913334383454, "VARZOS": 0.8347587023499449}