{"COVID19": 1.906891005787128, "VARZOS": 4.841600473629681}