{"COVID19": 3.051025609259404, "FLUX": 4.848078618926323, "TDAP": 5.882834512521881}