{"ANTH": 36.57184743299422, "COVID19": 0.4767227514467819, "LYME": 187.02754924899992, "PPV": 6.562791811417449}