{"ANTH": 1.6814642497928376, "COVID19": 0.7498283276993452, "COVID19-2": 2.101184160800197, "DTAP": 5.588108860308084, "FLU3": 0.7316592335055713, "FLU4": 1.882158581731215, "FLUX": 0.4736628535732614, "HEP": 0.6384240968886251, "HEPAB": 3.0470612755021707, "HPV2": 1.6597914758755683, "HPV4": 1.2829961686316451, "HPV9": 1.313827893084914, "IPV": 6.398296874654399, "MENB": 1.5989694412791031, "MMR": 1.597851159914436, "MMRV": 2.2707725282743527, "MNQ": 1.752230158691608, "PNC13": 1.7805927622848745, "PPV": 3.1819596661417933, "SMALL": 2.979513188627549, "TDAP": 3.550586510516165, "UNK": 1.7585731078147584, "VARZOS": 1.008666765339517}