{"HPV2": 577.6074336046978, "UNK": 76.0582869129883}