{"COVID19": 0.0953445502893563, "VARZOS": 36.312003552222606, "YF": 293.83169691224265}