{"COVID19": 9.025950760725737, "HPV2": 8.022325466731914, "PPV": 0.7192100615251998}