{"COVID19": 0.3051025609259403, "FLU3": 3.9098040290453966, "FLUX": 10.302167065218436, "HPV4": 15.670881774000806, "MMR": 11.451266646053458}