{"COVID19": 1.906891005787128, "FLU(H1N1)": 25.8805450239801, "UNK": 13.828779438725144}