{"COVID19": 31.53521000820462, "DTOX": 55.48452212129343, "FLU3": 0.0233770046579694, "FLU4": 0.1203624223919363, "FLUX(H1N1)": 0.6580486917667603, "HEPA": 0.1801122729498407, "HPV4": 0.0820465014345591, "HPV9": 0.1708565421500561, "PNC13": 0.1151130597441268, "PPV": 0.0392394129232732, "RAB": 0.3387806771488076, "SMALL": 0.3874703249784705, "TDAP": 0.0747445341650762, "VARZOS": 0.0362124193988757}