{"COVID19": 1.779764938734652, "FLU4": 1.6092455873801887, "FLUC4": 9.6257490283176, "FLUX": 1.6483467304349495, "MMR": 5.725633323026729, "UNK": 6.208839747999045, "YF": 23.506535752979413}