{"COVID19": 0.6356303352623758, "HPVX": 531.1957346938775}