{"COVID19": 1.906891005787128, "SMALL": 47.13048134738124, "VARZOS": 2.200727488013491}