{"COVID19": 1.6208573549190584, "HPV9": 11.430302669838753, "PNC13": 7.701063696882083, "PPV": 2.6251167245669795, "VARZOS": 1.2104001184074202}