{"ANTH": 0.1990304622203767, "COVID19": 18.318866262261672, "COVID19-2": 0.2487115945436968, "FLU3": 0.0212778450560293, "FLU4": 0.0547362444687139, "FLUX": 0.0560662153209166, "FLUX(H1N1)": 0.5989586051591328, "HEP": 0.1128549408328325, "HEPA": 0.3281010499753396, "HEPAB": 0.3606725591410732, "HIBV": 0.3067356530042431, "HPV2": 0.9850058553968242, "HPV4": 0.0746740452130739, "HPV9": 0.3112403722216134, "MENB": 0.1892657706003836, "MMRV": 0.2687853196732907, "PNC13": 0.1047763768283276, "PPV": 0.0714803737118306, "RV1": 0.5744920408080462, "SMALL": 0.3526770713069344}