{"COVID19": 0.0146683923522086, "FLU(H1N1)": 2.1245223527147843, "FLU3": 0.2334211360624117, "FLU4": 0.6004647714105182, "MEN": 1020.128546954062, "MENB": 113.0271523804166, "MMR": 0.6836577102121467, "MNQ": 59.358734933375885, "UNK": 7.075189480277981}