{"ANTH": 8.449813125312744, "COVID19": 0.0415509324218206, "FLU3": 0.5585434327207709, "FLU4": 1.1453705248257573, "FLUX": 1.471738152174062, "FLUX(H1N1)": 3.100243484450441, "HEP": 2.427414698060047, "HEPA": 3.4304657823044407, "HEPAB": 7.547169564944878, "HPV2": 27.769588154072004, "HPV4": 65.39579509534951, "HPV9": 5.756267531573473, "HPVX": 35.542293683896915, "MMR": 2.306729971866884, "MNQ": 1.0735494634237317, "PPV": 0.3710412331543434, "RAB": 1.5960864296658612, "TDAP": 0.3521415025101126, "UNK": 1.0750287902895874, "VARCEL": 0.2971699922483561, "VARZOS": 0.085239444958269}