{"COVID19": 0.4237535568415839, "DTP": 51.2528324177447, "FLUX": 9.696157237852644, "HEP": 3.067982465603671, "HPV2": 16.044650933463828, "HPV4": 3.047115900500157, "HPV9": 12.700336299820837, "MMR": 5.089451842690426, "SMALL": 28.801960823399646}