{"ANTH": 1.406609516653624, "COVID19": 0.9199776199348508, "COVID19-2": 0.4378515496757297, "DTAP": 0.2860977889558929, "DTP": 2.2123524784638, "FLU(H1N1)": 1.0252796948275429, "FLU3": 0.4170457630981756, "FLU4": 0.4841292380806825, "FLUA3": 1.132207452604053, "FLUC3": 3.001802284576344, "FLUC4": 0.5763921573842875, "FLUN4": 2.8845992833473524, "FLUX": 1.0988978202899666, "FLUX(H1N1)": 1.0544540713579944, "HEP": 1.2842717297875832, "HEPA": 1.1586068327254182, "HEPAB": 1.909442960158623, "HIBV": 0.54000168852244, "HPV2": 5.635194474192174, "HPV4": 4.934182462087607, "HPV9": 1.6525738799766871, "HPVX": 11.804349659863949, "IPV": 2.669792940503274, "LYME": 1.569775593217026, "MEN": 1.5737292107684706, "MENB": 0.3331984224940885, "MMR": 1.1090815153562672, "MNQ": 0.3651353863620836, "PNC13": 2.243028261227791, "PPV": 0.7645971042428095, "RAB": 0.5428605341618019, "RUB": 3.3982767797737856, "TD": 0.2303061922622907, "TDAP": 0.7229507473219662, "TTOX": 1.1590066799258945, "TYP": 1.6793174857820832, "UNK": 1.4697253509756194, "VARCEL": 0.1010733865850696, "VARZOS": 0.2634486352035497}