{"COVID19": 14.49237164398217, "UNK": 4.003067732262542}