{"COVID19": 1.7162019052084148, "FLUX": 3.1100881706319803, "HPV2": 10.89825346423958, "HPVX": 33.40853677319985, "LYME": 12.122155969842588, "PPV": 0.9722654535433256, "UNK": 2.816973589369937, "VARZOS": 0.4482963401508963}