{"COVID19": 3.2417147098381167, "DTAPIPV": 22.77152358729517, "FLUX": 2.227495581668851, "PPV": 1.4189820132794484, "VARZOS": 0.6542703342742812}