{"COVID19": 0.5720673017361382, "FLUN4": 200.23926691902872, "HIBV": 112.72535247905935}