{"COVID19": 12.776169738773756, "FLUX": 1.212019654731581, "UNK": 2.237008438617303}