{"COVID19": 0.9534455028935638, "FLU(H1N1)": 47.44766587729685, "HPV4": 9.14134770150047}