{"COVID19": 0.3813782011574255, "FLUX": 3.052493945249907, "HEPAB": 19.636617108791764, "HPV4": 21.93923448360113, "LYME": 24.244311939685176, "MMR": 7.046933320648282, "VARCEL": 3.1257880666123388}