{"COVID19": 6.102051218518808, "FLU3": 0.947831279768581, "MENB": 8.430929781289818}