{"COVID19": 0.1779764938734652, "FLU3": 0.7274054007526319, "FLUX": 3.924635072464166, "PPV": 1.2209845230544092, "VARCEL": 6.175337399892669, "VARZOS": 26.51352640321016}