{"COVID19": 0.0100362684515111, "DTAPIPV": 5.43578304987046, "DTP": 5.951941829157448, "FLU(H1N1)": 1.836683840411491, "FLU3": 1.915006055042643, "FLUC4": 12.665459247786318, "FLUN4": 5.167464952749128, "FLUX": 2.729050878203559, "FLUX(H1N1)": 23.17024077852435, "HEP": 2.2089473752346427, "HEPA": 7.979808649234666, "HPV2": 24.06697640019574, "HPV4": 24.37692720400125, "HPV9": 1.4748777638501616, "HPVX": 5.7117820934825545, "MMR": 15.040469624667232, "PNC": 3.58209156861449, "TDAP": 9.859962070283151, "UNK": 9.313259621998569, "VARCEL": 3.375851111941326, "VARZOS": 0.1561806604396671}