{"COVID19": 16.78064085092672, "VARZOS": 0.5501818720033728}