{"COVID19": 1.04879005318292, "DTIPV": 1065.862805252178, "FLUX": 5.886952608696249, "HEP": 1.9042649786505543, "HPV4": 3.9177204435002015, "LYME": 22.57229042660344, "TDAP": 3.448558162512827}