{"COVID19": 0.2542521341049503, "COVID19-2": 40.62289377547049, "DTAP": 26.5435170864634, "DTIPV": 3434.4468169236848, "FLU3": 3.475381359151464, "HEPAB": 58.909851326375296, "PNC": 61.69157701502732}