{"ANTH": 2.3694436365038505, "BCG": 0.8954597526332341, "CEE": 8.523447328394093, "CHOL": 4.410304153549305, "COVID19": 1.7595743280851417, "COVID19-2": 1.1529272585189592, "DT": 0.3492506421486889, "DTAP": 0.2505856508162629, "DTAPHEPBIP": 0.455716167702385, "DTP": 0.3223448579732371, "FLU(H1N1)": 0.4481675629480549, "FLU3": 0.5899490776922591, "FLU4": 0.7946891789531796, "FLUA3": 0.4955756891094099, "FLUC3": 0.4378174511128815, "FLUC4": 0.8420004398458365, "FLUN(H1N1)": 0.5222918273883104, "FLUN3": 0.736457416825997, "FLUN4": 0.559914063387707, "FLUR4": 0.7383925127617579, "FLUX": 0.7699839301344292, "FLUX(H1N1)": 1.386080522346568, "HEP": 0.3689346002941123, "HEPA": 0.2949696709998616, "HEPAB": 0.927551892822564, "HPV2": 0.1009097542985146, "HPV4": 0.6788129481312231, "HPV9": 0.399940611260978, "HPVX": 0.3093383034555541, "IPV": 0.1944635207318542, "JEV1": 1.8939635499294003, "LYME": 3.1012639768433923, "MENB": 0.2918398770446475, "MMR": 0.4986679768606247, "MMRV": 0.0690156191999541, "MNQ": 0.3198126373556011, "MUR": 65.96524776912854, "PNC": 0.1939986698585765, "PNC13": 0.8927985315197917, "PNC20": 0.8142132588889123, "PPV": 0.630993062108712, "RAB": 0.7135905044999022, "RUB": 0.4956438622028141, "SMALL": 2.273440163222214, "SMALLMNK": 0.876040877778928, "TD": 0.4375938590945503, "TDAP": 0.6504311668792868, "TTOX": 0.845805434135747, "TYP": 1.470651854892115, "UNK": 0.9086372997335214, "VARCEL": 0.1624425294459955, "VARZOS": 0.8943195369616577, "YF": 1.644388650086003}