{"COVID19": 29.36612148912176, "RV1": 2.7223509933774834, "VARZOS": 0.1561806604396671}