{"COVID19": 1.525512804629702, "RV5": 31.81131728758494, "RVX": 498.6541487223657}