{"COVID19": 1.4301682543403451, "DTAPIPVHIB": 26.013646924795008, "FLU3": 0.8453630333071127, "FLUX": 2.227495581668851, "HEP": 3.067982465603671, "PPV": 1.4189820132794484, "RV1": 11.404443350635404, "VARZOS": 0.6542703342742812}