{"ANTH": 0.3877730675466584, "COVID19": 0.424207719553949, "COVID19-2": 0.9704208201174104, "DF": 3.0493461757249305, "DT": 0.4411870975951553, "DTAP": 0.4223498851326773, "DTAPHEPBIP": 0.5756785216452237, "DTAPIPV": 0.9303736447989414, "DTAPIPVHIB": 0.8500816394059751, "DTP": 0.2035637651190213, "FLU(H1N1)": 2.66239407728319, "FLU3": 8.37065426352672, "FLU4": 2.8296850931325537, "FLUA3": 1.462163623612614, "FLUA4": 0.7966544171796875, "FLUC3": 2.76778368774431, "FLUC4": 1.3842338204439029, "FLUN(H1N1)": 4.193800504705561, "FLUN3": 3.6245826519253264, "FLUN4": 3.371330147506908, "FLUR3": 2.286882513528828, "FLUR4": 0.9328521745111568, "FLUX": 3.824073093460582, "FLUX(H1N1)": 3.510176011630267, "HBHEPB": 2.3925289769077267, "HEP": 0.4916419708957585, "HEPA": 0.8536292980540604, "HEPAB": 0.5854556779343835, "HIBV": 0.6973729274002788, "HPV2": 0.4466694692038095, "HPV4": 0.5993657948798257, "HPV9": 0.1009075495019973, "HPVX": 0.9776128803995098, "IPV": 0.9832666426936324, "JEV": 3.8412729232466254, "JEV1": 2.3925289769077267, "JEVX": 18.78990144160047, "LYME": 0.4335075644844369, "MEA": 2.770202822544628, "MENB": 0.8001922292418875, "MMR": 1.4577139074312786, "MMRV": 1.048744312992003, "MNQ": 1.0122445139851917, "OPV": 2.830787402498693, "PNC": 0.8587205815171722, "PNC13": 0.2723028047516316, "PNC20": 1.0285460960147887, "PPV": 0.338047890819016, "RAB": 0.7010649187308291, "RV1": 0.4659500927269323, "RV5": 0.5061690264543902, "SMALL": 1.1462199752845317, "TD": 0.1698438247198169, "TDAP": 0.5323123710598642, "UNK": 1.2859688109871217, "VARCEL": 0.6945423217405975, "VARZOS": 1.0648844892483522, "YF": 1.5577558484413132}