{"COVID19": 1.2633152913339718, "DTAP": 3.513112555561332, "FLU3": 0.933684544249647, "FLU4": 1.1832688142501389, "FLUX": 1.212019654731581, "HEPAB": 7.796892087314377, "HPV2": 4.247113482387483, "HPV4": 0.8065895030735709, "IPV": 16.372112591027435, "MENB": 4.0914806291553525, "PPV": 0.7720931542844057, "RV1": 6.205358881963382, "RV5": 4.210321405709772, "UNK": 4.540793248536615, "VARZOS": 0.3560000348257118}