{"COVID19": 0.762756402314851, "FLU3": 2.843493839305743, "FLU4": 7.314752669909949, "FLUC4": 43.75340467417092, "VARZOS": 2.200727488013491}