{"COVID19": 0.0388783603121647, "DT": 8.847167815492229, "DTAP": 16.902711352229048, "DTAPH": 97.54282152643636, "DTAPHEPBIP": 11.54413743405378, "DTAPIPV": 7.489301090932634, "DTAPIPVHIB": 26.131355734409468, "DTP": 20.778175304491093, "DTPHIB": 15.7148451779865, "FLU(H1N1)": 2.5305421801224988, "FLU3": 1.592883122944421, "FLU4": 2.1844962724617942, "FLUN(H1N1)": 4.408666855668583, "FLUX": 0.7325985468599776, "HEP": 9.393719508085466, "HEPA": 4.322694550796179, "HEPAB": 4.712788106110024, "HIBV": 20.778866816416475, "HPV2": 1.2778925522227826, "HPV4": 3.331893087462789, "HPV9": 2.0320538079713337, "HPVX": 3.9173726747336106, "IPV": 4.926122372521528, "MEN": 11.68056791992598, "MENB": 11.486174977261816, "MM": 155.59725556232308, "MMR": 9.831331364416627, "MMRV": 1.7482938934501653, "MNQ": 4.083322066236693, "PNC": 7.436038300918472, "PNC13": 4.181573048080769, "PPV": 0.2323112145634495, "RV": 168.2021399176955, "RV1": 13.42614012642986, "RV5": 3.834399851628542, "RVX": 39.89233189778926, "TD": 4.331208795923712, "TDAP": 2.252436637677297, "TTOX": 12.961213094706988, "UNK": 1.3521473228975698, "VARCEL": 2.6853361117715093, "VARZOS": 0.1071150547263203}