{"COVID19": 0.3813782011574255, "HEP": 18.407894793622024, "HPV4": 18.28269540300094}