{"COVID19": 1.525512804629702, "HEP": 13.80592109521652}