{"COVID19": 0.6356303352623758, "HEPAB": 75.74123741962538, "HPV2": 19.25358112015659, "HPV4": 7.835440887000403, "HPVX": 59.02174829931973}