{"COVID19": 1.7670523320294047, "FLU3": 0.3745920027827925, "FLU4": 0.4789421391012466, "FLUN3": 3.133231777835603, "FLUX": 1.4894699371400146, "HEP": 0.3287124070289647, "HPV2": 10.630811661436155, "HPV4": 2.0189479586136008, "HPV9": 1.3607503178379468, "HPVX": 21.46245392702536, "PPV": 0.3125138957817832, "RAB": 2.698146107292289, "UNK": 0.905455796583194, "VARZOS": 0.1440952521913595, "YF": 6.995992783624825}