{"COVID19": 0.6129292518601481, "DTAP": 1.3162074588328958, "DTAPIPV": 2.314687837170114, "DTP": 2.534480723954408, "FLU(H1N1)": 0.7821043825928052, "FLU3": 0.8810825980947372, "FLU4": 0.666814469908918, "FLUA3": 2.597234128913144, "FLUX": 4.026134255372722, "FLUX(H1N1)": 2.4188712900657285, "HEP": 3.2013730075864397, "HEPA": 0.6620610472716674, "HEPAB": 2.921149652547536, "HIBV": 1.2387401371325204, "HPV2": 2.393400967975267, "HPV4": 3.3482843325263354, "HPV9": 4.469950764741411, "HPVX": 9.809708858612698, "MEN": 3.610065634592508, "MENB": 3.0827776485602656, "MMR": 1.2723629606726068, "MMRV": 1.085479175603674, "MNQ": 3.378260915372186, "PPV": 0.1442371826685153, "RAB": 3.756534911810259, "RUB": 7.795497557997558, "SMALL": 1.4242727879703123, "TD": 1.0595353748705938, "TDAP": 1.1081239524971964, "TTOX": 2.658710378401434, "UNK": 1.6855022030579123, "VARCEL": 0.2318579060399262, "VARZOS": 0.6819155596661522, "YF": 3.228919746288381}