{"COVID19": 0.762756402314851, "HEP": 11.044736876173216, "HPV4": 10.969617241800565}