{"COVID19": 1.1441346034722764, "FLUX": 27.47244550724916}