{"CHOL": 485.5575245974956, "COVID19": 0.2131231124115025, "DTAP": 4.594070264964819, "DTAPIPV": 16.202814860190795, "FLU3": 0.6015083121608303, "FLU4": 1.5473515263271045, "FLUN3": 10.12274882069964, "FLUX": 1.5849487792643746, "HEP": 1.0619939304012709, "HPV4": 3.2908851725401687, "PPV": 1.0096602786796074, "RV1": 75.0158940397351, "RV5": 58.56174318850864, "RVX": 366.3581500817381, "TYP": 13.466834453290936}