{"FLU3": 7.819608058090793, "MMR": 366.44053267371066}