{"ANTH": 2.1833938765966696, "COVID19": 0.6987488720506677, "DTAP": 3.59235569591234, "DTAPHEPBIP": 12.947767047623593, "DTAPIPV": 2.0855108235889146, "DTAPIPVHIB": 4.77669943532216, "FLU(H1N1)": 0.7046683051083691, "FLU3": 0.3909804029045396, "FLU4": 1.415165717545392, "FLUA3": 4.691777781262454, "FLUN4": 7.989596685048528, "FLUX": 1.2393584439360523, "FLUX(H1N1)": 2.179379083128528, "HEP": 0.274062949780973, "HEPA": 2.403892480866703, "HEPAB": 1.312348173112321, "HIBV": 4.497769674974937, "HPV2": 2.880835080322682, "HPV4": 2.8492512316365097, "HPV9": 1.7060153238565303, "HPVX": 4.393678533448119, "IPV": 2.755702119281845, "MEN": 3.252633393543745, "MENB": 11.443524227560472, "MMR": 1.846048023545142, "MMRV": 0.97800598990034, "MNQ": 2.2752839374055207, "MU": 59.88608345514218, "PER": 168.38052496898263, "PNC": 6.9403024141905725, "PNC13": 1.1494124920719526, "RV1": 2.09411614875191, "RV5": 2.13658101185272, "RVX": 11.108632025993296, "TDAP": 1.5038825069604809, "UNK": 0.3765261728365757, "VARCEL": 0.8418581326536971, "VARZOS": 0.1806567340906597, "YF": 5.832887283617721}