{"COVID19": 0.5720673017361382, "HPV4": 13.712021552250706, "VARCEL": 21.099069449633287}