{"COVID19": 1.525512804629702, "DTAP": 26.5435170864634, "HPV4": 6.094231801000314}