{"COVID19": 0.3813782011574255, "FLU3": 10.42614407745439, "VARZOS": 8.069334122716135}