{"COVID19": 0.5720673017361382, "HEP": 13.80592109521652, "HPV2": 72.20092920058723}