{"COVID19": 0.1271260670524751, "HEP": 55.22368438086608, "HEPA": 80.33007373562899}