{"COVID19": 1.3348237040509894, "FLU4": 10.05778492112618, "YF": 146.91584845612132}