{"COVID19": 0.281888235638097, "FLU3": 0.802011082881107, "FLU4": 6.523968597487252, "FLUC4": 25.33091849557264, "FLUX": 9.15748183574972, "HEP": 1.4159919072016942, "HPV4": 6.094231801000314, "TDAP": 8.108771895638268, "UNK": 21.730939117996652}