{"COVID19": 33.20815373781879, "DF": 1.937110948819792, "HPV2": 0.2431007717191489, "HPV4": 0.3014905373010726, "HPV9": 0.1924293378760732, "UNK": 0.5779017156748794}