{"ANTH": 0.2997692412540509, "BCG": 2.6249396230544115, "COVID19": 1.6491749461494123, "COVID19-2": 0.7499611158548397, "DT": 1.0237890047625415, "DTAP": 0.2447660387071419, "FLU(H1N1)": 0.2916864705571527, "FLU3": 0.956829677994232, "FLU4": 0.7480997048771538, "FLUA3": 4.374570183197665, "FLUA4": 0.9241272821917984, "FLUC3": 2.568140274202097, "FLUC4": 0.9872563105966772, "FLUR4": 0.7212528333393993, "FLUX": 2.1199209918979665, "FLUX(H1N1)": 0.4508290576466591, "HEP": 0.3412380085326431, "HEPA": 0.4943389152961783, "HEPAB": 1.0875664860253902, "HPV4": 0.0280840175161304, "JEV1": 5.551941281795094, "LYME": 3.0289808747267344, "MMR": 0.0469073902552113, "PNC13": 0.8719680974338951, "PPV": 0.54294037736649, "RAB": 0.2320985898746055, "SMALLMNK": 1.2837834061460789, "TD": 0.0984668051915067, "TDAP": 0.4627628176945232, "UNK": 0.4685315415584495, "VARCEL": 0.043213659907083, "VARZOS": 1.6969464967814871, "YF": 1.2042282660337815}