{"ANTH": 0.2659770722399579, "COVID19": 8.366484287891021, "FLU(H1N1)": 0.258805450239801, "FLU3": 0.1140508012118985, "FLU4": 0.2198422933579492, "FLUA4": 1.6407459837459837, "FLUC4": 0.4375340467417091, "FLUX": 0.225183979567616, "HEP": 0.0502033494371509, "HEPA": 0.4385627319506587, "HPV4": 0.4014498533138358, "HPV9": 0.2078236849061591, "HPVX": 0.8048420222634509, "LYME": 0.5950876567013634, "MMR": 0.1667154379771204, "PNC13": 0.1400193399433106, "PPV": 0.1434490013424579, "UNK": 0.2768272499107854, "VARCEL": 0.0767238889077574, "VARZOS": 0.244300941329938}