{"COVID19": 0.2542521341049503, "FLU3": 2.7198636723794065, "FLU4": 3.352594973708727, "FLUX": 26.0265273226571, "HPV2": 25.11336667846512, "HPV4": 2.285336925375117, "MENB": 11.592528449273498, "UNK": 6.338190576082359, "VARZOS": 1.008666765339517}