{"COVID19": 1.525512804629702, "HPV2": 32.089301866927656, "VARZOS": 2.689778040905378}