{"COVID19": 0.5085042682099006, "FLU3": 5.213072038727195, "FLUN3": 87.73048977939689, "PPV": 8.750389081889931}