{"ANTH": 1.8998362302854144, "COVID19": 0.0320037651320916, "COVID19-2": 2.374065220644379, "FLU3": 0.4088683951942898, "FLU4": 0.5224823335649963, "FLUN3": 3.4180710303661126, "FLUN4": 5.201019919974772, "HEP": 0.7218782272008637, "HEPA": 4.756385944872768, "HEPAB": 10.46424990665877, "HPV2": 5.700073357941095, "HPV4": 37.55901555616498, "HPV9": 43.962702576302895, "HPVX": 5.748871587596077, "MMR": 8.386843177391267, "MNQ": 1.979792516963245, "TDAP": 0.6494038098238439, "VARCEL": 13.226282341561165}