{"COVID19": 0.762756402314851, "MMRV": 197.55720995986863}