{"COVID19": 0.0953445502893563, "HIBV": 69.36944767942114, "HPV9": 200.03029672217812, "MMRV": 28.22245856569552, "TYP": 50.01967082650919, "VARZOS": 1.7291430262963146}