{"COVID19": 3.68665594452178, "COVID19-2": 11.79374335416885, "MMRV": 12.745626449023783, "PPV": 1.693623693269019}