{"COVID19": 4.385849313310393, "VARZOS": 2.1050436841868176}