{"ANTH": 2.635808823999584, "COVID19": 2.2882692069445527, "FLUX": 0.7424985272229503, "HEP": 0.4975106700978925, "PNC13": 2.800386798866212, "PPV": 0.4729940044264827, "SMALL": 4.670588241632375, "UNK": 1.370419584017807, "VARZOS": 1.862154028319108}