{"BCG": 4.351873585590208, "COVID19": 6.755842420502966, "FLU3": 0.0797919189601101, "FLU4": 0.2052609167576771, "FLUC3": 2.127763079474743, "FLUX": 0.2805696562442468, "HEP": 0.4724010639937218, "HEPA": 0.2045757395644201, "HIBV": 1.150258698765912, "HPV2": 0.7367441755161961, "HPV4": 0.1399185872678643, "HPV9": 0.1940628636644949, "HPVX": 1.5043776117073848, "IPV": 1.8917649213081824, "MENB": 0.7097466397514386, "MNQ": 0.2588183765809336, "PNC": 0.4713278379755907, "PNC13": 0.3929114131062287, "PPV": 0.0892138224151904, "RAB": 0.7702439184793621, "RV1": 0.3582040780759846, "RVX": 3.8097515606971912, "TDAP": 0.2551229252879387, "UNK": 0.1291312171697594, "VARCEL": 0.0716436993196376, "VARZOS": 0.1031005211590647, "YF": 1.9971568184349544}