{"COVID19": 0.7468656439332915, "FLU(H1N1)": 4.066942789482588, "HEP": 1.6006865037932196, "HEPA": 3.442717445812671, "HEPAB": 7.574123741962539, "HPV2": 12.74134044716245, "HPV4": 6.964836344000358, "HPVX": 39.05850990396158, "MMR": 1.3087161881203953, "PNC": 7.93177418764637, "TDAP": 1.428688381612457, "TYP": 10.00393416530184, "VARZOS": 0.3458286052592629}