{"COVID19": 4.481193863599749, "FLUX": 1.6483467304349495, "HPV2": 5.776074336046977, "PPV": 1.0500466898267915, "TDAP": 2.0001637342574394}