{"ANTH": 4.958894567185657, "COVID19": 0.1570380828295281, "DT": 16.8021842546323, "DTAP": 4.049011080985942, "FLU(H1N1)": 7.299640904199514, "FLU3": 5.5197233351229125, "FLU4": 3.498359972565628, "FLUR4": 11.8370317942172, "FLUX": 6.682486745006552, "HEP": 4.477596030881033, "HEPA": 2.0251279093015717, "HPV4": 1.8913133175518213, "HPVX": 7.43971617218316, "LYME": 5.500810272029409, "MENB": 2.337988930945916, "MMR": 3.1589701092561264, "PNC13": 2.610530066739689, "PPV": 1.810425327287572, "TD": 1.6160140381429644, "TDAP": 3.448558162512827, "TTOX": 8.132525863345561, "TYP": 5.884667156059906, "VARCEL": 2.1640071230393114, "VARZOS": 1.499610766168485}