{"ANTH": 0.6788277945799391, "BCG": 11.89444799031384, "COVID19": 2.786994546919648, "FLU3": 0.218730295331211, "FLU4": 0.5626732823007653, "FLUX": 1.3574620132993702, "HEP": 0.6466473580897666, "HEPAB": 1.2301361065832428, "HPV2": 0.6700782292397887, "HPV4": 0.5125989365327366, "MEN": 3.0488721368716307, "MMRV": 0.916738793317256, "PNC13": 0.3573579441708623, "RAB": 1.0517135638633517, "VARCEL": 0.3925408269699216, "VARZOS": 1.1751457460266217}