{"COVID19": 7.818253123727223, "HEPA": 5.737862409687785, "HPV4": 1.3059068145000674}