{"FLUX": 0.0417302969730367, "HEP": 0.0279613591801853, "HEPA": 0.122020365168044, "HEPAB": 0.2684499554113305, "HIBV": 0.4568403342616387, "HPV9": 0.1157499004540633, "MENB": 0.2818851902558905, "MMR": 0.1392956915890943, "MMRV": 0.2000579341365758, "PNC": 0.5625371764288206, "RV1": 581.4070307456906, "RV5": 163.04879305542943, "RVX": 209.18118950641613, "UNK": 0.7737363877211424, "VARCEL": 0.0427322925562193}