{"COVID19": 1.754339725324157, "HEPAB": 19.636617108791764, "HPV2": 34.65644601628186, "HPV4": 2.031410600333438}