{"BCG": 7.86274092611237, "COVID19": 2.481150136265549, "COVID19-2": 2.253350039933648, "DTAP": 0.3663982419910592, "DTP": 2.8342580138844995, "FLU3": 0.2413459277188516, "FLU4": 0.997981759615621, "FLUC4": 0.7381709377544172, "FLUN4": 1.22846176023944, "FLUX": 1.542914256257363, "HEP": 0.254878543296305, "HEPA": 0.7403693431855205, "HIBV": 1.385257787761098, "HPV2": 0.8872618027721931, "HPV9": 0.7023227446905532, "MENB": 0.8547486414210874, "MMR": 0.2814443415312678, "MMRV": 0.6060037115333394, "MNQ": 0.4676197049269015, "PNC13": 0.4731836372892216, "PPV": 0.4051106056430523, "RV1": 2.6007051092358084, "SMALL": 0.7951461577012172, "TDAP": 0.4615762463671015, "UNK": 1.886717194740795, "VARZOS": 0.4147788567751284, "YF": 1.802648447314372}