{"HEP": 27.61184219043304, "HPVX": 442.663112244898, "YF": 587.6633938244853}