{"ANTH": 0.6224995307743697, "CEE": 103.82284245756634, "COVID19": 1.7319057134913671, "DT": 4.254170055960093, "DTAPIPV": 1.792651856872173, "DTAPIPVHIB": 2.0478828430157776, "DTP": 5.913788355893619, "DTPPHIB": 174.34546366920915, "FLU(H1N1)": 0.6057148835399598, "FLU3": 0.2005027707202767, "FLU4": 0.5157838421090348, "FLUC4": 1.0240158540763409, "FLUN3": 2.244703363225507, "FLUN4": 5.1343401774109925, "FLUX": 1.063449503506419, "FLUX(H1N1)": 1.8733386161360115, "HEP": 0.4730080032622362, "HEPAB": 2.260932460287325, "HIBV": 0.9593647019494412, "HPV2": 1.2315723531017009, "HPV4": 2.3055611459536585, "HPVX": 1.883672818063396, "IPV": 2.368731183382692, "MMR": 1.5828964694328755, "PNC13": 0.6568071383268301, "PPV": 0.2238905522018745, "TD": 0.8200668253262804, "TDAP": 0.212783375984834, "TYP": 1.4899476416406994, "UNK": 0.3236522847361204, "VARCEL": 0.1795665485075173, "VARZOS": 0.4182808184561279}