{"COVID19": 4.957916615046531, "JEV1": 834.0724094881398}