{"COVID19": 1.7185560916353124, "COVID19-2": 1.646874071978533, "DTAPIPV": 1.8933626353481376, "FLU3": 0.2118178255013307, "FLU4": 1.282997620918146, "FLUA3": 4.25852803119092, "FLUC3": 5.632595298025274, "FLUC4": 2.167961492864325, "FLUN4": 3.607914719261778, "FLUX": 0.1852074978016797, "HEP": 0.2487553350489462, "HEPA": 2.1809069792478457, "HEPAB": 1.1914351953648936, "HPV2": 1.300917643253824, "HPV4": 0.1232541263123658, "HPV9": 2.5919053673103742, "HPVX": 1.9894971336849343, "MENB": 1.2532463188403782, "MMR": 0.2058654677942194, "MNQ": 0.6851416800277299, "PNC13": 0.693789522241629, "PPV": 0.5952645633938728, "RAB": 1.0186259461238305, "RV1": 0.9482346156708088, "SMALL": 1.1650231344296489, "SMALLMNK": 5.634222454389421, "TDAP": 0.9050514634649048, "TYP": 1.5736525653283793, "VARCEL": 0.3801634135069061, "VARZOS": 1.256075594573738}