{"COVID19": 9.582127304080316, "FLUA4": 8.677022029425876, "FLUX": 0.7963027683260626, "PPV": 0.2524150696699018, "RAB": 2.1792718558899256, "UNK": 1.4697253509756194, "VARZOS": 0.1163846267699442}