{"6VAX-F": 660.2143671607754, "COVID19": 0.1271260670524751, "FLU3": 2.0852288154908782, "FLUX": 19.01938535117249, "HEP": 7.889097768695153, "LYME": 43.63976149143331, "MENB": 18.5480455188376, "PPV": 3.5001556327559724, "UNK": 10.141104921731774, "VARCEL": 5.62641851990221}