{"FLU3": 9.38352966970895, "FLUX": 14.98497027668136, "HEPA": 20.082518433907246, "HEPAB": 44.18238849478147, "LYME": 196.37892671144996, "PNC13": 12.835106161470138, "PPV": 4.375194540944966, "VARZOS": 2.017333530679034}