{"COVID19": 0.8898824693673262, "FLUC4": 53.47638349065334, "HEP": 6.135964931207342, "PPV": 5.833592721259954}