{"ANTH": 2.9257477946395376, "BCG": 51.265070838252655, "COVID19": 0.3593756126291125, "FLU(H1N1)": 2.8468599526378107, "FLU3": 0.3127843223236317, "FLUX": 0.8241733652174748, "HEP": 4.750424462870201, "HEPAB": 10.710882059340964, "HIBV": 4.509014099162374, "HPV4": 2.856671156718897, "MENB": 2.78220682782564, "MMR": 4.771361102522275, "MMRV": 3.9511441991973735, "MNQ": 3.048880476123398, "PNC13": 3.111540887629124, "PPV": 8.448651527342003, "RAB": 4.5328854602510456, "VARCEL": 1.7049753090612756, "VARZOS": 0.7410612969841348, "YF": 11.753267876489708}