{"COVID19": 0.8263194358410886, "DTAP": 6.4565311831938, "FLUA3": 25.551168187145525, "HEPAB": 14.3294232956048, "HPV2": 7.805505859522943, "HPV4": 1.4823807083514278, "LYME": 17.69179519922972, "PPV": 1.4189820132794484, "VARZOS": 3.667879146689152}