{"COVID19": 0.8898824693673262, "HPV4": 6.094231801000314, "PPV": 5.833592721259954, "YF": 130.5918652943301}