{"COVID19": 3.051025609259404, "FLUA3": 118.17415286554804}