{"6VAX-F": 230.30733738166583, "COVID19": 1.2966858839352466, "DTAP": 5.5556198553062925, "FLU3": 1.489449153922056, "HEP": 2.629699256231718, "MMRV": 9.188707439993893, "PNC13": 3.5818900915730616, "RV5": 6.658182688099174, "VARCEL": 1.962704134849608}