{"ANTH": 1.5958624334397478, "BCG": 9.287150514176204, "COVID19": 0.9970671925684326, "DTAP": 0.8671203403926337, "FLU(H1N1)": 2.074214901739753, "FLU3": 0.4591329501998264, "FLU4": 1.0315676842180697, "FLUA3": 3.431554348182884, "FLUC3": 4.5407697601834185, "FLUC4": 0.8718975569128262, "FLUN(H1N1)": 3.616547039495826, "FLUR3": 18.775636868320017, "FLUX": 1.0566325195095831, "HEP": 0.7079959536008471, "HEPA": 0.4365764876936358, "HPV4": 5.5722159295998885, "HPV9": 1.665617875386339, "HPVX": 1.6038518559597752, "LYME": 4.769372840593805, "MENB": 0.5040229760553695, "MMR": 0.6674690941233345, "MMRV": 0.7157869926082198, "MNQ": 0.5523334195875721, "PNC13": 0.2790240469884812, "PPV": 0.5758939797953154, "RAB": 4.135844398039276, "TDAP": 0.912483455409416, "UNK": 1.3879249436676695, "VARZOS": 0.721281262365688, "YF": 2.1292151950162514}