{"COVID19": 3.345004639318253, "COVID19-2": 2.353686978407088, "DTAP": 0.5104522516627577, "FLU3": 0.2013632976332393, "FLUA4": 3.8564542353003897, "FLUC4": 1.028391990204872, "FLUX": 0.888117850449865, "HPV4": 0.234895444149905, "HPV9": 1.4717127901079938, "MEN": 2.807828826905284, "MENB": 1.1915232667347493, "MMR": 1.995863467721736, "MNQ": 0.6514701872058543, "MU": 51.69653358093469, "PNC13": 0.329105286191542, "TDAP": 0.2136927066514358, "UNK": 0.6514628429378013, "VARCEL": 0.1803339269199426, "VARZOS": 0.4200954857813172, "YF": 2.511382024890963}