{"COVID19": 0.1906891005787127, "HIBV": 32.20724356544553, "HPV4": 19.944758621455573, "IPV": 79.52168972784753, "MEN": 202.16367553718047, "MENB": 19.872905913040285, "MNQ": 21.7777176865957}