{"CEE": 2568.24926079243, "COVID19": 1.1441346034722764, "DTAP": 12.57324493569319, "FLUX": 9.15748183574972, "FLUX(H1N1)": 46.3404815570487}