{"COVID19": 1.906891005787128, "FLUN3": 105.27658773527628}