{"COVID19": 1.7663832474659704, "COVID19-2": 3.449113622445607, "FLU3": 0.9022624682412452, "FLU4": 2.3210272894906567, "FLUX": 0.7775220426579951, "HPV2": 5.501023177187598, "HPV4": 0.5174347755566304, "HPV9": 2.156660881101652, "MENB": 2.6247234224770186, "PPV": 0.4953050423711281, "TDAP": 0.943473459555396, "UNK": 4.387978091133941, "VARZOS": 0.2283773808315887}