{"COVID19": 0.5491846096666927, "DTAP": 3.9815275629695095, "FLU4": 1.3410379894834907, "FLUN3": 8.77304897793969, "HEP": 1.871989301046308, "HIBV": 15.284793556482626, "HPV2": 4.813395280039147, "HPV4": 1.8592571596272145, "HPVX": 14.755437074829931, "MENB": 4.637011379709399, "MMR": 4.73845516388419, "PNC": 38.96310127264884, "PNC13": 2.567021232294028, "UNK": 5.156494027999207, "VARCEL": 1.4066046299755526, "VARZOS": 0.8206102497677426}