{"BCG": 8.073239502087032, "COVID19": 0.868913221193722, "COVID19-2": 1.7327300662522955, "DF": 51.2425899481916, "DTAP": 0.7536014314768789, "DTAPIPV": 1.326844681464443, "DTAPIPVHIB": 1.515755805066796, "DTIPV": 48.67719898002073, "FLU(H1N1)": 0.4483244019902064, "FLU3": 0.8071853479319528, "FLU4": 0.5092549327152496, "FLUA3": 4.480536601537367, "FLUA4": 2.8422371371977677, "FLUN3": 0.8289495097265848, "FLUX": 1.7197839081584547, "HBHEPB": 17.075498147001287, "HEP": 0.971936845103243, "HEPAB": 0.8349427747045318, "HPV2": 0.9110527343922676, "HPV4": 2.0579216685270225, "HPV9": 2.9121790241627394, "HPVX": 2.792827206592416, "IPV": 1.753234104236009, "MENB": 2.649720788405371, "MMR": 1.3149779880635553, "MMRV": 1.24641772845343, "MNQ": 1.4449670502954493, "PNC": 1.7514958773982523, "PNC13": 0.9748181894787448, "PPV": 0.6688195476603769, "RAB": 0.7138402299607947, "RV1": 5.375342725777197, "RV5": 4.109596013228677, "RVX": 14.157373307575051, "TDAP": 1.1129686915581936, "TTOX": 1.524048153918302, "TYP": 1.102795892237998, "UNK": 0.9627631254808644, "VARCEL": 0.3999823592347542, "VARZOS": 0.705087447615973, "YF": 3.7076554815424942}