{"COVID19": 3.432403810416829, "RV1": 46.88493377483444}