{"COVID19": 5.1962779907699215, "DTAP": 1.0252860677174704, "FLU4": 0.3453316711116285, "FLUN(H1N1)": 4.276217636828756, "HEP": 0.237011520947923, "HPV2": 3.750697620809725, "HPV4": 0.9538797601565708, "MENB": 2.3984541619186546, "MMR": 0.3931765372035523, "PPV": 0.452606331821893}