{"COVID19": 3.68665594452178, "HPV2": 9.31624892910803, "UNK": 10.141104921731774}