{"COVID19": 2.796773475154453, "FLU4": 3.352594973708727, "PNC13": 6.417553080735069, "UNK": 6.338190576082359}