{"COVID19": 1.1441346034722764, "COVID19-2": 52.22943485417634, "MNQ": 43.5554353731914}