{"ANTH": 2.3037384209760137, "COVID19": 0.4602840358796514, "DTAPIPVHIB": 7.578779025333979, "FLU3": 0.2462868679713635, "FLU4": 1.2771790376033243, "FLUX": 4.7679450880349785, "FLUX(H1N1)": 6.932827949479727, "HEP": 1.7814091735763251, "HEPAB": 4.174713873522659, "HIBV": 10.8216338379897, "HPV2": 2.2740450141917234, "HPV4": 3.656539080600188, "HPV9": 1.8000476645415358, "HPVX": 14.052797214123744, "IPV": 17.671486606188342, "MEN": 10.346959771587976, "MMRV": 6.27165745904345, "PNC13": 1.2127659365168637, "PPV": 0.4134042085932251, "RAB": 7.195056286112771, "RV1": 6.697847682119205, "RV5": 14.080419127291696, "TDAP": 1.587431535124952, "UNK": 2.4145487908885173, "VARZOS": 0.7809033021983356}