{"FLUX": 8.241733652174748, "HEP": 5.522368438086608, "HPV4": 146.26156322400752, "MMR": 9.161013316842766}