{"COVID19": 19.831666460186124, "FLUA3": 18.18063890239201}