{"COVID19": 0.6356303352623758, "FLUX(H1N1)": 125.7813070834179, "HPV4": 7.835440887000403, "VARCEL": 12.056611114076164}