{"ANTH": 1.6057891298789997, "COVID19": 0.7241358249824533, "COVID19-2": 0.3995694469718409, "DTAPIPV": 0.9208157079015532, "DTP": 2.018711123674846, "FLU3": 0.1716708684542435, "FLU4": 0.6196215132927019, "FLUA3": 2.068694142066487, "FLUN3": 0.5752819001927665, "FLUX": 2.3124954130681115, "HEP": 6.616040427047524, "HEPA": 2.1232618608536296, "HEPAB": 3.4957494193673253, "HIBV": 0.4927884261379644, "HPV2": 3.1876789934034093, "HPV4": 3.0998341686749, "HPV9": 0.7511699454439487, "HPVX": 5.837315765866786, "LYME": 0.7154059260890707, "MEA": 4.5715915432157255, "MENB": 0.9141972052001006, "MMR": 0.604022856055567, "MMRV": 0.8645829757543486, "MNQ": 0.6671510888672643, "PNC": 0.6068023968691212, "PNC13": 0.1683292611340346, "PPV": 0.2881577085144873, "RAB": 0.9918786565100756, "SMALL": 1.1344317173330276, "TBE": 81.92263072511885, "TDAP": 0.3286139760554391, "UNK": 1.1714147599360134, "VARCEL": 0.7435795400751819, "VARZOS": 1.0189944114010134, "YF": 3.8619719199856655}