{"SMALL": 3110.611768927162, "UNK": 25.352762304329435}