{"COVID19": 0.9646625088099584, "DTAPIPV": 14.280446995422396, "FLUC4": 8.157414430777628, "FLUX": 1.3969040088431777, "MENB": 4.715604792924813, "MNQ": 10.513380952149648, "PNC13": 8.106382838823246, "PPV": 6.934270593195794, "VARZOS": 0.4103051248838713}