{"ANTH": 1.9768566179996876, "COVID19": 2.0892892759058963, "DTAPIPV": 5.692880896823793, "FLU4": 1.6533345075823858, "FLUA3": 6.387792046786381, "FLUC4": 3.251942239296487, "HEPA": 1.6283123054519388, "MENB": 1.8798694782605676, "MMR": 0.6189873862731599, "MNQ": 2.060054375759053, "PNC13": 4.248862729314253, "PPV": 0.3547455033198621, "TDAP": 0.675730991303189, "UNK": 1.0278146880133554, "VARCEL": 1.1482486775310632, "VARZOS": 0.4974247061948302}