{"COVID19": 0.5085042682099006, "DTP": 153.75849725323408, "HPV4": 9.14134770150047, "RAB": 75.5480910041841}