{"COVID19": 4.407036991152473, "FLU3": 0.5635753555380751, "FLUX": 0.7358690760870311, "HEP": 0.4930686105434471, "HPV2": 2.5786046143066867, "HPV4": 0.4897150554375252, "MMR": 0.8179476175752471, "PPV": 0.4687708436726748, "VARZOS": 0.2161428782870393}