{"COVID19": 0.0244473205870144, "FLU3": 0.7723069687003252, "FLUX": 5.283162597547915, "FLUX(H1N1)": 10.737428653462503, "HEP": 42.29899229172721, "HEPA": 12.202036516804402, "HEPAB": 19.882074822651663, "HPV2": 3.521996546370108, "HPV4": 11.12859720182666, "HPV9": 2.7878786999606717, "HPVX": 33.199733418367344, "LYME": 7.982883199652436, "MMR": 1.117196745956435, "MNQ": 3.7181469221017047, "RAB": 11.192309778397645, "TDAP": 2.4693379435277034, "YF": 14.333253507914277}