{"COVID19": 0.6764066209207168, "DTAP": 1.6362442039600726, "FLU(H1N1)": 1.9499040771491856, "FLU3": 0.874921181324844, "FLU4": 1.1098245430208198, "FLUC4": 3.2964893932594523, "FLUX": 1.1367908485758274, "HPV2": 6.016744100048935, "HPV4": 6.699002895756069, "HPV9": 3.153186943403794, "HPVX": 24.764369915798486, "MMR": 0.6274666655371759, "PPV": 0.3596050307625999, "SMALL": 3.5509266768574905, "TDAP": 0.6849875802251505, "UNK": 1.0418943412738124, "VARZOS": 2.1518224327243023}