{"COVID19": 0.9534455028935638, "FLU(H1N1)": 21.898922712598548, "FLUA3": 72.72255560956803, "FLUX": 13.73622275362458}