{"Abdominal discomfort": 2.0078214579192784, "Abnormal loss of weight": 14.735663569424966, "Accidental overdose": 7.465204010942163, "Adnexa uteri pain": 10.208441629420909, "Adult failure to thrive": 42.36503276209677, "Agitation": 2.615125479141776, "Alanine aminotransferase increased": 2.52925568728936, "Allergy to vaccine": 5.345745458939656, "Alopecia": 1.300538227539425, "Anaemia": 1.4471403163824688, "Angiogram pulmonary abnormal": 2.3245559814593566, "Arthritis": 1.0358198719339065, "Asthma": 1.7416251906309057, "Atrial flutter": 4.4245465025688535, "Autonomic nervous system imbalance": 12.27971964118747, "Axillary pain": 1.3856102293408594, "Basophil count decreased": 7.773400506806748, "Bell's palsy": 1.2803938877853198, "Biopsy heart": 70.60838793682795, "Biopsy skin abnormal": 8.473006552419355, "Blepharospasm": 3.6132224104133703, "Blindness": 3.227812019969278, "Blindness transient": 6.888623213349069, "Blister": 1.778175561892834, "Blood albumin decreased": 5.214157878411911, "Blood bicarbonate decreased": 14.361028054948058, "Blood chloride normal": 3.316245225995833, "Blood cholesterol increased": 6.860734050541987, "Blood creatinine normal": 2.6313684945401725, "Blood culture negative": 4.0735608425093055, "Blood glucose decreased": 3.6443038935137007, "Blood glucose increased": 1.0123066370871392, "Blood glucose normal": 2.781074360750335, "Blood immunoglobulin G": 3.215562258982677, "Blood lactic acid normal": 9.9682430028463, "Blood loss anaemia": 18.62199242289968, "Blood potassium normal": 2.407104134210044, "Blood pressure systolic": 2.4036898021047817, "Blood sodium normal": 2.8102840969881773, "Blood test abnormal": 1.3545973704907042, "Blood test normal": 1.16387452643123, "Blood thyroid stimulating hormone normal": 4.225938430134342, "Blood urine present": 2.936917349192151, "Body temperature increased": 1.3179866307477122, "Bone pain": 1.629424337003722, "Bowel movement irregularity": 10.591258190524194, "Bradycardia": 1.399340471084947, "Brain natriuretic peptide increased": 3.423436990876507, "Bronchitis": 2.5951015474485004, "Bronchoscopy abnormal": 47.07225862455197, "Burning sensation": 1.5076524114625185, "Cardiac amyloidosis": 188.28903449820788, "Cardiac discomfort": 3.700002861318495, "Cardiac failure acute": 6.253141367099154, "Cardiac failure congestive": 2.238575046874334, "Cardiac flutter": 3.0951622109294448, "Cardiac monitoring": 3.5864577999658644, "Cardiac murmur": 10.932911680541102, "Cardiac pacemaker insertion": 11.527900071318848, "Cardiac stress test": 1.5461690789086413, "Cardiac telemetry": 6.207330807633227, "Cardiomegaly": 2.9116861004877506, "Carpal tunnel decompression": 282.4335517473118, "Cerebral infarction": 2.0998777081584525, "Cheilitis": 8.226219953805199, "Chest discomfort": 1.395255570009175, "Cholelithotomy": 423.6503276209677, "Chronic fatigue syndrome": 7.304315993464961, "Chronic kidney disease": 4.215426145482266, "Cold sweat": 1.7546997778761282, "Compression garment application": 62.76301149940262, "Computerised tomogram abdomen normal": 9.9682430028463, "Condition aggravated": 1.5377507354663076, "Confusional state": 1.935212764161253, "Corneal reflex decreased": 33.22747667615433, "Cows milk free diet": 847.3006552419355, "Cyanosis": 2.413961980746255, "Death": 1.5266678472827666, "Decreased appetite": 1.3947335888756138, "Decubitus ulcer": 21.182516381048387, "Dehydration": 2.3108199688416424, "Dermatitis contact": 11.00390461353163, "Diabetes mellitus inadequate control": 9.52023208137006, "Dyskinesia": 3.1763848368957284, "Dysstasia": 2.366761606821049, "Echocardiogram abnormal": 1.7488145619028597, "Economic problem": 211.82516381048387, "Ejection fraction decreased": 4.390158835450443, "Electrocardiogram QT interval": 24.55943928237494, "Electrocardiogram QT prolonged": 19.47817598257323, "Electrocardiogram abnormal": 1.6388794105259874, "Electrocardiogram ambulatory": 1.2200153423210014, "Endoscopic retrograde cholangiopancreatography abnormal": 847.3006552419355, "Endotracheal intubation": 1.248785048256353, "Energy increased": 14.12167758736559, "Eosinophil count decreased": 9.01383675789293, "Eosinophil percentage decreased": 8.602037109055182, "Epilepsy": 1.7309512875218291, "Expired product administered": 12.256675363183836, "Exposure during pregnancy": 1.6761635118534826, "Extra dose administered": 6.66337435827681, "Extrasystoles": 1.8085392854683788, "Eye disorder": 3.015304822925037, "Eye irritation": 1.82607899836624, "Eye movement disorder": 1.945581297914892, "Eye pruritus": 1.5184599556307086, "Eyelid ptosis": 5.043456281201997, "Facial discomfort": 6.778405241935484, "Facial paralysis": 1.261489809293204, "Fear": 5.658101203618934, "Feeding disorder": 3.2003801897712387, "Feeding tube user": 58.43452794771969, "Feeling abnormal": 1.6099375365052984, "Feeling cold": 1.469477376416815, "Feeling hot": 1.675500603602799, "Feeling of body temperature change": 1.289650921220602, "Flushing": 1.1786071153733977, "Foetal death": 13.777246426698138, "Foetal heart rate abnormal": 23.536129312275985, "Frustration tolerance decreased": 20.173825124807987, "Fungal infection": 10.332934820023604, "Gastrectomy": 564.8671034946236, "Gastrointestinal disorder": 2.1809540675468093, "Gastrointestinal haemorrhage": 4.98412150142315, "Gastrostomy": 18.82890344982079, "General physical condition abnormal": 12.552602299880526, "Generalised anxiety disorder": 47.07225862455197, "Gingival bleeding": 6.370681618360417, "Gingival pain": 6.698028895193166, "Haematocrit decreased": 2.9677781269419805, "Haematocrit normal": 3.5230796475756154, "Haemoglobin decreased": 1.2138977868795635, "Haemoglobin normal": 2.627288853463366, "Haemorrhage": 2.0665869640047205, "Haemorrhage intracranial": 21.450649499795837, "Head injury": 1.8008515520551232, "Herpes virus infection": 8.515584474793322, "Hyperaesthesia teeth": 15.405466458944282, "Hyperhidrosis": 1.0765639115785088, "Hyperthyroidism": 4.257792237396661, "Hyperventilation": 2.0007099297330235, "Hypoaesthesia": 1.332024296874604, "Hyponatraemia": 3.552623292419016, "Hyporesponsive to stimuli": 11.45000885462075, "Hypothyroidism": 4.334018696889696, "Immature granulocyte count": 7.633339236413834, "Immediate post-injection reaction": 1.289650921220602, "Immune-mediated adverse reaction": 35.304193968413976, "Impaired driving ability": 5.904534182870631, "Impaired gastric emptying": 26.898433499743984, "Impaired work ability": 1.0253739272794702, "Inappropriate schedule of product administration": 1.005234101921621, "Incorrect dose administered": 4.987614228473901, "Incorrect product formulation administered": 1.830023013481502, "Incorrect route of product administration": 1.2442006684903604, "Induration": 4.167052402829191, "Influenza A virus test negative": 2.383405499977315, "Influenza B virus test": 1.943350126701687, "Influenza virus test negative": 3.468989376630237, "Injected limb mobility decreased": 3.901614682618275, "Injection site bruising": 2.4277955737591275, "Injection site erythema": 2.008823614873568, "Injection site induration": 1.1809068365741262, "Injection site mass": 3.1853408091802087, "Injection site pain": 1.54527185735908, "Injection site rash": 2.007141992112876, "Injection site reaction": 1.916969808239673, "Injection site swelling": 2.336128022417836, "Injection site warmth": 2.5139344450249044, "Injury": 7.465204010942163, "Intentional product use issue": 16.94601310483871, "Interchange of vaccine products": 1.094703688943069, "International normalised ratio normal": 6.207330807633227, "Intra-abdominal fluid collection": 58.43452794771969, "Intracardiac pressure increased": 1694.601310483871, "Irritability": 2.473870526253826, "Joint injury": 6.492725327524409, "Joint swelling": 1.1101220507591685, "Laboratory test abnormal": 1.988968674276844, "Laboratory test normal": 1.037722786579223, "Labour induction": 77.0273322947214, "Left ventricular failure": 8.347789706817098,