{"Abdominal tenderness": 11.796532968382635, "Abnormal behaviour": 5.272692766171027, "Abnormal dreams": 3.515128510780684, "Acoustic stimulation tests": 1.6318767763999424, "Acupuncture": 17.39988612836439, "Acute myocardial infarction": 1.060968666363682, "Acute respiratory failure": 1.3892124653384743, "Adnexa uteri pain": 8.38548729077802, "Adrenocortical insufficiency acute": 42.18154212936822, "Adverse drug reaction": 3.834685648124383, "Agitation": 2.148134089921529, "Allergy test": 3.1999790580900025, "Allergy to animal": 47.99968587135004, "Alopecia": 3.2098175794061903, "Amnesia": 1.018281558353439, "Anaemia": 2.379471607297694, "Anal fissure": 173.9988612836439, "Anger": 8.923018527366354, "Anticoagulant therapy": 1.2473036651157268, "Aortic arteriosclerosis": 8.592536359686118, "Appetite disorder": 13.131989530841048, "Arthralgia": 1.0160782326842783, "Arthritis": 1.7027411501763317, "Arthritis reactive": 7.69055740480194, "Autoimmune disorder": 2.530892527762093, "Back pain": 1.2346912278420714, "Balance disorder": 1.4741762142114387, "Basophil count normal": 9.87227581751171, "Bedridden": 1.848593479773109, "Biliary dilatation": 57.9996204278813, "Biopsy bladder normal": null, "Biopsy skin": 2.924350609809141, "Bipolar I disorder": 231.9984817115252, "Bipolar disorder": 51.55521815811671, "Blepharospasm": 2.967997633836143, "Blindness": 1.3244442343188878, "Blister": 1.4606410181208302, "Blood bilirubin increased": 5.117613567165996, "Blood calcium decreased": 3.9999738226125032, "Blood creatinine increased": 1.2010275153314505, "Blood culture": 1.810131196708909, "Blood electrolytes": 2.083818698007711, "Blood gases": 2.7839817805383023, "Blood glucose decreased": 2.9935287962777446, "Blood lactic acid": 1.5016082958674768, "Blood magnesium normal": 3.977116829340432, "Blood pressure abnormal": 5.117613567165996, "Blood pressure systolic increased": 7.365031165445244, "Blood test abnormal": 1.1127025501751808, "Blood urine present": 2.4124625481267783, "Bone pain": 1.338452779104953, "Borrelia test negative": 9.802752748374305, "Bradycardia": 1.1494557310232465, "Brain natriuretic peptide increased": 2.812102808624548, "Brain oedema": 8.53982141269418, "Breast cancer metastatic": 126.54462638810465, "Breast conserving surgery": 44.90293194416616, "Breast mass": 3.741910995347181, "Breast pain": 1.4335642536242543, "Bundle branch block right": 7.326267843521848, "C-reactive protein increased": 1.887018830007887, "COVID-19 pneumonia": 1.7004530787553769, "Caesarean section": 13.009260656721038, "Cardiac arrest": 2.0043065374645805, "Cardiac dysfunction": 21.415244465679248, "Cardiac failure congestive": 1.8388254825219963, "Cardiac fibrillation": 12.770558626322488, "Cardiac flutter": 1.2700646809025102, "Cardiac pacemaker insertion": 9.469325784143884, "Cardiac stress test": 2.5424491146468515, "Cardiac stress test abnormal": 11.897358036488471, "Cardiomyopathy": 6.535168498916203, "Cellulitis": 1.0773923299296837, "Cerebral disorder": 13.384527791049532, "Cerebral haemorrhage": 2.0775983436853, "Cerebral venous sinus thrombosis": 9.218482717014243, "Chemotherapy": 7.0659436054271625, "Chest X-ray normal": 1.0265419544757752, "Chest tube insertion": 13.009260656721038, "Colitis": 4.230975350362161, "Colonoscopy": 1.988558414670216, "Communication disorder": 9.734202029854204, "Computerised tomogram abdomen abnormal": 2.134955353173545, "Computerised tomogram abnormal": 1.5640347081675856, "Computerised tomogram head abnormal": 2.083818698007711, "Computerised tomogram normal": 1.019773545984726, "Computerised tomogram thorax abnormal": 3.301164166646209, "Condition aggravated": 1.4930595357672412, "Confusional state": 1.059353797769521, "Coronary arterial stent insertion": 7.820173540837928, "Coronary artery stenosis": 19.60550549674861, "Crohn's disease": 6.66024349411077, "Crying": 9.145800855907694, "Culture negative": 13.514474662807292, "Culture throat": 16.77097458155604, "Cyanosis": 1.982893006081412, "Cystitis": 4.046485146131253, "Cystitis interstitial": 46.39969634230504, "Cystoscopy normal": 92.79939268461008, "DNA test for fragile X": 463.9969634230504, "Deafness neurosensory": 6.41470456345231, "Death": 1.4109604699203018, "Decreased appetite": 1.4323841225243374, "Deep vein thrombosis": 1.1222716126867651, "Deformity": 92.79939268461008, "Delivery": 6.891044011233422, "Device connection issue": 5.136497750070668, "Device malfunction": 53.53811116419813, "Diastema": null, "Discharge": 16.37636341493119, "Discomfort": 1.357708744471252, "Diverticulitis": 4.070148801956583, "Drooling": 7.90903914925654, "Drug eruption": 16.975498661818914, "Drug screen negative": 17.185072719372236, "Dupuytren's contracture": 139.19908902691512, "Dysgeusia": 1.1756679816462423, "Dyskinesia": 1.3033622568063212, "Dyslipidaemia": 29.616827452535134, "Dysphagia": 1.553908115951274, "Dysphemia": 9.342220740061418, "Dysphonia": 1.5263058007337182, "Dyspnoea": 1.132257810670002, "Dyspnoea exertional": 1.3653662484248663, "Dysstasia": 1.2954777945734306, "Dysuria": 4.440162329407181, "Ear congestion": 5.873379283836081, "Ear haemorrhage": 28.40797735243165, "Electric shock sensation": 3.977116829340432, "Electrocardiogram ambulatory": 1.0021532687322905, "Electroencephalogram": 1.3009260656721038, "Electromyogram abnormal": 13.009260656721038, "Emotional distress": 3.643955210128668, "End stage renal disease": 14.652535687043695, "Endoscopy": 3.702103431566892, "Endotracheal intubation": 3.081898650042401, "Enteritis": 24.856980183377697, "Eosinophil count normal": 6.823484756221329, "Erectile dysfunction": 4.205410544619792, "Eructation": 4.9186957253326895, "Erythema": 1.307954794709092, "Expired product administered": 1.0273394544404082, "Exposure during pregnancy": 2.066290287386172, "Extra dose administered": 6.921023693072224, "Eye irritation": 1.4999901834796887, "Eye movement disorder": 4.80549214132043, "Eye swelling": 1.2194401141210258, "Eyelid disorder": 10.874928830227743, "Eyelid injury": 198.8558414670216, "Faeces discoloured": 4.563904558259512, "Failure to thrive": 34.37014543874447, "Fall": 1.170724045642684, "Fear": 2.319984817115252, "Feeding disorder": 1.3131989530841048, "Feeling abnormal": 1.166733535652507, "Feeling of body temperature change": 1.059353797769521, "Fibromyalgia": 3.1780613933085644, "Fine motor skill dysfunction": 9.534184179925692, "Foetal death": 11.316999107879278, "Foetal heart rate decreased": 126.54462638810465, "Foetal hypokinesia": 28.40797735243165, "Foetal vascular malperfusion": 463.9969634230504, "Full blood count": 1.2730847725161434, "Full blood count normal": 2.278217496348856, "Fungal infection": 8.487749330909457, "Gait disturbance": 1.5849597384220335, "Gait inability": 2.216546003613298, "Gastric ulcer": 28.40797735243165, "Gastrointestinal disorder": 1.791494067270465, "Gastrointestinal inflammation": 14.350421549166509, "Gastrostomy": 15.466565447435013, "Generalised oedema": 11.22573298604154, "Genital pain": 29.616827452535134, "Gingival pain": 5.50194027774368, "Gingival swelling": 7.820173540837928, "Grip strength decreased": 3.354194916311208, "Guillain-Barre syndrome": 1.4698953434732325, "Haemangioma": 39.77116829340432, "Haematochezia": 4.370458054220255, "Haematocrit": 1.791494067270465, "Haematocrit normal": 2.89395195482152, "Haematuria": 2.8582975159530823, "Haemoglobin normal": 2.1581254112700017, "Head injury": 1.4792676836016485, "Heart rate decreased": 2.4528473837341878, "Heart rate irregular": 1.641498691355131, "Heat therapy": 173.9988612836439, "Hemiparesis": 1.1162717644500009, "Hepatic enzyme increased": 3.9211010993497215, "Herpes simplex": 5.312942329271569, "Hyperaesthesia": 2.0775983436853, "Hyperbilirubinaemia": 27.839817805383024, "Hypercoagulation": 15.640347081675856, "Hyperhidrosis": 1.0318140765483197, "Hyperpyrexia": 1.6650608735276926, "Hypertension": 1.1187068004459308, "Hyperventilation": 3.2907586058372367, "Hypomenorrhoea": 4.971396036675539,