{"Abscess drainage": 37.20932497952136, "Abscess limb": 31.627926232593158, "Acoustic stimulation tests abnormal": 3.635393819838293, "Acupuncture": 15.813963116296575, "Acute myocardial infarction": 1.9300031263214736, "Adrenal disorder": 43.62472583805952, "Adverse event": 1.8577342867896125, "Alopecia": 1.9433441617568756, "Amenorrhoea": 1.0730424506392926, "Amnesia": 1.8522943620845185, "Anaemia": 1.08037322741565, "Angiogram cerebral normal": 7.229240281735578, "Angiogram pulmonary abnormal": 1.735414333749967, "Angioplasty": 25.81871529191277, "Anosmia": 1.685698933116224, "Anxiety": 1.580737670933435, "Aortic aneurysm": 11.397450894628165, "Aortic disorder": 60.24366901446314, "Aortic valve incompetence": 12.164587012535828, "Aphthous ulcer": 4.029035188865369, "Arteriosclerosis coronary artery": 9.512158265441547, "Asymptomatic COVID-19": 1.7294833209893727, "Autoimmune disorder": 2.3002128169158653, "Autonomic nervous system imbalance": 9.167514850027, "Axillary mass": 1.8021610388941969, "Axillary pain": 2.848779435484337, "Back pain": 1.571573974290343, "Balance test": 23.87013300573068, "Bartonella test": 34.19235268388449, "Basedow's disease": 4.534469710766043, "Bedridden": 1.6801023231125178, "Benign hydatidiform mole": 180.73100704338944, "Biopsy": 2.2836047821366896, "Biopsy bone": 140.56856103374736, "Biopsy skin": 2.657808927108668, "Biopsy skin abnormal": 6.325585246518631, "Biopsy spinal cord abnormal": null, "Blepharospasm": 2.6974777170655138, "Blindness transient": 5.142752232941977, "Blister": 1.9923103138641356, "Bloch-Sulzberger syndrome": null, "Blood culture": 1.645145707807186, "Blood disorder": 14.37633010572416, "Blood electrolytes abnormal": 115.01064084579328, "Blood glucose decreased": 2.720681826459626, "Blood immunoglobulin G": 2.400601611582023, "Blood immunoglobulin M": 3.868859477993046, "Blood lactic acid": 1.3647433110072558, "Blood magnesium": 5.153226270076277, "Blood phosphorus": 5.142752232941977, "Blood pressure abnormal": 2.321315686795828, "Blood pressure fluctuation": 2.0274311687559714, "Blood thyroid stimulating hormone": 1.2740352963783743, "Body fluid analysis": 105.42642077531052, "Body height": 5.080791362665567, "Bone lesion": 84.3411366202484, "Bone marrow oedema": 70.28428051687368, "Borrelia test": 3.0931957195690125, "Brain injury": 10.90618145951488, "Breast cancer metastatic": 115.01064084579328, "Breast discomfort": 9.584220070482774, "Breast swelling": 2.133418295621797, "Breast tenderness": 3.0931957195690125, "Bronchitis": 1.9373921122568545, "Bundle branch block left": 7.761454290206909, "Bursitis": 9.079787435194206, "C-reactive protein normal": 2.9489907909177764, "COVID-19 pneumonia": 1.2360694179811686, "Cardiac discomfort": 2.762264299789795, "Cardiac disorder": 2.5583762372168373, "Cardiac failure acute": 4.6683285952167015, "Cardiac failure chronic": 21.0852841550621, "Cardiac failure congestive": 1.6712246358041294, "Cardiac flutter": 2.310716071787628, "Cardiac monitoring": 1.3373330330906197, "Cardiac stress test": 1.1543038771019398, "Catheterisation cardiac abnormal": 5.597863050016486, "Central nervous system lesion": 25.302340986074523, "Cerebral atrophy": 12.403108326507118, "Chemotherapy": 6.421913955856477, "Chest X-ray": 1.1626133092085091, "Chest discomfort": 1.4208412503411116, "Chest pain": 1.0857302797495505, "Chondromalacia": 1265.1170493037262, "Chronic kidney disease": 3.1470573365764327, "Chronic left ventricular failure": 16.21944935004777, "Chronic respiratory failure": 5.45309072975744, "Clostridium difficile infection": 20.405113698447195, "Cold sweat": 1.3099840013499622, "Coma": 12.65117049303726, "Computerised tomogram abdomen abnormal": 3.886688323513751, "Computerised tomogram abnormal": 2.8461575912344794, "Computerised tomogram head abnormal": 1.893887798358872, "Computerised tomogram head normal": 3.8609879429411778, "Computerised tomogram neck": 3.857064174706482, "Computerised tomogram spine": 6.951192578591901, "Concussion": 6.838470536776898, "Condition aggravated": 1.3569737327515212, "Congestive cardiomyopathy": 15.428256698825928, "Coronary arterial stent insertion": 7.107399153391719, "Coronary artery occlusion": 8.21504577469952, "Coronary artery thrombosis": 17.57107012921842, "Cough": 1.266210594817432, "Cranial nerve disorder": 58.84265345598726, "Crying": 1.6537477768676156, "Cyst": 7.067693012869978, "Deafness bilateral": 8.43411366202484, "Deafness unilateral": 1.2613330501532662, "Dental discomfort": 26.91738402773885, "Depression": 1.000883741537758, "Diabetic neuropathy": 48.65834805014331, "Dialysis": 7.667376056386218, "Differential white blood cell count": 1.5205733765669784, "Diffuse large B-cell lymphoma": 105.42642077531052, "Diplacusis": 421.7056831012421, "Diplopia": 1.0613398064628574, "Drug eruption": 15.428256698825928, "Dry skin": 1.5953556737751904, "Dyspepsia": 1.627160192030516, "Dysstasia": 1.7669232532174943, "Ear inflammation": 40.81022739689439, "Ear pain": 1.5293043811468432, "Ear, nose and throat examination abnormal": 105.42642077531052, "Eating disorder": 3.0856513397651857, "Echocardiogram abnormal": 1.305590350158644, "Echocardiogram normal": 1.1336174276915107, "Eczema": 1.5853597109069248, "Ejection fraction decreased": 3.2775053090770108, "Electric shock sensation": 1.804731882030993, "Electrocardiogram ST segment elevation": 3.916771050475932, "Electrocardiogram abnormal": 3.677665840999204, "Electromyogram abnormal": 11.823523825268468, "Embolic stroke": 10.285504465883951, "Emotional distress": 3.3118247363971887, "Eosinophil count": 2.1700120914300616, "Eosinophil count normal": 6.201554163253559, "Epstein-Barr virus test negative": 25.81871529191277, "Eructation": 4.470378266090905, "Erythema": 1.1143787503409412, "Erythema multiforme": 3.77646880389172, "Euphoric mood": 6.8756361375202495, "Eustachian tube disorder": 52.71321038765526, "Eustachian tube dysfunction": 28.11371220674947, "Excessive granulation tissue": 158.13963116296577, "Exercise tolerance decreased": 3.206887323963818, "Expired product administered": 1.9180362666321455, "Exposure to SARS-CoV-2": 2.311419700311314, "Extra dose administered": 6.290202855456686, "Eyelid disorder": 9.88372694768536, "Facial pain": 1.0896787677034676, "Fear": 4.224096992666865, "Fear of death": 13.603409132298127, "Feeling hot": 1.1256602514813183, "Fibromyalgia": 2.8883950897345345, "Fibula fracture": 180.73100704338944, "Fistula": 90.36550352169472, "Flushing": 1.056024248166716, "Foaming at mouth": 13.7512722750405, "Food aversion": 30.856513397651856, "Foot deformity": 31.627926232593158, "Formication": 3.2028279729208253, "Full blood count normal": 1.3796260079648048, "Fungal infection": 15.522908580413818, "Gastric disorder": 6.171302679530371, "Gastrointestinal disorder": 1.6282072706611663, "Gastrooesophageal reflux disease": 3.3557481413891934, "Glaucoma": 20.739623759077475, "Glossodynia": 2.881815602058601, "Glycosylated haemoglobin increased": 4.147924751815495, "Groin abscess": 180.73100704338944, "HLA-B*27 positive": 74.41864995904271, "Haemodialysis": 10.455512804163025, "Haemoglobin decreased": 1.8137878843064168, "Hallucination": 1.3588797522059357, "Hangover": 8.548088170971122, "Hepatic mass": 39.53490779074144, "Hepatitis": 8.162045479378877, "Hepatomegaly": 10.54264207753105, "Herpes zoster": 1.0166482234841898, "Human chorionic gonadotropin": 8.43411366202484, "Hunger": 6.4546788229781935, "Hydrocele": 115.01064084579328, "Hydronephrosis": 16.86822732404968, "Hyperacusis": 1.9860550224548288, "Hyperaesthesia": 1.88823440194586, "Hyperglycaemia": 2.545507141456189, "Hypersomnia": 1.1985950253943405, "Hypertrophic cardiomyopathy": 50.604681972149045, "Hyperventilation": 1.4936446863090036, "Hypoaesthesia": 1.060783607004487, "Hypotension": 1.9255967264896892, "Hypothyroidism": 6.487779740019109, "Hypotonia": 2.6917384027738853, "Hypoxia": 1.2176294988486296, "Iliac artery dissection": 1265.1170493037262,