{"Abdominal distension": 5.212042755870625, "Abdominal pain": 1.060465119423773, "Abdominal pain lower": 1.2888593615185504, "Abdominal pain upper": 1.959937312758312, "Abnormal behaviour": 4.174146795827124, "Accidental overdose": 4.854514335235069, "Acne": 2.727660282421685, "Acoustic stimulation tests": 2.586795197413992, "Activated partial thromboplastin time": 3.4436711065573773, "Activated partial thromboplastin time prolonged": 13.276804266245309, "Agitation": 3.406413459345783, "Akathisia": 78.7124824355972, "Allergic oedema": 84.76728877679697, "Amenorrhoea": 1.8709248796237024, "Amnesia": 1.6134330221059454, "Anaphylactic reaction": 1.235744047208703, "Anaphylactoid reaction": 10.203469945355192, "Angioedema": 1.330887384176764, "Antibody test": 1.1302305170239595, "Aphonia": 2.190804680116025, "Arthralgia": 1.7251150689044707, "Arthropathy": 6.844563690051929, "Asthenopia": 5.861567840948727, "Asthma": 2.267437765634487, "Atrial flutter": 5.769501330357909, "Autoimmune pancreatitis": 137.74684426229507, "Autonomic nervous system imbalance": 7.985324305060584, "Autonomic neuropathy": 73.46498360655738, "Axillary mass": 4.722748946135831, "Axillary pain": 3.1601078568982075, "Back pain": 1.9566313105439643, "Bell's palsy": 3.7567321162444114, "Biopsy kidney": 8.745831381733021, "Blindness": 1.0485011932429693, "Blood albumin": 2.0713811167262417, "Blood blister": 10.80367405978785, "Blood culture": 1.4329970794517044, "Blood electrolytes": 1.6496628055364682, "Blood fibrinogen": 2.7933453842797484, "Blood glucose fluctuation": 18.06515990325181, "Blood immunoglobulin E increased": 39.3562412177986, "Blood pH abnormal": 367.3249180327869, "Blood potassium decreased": 1.8214458745427449, "Blood pressure abnormal": 2.021972025868552, "Blood pressure measurement": 1.863411125087061, "Blood test": 2.093571752997044, "Blood thyroid stimulating hormone decreased": 4.963850243686309, "Body mass index": 1.6398433840749411, "Body temperature": 1.7634241201754035, "Body temperature abnormal": 13.717528059315692, "Body temperature decreased": 2.7009185149469626, "Body temperature fluctuation": 4.919530152224825, "Bone pain": 2.652803933794801, "Bone swelling": 18.67753820505696, "Bradykinesia": 7.155680221417926, "Breast cancer": 9.751988974321776, "Breast discomfort": 8.348293591654247, "Breast mass": 2.962297726070862, "Breast swelling": 3.722887682764732, "Candida infection": 10.298829477554772, "Cardiac arrest": 1.5867167085649545, "Cardiac flutter": 3.021868612701172, "Cardiac stress test": 1.0054514179729568, "Cardiomegaly": 5.699869417750142, "Carpal tunnel syndrome": 6.482204435872709, "Cerebral thrombosis": 8.745831381733021, "Cerebrospinal fluid leakage": 78.7124824355972, "Cerebrovascular accident": 1.198449977268473, "Change of bowel habit": 30.61040983606557, "Chest X-ray": 1.35066616099079, "Chest discomfort": 1.5681186584683084, "Chest pain": 1.3139394692831123, "Cholecystitis": 11.723135681897451, "Chromaturia": 2.454286757457373, "Chronic fatigue syndrome": 4.749891181458451, "Clavicle fracture": 64.8220443587271, "Cluster headache": 9.709028670470138, "Coagulation test": 5.310721706498124, "Colitis ulcerative": 3.0191089153379744, "Computerised tomogram": 1.0136726069997186, "Computerised tomogram coronary artery": 20.7919764924219, "Computerised tomogram head": 1.0147097183226157, "Conjunctival haemorrhage": 3.269954759935788, "Constipation": 5.041055599718026, "Contusion": 2.3453400056821296, "Coordination abnormal": 2.8847506651789545, "Costochondritis": 10.298829477554772, "Cyanosis": 1.5697646069777216, "Cyst": 6.156283542448943, "Deafness": 2.980323878562165, "Deafness bilateral": 7.346498360655738, "Decreased interest": 30.61040983606557, "Deep vein thrombosis": 3.264670696224607, "Defaecation urgency": 11.131058122205664, "Delirium": 1.8966863237493297, "Dental discomfort": 23.446271363794907, "Depressed level of consciousness": 1.3438716513394642, "Depressed mood": 3.4544663137879645, "Depression": 1.745011487091624, "Derealisation": 22.957807377049186, "Dermatitis allergic": 3.401156648451731, "Dermatitis atopic": 11.244640347942456, "Diabetes mellitus": 5.622320173971228, "Discharge": 12.964408871745418, "Discomfort": 2.960850585022464, "Disease recurrence": 5.920616543174536, "Disorientation": 1.560134149266202, "Dissociation": 8.609177766393442, "Disturbance in attention": 1.923167110119303, "Dizziness exertional": 15.520771184483952, "Dizziness postural": 7.011504267858074, "Drug hypersensitivity": 5.297955548549811, "Drug level": 39.3562412177986, "Drug level decreased": 1101.9747540983606, "Dry eye": 4.014479978500403, "Dry mouth": 2.3711129727775377, "Dry skin": 1.3896276848655242, "Dry throat": 4.449427001743044, "Dysarthria": 1.4109791985894502, "Dysgeusia": 1.2413120293983224, "Dyskinesia": 1.0318115675078283, "Dysmenorrhoea": 2.6756237525801336, "Dyspepsia": 2.1273643901512758, "Dysstasia": 1.025569803721136, "Ear discomfort": 1.6189638894686984, "Ear disorder": 7.346498360655738, "Ear infection": 7.852551691912309, "Ear pain": 1.6656208496045353, "Ear, nose and throat examination": 4.166256159162044, "Echocardiogram": 1.226801841467699, "Eczema": 2.7653067856922475, "Electrocardiogram": 1.7989165320874851, "Electroencephalogram": 1.0298829477554772, "Electromyogram": 1.0626564648971657, "Embolism": 6.559373536299765, "Embolism venous": 20.0359046199702, "Encephalitis": 5.892913123520645, "Endometriosis": 13.11874707259953, "Epilepsy": 1.125612619099449, "Epistaxis": 1.041564039790511, "Erythema nodosum": 18.999564725833803, "Erythema of eyelid": 9.107229372713723, "Essential hypertension": 6.9306588308073, "Euphoric mood": 5.988993228795438, "Excessive cerumen production": 39.3562412177986, "Excessive exercise": 1101.9747540983606, "Exercise tolerance decreased": 1.3949047520232412, "Exposure to contaminated water": null, "Extrasystoles": 2.354646910466583, "Eye disorder": 1.9608091709935245, "Eye movement disorder": 1.2651834145790593, "Eye pain": 1.7665513852169938, "Eyelid pain": 13.949047520232414, "Eyelids pruritus": 11.599734253666954, "Facial pain": 1.8999564725833804, "Facial paralysis": 1.0940429427633265, "Facial spasm": 11.244640347942456, "Faecal calprotectin": 32.41102217936355, "Faeces discoloured": 3.6130319806503626, "Faeces hard": 52.47498829039812, "Fatigue": 1.82632850997348, "Feeling abnormal": 1.0469191248279943, "Feeling cold": 2.104465676229508, "Feeling drunk": 3.46532941540365, "Feeling jittery": 2.1778157195619774, "Feeling of body temperature change": 3.362241812657088, "Fibrin D dimer": 1.4851411780301356, "Fibromyalgia": 12.695561683160838, "Fine motor skill dysfunction": 7.547772288344936, "Focal dyscognitive seizures": 47.91194583036351, "Freezing phenomenon": 22.957807377049186, "Frequent bowel movements": 5.45532056484337, "Gastrooesophageal reflux disease": 2.923009957820585, "Generalised oedema": 8.886893178212587, "Generalised tonic-clonic seizure": 5.840855587093785, "Gingival pain": 8.745831381733021, "Glomerular filtration rate": 1.7561350662922084, "Glomerular filtration rate decreased": 2.8255762925598997, "Glossodynia": 5.031848192229957, "Glycosylated haemoglobin": 1.3638301412108425, "Gout": 3.035743124237908, "Grip strength decreased": 2.655360853249062, "Guillain-Barre syndrome": 3.4983325526932085, "Gynaecological examination": 3.2602803375691143, "Haematemesis": 4.190018076419622, "Haematology test": 5.349392010186216, "Haemorrhage": 3.365836145688334, "Hallucination": 1.1836463524149952, "Hallucination, visual": 5.565529061102832, "Head discomfort": 2.766794576287132, "Headache": 1.275714404243182, "Heart rate": 2.421228443280693, "Heart rate abnormal": 2.2172530263548507, "Heart rate decreased": 1.941805734094028, "Heart rate increased": 1.1116766594902758, "Heart rate irregular": 3.254503113107976, "Heavy menstrual bleeding": 2.657331070910534, "Hemiplegia": 2.344627136379491, "Hepatic vascular thrombosis": 550.9873770491803,