{"Abdominal abscess": 42.50902074898786, "Abdominal pain lower": 1.8915020942172585, "Abortion spontaneous": 1.227464124970774, "Acarodermatitis": 32.30685576923077, "Acoustic stimulation tests normal": 8.827009773013872, "Activated partial thromboplastin time abnormal": 201.9178485576923, "Acupuncture": 10.095892427884616, "Acute coronary syndrome": 13.461189903846154, "Acute kidney injury": 1.4269812618918185, "Acute myocardial infarction": 2.468056208497385, "Acute respiratory failure": 3.233919496419497, "Administration site pain": 25.23973106971154, "Adverse reaction": 2.9913755341880344, "Allergic respiratory symptom": 62.12856878698225, "Allergy test": 1.8567158488063664, "Allergy to animal": 27.85073773209549, "Alopecia": 1.2406626639489542, "Amnesia": 1.1825349842324586, "Anaemia": 5.55100614591594, "Anal incontinence": 3.205045215201465, "Angina pectoris": 1.3202638238345228, "Angiocardiogram": 1.337204295084055, "Angiogram pulmonary abnormal": 2.2188774566779377, "Anosmia": 1.6153427884615383, "Antibody test positive": 26.05391594292804, "Antinuclear antibody": 1.4219566799837486, "Antinuclear antibody negative": 3.8460542582417583, "Aortic aneurysm": 7.276318866943868, "Aphonia": 3.217814319644499, "Arthritis reactive": 4.462272896302593, "Arthropathy": 2.5005306322934038, "Aspiration joint": 18.78305567978533, "Asthma": 1.245765646628436, "Asymptomatic COVID-19": 1.1041304090646198, "Atelectasis": 1.38299896272392, "Atrial fibrillation": 1.0260053280370545, "Aura": 6.261018559928444, "Axillary pain": 1.156412305096213, "Bacterial infection": 4.228646043093033, "Basedow's disease": 2.8948795492142265, "Basophil count normal": 5.728165916530278, "Basophil percentage": 3.4813422165119365, "Biopsy endometrium normal": 38.46054258241758, "Biopsy skin": 1.696788643341952, "Blepharospasm": 1.7221138469739214, "Blindness unilateral": 2.1537903846153847, "Blood alkaline phosphatase increased": 2.48514275147929, "Blood cholesterol increased": 3.269924672999066, "Blood culture": 1.050287898869661, "Blood glucose normal": 1.7683008083870153, "Blood iron": 4.865490326691381, "Blood iron decreased": 13.386818688907775, "Blood lactic acid increased": 3.9591735011312217, "Blood loss anaemia": 8.87550982671175, "Blood potassium decreased": 1.3349940400508584, "Blood test abnormal": 1.939963316807292, "Blood test normal": 1.66644716828907, "Blood urine present": 1.3997771130515932, "Body height": 3.243660217794254, "Body temperature abnormal": 3.3237505935422607, "Bone contusion": 38.46054258241758, "Bowel movement irregularity": 5.047946213942308, "Brain fog": 19.461961306765524, "Breast cancer female": 8.413243689903846, "Breast mass": 2.17115966191067, "Breast swelling": 1.3620090965105722, "Bronchitis": 2.4775196142048137, "C-reactive protein increased": 1.4605269335095286, "CSF protein increased": 5.810585570005535, "Caesarean section": 7.548330787203451, "Candida infection": 7.548330787203451, "Cardiac failure": 1.25414812768753, "Cardiac failure congestive": 1.066937112590184, "Cardiac flutter": 1.4751988935721811, "Cardiac function test": 2.864082958265139, "Cardiac stress test normal": 3.351333586019789, "Cardiomyopathy": 3.7918844799566633, "Cardiovascular disorder": 1.290209894937331, "Catheterisation cardiac": 3.2899038461538463, "Cellulitis": 1.8783055679785328, "Cerebellar infarction": 9.849651149155722, "Cervical spinal stenosis": 31.064284393491125, "Chapped lips": 5.177380732248522, "Chemotherapy": 4.09985479304959, "Chest X-ray normal": 1.789523030053403, "Chiropractic": 28.845406936813188, "Chronic obstructive pulmonary disease": 2.117094087105555, "Chronic respiratory failure": 14.107797279140073, "Chronic spontaneous urticaria": 9.28357924403183, "Circumstance or information capable of leading to medication error": 3.496412962037962, "Coagulopathy": 2.5722018924546792, "Colonic abscess": 269.22379807692306, "Computerised tomogram abdomen abnormal": 1.2387598071024069, "Computerised tomogram abnormal": 1.817033507830752, "Computerised tomogram head abnormal": 1.2090889135191158, "Computerised tomogram pelvis": 4.836355654076463, "Computerised tomogram thorax abnormal": 1.2759421709806782, "Condition aggravated": 1.4003549602746166, "Consciousness fluctuating": 10.095892427884616, "Coronary artery disease": 2.4775196142048137, "Cough": 2.503836553804072, "Culture urine positive": 4.487063301282051, "Cyst": 4.512130694026644, "Deep vein thrombosis": 1.0858717319585496, "Delivery": 8.0365312858783, "Dermatitis": 5.661248090402588, "Dermatitis allergic": 2.4928129451566954, "Dermatitis contact": 10.557796003016591, "Device expulsion": 134.61189903846153, "Diabetic ketoacidosis": 4.751008201357466, "Dialysis": 4.894978146853147, "Disability": 7.692108516483517, "Discharge": 9.502016402714933, "Disorganised speech": 11.217658253205128, "Distributive shock": 100.95892427884615, "Diuretic therapy": 9.17808402534965, "Diverticulitis": 4.7370756259869164, "Dry eye": 1.468493444055944, "Dry throat": 2.17115966191067, "Dyslipidaemia": 17.184497749590836, "Dysphagia": 1.0821858788263992, "Dysphonia": 2.217658962742365, "Dysstasia": 1.5047440973093047, "Dysuria": 2.576304287817446, "Ear pruritus": 4.163254609436955, "Echocardiogram normal": 2.175057614625052, "Electric shock sensation": 2.307632554945055, "Electrocardiogram T wave inversion": 6.674970200254291, "Electrocardiogram abnormal": 1.563739388636533, "Electrocardiogram ambulatory abnormal": 4.894978146853147, "Electrocardiogram normal": 1.3540174253659163, "Embolic stroke": 6.566434099437148, "Encephalomalacia": 40.38356971153846, "Endoscopy normal": 16.483089678178963, "Eosinophil count normal": 3.9591735011312217, "Eosinophil percentage": 2.9157812066092754, "Eosinophil percentage increased": 13.689345664928291, "Epiglottic oedema": 161.53427884615385, "Erectile dysfunction": 2.440094846618638, "Exercise tolerance decreased": 1.02236885345667, "Expired product administered": 16.703160246759698, "Exposure during pregnancy": 1.1989184476458723, "Exposure to SARS-CoV-2": 6.932801667216904, "Extra dose administered": 9.60310168359488, "Eye movement disorder": 1.8567158488063664, "Eye pruritus": 1.448737926871335, "Eyelid function disorder": 5.34881718033622, "Face injury": 2.9157812066092754, "Fall": 1.0193580911620983, "Fear": 1.3461189903846156, "Feeling abnormal": 1.3550775586892836, "Feeling jittery": 1.5961885261477655, "Fibrin D dimer increased": 2.273849645919958, "Fibromyalgia": 1.8439986169652267, "Flank pain": 3.024986495246327, "Flatulence": 1.1248905212127704, "Focal dyscognitive seizures": 35.11614757525084, "Formication": 2.04473770691334, "Frequent bowel movements": 3.998373238766185, "Full blood count": 1.0345287757759167, "Full blood count normal": 1.3218844422762182, "Furuncle": 7.841469846900672, "Gastrointestinal disorder": 3.126469913151365, "Gastrooesophageal reflux disease": 1.069763436067244, "Giant cell arteritis": 4.924825574577861, "Gingival swelling": 4.537479742869491, "Glycosylated haemoglobin increased": 2.6481029319041616, "Goitre": 5.047946213942308, "Gout": 2.22499006675143, "Haematemesis": 3.0709938944135717, "Haematocrit normal": 3.3652974759615386, "Haemoglobin decreased": 1.1579518196856906, "Haemoglobin normal": 2.50829625537506, "Haemoptysis": 1.7257935774161737, "Heart rate irregular": 2.864082958265139, "Hemiplegia": 1.7184497749590837, "Hepatic enzyme increased": 4.563115221642764, "Hepatic lesion": 17.948253205128204, "Hepatitis": 5.210783188585608, "Hepatitis A virus test": 7.409829304869443, "Hepatitis B test negative": 24.47489073426573, "Hepatitis C test negative": 18.78305567978533, "Herpes virus infection": 4.058650222265173, "Human chorionic gonadotropin decreased": 27.85073773209549, "Hyperfibrinogenaemia": 115.38162774725276, "Hyperglycaemia": 1.6250933485528556, "Hyperlipidaemia": 5.570147546419099, "Hypersensitivity": 1.2682143920178073, "Hypersomnia": 1.53185660356713, "Hyperventilation": 2.867472405553027,