{"PPV": 1.0800146151150034, "VARZOS": 1.2021060481407662}