{"DTAP": 17.98165191772508, "MMR": 19.138511972303448}