{"COVID19": 1.305144556672617, "HEP": 1.1417948375109168, "HPV2": 1.731453587086389, "HPV4": 1.939625128887392}