{"COVID19": 1.285640089424998, "FLU(H1N1)": 1.42400036268615, "FLU3": 1.112316070417836, "FLUX": 1.1475081217185912, "RAB": 1.24383365125646, "TTOX": 1.4539561412727902}