{"COVID19": 1.769479815794568, "HEP": 1.501462629466216}