{"COVID19": 1.9378049016765797, "COVID19-2": 4.355278315099127}