{"ANTH": 2.425522788130711, "COVID19-2": 1.106760360259453, "FLUX": 1.1860026036620053, "HEP": 2.9414869281471785, "HEPA": 1.3424174019099215, "HEPAB": 2.0824034523476413, "HPV2": 1.6814097330754034, "HPV4": 1.9472973043471675, "LYME": 9.097766105670791, "MMR": 4.701681450276062, "PNC": 1.1333416561531124, "RV1": 3.0732745360169806, "RV5": 1.0428550852714191, "TYP": 2.162357096205865}