{"FLU3": 1.2866222134188825, "FLUX": 1.644434221961554, "HPV4": 1.3677771182039742, "RV1": 10.484935106038453, "RV5": 4.980699567926179}