{"HPV2": 4.88920643290708, "HPV4": 3.0095042852440126}