{"COVID19": 1.424648161697853, "HEPA": 1.0084594969957543, "HEPAB": 1.5063699401195798, "HPV2": 1.8859155424324496, "HPV4": 1.337076601770063, "MNQ": 1.5980308512967358}