{"ANTH": 3.684359977394404, "DT": 7.291595012510891, "DTAP": 1.6735205429725266, "DTP": 10.87483551083028, "DTPHIB": 9.768748730705187, "FLU3": 4.184568529654589, "FLUX": 2.8646662025205063, "HEP": 6.243633797115995, "HEPA": 1.9331196510336737, "HEPAB": 1.2672555468682132, "HIBV": 1.113163752721631, "LYME": 8.96385432480834, "MEN": 1.8149402429766632, "MMR": 2.938363223087362, "PNC": 2.3861666118499145, "PPV": 4.019193293702311, "RAB": 1.694260956200015, "RUB": 10.424749220159637, "SMALL": 1.575592033055743, "TD": 13.235228513600562, "TTOX": 10.222819437402242, "TYP": 1.1756385014624129}