{"DTAP": 1.7659998753831307, "FLU(H1N1)": 1.2626752302941304, "FLU3": 5.094224210531578, "FLU4": 7.067657949223073, "FLUA3": 4.7501765558323, "FLUA4": 6.569529113425273, "FLUC3": 1.9699501447105985, "FLUC4": 6.03921532857637, "FLUR4": 4.3254737492075455, "FLUX": 2.991312080988783, "HPV2": 2.170439996502961, "MENB": 3.899932581594558, "PNC13": 3.5698515886682984, "PNC20": 3.2681136832892106, "PPV": 7.483661903682234, "TD": 1.488479250434401, "TDAP": 5.841395344473372, "TTOX": 1.1379783285383838, "UNK": 1.6943674952546224, "VARZOS": 2.288371037357652}