{"COVID19": 3.3400052038399752, "COVID19-2": 4.407369049388642}