{"ANTH": 1.579946705520481, "FLU3": 3.689869784729224, "FLU4": 6.47921118157393, "FLUA3": 2.052032911827142, "FLUA4": 2.541542688986117, "FLUC4": 4.7970677967891335, "FLUR4": 4.065964440176959, "FLUX": 2.5145951736420846, "LYME": 1.886821993868913, "MENB": 1.1595515020658933, "PNC13": 1.0652868659197816, "PNC20": 2.6754630211638197, "PPV": 3.139215538154021, "TD": 2.9341801693847347, "TDAP": 3.7368534468769017, "TTOX": 3.63262848200728, "UNK": 1.2383531685475129}