{"FLUX": 1.4788685521000766, "HEP": 6.562892443943369, "HEPA": 1.566559164314353, "HPV4": 1.2949326900217035, "MENB": 2.023299261672142, "MMR": 7.361783749403106, "VARCEL": 1.3541496803832234}