{"FLUX": 2.20850529409243, "HEP": 3.2382814518295584, "HPV4": 1.474298604543941, "VARZOS": 1.2676423909716026}