{"HEP": 2.357277161021836, "HPV2": 59.32711310177998, "HPV4": 29.8807231781816}