{"COVID19": 1.3953401015300757, "VARZOS": 1.3199201772885438}