{"FLU3": 1.8719341460073824, "HEP": 3.256071590948493, "HPV4": 10.49459843172096, "VARZOS": 1.8488335227723656}