{"FLUX": 5.469583582871079, "HPV4": 2.836489198611997, "PPV": 3.102637219069845}