{"COVID19": 1.197428620365992, "FLUN(H1N1)": 8.462981562208805, "FLUN3": 17.912568304445543, "FLUN4": 11.378019356973692}