{"COVID19-2": 1.2219617135051544, "DTAP": 1.6356666343780142, "DTAPIPVHIB": 5.136079389581711, "FLU3": 1.7356482976495538, "FLU4": 3.9262309185304, "FLUC4": 2.505468008850193, "HEPA": 2.720974982540325, "HPV2": 3.1730912487041283, "HPV4": 1.9997207026089503, "HPV9": 4.845953670130128, "MENB": 4.023341672064557, "MMR": 1.4420194896512388, "MNQ": 3.371057294555037, "PNC13": 1.8023446572977944, "TDAP": 2.213784096246292}