{"HEP": 3.176176862944366, "MMR": 3.338793599335372}