{"RV1": 173.20105898693177, "RV5": 94.21075217544616}