{"HPV4": 1.473864530675028, "VARCEL": 1.978954617179783, "VARZOS": 4.1993961327285545}