{"HEP": 3.265058123236253, "HPV4": 1.0139491412701471}