{"COVID19-2": 1.0830537683644417, "FLUX": 1.1622869346083131, "HPV2": 2.166831394215116, "HPV4": 3.4594303299305444, "HPV9": 2.2196987201005745, "PNC": 3.2023563323468025, "PNC13": 1.1459233862651157, "PPV": 1.118805584719481, "RV1": 38.94890662917431, "RV5": 17.822137964435953}