{"FLU3": 1.4363150069245711, "FLUX": 2.380782913508376, "HEP": 1.3185799961716, "HPV2": 1.467035936006189}