{"FLU(H1N1)": 14.785442726973304, "HPV4": 4.883847689986672}