{"FLU(H1N1)": 1.1255525239253654, "FLU3": 1.2792292173110498, "FLU4": 1.3071909333012948, "FLUN(H1N1)": 1.3754629963699554, "FLUX": 1.778780347128846, "MEN": 1.3749577396301955, "MENB": 1.4121621646867908, "MMR": 1.3521643434493438, "PNC13": 1.5639240861601538, "PPV": 1.82449232233863, "SMALL": 9.406806489222928, "TDAP": 1.2321550918851325}