{"COVID19": 1.5090973425152912, "DTAP": 1.2073532420725162, "DTAPIPV": 2.362206137188047, "IPV": 2.545799755990827, "MENB": 1.969035042302684, "MNQ": 1.5901693473297065, "PNC13": 2.0152123116520206, "PPV": 1.1770710718489688}