{"COVID19": 2.3220831431079403, "DTAPIPV": 2.4733495164062576, "FLUC4": 1.2247608408338349, "PNC13": 1.7899201227066133, "PNC20": 3.823791077242664}