{"HPV4": 3.955908647053592, "VARZOS": 1.253467706231966}