{"ANTH": 1.014656027453299, "DT": 6.5007473249200665, "DTAP": 18.098341440482425, "DTAPHEPBIP": 16.531318321438278, "DTAPIPV": 18.09865532072146, "DTAPIPVHIB": 4.625971078094773, "FLU(H1N1)": 2.4648254826842875, "FLU3": 2.249814302428104, "FLUN(H1N1)": 4.332839357686227, "FLUN3": 2.988251886891983, "FLUN4": 1.2997566213126448, "HEP": 1.2045348121681727, "HEPA": 10.268743620353233, "HIBV": 5.241159154253, "HPV2": 1.1924716821340453, "HPV4": 2.4051015574562618, "HPV9": 2.3763698789169143, "MMRV": 16.76871497976694, "MNQ": 4.7455528311602695, "PNC": 1.6993820047451338, "PNC13": 1.7558187123972284, "PPV": 3.472383038933895, "TD": 1.2961579922510522, "TDAP": 6.65218735202602, "VARCEL": 15.688458751534991, "VARZOS": 3.875509641154456}