{"COVID19-2": 1.710076080999554, "FLUX": 1.568514797325505}