{"MMR": 2.6819182186929047, "PPV": 8.209123935447108, "VARCEL": 4.617528123533357}