{"FLUX": 1.8261647462409585, "HEP": 1.7272040420090715, "HIBV": 15.686015892606186, "HPV4": 3.6913632747812217, "LYME": 10.388951027990444, "MMR": 6.381482364415909, "PPV": 2.427232869730813, "VARCEL": 2.6312277206459527}