{"COVID19": 1.3832571629755035, "HEP": 1.241996822034523}