{"FLU3": 1.58268436466783, "FLU4": 3.786417014842913, "PPV": 2.4033850392666327, "VARZOS": 1.7957685281564586}