{"COVID19": 2.2718996818780632, "COVID19-2": 3.903216064972011}