{"DTP": 6.774222967569222, "FLU(H1N1)": 2.183712558810303, "FLUX": 1.176548477403709, "FLUX(H1N1)": 1.868371721789573, "HEP": 2.072681990319844, "HPV4": 2.752032893597972, "HPV9": 1.2777570679603285, "HPVX": 14.332667091794931, "PPV": 1.391386247392413, "RAB": 3.3977250935538703, "VARZOS": 2.4068667284727385}