{"COVID19-2": 2.3427095052769293, "HPV4": 2.7745990314377256}