{"HEP": 1.7972636598854734, "HPV4": 6.763453903486748, "MENB": 10.594962704988731}