{"COVID19": 0.1520304690852888, "FLU(H1N1)": 1.0964684203191115, "FLU3": 0.4348747611046403, "FLU4": 0.2884125514918724, "FLUX": 1.1310343981754236, "HPV4": 8.292467008876304, "MMR": 1.2540070278898696, "PPV": 0.7236226321089525, "RAB": 1.7059084065715404, "RV1": 1.6043227767751045, "TYP": 2.644009479773324}