{"DTAP": 1.134916589131266, "HIBV": 1.1559362738241783, "HPV2": 7.774025036132344, "IPV": 1.6009566227733665, "PPV": 0.8479088056447178, "RV1": 18.4112284976785}