{"COVID19": 0.9356428804981508, "COVID19-2": 0.1133525103532661, "DTAPIPV": 0.3721207446148235, "FLU4": 0.0940769775177086, "HEP": 0.4025034109276445, "HEPA": 0.3994435659510594, "HIBV": 0.532395345577298, "HPV4": 0.0821429142106217, "MMR": 0.1889846751669436, "MNQ": 0.1556919296240132, "OPV": 0.199671972916368, "PNC10": 3.504916038524093, "PNC13": 0.649697315521803, "PPV": 0.3905252291276407, "RV1": 7.794103865772401, "RV5": 0.7247700009396499, "TYP": 0.3867576370066891, "UNK": 0.3707071338275022, "VARCEL": 0.0666975274482321, "VARZOS": 0.0383329286335196}