{"COVID19": 3.582240801882516, "HPV4": 2.970813229539379, "TYP": 37.525049365538266}