{"ANTH": 0.6240306362989163, "COVID19": 1.7656315300981242, "COVID19-2": 0.3161722521272478, "FLU3": 0.2728955859828616, "FLU4": 0.0871212021865856, "FLUA3": 2.2785280125906517, "FLUN4": 0.3237273019615087, "FLUX": 0.2966289560820529, "FLUX(H1N1)": 0.3454579090831046, "HEP": 0.1614661488282589, "HEPA": 0.1035879844225206, "HEPAB": 0.1421147491551304, "HPV2": 4.525577733604337, "HPV4": 0.9430419354635076, "HPV9": 4.2157672315970025, "HPVX": 2.339110223720252, "MEN": 0.162744851641196, "MENHIB": 2.845467879283539, "MMR": 0.094964195293766, "MNQ": 0.4342699590176788, "PNC13": 0.0243327155201283, "PPV": 0.0520127660069909, "RAB": 0.5839249291648967, "RV1": 0.5658151616404846, "RV5": 0.1879551304904668, "TDAP": 0.0230447233697093, "TYP": 0.3581644761410856, "UNK": 0.2895587245014351, "VARZOS": 0.1485017470231934, "YF": 0.710189081343385}