{"FLUC4": 29.269679962698984, "VARCEL": 5.388132662619421}