{"TDAP": 6.264646739496585, "VARCEL": 5.388132662619421}