{"COVID19": 0.9632378771159944, "COVID19-2": 0.1751262088309511, "FLU(H1N1)": 1.332582004533388, "FLUC4": 0.3052069236168365, "FLUX": 0.381054445194885, "HEPA": 3.039169076740135, "HEPAB": 2.425685490732981, "HPV2": 2.927954394124462, "HPV4": 1.8549838557823823, "MMR": 1.478602427904135, "MMRV": 0.2503781261147337, "MNQ": 0.1934835985047242, "TDAP": 0.0653232751735748, "UNK": 0.3365820422650313, "VARCEL": 0.3882287943570828}