{"6VAX-F": 1.8430201365684395, "COVID19": 0.6215238332629498, "DTAPIPVHIB": 1.2517143892767355, "HEP": 0.2191995427883771, "PNC13": 1.2835605000985446, "RV1": 1.1939867862123004, "RV5": 0.7685317844903886, "TYP": 1.4644958449571377, "UNK": 1.4260330187967132}