{"COVID19": 0.0013010647073859, "DTAP": 2.464911454466785, "DTAPHEPBIP": 1.810941858905196, "DTAPIPVHIB": 1.5475324602066898, "DTP": 1.7987016180052842, "DTPHEP": 126.77155354293652, "FLU3": 1.434677968246157, "FLUX(H1N1)": 1.736101391764328, "HEP": 0.8281097908982652, "HEPA": 0.5236610047297466, "HIBV": 2.510564180104327, "HPV4": 0.1075002910287092, "IPV": 3.4771082244380884, "MEN": 0.8178756771697803, "MENB": 0.4131544851965854, "MMR": 0.7570733718335291, "MNQ": 0.2037537601413877, "OPV": 0.261310366058771, "PNC13": 2.448690556011455, "PPV": 3.0701121776087885, "RVX": 2.0699258800828857, "TDAP": 1.265932202006209, "UNK": 0.1358575630358323, "VARCEL": 0.3122416372452022, "VARZOS": 0.0501662381865536}