{"COVID19": 0.0259350708871736, "FLUX": 2.7742707867554324, "HPV2": 13.433644161104452, "UNK": 2.708145744472897}