{"COVID19": 0.4183970525407006, "FLUN3": 4.528001804663681, "FLUX": 1.3703693655745646, "HEPA": 0.553109968911411, "HIBV": 1.0289673551444802, "HPV4": 0.914801163359756, "MMR": 0.216537483814449, "PPV": 0.1249527954318488, "TDAP": 0.2313493301957352, "UNK": 0.3347701773984061, "VARCEL": 0.1989801491041893, "VARZOS": 1.3957853774922917}