{"COVID19": 0.5291778948153713, "FLU3": 0.4214297076768493, "PPV": 0.5409485542550359, "UNK": 0.9998396427818064}