{"BCG": 0.4015226998538336, "COVID19": 0.1047879109924057, "COVID19-2": 0.11110723816537, "DTAP": 0.1588186353815179, "DTAPHEPBIP": 0.379172190095053, "DTAPIPV": 2.316725903078953, "DTAPIPVHIB": 1.122268159382371, "FLU3": 0.5113558248856673, "FLU4": 2.661790285034609, "FLUA3": 0.1808772817106258, "FLUA4": 0.695760686492536, "FLUC3": 0.5608198787160426, "FLUC4": 1.3741280309464907, "FLUN3": 1.6106596534772724, "FLUN4": 42.18520382363418, "FLUR3": 2.184409163385662, "FLUR4": 0.922956030806165, "FLUX": 0.1618993574436674, "HEP": 0.5374966239132846, "HEPA": 0.6143604611064768, "HEPAB": 0.8308352527438034, "HIBV": 0.6510991192693889, "HPV4": 0.5113801422575884, "HPV9": 3.066296587219403, "IPV": 0.0536865892555848, "MEN": 0.3163870992230428, "MENB": 0.4806205177952926, "MER": 1.9270888050801387, "MMR": 1.5956964234264297, "MMRV": 3.874660253909474, "MNQ": 2.600066615468679, "PNC": 0.0227712720188248, "PNC13": 0.4461393564587793, "PNC15": 2.33033216716858, "PNC20": 1.144498019660008, "PPV": 0.4775962540837586, "RAB": 3.463329624900769, "RSV": 0.9805875237511602, "RV1": 1.0705088791462518, "RV5": 1.1147361567409082, "SMALL": 0.0839723516246975, "SMALLMNK": 1.6180783389775666, "TD": 0.0319686439143312, "TDAP": 0.8917184852700447, "TYP": 0.5888030797323648, "UNK": 2.0939718603082857, "VARCEL": 1.522890883333785, "VARZOS": 7.783170074546716, "YF": 0.7517090874569523}