{"ANTH": 5.316841011916915, "FLU(H1N1)": 5.197004264637183, "FLU3": 2.1872288876733634, "HEPA": 4.208777387681973, "HPV4": 8.09362055669801}