{"ANTH": 2.2324843678435773, "DTAP": 0.8853202148326627, "DTAPIPV": 2.8886253219236413, "FLU(H1N1)": 5.516487422118456, "FLU3": 1.4947554698337833, "FLUN(H1N1)": 35.275667021576425, "FLUN3": 119.58007065448363, "FLUX": 0.6240197694197668, "HBHEPB": 41.39848626716604, "HEP": 0.4173397574502474, "HEPA": 7.228977929160658, "HEPAB": 3.971997717466565, "HIBV": 1.6377377222914509, "HPV4": 4.222297542770535, "JEV": 33.225915065424964, "MMR": 7.410895313961133, "MMRV": 5.708458565635685, "MNQ": 4.411342019211519, "PPV": 1.63312739, "RV1": 11.385000936144804, "RV5": 31.90864011434332, "SMALL": 3.958484996502533, "TDAP": 1.112893369768517, "UNK": 0.5328482960866474, "VARCEL": 8.684134746636383, "VARZOS": 6.2442448415540985}