{"COVID19": 0.0364507805539481, "MENB": 6.453633150033394, "PNC": 52.8114356379978, "SMALLMNK": 42.72667536998724}