{"BCG": 13.974280069726904, "COVID19": 1.770930637967685, "COVID19-2": 1.016326856795798, "DTAP": 0.642152262, "DTAPIPVHIB": 2.557665992549228, "FLU(H1N1)": 0.7884899355347982, "FLU3": 0.3495799082675783, "FLU4": 0.2074074384592095, "FLUC4": 1.2478831297114634, "FLUN(H1N1)": 5.533437964168852, "FLUN4": 2.192872337836193, "HEP": 1.7042326259714895, "HPV2": 2.4122236126702967, "HPV4": 0.915331644, "HPVX": 2.4478554740559626, "IPV": 2.8619665753642174, "LYME": 1.812480128785592, "MENB": 0.7365338905790644, "MMR": 1.0080411367914874, "MNQ": 0.791100669, "PNC": 3.08361779, "PNC13": 1.7056077958368747, "PPV": 0.144259586155785, "TD": 0.5272459924070525, "UNK": 3.150755142077568, "VARCEL": 0.4606770945809247, "VARZOS": 0.254434424783189}