{"COVID19": 7.429832774274847, "COVID19-2": 1.300197461624969, "FLU(H1N1)": 5.097995272854298, "VARZOS": 0.4079724397385618}