{"COVID19": 5.693774470476762, "COVID19-2": 0.1092300174331568, "DTAPIPV": 0.3585871667198942, "FLU(H1N1)": 0.4347393415776893, "FLUX": 0.1024783139937414, "UNK": 0.3571518354780276}