{"COVID19": 13.962796658830468, "FLUX": 0.0359850284488571, "HEP": 0.0240664449525579, "RV1": 0.1841269129835609}