{"ANTH": 1.4748572522019137, "COVID19": 0.3697535713378229, "FLU3": 1.343694905789924, "HEPAB": 2.314454325504581, "PNC13": 0.3962782713271808, "SMALL": 2.4999625769394584, "TD": 0.951747157315034, "TYP": 1.6402418740257203, "UNK": 0.4402642239662314, "VARZOS": 0.591288181439581}