{"6VAX-F": 1.5532484279617862, "COVID19": 7.097546870071608, "DTAPIPVHIB": 0.0984153201955877, "DTPHIB": 0.2403984194147064, "FLUX": 0.0316612328782939, "HEP": 0.061301149844743, "PNC13": 0.4142568139303978, "PPV": 0.0167215509028517, "RV1": 0.0938765193799791, "RV5": 0.0604253597020452, "RVX": 0.4708929116704169, "UNK": 0.4602386907297151}