{"ANTH": 0.163901685541727, "COVID19": 0.6017228059544979, "COVID19-2": 0.0408584899195421, "DTAP": 0.1304734293406926, "DTP": 0.5189365873252378, "FLU(H1N1)": 0.5702005189310417, "FLU3": 0.1215933473213625, "FLUC3": 1.3164172839240342, "FLUX": 0.4920905267536451, "HEP": 1.7039894112064515, "HEPA": 0.4617737429380417, "HEPAB": 0.291618507894113, "HIBV": 2.592712805613308, "HPV2": 1.7455515070725558, "HPV4": 0.456746245271786, "HPV9": 0.118784843682659, "IPV": 16.859169576906243, "MENB": 0.149650599942418, "MMR": 0.3506279879654397, "MMRV": 0.2080035143915418, "MNQ": 0.5720885697182464, "PNC": 1.112041540993246, "PNC13": 0.593270518356333, "PPV": 0.706333953958019, "RUB": 1.5971139632083275, "RV1": 1.6181902411914744, "RV5": 2.3526111588415657, "RVX": 2.4309062461742537, "TD": 0.1071261059649694, "UNK": 0.5420782967138573, "VARZOS": 0.045628997434698, "YF": 0.6253066234544099}