{"COVID19": 0.5182918701535467, "FLUX": 3.22458412818436, "FLUX(H1N1)": 10.815050159746894, "PPV": 0.4578928990833371}