{"6VAX-F": 1.014147930215895, "ADEN_4_7": 1.479517561244209, "ANTH": 0.1340423169147012, "CHOL": 7.842421872013507, "COVID19": 0.2277821544148915, "COVID19-2": 0.0122964141968901, "DT": 1.1822116041621178, "DTAP": 0.4413008250135379, "DTAPH": 0.6455614376072619, "DTAPIPV": 2.4016897753225788, "DTAPIPVHIB": 0.3829829259097687, "DTIPV": 0.5770717094526543, "DTP": 0.0213618179840246, "DTPIPV": 0.4422379254614784, "FLU(H1N1)": 1.8827822426439245, "FLU3": 1.3359875814650488, "FLU4": 1.2496320702889132, "FLUA3": 0.1377398777195342, "FLUC4": 1.679220121735793, "FLUN(H1N1)": 1.2799042113662085, "FLUN3": 1.5885320245806869, "FLUN4": 3.2096671174313176, "FLUR4": 0.1977628815152632, "FLUX": 6.276335357591817, "FLUX(H1N1)": 4.109826650605351, "HBHEPB": 0.1069002240498121, "HEP": 0.998045164242456, "HEPA": 1.8537468170538915, "HEPAB": 1.9804778252791104, "HIBV": 0.319533249090885, "HPV2": 3.9362724356173375, "HPV4": 2.271289238509143, "HPV9": 1.0233470745095632, "HPVX": 1.510275667462178, "IPV": 0.8747148743246869, "JEV": 0.87433770800749, "JEV1": 2.023507766517415, "JEVX": 2.0298057666457248, "MEA": 4.162912708440072, "MEN": 3.3093517020575383, "MENB": 0.3657598238877416, "MER": 1.467497767289916, "MMR": 1.5012471249939656, "MMRV": 2.221856314311462, "MNC": 3.09871143894214, "MNQ": 1.2842103875131898, "MU": 6.5524789505985375, "OPV": 0.1489795827960049, "PER": 7.564057537227643, "PNC": 0.6670856704696277, "PNC13": 1.002239804412016, "PNC20": 0.2452303390811221, "PPV": 0.2038145779925399, "RAB": 5.586746493024506, "RUB": 3.514936034750652, "RV1": 0.1215376555277358, "RV5": 0.2351433467989363, "RVX": 0.609662428584227, "SMALL": 0.0639457938607667, "SMALLMNK": 0.3466959985866772, "TD": 0.0864992140792617, "TDAP": 1.9482294812937635, "TTOX": 0.1175098464191878, "TYP": 2.047949023476691, "UNK": 0.5496760739702204, "VARCEL": 0.8428628822758022, "VARZOS": 0.29299047282157, "YF": 0.8885071655767933}