{"COVID19": 0.0209006553503986, "HEP": 1.2170003088872623, "HEPAB": 11.473048396206398, "IPV": 2.2294648756935143, "TDAP": 1.860425960565813}