{"ANTH": 0.4955795493205375, "COVID19": 0.4768584861812727, "COVID19-2": 0.1235413406800793, "DTAPIPVHIB": 1.5714173834916294, "FLU(H1N1)": 0.4844096171806722, "FLU3": 0.8133335880490393, "FLU4": 0.4556032167613871, "FLUX": 6.586469245396328, "HEP": 0.3312522531833495, "HPV4": 0.0924704696473319, "PPV": 0.6179742071559642, "VARZOS": 0.1386074068482005}