{"COVID19": 0.597040134, "FLUC3": 607.2642780172414, "TDAP": 25.040100819791636}