{"ANTH": 3.558842727562409, "COVID19": 0.7429832774274847, "COVID19-2": 0.8871935620499788, "DTAPIPVHIB": 11.283820555364242, "FLU(H1N1)": 3.478632068535874, "FLU3": 2.006847621536098, "FLU4": 1.8518521291000851, "FLUX": 12.401352884268832, "HEP": 1.3464175508216316, "HPV4": 0.6640641336617437, "PPV": 1.9553257159669664, "VARZOS": 0.5633905120199186}