{"HEP": 3.5369434942346185, "VARCEL": 5.388132662619421}