{"COVID19": 0.3698093281804568, "FLU4": 0.2283160479413839, "FLUX": 0.2482097304999521, "HEP": 0.1660003127985931, "HEPAB": 1.579976491012839, "HPV4": 4.323515598122276, "MMR": 0.2751964278492678, "PPV": 0.158801897384062, "RV1": 1.270030285769072, "VARZOS": 0.7729204176388697}