{"COVID19": 0.1138890720897989, "COVID19-2": 0.247115801152178, "DTAP": 2.8413456645539656, "DTAPIPV": 2.574876767911391, "DTP": 3.1385719505923646, "FLU4": 2.85073033619091, "FLUA4": 4.928886866518648, "FLUC4": 1.5335102899006667, "MNQ": 0.9721573072713248, "PNC13": 0.5197915432959038, "PPV": 0.6382907803850857, "RSV": 16.9160580367672, "SMALLMNK": 21.577951242130165, "TDAP": 2.323906699761368, "VARZOS": 2.04756015988476}