{"COVID19": 0.2164363934631785, "DTP": 7.938475252503848, "HPV9": 1.8171250175107263, "PPV": 5.427441785432494, "TDAP": 0.8301683425586545}