{"FLUX": 3.6275802593948026, "HPV9": 8.364645573971202, "PPV": 1.915869821000345}