{"COVID19": 0.0357570576632452, "COVID19-2": 0.7182795593292616, "DTAP": 0.4763724758059846, "DTAPHEPBIP": 0.6834674074642108, "FLU3": 0.5426489775298402, "FLU4": 2.5759699310017043, "FLUA3": 8.046115640713685, "FLUC3": 6.955825264363456, "FLUC4": 1.1491849566674852, "FLUR4": 3.221030141581517, "HEPA": 1.3872344555297829, "HIBV": 0.1352858351229161, "MENB": 0.5577898662686084, "MMR": 0.093505715297618, "MMRV": 0.5135857724794687, "MNQ": 0.2750830234738908, "PNC13": 1.820995863302078, "PPV": 0.6965463798320597, "RV1": 0.5571189404848795, "TDAP": 0.5607563263375342, "VARCEL": 0.117843987820576, "VARZOS": 6.503332682016047}