{"COVID19": 0.3980267557647239, "SMALLMNK": 1828.319002230785}