{"ANTH": 0.3771509329928579, "COVID19": 0.0290331680017434, "COVID19-2": 0.6532285111871717, "DTAPIPV": 0.9796485075165338, "DTP": 1.194114523346819, "FLU3": 0.6140321061837267, "FLU4": 3.4065445583195126, "FLUA3": 1.2242036282786934, "FLUC4": 6.331909058645529, "FLUX": 0.105418023912792, "HEP": 0.0705025729149554, "HEPA": 0.2985501467878866, "HPV9": 0.2733334650549528, "MENB": 2.392588532812912, "MMR": 0.4172292844387483, "MNQ": 0.3698709388856713, "PNC13": 4.875178559043457, "PPV": 8.209892269520648, "SMALLMNK": 2.279875413771258, "TDAP": 3.078345788219724, "UNK": 0.1806976683190716, "VARZOS": 4.821142767747685}