{"COVID19": 0.1062000617240256, "COVID19-2": 0.1602139614832938, "DTAP": 0.7425754600444167, "DTAPHEPBIP": 0.5467506972146802, "DTAPIPV": 1.8825832303175924, "DTAPIPVHIB": 0.4672240454723919, "DTP": 0.278330033858403, "DTPIHI": 73.15611481316485, "DTPPVHBHPB": 11.983726999127994, "FLU4": 4.060145288139515, "FLUA4": 1.9424509703049104, "FLUC4": 0.9193089323493162, "HEPA": 0.1581021977115277, "HPV9": 0.3465943425200564, "MEN": 0.8833177760093079, "MENB": 3.1184096954628067, "MENHIB": 15.444077132121327, "MMR": 0.0748013918257381, "MMRV": 0.410851159028471, "MNQ": 0.2200570646072007, "PNC13": 2.654512854304504, "PNC15": 23.121333281854, "PNC20": 3.1951829865016084, "PPV": 0.554785906257971, "RSV": 9.729328418853026, "RV1": 0.4456762146411323, "RV5": 1.02678874814125, "SMALLMNK": 16.16963896750087, "TDAP": 0.8741142869690026, "VARCEL": 0.0942711821540547, "VARZOS": 1.3637321801792368}