{"COVID19": 2.076593131683244, "COVID19-2": 0.2724662019613234}