{"COVID19": 2.5139105682496856, "COVID19-2": 0.8930883521052616, "FLU4": 0.1320242413225637, "HPV9": 0.3721465286662981}