{"COVID19": 0.2334156379845629, "FLUN4": 32.429763102434066}