{"COVID19": 0.5346709635056252, "DTAPIPV": 1.8452039826778996, "FLU3": 0.2738057590023283, "FLU4": 0.6550458960131696, "FLUX": 0.7121217048334718, "HEP": 0.1327942296393484, "HEPAB": 1.2639240283721556, "HIBV": 1.0461202330267427, "HPV4": 0.4753830420470486, "MENB": 0.6486111776217971, "TDAP": 1.6509467205274504, "TDAPIPV": 65.1679723559706, "UNK": 0.3403507952071696}