{"COVID19": 0.0427937634985629, "FLU3": 1.641469888186019, "FLUA3": 2.4272167647126883, "FLUX": 6.538114629382658, "FLUX(H1N1)": 35.12679941208609, "HEPA": 4.159701123477395, "HEPAB": 14.702946653298127, "HPV2": 0.7413913699370898, "HPV4": 0.9804912785986524, "HPVX": 2.2692812753223888, "MMR": 0.8315481463321758, "PNC13": 6.092384864070429, "RAB": 1.1371800304564077, "RV1": 1.0694617560041977, "TDAP": 3.84693973675766, "VARZOS": 0.0584908975938782}