{"COVID19": 0.828336677206056, "COVID19-2": 0.2951760214937634, "FLU(H1N1)": 1.1573945602225346, "FLU3": 0.1272539245571933, "HPV4": 0.7976866876453351, "PPV": 0.2117477117335709}