{"COVID19": 1.2573952504217083, "TDAP": 0.4151152733221204, "UNK": 0.6006855914473248, "VARCEL": 0.3570345318882747}