{"ANTH": 0.4025304482272852, "COVID19": 0.443307889, "COVID19-2": 0.2513715092474939, "DT": 11.02051617721567, "DTAP": 1.9354890698016147, "DTAPIPV": 0.5224109624755521, "DTAPIPVHIB": 0.6377159223443887, "DTP": 2.552154942016549, "DTPPVHBHPB": 10.286792680924052, "FLU(H1N1)": 0.7879646257842753, "FLU3": 1.1866937795116348, "FLU4": 1.6357608358808082, "FLUA3": 1.3064876276356996, "FLUA4": 0.9999336659354392, "FLUC4": 1.2470517618702168, "FLUN(H1N1)": 1.3769166990014303, "FLUN4": 1.642464300975844, "FLUR4": 0.8843266610469077, "FLUX": 4.809641137125457, "FLUX(H1N1)": 0.6079801, "HEP": 0.4545173781742145, "HEPA": 0.3186425733911468, "HEPAB": 0.7161752371479967, "HIBV": 0.5927673459258478, "HPV4": 0.9147135939702614, "HPV9": 0.5842363209265994, "IPV": 1.428127033614879, "LYME": 0.4519149257277906, "MENB": 0.7360431951156539, "MMR": 1.3266201753057782, "MNQ": 1.187442631588958, "PNC": 2.3080848297772287, "PNC13": 5.225691970223617, "PNC20": 10.32464145774607, "PPV": 4.307607800383468, "RV5": 0.1932999770520206, "RVX": 2.9817258403250206, "SMALL": 0.7137388117446349, "TD": 0.6590574905088156, "TDAP": 2.5244788292432983, "TTOX": 61.4999454024296, "TYP": 0.9487371097075544, "UNK": 1.557391393263324, "VARCEL": 0.6924041528731381, "VARZOS": 1.2933898510001778}