{"COVID19": 0.5816604141919003, "COVID19-2": 0.4267491040102503, "FLU3": 0.0514645734618064, "FLUC3": 3.846175849852609, "FLUX": 0.4784907621058563, "FLUX(H1N1)": 1.4476298887963177, "HEP": 0.0895177477329715, "HEPAB": 0.8520223267457213, "HPV2": 1.6972869150627894, "HPV4": 0.97446807962901, "HPVX": 10.128962178736398, "MMR": 0.1484031232920445, "PPV": 0.0856359119544306, "RAB": 0.7282464456851068, "TDAP": 0.1585543649527941, "UNK": 0.2294334438231422, "VARZOS": 0.4085022619140162}