{"6VAX-F": 28.189791721361686, "ANTH": 0.8310484391285846, "COVID19": 0.4321433348302717, "COVID19-2": 0.6249567909468082, "DTAP": 1.9956389373023555, "DTAPHEPBIP": 6.917454299400682, "DTAPIPV": 4.328959160127991, "DTAPIPVHIB": 2.634958096719672, "DTP": 2.631033357120083, "FLU(H1N1)": 0.8123179280921684, "FLU3": 2.806003013683509, "FLU4": 2.6440041729927564, "FLUA3": 2.697322670791836, "FLUN3": 1.501790526, "FLUN4": 4.530727970735936, "FLUX": 1.894782717229768, "FLUX(H1N1)": 5.038027935125561, "HEP": 1.267216518420359, "HEPA": 1.984474258868344, "HEPAB": 4.460268155110935, "HIBV": 1.2238040122617433, "HPV2": 3.3232111081293474, "HPV4": 3.796039126633652, "HPV9": 0.6022930753508419, "IPV": 5.913154081331028, "JEV1": 30.07157527, "MEN": 3.622891629219354, "MENB": 1.521764236733604, "MMR": 2.3700293019507725, "MNQ": 0.8150075571208094, "PNC": 1.5841662819762206, "PNC13": 0.8739477962139358, "PPV": 0.7513520112280473, "RAB": 1.2637988863839829, "RUB": 8.095697766286001, "RV1": 10.937276180228997, "RV5": 6.514804828823285, "SMALL": 1.4735569149068493, "TD": 0.5431792504193536, "TDAP": 0.8300585907113248, "TYP": 1.9587251042451292, "UNK": 0.3981723531196926, "VARCEL": 0.2366665293588816, "VARZOS": 0.7352723631446395, "YF": 3.170267056886775}