{"COVID19": 0.080333489059959, "FLU3": 0.75962489523786, "HEP": 1.321295227076222, "MMR": 2.1904513784807778}