{"6VAX-F": 3.964513920929951, "ANTH": 0.1167495053205867, "COVID19": 0.351921013860813, "COVID19-2": 0.2006197232762537, "DTAP": 0.6406473957378588, "DTAPHEPBIP": 0.9720294117617382, "DTAPIPV": 1.0786451908547798, "DTAPIPVHIB": 0.3701973998029609, "DTP": 0.3696459377626864, "FLU(H1N1)": 0.1141180726062444, "FLU3": 1.9202125459259507, "FLU4": 1.4873322619697036, "FLUA3": 0.3789602194556316, "FLUN3": 0.2109840260802133, "FLUN4": 1.1289261876835104, "FLUX": 0.940300795879249, "FLUX(H1N1)": 1.25534835796187, "HEP": 0.6288607926510971, "HEPA": 0.6370631085157216, "HEPAB": 1.431931594171303, "HIBV": 0.1719282805876471, "HPV2": 1.2405841485613116, "HPV4": 2.488749995835715, "HPV9": 0.0846121357701514, "IPV": 1.4734433870929655, "JEV1": 4.229475877972586, "MEN": 0.5090165925590255, "MENB": 0.3791478433488975, "MMR": 1.2231052697759328, "MNQ": 0.1144959359393954, "PNC": 0.222557581537462, "PNC13": 0.2177403335997796, "PPV": 0.3108414804682968, "RAB": 0.1775473119605411, "RUB": 1.1376472073520725, "RV1": 5.645035520130995, "RV5": 3.233225612275406, "SMALL": 0.2070173026585249, "TD": 0.0763074507629047, "TDAP": 0.2664614569138308, "TYP": 0.2751829625396562, "UNK": 0.055936126459902, "VARCEL": 0.0332472216676589, "VARZOS": 0.4035000054440719, "YF": 0.4454148379461408}