{"6VAX-F": 256.52710466439135, "COVID19": 0.120039815230631, "DTAP": 2.972927141166472, "DTAPIPVHIB": 11.84104626180198, "DTP": 11.823409160391485, "FLU3": 1.6672272548146043, "FLU4": 0.9602196224963406, "FLUA3": 12.121301878620104, "FLUX": 2.113866969, "HEP": 4.464437142, "HEPA": 5.9864973475861705, "HEPAB": 20.438190786710862, "HIBV": 16.916379511263592, "HPV2": 15.380502692752492, "HPV4": 3.6652890494317023, "HPV9": 2.7066009805889686, "HPVX": 85.67494159195871, "MENB": 3.409879123051224, "MMR": 6.087521150753788, "PNC": 7.118969464683263, "PNC13": 12.522751974697057, "PPV": 1.3524336202104852, "RAB": 5.679293761034196, "TDAP": 1.2365481886316854, "VARZOS": 0.5915600376209146}