{"6VAX-F": 1.146681066777262, "COVID19": 0.3643915098814532, "DTAP": 0.1771114025036158, "DTAPIPV": 0.8766892342553999, "FLU(H1N1)": 1.0628692940312328, "FLUN3": 1.7960857644225914, "FLUN4": 2.9287442029929487, "FLUX(H1N1)": 11.246581040217372, "HEP": 0.1363804535594395, "HEPAB": 1.2857053299869303, "HPV4": 0.6963742650771427, "HPV9": 6.447592385178048, "IPV": 0.2498401274305843, "MEA": 13.141582875064127, "MMR": 0.4486552738881824, "PNC13": 0.2201369703185471, "RV5": 0.4781612139087107, "UNK": 0.2445716557030035, "VARCEL": 0.1571345104625018}