{"6VAX-F": 0.0604384994360999, "ANTH": 2.740341918355265, "BCG": 0.0509423654983522, "CHOL": 0.1898842830443454, "COVID19": 1.2470047019969217, "COVID19-2": 0.6837021792044837, "DF": 0.1500285577370078, "DPP": 0.3118953196285179, "DT": 0.1967492361923212, "DTAP": 0.2273624238921538, "DTAPH": 0.382017869031439, "DTAPHEPBIP": 0.3027714884834613, "DTAPIPV": 0.0717054788089011, "DTAPIPVHIB": 0.0059744323112826, "DTIPV": 1.4217036414874953, "DTOX": 0.3587378364974906, "DTP": 0.1724461928376736, "DTPHIB": 0.0145937048712189, "DTPIHI": 0.2612634817929871, "FLU(H1N1)": 0.231804740244686, "FLU3": 0.2489554366286595, "FLU4": 0.1850731822563435, "FLUA3": 0.0229484313232431, "FLUA4": 0.0882116625621015, "FLUC3": 0.2527108234141609, "FLUC4": 0.0807659257555883, "FLUN(H1N1)": 0.2130077047147211, "FLUN3": 0.0489332307469921, "FLUN4": 0.1543713961610707, "FLUR4": 0.1170165131498519, "FLUX": 0.4970912532553173, "FLUX(H1N1)": 0.3544346905777994, "HBHEPB": 0.0632516872444439, "HEP": 2.1839593546773948, "HEPA": 0.7259450638956884, "HEPAB": 0.7417185821387808, "HIBV": 0.1825964007260909, "HPV2": 2.177768570151858, "HPV4": 5.245138644948962, "HPV9": 1.8750862539959008, "HPVX": 4.79448748159964, "IPV": 0.1760421682977311, "JEV": 0.1456708296648022, "LYME": 1.1978645768152194, "MEA": 0.1008156677753552, "MEN": 0.6063255054309997, "MENB": 0.1898882491161985, "MENHIB": 0.1974854979963335, "MMR": 0.3678345463833765, "MMRV": 0.0360947821268264, "MNQ": 0.6583529994449897, "MU": 1.091137066912803, "OPV": 0.3112820590370324, "PNC": 0.2014632190890926, "PNC10": 0.2249808285871706, "PNC13": 0.1456662755976184, "PPV": 0.0652933764516131, "RAB": 0.168457125345686, "RSV": 0.1244100397536462, "RUB": 0.3023458024402578, "RV1": 0.0391543329790879, "RV5": 0.02520228917933, "RVX": 0.1964123203407815, "SMALL": 0.8598747010183115, "SMALLMNK": 0.0577619918794437, "TBE": 0.2022638886042856, "TD": 0.5115959324472892, "TDAP": 0.286770510486516, "TDAPIPV": 0.4747374827686228, "TTOX": 0.5566223361451456, "TYP": 0.8009689804966459, "UNK": 1.7436843339382424, "VARCEL": 0.2161371524260702, "VARZOS": 0.4243769376956303, "YF": 0.3286319831551346}