{"ANTH": 2.7786389930691957, "BCG": 0.1657849569571783, "COVID19": 0.9163321709935336, "COVID19-2": 0.5737172198528503, "DF": 0.1511103045393165, "DT": 0.0652181074521413, "DTAP": 0.0270412141814106, "DTAPHEPBIP": 0.5472725539747261, "DTAPIPV": 0.170716126420957, "DTAPIPVHIB": 0.0303289582558444, "DTIPV": 1.018491710874088, "DTP": 0.030283778923417, "FLU(H1N1)": 0.2217251223626181, "FLU3": 0.222043242597571, "FLU4": 0.1320698140878562, "FLUA3": 0.0310468650463075, "FLUA4": 0.1689118822027032, "FLUC3": 0.0768226841699611, "FLUC4": 0.0525505466978225, "FLUN(H1N1)": 0.2248388892123911, "FLUN3": 0.0613886455581668, "FLUN4": 0.1786742793014546, "FLUR4": 0.0420591460584469, "FLUX": 0.4003425141556862, "FLUX(H1N1)": 0.4275177355918257, "HBHEPB": 0.3564691225891647, "HEP": 2.840635183026794, "HEPA": 0.7817739049043887, "HEPAB": 0.5665935598599552, "HPV2": 1.9329689946634232, "HPV4": 5.547942492709958, "HPV9": 2.013655650902769, "HPVX": 5.215168130716224, "IPV": 0.2332027936765157, "JEV": 0.2860286089163213, "LYME": 0.93123789911092, "MEN": 0.1481103972110632, "MENB": 0.2071138079199525, "MMR": 0.2724903323525435, "MMRV": 0.0121385384786622, "MNQ": 0.3588844521524113, "PNC13": 0.243128810549093, "PPV": 0.0327588816057565, "RAB": 0.1551049078640585, "RSV": 0.1632222807698901, "RUB": 0.0932034208255559, "SMALL": 0.3248456983144929, "TD": 0.1777758416766708, "TDAP": 0.0468195387548295, "TTOX": 0.2178029924084811, "TYP": 0.0225447620839242, "UNK": 0.5786936324094067, "VARCEL": 0.1753106594724386, "VARZOS": 0.376268847037186, "YF": 0.0364912568099458}