{"COVID19": 0.2969218655459497, "DTAPIPV": 2.191743726132016, "DTP": 1.1598367246517114, "HPV2": 3.0330059167243872, "HPV4": 0.4838114818762644, "HPVX": 7.67738367643934, "MMRV": 1.7120689403086733, "TDAP": 0.521216467705345, "UNK": 2.2448773874683976}