{"COVID19": 0.079605351, "FLUX": 16.91093575127568, "HEPAB": 48.92779006515632, "HPV2": 59.98396050173472, "MENB": 25.109109906104464, "MMR": 8.522529611055303, "VARZOS": 4.732480300967317, "YF": 104.90701897334418}