{"COVID19": 0.0259350708871736, "FLUX": 2.7742707867554324, "HEP": 1.510143382711325, "PNC13": 2.437580276120068}