{"COVID19": 0.1326755852549079, "FLUX": 28.18489292, "HEP": 18.84984571150284, "PNC13": 52.87384167094312}