{"6VAX-F": 2.850258126315582, "ANTH": 0.1928156897482492, "BCG": 0.1056693012121109, "CHOL": 0.3938752838194173, "COVID19": 0.6664337885879046, "COVID19-2": 0.2062258749402722, "DT": 0.0593977698782235, "DTAP": 0.5595734176615454, "DTAPHEPBIP": 0.1546747850785838, "DTAPIPV": 0.6050119598027369, "DTAPIPVHIB": 1.0718872682670617, "DTP": 0.9347850991529566, "DTPHEP": 7.885931634822829, "DTPHIB": 0.2080345592339247, "DTPIHI": 3.7265227371429694, "DTPIPV": 2.9294138412867765, "DTPPHIB": 0.527734242018797, "FLU(H1N1)": 0.7335045894577273, "FLU3": 0.4897587974220014, "FLU4": 0.8970013469208216, "FLUA3": 0.1690725887085203, "FLUA4": 0.0515218480709884, "FLUC3": 0.5242528784531176, "FLUC4": 0.3606311749558643, "FLUN3": 0.1015128199360592, "FLUN4": 0.1655314364332466, "FLUR4": 0.0683451700803057, "FLUX": 0.6465738895443908, "FLUX(H1N1)": 0.0497331666588689, "HBHEPB": 0.0369438077443784, "HEP": 0.5792198079964958, "HEPA": 1.040288399939309, "HEPAB": 1.2088262053375092, "HIBV": 1.2482817267679736, "HPV2": 7.382950248055469, "HPV4": 0.8607957806020122, "HPV9": 2.1659136659523868, "HPVX": 1.6283010260517257, "IPV": 1.3654147719663423, "JEV": 0.3021637136838393, "JEV1": 0.6990289466938827, "JEVX": 0.70148384500316, "MEA": 0.2091210508657691, "MEN": 1.637555989046234, "MENB": 3.0846407347498235, "MER": 5.413338521206535, "MMR": 0.4060842262218721, "MMRV": 0.3100964360742867, "MNQ": 1.817194993247914, "MU": 9.43313410514865, "MUR": 19.51815383621754, "OPV": 0.0265868350755764, "PER": 0.7353615585568052, "PNC": 1.0440599247758326, "PNC10": 2.5184243398975257, "PNC13": 1.616123798708211, "PNC20": 0.0847495204838141, "PPV": 0.8601940336358168, "RAB": 1.652188606886168, "RUB": 0.1765769712946164, "RV1": 2.131139477736306, "RV5": 0.5735189172256716, "RVX": 4.47054381859641, "SMALL": 0.0220991220272181, "TBE": 0.4195541882618848, "TD": 0.322160771365292, "TDAP": 1.0753450393178938, "TYP": 1.173185067908074, "UNK": 1.2365358361980108, "VARCEL": 0.2587414170421139, "VARZOS": 0.4750302656256119, "YF": 0.8181446073914217}