{"6VAX-F": 16.602559654470948, "MMR": 1.8052469585230329, "PNC": 5.452695997327061}