{"ANTH": 0.1274667448451248, "COVID19": 3.059793947864271, "COVID19-2": 0.0847548943170096, "DT": 0.0814998571033487, "FLU3": 0.0045622128070104, "FLU4": 0.0030731592761938, "FLUX": 0.0033409304707511, "HEP": 0.0744080964776839, "HEPA": 0.1399056063999258, "HPV2": 1.157431997268834, "HPV4": 3.356000274392518, "HPV9": 1.8750583883023908, "HPVX": 2.3366872727690904, "MEA": 0.1717227770303459, "MMR": 0.1233552398032809, "PPV": 0.0021374910587972, "SMALL": 0.0752745271505547, "TD": 0.0277460842606321, "TTOX": 0.0396099963590178, "UNK": 0.3688204683088683, "VARCEL": 0.0652034995333967, "VARZOS": 0.0009349443071648}