{"HPV4": 1.9570825431456855, "TDAP": 31.25507553524449}