{"COVID19": 0.2887976067420441, "HPV4": 7.075440218370361, "HPVX": 6.580963852841757, "MMR": 0.976291817279168, "RAB": 3.183411229327261, "TDAP": 0.4467805542651756, "VARCEL": 0.3367378539484108}