{"COVID19": 0.0721802813270804, "TYP": 32.32574487786481}