{"6VAX-F": 6.249174594346588, "ANTH": 0.6356306660074093, "COVID19": 0.1929867144880383, "DTAPIPV": 2.440194965884348, "DTPIPV": 7.451294135696208, "HEP": 0.3796013652233629, "HEPA": 0.2044525727249709, "HEPAB": 0.997478461071406, "HIBV": 2.85526355822607, "HPV2": 0.941220334458064, "IPV": 1.3615557262319462, "PNC": 1.0482240448180042, "PNC13": 4.379386815674513, "PPV": 0.1026582232996423, "RV1": 6.364789912000814, "RV5": 0.3709679632436911, "SMALL": 1.077428433391765, "TDAP": 0.5802963721098882, "YF": 1.401684168038255}