{"COVID19": 1.102227939040774, "FLU3": 1.0266609937542566, "FLU4": 0.8018328806412741, "FLUA4": 15.504126119246395, "FLUX": 3.598071436441634, "HEP": 0.582984919, "HIBV": 4.592419180033759, "HPV4": 1.7824879377236278, "MMR": 6.113988634017934, "RAB": 9.583808221745205, "TDAP": 1.0325814771048094, "VARZOS": 0.7472337317316815}