{"COVID19": 0.0560654502112883, "HEPAB": 18.661569370555117, "RV5": 10.080205922324176}