{"COVID19": 1.6203643711669442, "COVID19-2": 0.6809765997256804, "FLU3": 0.0817989396138571, "HPV4": 0.5097093366894562}