{"PNC13": 79.31076250641468, "VARZOS": 47.32480300967317}