{"COVID19": 1.492600334117715, "FLU4": 4.320988301233533, "HPV4": 10.58352213023404}