{"6VAX-F": 1.5492005452592876, "ANTH": 4.060265677867918, "BCG": 0.314123235866171, "COVID19": 0.5318579005762742, "COVID19-2": 0.0448860200764183, "DT": 1.8860533760101008, "DTAP": 1.5420983910638142, "DTAPHEPBIP": 1.0261061905316666, "DTAPIPV": 2.2448324357801948, "DTAPIPVHIB": 0.2533949607043787, "DTIPV": 0.5928489647683696, "DTP": 0.150949037146495, "DTPHIB": 0.0899884014338226, "FLU(H1N1)": 0.3458297392592182, "FLU3": 0.3709148098761491, "FLU4": 0.3507832900095257, "FLUA3": 0.1415057138448013, "FLUA4": 0.1531590530859121, "FLUC4": 0.0724859730120245, "FLUN(H1N1)": 0.6792606164642201, "FLUN3": 0.9074834384670823, "FLUN4": 0.4922795585991728, "FLUR4": 0.7219306025151893, "FLUX": 1.0357506843684927, "FLUX(H1N1)": 1.0169422161707302, "HEP": 0.6008342375537371, "HEPA": 1.089439896777976, "HEPAB": 2.340267386747973, "HIBV": 0.6490712582938248, "HPV2": 0.3947416072021586, "HPV4": 1.6273313674254577, "HPV9": 0.1879717793594975, "HPVX": 2.1527703835745204, "IPV": 0.8989601316231978, "LYME": 0.4888785307159268, "MEA": 0.621654318802818, "MEN": 1.3379235581618951, "MENB": 0.6758417799823137, "MMR": 1.3887802143406018, "MMRV": 1.4125334370577782, "MNQ": 0.6676217331320683, "OPV": 0.0790674962483331, "PNC": 0.2639789608939632, "PNC13": 1.4644058161022275, "PNC20": 0.2519349859625513, "PPV": 0.2094225589008084, "RAB": 2.7039663231104623, "RV1": 0.6750288360695669, "RV5": 0.0803699018531304, "SMALL": 1.261963519579829, "TD": 0.3706024352070404, "TDAP": 0.4814967236410699, "TTOX": 0.4289603160062122, "TYP": 0.8279681178465786, "UNK": 1.3484898828609233, "VARCEL": 0.4828842823130049, "VARZOS": 0.4475243693164498}