{"COVID19": 0.1990861951608058, "FLU3": 0.5082633528530927, "FLUX": 1.3219022525001027, "VARZOS": 0.3699285162171076}