{"COVID19": 2.9828684741973635, "COVID19-2": 2.181401810478746, "FLU4": 0.0368904373462727, "FLUA3": 0.4657309278593429, "FLUC4": 0.2219636041573551, "FLUX": 0.0401047830563451, "HPV4": 0.026772329037105, "MMR": 0.0444651912372262, "SMALL": 0.2544181604455587, "SMALLMNK": 0.8673465229975652, "UNK": 0.2445974337694388}