{"COVID19": 2.6037157265451074, "UNK": 2.1167271812028003}