{"ANTH": 1.674021368319876, "COVID19": 0.2063579794784873, "FLUX": 0.4679037624974518, "HEP": 3.619438862091858, "HEPA": 1.3251404196659486, "HPV4": 0.08738886096126, "HPV9": 1.213212941675912, "IPV": 1.6617690471434725, "JEV": 14.00536732623286, "LYME": 3.7615140484804055, "MEN": 2.041940519984156, "MMR": 2.8916145462335745, "PNC13": 0.2455805928152683, "PPV": 0.2993593545800839, "RV1": 4.666947509289187, "RV5": 0.4501090652137041, "SMALL": 0.8304585224689993, "TDAP": 0.5542631271745226, "TYP": 1.1039078154105355, "UNK": 6.762111558963072, "VARCEL": 0.4767132513051796}