{"COVID19": 0.6368428092235583, "FLU4": 6.481482451850299, "HPV4": 4.703787613437351, "MMR": 7.812318810134028, "UNK": 12.077894711297342, "VARZOS": 1.9718667920697155}