{"FLUX": 15.85906811029063, "HPV4": 2.2484067909742}