{"COVID19": 1.1547231811663958, "FLU3": 0.0974660561884052, "FLUX": 0.2534918804473071, "HPV4": 0.1692209183314849, "PPV": 0.1621813598332135, "TDAP": 0.3002777839040771, "VARCEL": 0.2582644971894355}