{"COVID19": 0.2268899622110915, "FLU4": 0.4765281353857, "HEP": 0.346466323080887, "HPV2": 1.837588837241316, "HPV4": 7.854702315766074, "MMR": 0.5743741589426691}