{"COVID19": 0.660978640445914, "COVID19-2": 0.5313208549908127, "FLUX": 0.5957411778685358, "HEP": 0.3984260654931686}