{"COVID19": 0.0855044568726462, "FLU4": 1.2159535721178494, "FLUX": 5.018600299229584, "HPV4": 0.8824485599854038, "TDAP": 1.565879928502645}