{"COVID19": 0.0245105923761549, "FLU3": 0.2694613123275577, "FLU4": 0.6446510208936036, "FLUN4": 6.816285577952749, "FLUX": 2.578153602470235, "HEP": 0.4687023836590894, "HPV2": 9.145127917261142, "HPV4": 0.46783967915871, "MNQ": 2.4589070805006634, "YF": 115.79964459892606}