{"COVID19": 0.0479528012962817, "HEP": 0.3064905925053237, "HIBV": 53.67348995447603, "MMR": 0.5081021339985416, "PNC": 11.357405060670937, "PNC13": 14.241345583947048, "PPV": 2.1186253833584896, "UNK": 2.854445627249228}