{"COVID19": 0.1283696028078393, "COVID19-2": 0.8850764121914552, "FLU3": 0.3815671117683006, "FLUX": 0.9923880275258298, "HEPA": 2.8105004261348987, "MMR": 1.1002857579765692, "RAB": 5.39933390124902}