{"COVID19": 0.0138003554169446, "FLU4": 2.6967249920124607, "PPV": 7.62011302237384}