{"COVID19": 0.083323400571905, "FLUX": 2.235740471014633, "HPV2": 10.825966439935131, "MMR": 1.112604658837956}