{"6VAX-F": 1.2585757507311257, "DTAP": 0.1943941770278365, "DTAPHEPBIP": 1.0002732469316895, "DTAPIPV": 0.9622377584230885, "DTAPIPVHIB": 0.8547802938815063, "FLU(H1N1)": 4.203357710478461, "FLU3": 1.7943435987406524, "FLUN3": 7.103079346444849, "FLUX(H1N1)": 3.4303144095078246, "HEPA": 1.0421821488610157, "HEPAB": 5.084624409510328, "HIBV": 0.1979945345217629, "MMR": 0.1368481826580715, "MNQ": 2.854798218432467, "OPV": 0.5163160859032326, "PNC13": 5.069335333173602, "PPV": 0.1452340415461774, "RV1": 2.9378335533383453, "TDAP": 1.622632721601461, "VARCEL": 1.9337294859355936}