{"ANTH": 5.842967721623867, "COVID19": 0.169140569860893, "DTAP": 0.3465486490332425, "FLU3": 0.2017058810004399, "FLU4": 0.4336734917737064, "FLUX": 8.252015782603307, "FLUX(H1N1)": 6.115255058480271, "HEPAB": 2.515700883985956, "HPVX": 6.008788250889962, "MMR": 0.2439607716170499, "RAB": 2.9066323436993566}