{"6VAX-F": 0.5754976938302557, "ADEN_4_7": 2.3427958478454927, "ANTH": 1.425422272093114, "COVID19": 0.2245523972156202, "COVID19-2": 0.1340253259806619, "DT": 0.272158252378384, "DTAP": 1.0635574677538462, "DTAPIPV": 1.5252725831727, "DTIPV": 0.9137853026707607, "DTP": 0.2328349408410756, "DTPIPV": 0.7002778316470398, "FLU(H1N1)": 0.0774961060091548, "FLU3": 0.3291861723435311, "FLU4": 0.5425579016829047, "FLUN(H1N1)": 1.0473299025107707, "FLUN3": 0.4654781624463921, "FLUX": 1.3999832898890636, "FLUX(H1N1)": 1.5686066098281848, "HEP": 1.232718712945753, "HEPA": 0.7422493454565248, "HEPAB": 0.6452730166309362, "HIBV": 1.7113109238665694, "HPV2": 5.295916107150192, "HPV4": 2.368580563627633, "HPV9": 0.4504156275156034, "HPVX": 7.51851273538494, "IPV": 1.0905504118314429, "JEV1": 3.2053346138941814, "JEVX": 3.21416941755662, "LYME": 0.2120659418325568, "MEN": 3.075239295218726, "MENB": 0.054229391677447, "MER": 2.323762672835967, "MMR": 1.0715624966794886, "MMRV": 1.6764399721388494, "MNC": 4.906765947849512, "MNQ": 0.1840867893870535, "OPV": 0.0342987966426844, "PNC": 0.5285327273241712, "PNC10": 0.6020599300203051, "PNC13": 2.0883686257616607, "PPV": 0.9067362970499088, "RAB": 5.89517706661657, "RV1": 0.3728290642659273, "RV5": 0.6710739608579672, "RVX": 1.870245141256454, "SMALL": 0.6969943116446198, "TD": 0.7420124296518896, "TDAP": 0.8272989481762546, "TTOX": 1.280857158720328, "TYP": 0.986034813380579, "UNK": 0.8749371644260289, "VARCEL": 1.996927823851874, "VARZOS": 0.4673610782524079, "YF": 2.5357415820018625}