{"COVID19": 5.55006642538846, "COVID19-2": 0.0182836242482045, "DT": 0.5000948675208334, "FLU(H1N1)": 0.0716906942030626, "FLU3": 0.1170188957218781, "FLU4": 0.018857351099238, "FLUX": 0.3043474672914784, "HEP": 0.0943850117659304, "HPV4": 0.1463650331891298, "HPV9": 0.0531546194844039, "MMRV": 0.0930787761011653, "TDAP": 0.0242841110979917, "UNK": 0.2419099150073035}