{"COVID19": 0.3628025221029269, "HPV4": 4.796245805737989}