{"COVID19": 0.2763548879817001, "DTAPIPV": 8.544818794688716, "DTPIPV": 47.364371742863966, "FLUC4": 2.089668001141986, "FLUX": 2.4419436100015828, "HEP": 0.1859839418451365, "HPV9": 0.787838809782936, "PNC13": 0.3002038786832082, "RAB": 32.71303420414464, "UNK": 0.333525801542277, "VARZOS": 0.1231564515988601}