{"COVID19": 0.7569706983530698, "COVID19-2": 0.061764985534191, "DTAP": 0.702804897757816, "DTAPIPV": 0.64357411951506, "FLU(H1N1)": 0.862971706382225, "FLU3": 0.7799674270038921, "FLU4": 0.0637031258919114, "FLUA3": 0.8042331425083663, "FLUX": 0.4792762819861956, "HEP": 0.4995048053628627, "HEPAB": 0.4408340118253516, "HPV4": 0.0462309794787168, "MEN": 1.0802400086343844, "MENB": 0.2262239000991965, "MMR": 0.0767833583152986, "PNC": 1.6830225024573948, "PNC13": 0.8991174245976127, "PPV": 0.8659503760898523, "RV1": 3.821750736612299, "TDAP": 0.0820355823358062, "VARCEL": 0.4882999145292427}