{"ANTH": 1.459534980010907, "COVID19": 1.545476859219396, "DTP": 1.1590364967159257, "HPV2": 1.2773121419113391, "HPV4": 1.625904195633787, "HPVX": 2.2804938494646456, "LYME": 1.3579542584748057, "RAB": 2.0374020127044163}