{"COVID19": 1.3699226226450292, "COVID19-2": 2.9785281529231225, "FLUA4": 5.024450635693228, "UNK": 0.3795354701415036}