{"6VAX-F": 0.3765748737858882, "COVID19": 2.172203886557631, "COVID19-2": 1.3227032139176147, "DTAP": 0.0581641171514367, "DTAPHEPBIP": 1.0673998796228443, "FLU4": 0.5046967981765911, "HIBV": 0.2112800052730334, "HPV2": 0.3984170576204093, "HPV4": 0.0635536599625382, "MNQ": 0.1204582537059391, "PNC": 0.4410829270327329, "PNC13": 0.0722938921683225, "RV5": 0.5600381498885089, "UNK": 0.0803183443486808, "VARZOS": 0.1057731331402822}