{"6VAX-F": 16.983117980418978, "ANTH": 0.0178224648490399, "BCG": 0.5131278250467116, "CHOL": 0.538437256000481, "COVID19": 0.3160637900578972, "DT": 0.2884256103669249, "DTAP": 1.79427846433002, "DTAPIPV": 0.9265621855837, "DTAPIPVHIB": 3.4827754468775005, "DTIPV": 0.9684919912933612, "DTP": 5.73723554675837, "DTPHIB": 0.4414945904149083, "DTPIHI": 10.97181263978974, "DTPIPV": 0.742179717836853, "DTPPHIB": 2.5633684984563154, "DTPPVHBHPB": 0.4345210622832152, "FLU3": 0.0859438505366434, "FLU4": 0.0331382324468602, "FLUA4": 0.070431643230044, "FLUC4": 0.1184013170298724, "FLUR4": 0.0934295412056668, "FLUX": 0.0806322351158467, "HBHEPB": 0.0505031008765774, "HEP": 1.321569586438564, "HEPA": 0.278511432630987, "HEPAB": 0.796423066702356, "HIBV": 3.786578332701522, "HPV2": 2.1392738640554803, "HPV4": 0.7618095493902186, "HPV9": 0.0863775903000927, "HPVX": 0.2372898356382644, "IPV": 3.776786868119349, "JEV": 0.4130652748792714, "MEA": 1.015555489915726, "MEN": 1.7244100836262397, "MENB": 2.8293884066828605, "MM": 6.742775588995568, "MMR": 1.94276276167674, "MMRV": 0.4967161038450419, "MNC": 5.203474133860821, "MNQ": 0.0548419947885942, "OPV": 0.6053935396524237, "PNC": 2.0947067041641985, "PNC10": 21.770801031244915, "PNC13": 4.229825036083135, "PPV": 0.0959733834345957, "RAB": 0.2221093723388636, "RUB": 0.2413850929658025, "RV": 0.4093005471334258, "RV1": 6.65792688701754, "RV5": 2.267490578172206, "RVX": 1.9247598750956865, "SMALL": 0.0302100476062203, "TBE": 2.0377613306944653, "TD": 0.079049833762069, "TDAP": 0.1291382392264332, "TDAPIPV": 1.3461688685028204, "TTOX": 0.5922900404078341, "TYP": 0.4705977713383776, "UNK": 0.8658169499637426, "VARCEL": 0.1139701786213652, "VARZOS": 0.0954424808085859, "YF": 0.1396020616563921}