{"ANTH": 1.6395595487484924, "COVID19": 0.0021572370890795, "FLU3": 0.6402822996505653, "FLU4": 1.531794761439588, "FLUC4": 18.328005801853, "FLUX": 1.6652638817302003, "HPV4": 5.067668141257678, "MEA": 23.555027907169503, "MMR": 0.5081021339985416, "PNC13": 0.8597158570862817, "UNK": 17.461783475949495, "VARCEL": 0.4669041014805981}