{"6VAX-F": 1.1042087250987642, "ANTH": 0.1752786842750729, "COVID19": 1.2761615045235293, "COVID19-2": 0.534673061747154, "DF": 0.9938056016145524, "DT": 0.4288266288577579, "DTAP": 1.1339351049810902, "DTAPHEPBIP": 0.8126699444444525, "DTAPIPV": 0.2534913702531018, "DTAPIPVHIB": 0.4290616124478592, "DTP": 0.6872487989073587, "DTPIPV": 1.0827974632464912, "FLU(H1N1)": 0.4804046698735588, "FLU3": 0.6115896084978983, "FLU4": 0.3245557583214279, "FLUA3": 0.8448502965856758, "FLUA4": 0.1616189775341514, "FLUC3": 0.0735062268962383, "FLUC4": 0.4026077355827899, "FLUN(H1N1)": 0.1111933149076901, "FLUN3": 0.5506104959645846, "FLUN4": 0.4765473407602881, "FLUR4": 0.1429296339846827, "FLUX": 0.6469376161989547, "FLUX(H1N1)": 0.5299187323903783, "HEP": 0.4859701225229576, "HEPA": 0.4662494284672199, "HEPAB": 0.6229907037449346, "HIBV": 0.7237998797991441, "HPV2": 0.6331303775053779, "HPV4": 0.6804596907395938, "HPV9": 0.3215080864493951, "HPVX": 0.5319729150102072, "IPV": 0.1153295024788126, "LYME": 0.3040322208555405, "MEA": 0.9037153380589412, "MEN": 0.2741851728768602, "MENB": 0.1600377170482003, "MER": 0.5793400736328355, "MMR": 5.083357977117266, "MMRV": 0.503179664597093, "MNQ": 0.2128466373551065, "OPV": 0.4036488956301691, "PNC": 0.4137527114658025, "PNC13": 0.4142183247888031, "PPV": 0.1141872569719618, "RAB": 0.3957812609146365, "RUB": 0.0891798024841217, "RV1": 0.0464856085405225, "SMALL": 0.0162280150933763, "SMALLMNK": 0.0553235490695571, "TD": 0.0884318717988438, "TDAP": 0.3475031728328871, "TTOX": 0.3234113157073631, "UNK": 0.7872625688090056, "VARCEL": 0.1129025162091505, "VARZOS": 0.2576947015740486, "YF": 0.3723360072555886}