{"6VAX-F": 0.1155393438187134, "ADEN_4_7": 0.911398325566346, "ANTH": 0.023238943354892, "COVID19": 1.6981706612889191, "COVID19-2": 3.56591059031624, "DF": 0.5547133550367416, "DTAP": 0.096352915823008, "DTAPIPV": 0.0248667647358798, "DTAPIPVHIB": 0.151857742905013, "DTOX": 1.3263917268182703, "DTPHIB": 0.0539585525227029, "FLU(H1N1)": 0.8591320425133134, "FLU3": 0.6776299808126969, "FLU4": 0.8754487587357811, "FLUA3": 0.3014183032735207, "FLUA4": 0.9801074019789178, "FLUC4": 0.4638381930079508, "FLUN(H1N1)": 2.723551534513436, "FLUN3": 0.9771719246336028, "FLUN4": 0.2951052274046231, "FLUR3": 1.0247025765533022, "FLUR4": 0.4327734012849341, "FLUX": 2.150126175088984, "FLUX(H1N1)": 1.700443241303335, "HBHEPB": 0.233929793043859, "HEP": 0.1102335443035568, "HEPA": 0.0513860863730999, "HEPAB": 0.2507059745160953, "HIBV": 0.035174733926469, "HPV2": 0.5093248547496213, "HPV4": 0.3252322965659113, "HPV9": 0.1126501091695859, "HPVX": 0.3094323148195375, "IPV": 0.0251735994876515, "LYME": 0.0824982145170584, "MEA": 0.3727543623447288, "MEN": 0.1483536666230626, "MENB": 0.0749411146039504, "MMR": 0.2286545244739701, "MMRV": 0.0194245382610109, "MNQ": 0.0715226795629013, "OPV": 0.0133429695183316, "PNC10": 0.8320681373840356, "PNC13": 0.3699606164564004, "PPV": 0.2839127356903967, "RAB": 0.0421353155812779, "RV5": 0.0932376006128826, "SMALL": 0.0393912733329627, "TD": 0.0149964310453762, "TDAP": 0.3188044079362638, "TTOX": 0.2571474453520356, "TYP": 0.1776727868444963, "UNK": 0.8835508784227758, "VARCEL": 0.0044570253499651, "VARZOS": 0.3874693005417568, "YF": 0.0512462148639801}