{"HEP": 56.54953713450852, "PNC13": 158.62152501282935}