{"COVID19": 0.2412283368271054, "DTAP": 14.448425906069057, "DTAPIPV": 15.109732453139046, "FLU3": 1.9506558881330875, "HBHEPB": 216.54592816671467, "HEP": 1.0874910987405484, "HPV2": 5.767688509782185, "HPV4": 3.3867270816748927, "IPV": 20.639182033876565, "MEN": 25.36024140453548, "MMR": 3.676385322416013, "PPV": 17.581637062736306, "TDAP": 3.927858952124178, "VARCEL": 1.6566657055121714}