{"COVID19": 0.0443965842774189, "MEN": 7.351146527906747, "MNQ": 1.8313612904663648, "PNC13": 4.172745806943696, "PPV": 2.5081897638777044, "TDAP": 1.04092655294867}