{"ANTH": 5.250005461536327, "DTAP": 1.134916589131266, "IPV": 1.6009566227733665, "MMR": 0.7989502959977272, "SMALL": 8.899035542199403, "TYP": 5.838719454033843, "VARCEL": 1.006906194249996}