{"SMALL": 33.549293097096054, "VARZOS": 1.4799832149536012}