{"SMALL": 536.3747170260932, "VARZOS": 23.662401504836584}