{"ANTH": 0.4608042447915561, "COVID19": 1.8488615145510323, "COVID19-2": 0.1501988636657102, "FLU4": 0.1246576286747247, "HEP": 0.076705374228824, "LYME": 1.6358538787876733, "MNQ": 0.2063011286540732, "SMALL": 5.452847635627899, "TD": 0.2973637516789773, "TDAP": 0.8185813147666842, "UNK": 0.4921095334169529}