{"COVID19": 0.1458031222157927, "HEP": 1.321295227076222, "VARCEL": 2.012844901552957}