{"6VAX-F": 0.9186866519844696, "ANTH": 0.1842998457834981, "COVID19": 1.7122990501235544, "COVID19-2": 2.7027396269947945, "DTAP": 0.5969628604489277, "FLU3": 0.0231890521128413, "FLU4": 0.536797397410619, "FLUX": 0.3896279551288069, "HEP": 0.0306785102194673, "MU": 9.005586824144526, "PNC13": 0.5331607577651197, "PPV": 0.0297655442640306, "SMALL": 0.3123982559668575, "TDAP": 0.3242206974874632, "TTOX": 0.5740779297610928, "TYP": 0.204966505238004, "UNK": 1.332684379657842, "VARZOS": 0.0203149603456794}