{"FLU3": 6.502186293776957, "FLUX": 169.1093575127568, "PPV": 10.819468961683882}