{"COVID19": 0.3380852934081232, "TD": 2.783231237652698, "UNK": 2.0402099337513504}