{"6VAX-F": 1.0564454858836123, "COVID19": 0.6090821692418937, "DTAP": 0.6876295432533039, "DTAPIPV": 1.5686409060397295, "FLU(H1N1)": 0.274820096881271, "FLU3": 0.094973095065553, "FLU4": 0.0573078012539246, "FLUA3": 0.7734685741126424, "FLUX": 0.4482867101926333, "HEP": 0.24401928244042, "HEPA": 1.023150849869402, "HIBV": 1.1336689378965432, "HPV4": 0.977701782762636, "HPV9": 0.1493766298214751, "IPV": 0.4470283886403533, "MEN": 0.3806958957232773, "MMR": 1.110394738888873, "MMRV": 1.2253311145480832, "MNQ": 0.0948410807299314, "PNC": 1.4621370157876548, "PNC13": 0.8546760953125492, "PPV": 0.1219078164155617, "RV1": 0.6844073650541039, "SMALL": 0.3590831319186537, "TYP": 0.8394678573721885, "UNK": 0.2253235012375506, "VARCEL": 0.7938628484807543, "VARZOS": 0.0233508335434135}