{"COVID19": 0.2487667223529525, "COVID19-2": 3.016458110969928, "DTAPIPVHIB": 38.364989888238426, "FLU3": 1.3004372587553914, "FLU4": 3.111111576888144, "FLUX": 7.04622323, "HIBV": 17.81858641853098, "HPV4": 2.2578180544499284, "PNC13": 20.689764132108177, "PPV": 4.508112067368283, "TD": 7.908689886105788, "VARZOS": 1.9718667920697155}