{"COVID19": 3.14964558540457, "COVID19-2": 0.4482740261146741, "DTAP": 0.0611006470366594, "DTAPIPVHIB": 0.0390576615369426, "FLU(H1N1)": 1.2691203955880086, "FLU3": 0.1476991175786448, "FLU4": 0.3720444319160148, "FLUA4": 0.1623795304499296, "FLUN(H1N1)": 0.2026701523155916, "FLUN3": 0.3200789933453427, "FLUN4": 0.5219353965276772, "FLUX": 0.5481467525215605, "FLUX(H1N1)": 0.5569721061175346, "HEP": 0.0068397545208209, "HEPA": 0.046962756718123, "HEPAB": 0.0644807323438542, "HPV4": 0.6309644379985276, "HPV9": 0.1993042577081869, "HPVX": 1.0594783265411123, "IPV": 0.0125299861370826, "JEV1": 0.6202152094682015, "MEN": 0.2623844803670553, "MENB": 0.0373012343126815, "MMR": 0.1488704533790108, "MNQ": 0.0653659323839895, "PNC": 0.0671121287571949, "PNC13": 0.0110403128312423, "PPV": 0.0456489319221062, "RAB": 0.2647288306106285, "RV5": 0.0239807504337254, "SMALL": 0.069648998542824, "TD": 0.0265156802785623, "TDAP": 0.2489325052850868, "TTOX": 0.1279903276981566, "TYP": 0.3143445025170016, "UNK": 0.2920212604280043, "VARCEL": 0.0542089135996469, "VARZOS": 0.4222408484786942, "YF": 0.3219720866405539}