{"6VAX-F": 3.8223836473642927, "ANTH": 2.7310639168802475, "BCG": 3.1785135268861664, "COVID19": 0.33620361955627, "COVID19-2": 0.1278253825967724, "DT": 1.7866748767910563, "DTAP": 0.3029488241203856, "DTIPV": 5.9988466491356975, "DTP": 0.7935544045097706, "FLU(H1N1)": 0.5087495462705286, "FLUN3": 0.8597086401584653, "HEP": 0.4546067962372619, "HIBV": 0.086345675403271, "HPV4": 2.785982773713233, "MEN": 2.518477312121904, "MMR": 2.460728440032242, "MNQ": 0.6274101236851937, "PNC13": 0.7337995285311676, "PPV": 0.0633367548995284, "RAB": 0.7110444784764361, "SMALL": 2.3754970099515966, "TDAP": 0.0997925285717663, "TTOX": 1.221554243690419, "TYP": 0.4361389287913081, "UNK": 0.4183397887773258, "VARZOS": 0.1544742910291494}