{"COVID19": 0.1326755852549079, "MMR": 93.74782572160834, "VARCEL": 28.715538895544302}