{"FLUX": 1.9756484202836675, "HEP": 5.178769049315364, "HPV4": 1.3188632212271978, "PNC": 52.8114356379978}