{"COVID19": 4.176288590966466, "FLU3": 0.0966421141396253, "UNK": 0.2292829087009527}