{"ANTH": 0.1167495053205867, "COVID19": 1.6212618048018392, "COVID19-2": 0.6979139223652985, "DTPHIB": 1.4240155462926392, "FLU3": 0.3008767749905565, "FLU4": 0.1067645267529944, "FLUA4": 0.5805009899926321, "FLUN(H1N1)": 0.3993911919874174, "FLUX": 0.1160671922121489, "HEP": 0.5233488541461946, "HEPA": 0.0924181227468858, "HEPAB": 0.7388398443679455, "HPV2": 1.2405841485613116, "HPV4": 0.1501632733012989, "IPV": 0.414247093059458, "LYME": 2.811649956447884, "MMR": 0.0361808441541844, "MU": 9.723228207872218, "PNC13": 0.0612184978519284, "PPV": 0.0742584291537637, "SMALL": 0.7363261074722899, "TDAP": 0.0386557281147628, "TTOX": 0.3868940171078326, "UNK": 0.055936126459902, "VARZOS": 0.0629493035363366}