{"COVID19": 0.3628025221029269, "MMR": 0.7989502959977272, "PNC": 2.4132078198085973}