{"COVID19": 6.134986045937492, "COVID19-2": 0.0774823796758504, "FLU3": 0.1868683231617438, "FLU4": 0.0116182194965378, "FLUN3": 0.081661402886901, "FLUN4": 0.12284676097255, "HEP": 0.0084471855735457, "HEPA": 0.0357704489965379, "HPV2": 0.0448022266101781, "HPV4": 0.0084316374846644, "MMR": 0.049758492574837, "PNC13": 0.0236946290814737, "PPV": 0.0287130494081778, "RAB": 0.4726899593477918, "TDAP": 0.0149617054779748, "UNK": 0.0769275512271961, "VARCEL": 0.0128683422141011, "VARZOS": 0.1541266790603767}