{"ANTH": 0.9912918134871544, "FLU3": 2.2251355007050897, "FLUX": 1.961819457000178, "HEP": 1.3120435214607886, "HEPA": 5.556053114565317, "HIBV": 1.4598012150123638, "HPV4": 5.985236543386561, "IPV": 24.90549362681649, "MMR": 4.8552372870393485, "MMRV": 1.2580234455456534, "PNC": 1.889682017510353, "RAB": 5.428107276690083, "RV1": 1.4177398058361022, "TD": 0.6479081854215278, "TDAP": 0.3282165129282438, "VARCEL": 1.0164427796907831, "YF": 3.781906051368296}