{"ANTH": 0.589082286418144, "CEE": 9.285454874504858, "COVID19": 1.0724203479994507, "COVID19-2": 0.0488355935483944, "DTAP": 0.0438828798822883, "DTIPV": 20.89015704022477, "DTP": 0.1745369483266534, "FLU(H1N1)": 0.0538835059983005, "FLU3": 0.0633070744419526, "FLU4": 0.014173390245658, "FLUX": 0.1646513789564753, "FLUX(H1N1)": 0.592232554898962, "HEP": 1.394161577563433, "HEPA": 0.3002452183576763, "HEPAB": 4.285213582914118, "HPV2": 1.3023130036027344, "HPV4": 3.723398456031551, "HPV9": 2.3836819812915824, "HPVX": 1.151107013127778, "IPV": 0.1955964255156698, "MEN": 0.8541590588097056, "MENB": 0.0503328483587837, "MMR": 0.4070481806229019, "MNQ": 0.0540619229763333, "PNC": 0.1050857482150602, "PNC13": 0.1988835398654445, "PPV": 0.009858094631512, "TDAP": 0.3509127742865439, "TYP": 0.1299340495380875, "UNK": 0.2822317681209357, "VARCEL": 0.1677513809005324, "VARZOS": 0.0460766418216514}