{"COVID19": 0.2875041314001436, "TBE": 763.3475125890119}