{"6VAX-F": 3.3247300043019443, "COVID19": 1.1251770235195766, "COVID19-2": 0.0322956426529987, "DTAP": 0.1476342501100889, "DTAPIPV": 0.1060221707790073, "DTP": 0.1995471507145387, "DTPIPV": 4.131464708141122, "DTPPVHBHPB": 2.415664522407013, "FLU3": 0.0443396299345971, "FLU4": 0.1847507243427598, "FLUA3": 3.8769623502942183, "FLUX": 0.4510435478962076, "HEP": 0.2455195799853759, "HEPA": 0.2196705390634411, "HEPAB": 0.5530164523993726, "HIBV": 1.0804420338505498, "HPV2": 0.5218257391456375, "HPV4": 0.0832383685590376, "HPV9": 0.0698658680683097, "IPV": 0.1074617883076322, "MEN": 1.9081422898157032, "MENB": 0.0899468073689907, "MMR": 0.2244585483754921, "MMRV": 0.0828186434724459, "PNC": 0.045543709800432, "PNC10": 0.9985980193700316, "PNC13": 1.3184966387262558, "PNC15": 4.660780646528444, "PPV": 0.5407842505716861, "RV1": 0.0898386167335182, "RV5": 0.8608211220787949, "RVX": 4.829504747052044, "TDAP": 0.2701851149038388, "UNK": 1.1511201990391071, "VARCEL": 0.2036378635710343, "VARZOS": 0.2618357181181396}