{"COVID19": 0.1340653956174992, "FLUN3": 2.9629308323536576, "FLUX": 3.311450031211323, "HEP": 1.1137114336199474, "HPV4": 1.1116615055882355, "HPVX": 4.975594612608978, "MENB": 5.439784653818485, "MMR": 1.8463210113744928, "PNC13": 3.1240090819365256}