{"COVID19": 0.4071487896142654, "FLU4": 0.7826472294771709, "HPV2": 3.01804490847092, "MNQ": 2.9852687010771244}