{"COVID19": 0.2879342488510769, "FLU(H1N1)": 7.485663944950615, "FLU3": 5.108860659, "FLU4": 1.9690579600557871, "FLUA4": 18.798752919586253, "FLUC4": 5.8494521705224845, "FLUN3": 13.839284849705155, "FLUX": 16.16486505636646, "FLUX(H1N1)": 11.430025877816115, "HEP": 0.7068692141813565, "HEPA": 2.993248673793085, "HPV4": 1.4289987686391952, "IPV": 13.415468322019768, "PPV": 0.6762168101052426, "RAB": 11.646146699842276, "TDAP": 2.535706412130798, "VARCEL": 1.0768327085829117, "VARZOS": 0.9100923655706378}