{"BCG": 2.510672369419199, "COVID19": 0.5135037504269457, "DTAP": 0.0669632526400006, "FLU4": 0.0837983014727903, "FLUX": 0.3380590536322616, "HEPA": 0.0996369788486724, "HIBV": 0.7394721633966335, "HPV4": 0.0731681317576141, "IPV": 0.0944609299447026, "JEV1": 4.675666840229835, "MEN": 0.5566723450048823, "MMR": 1.6512958012681689, "OPV": 0.177856184131458, "PNC": 0.1423860597198779, "PNC10": 3.12197573830313, "PNC13": 0.5779384560568475, "PNC15": 14.571241170274012, "PPV": 2.028810409396089, "RV5": 0.1807858296708989, "RVX": 5.028079338564464, "SMALL": 0.5250690955658572, "UNK": 3.7498886818486974, "VARCEL": 1.1722514724174449}