{"ANTH": 1.643867511747521, "BCG": 0.5612796739070397, "CEE": 0.8185741297403166, "CHOL": 0.4207334981886417, "COVID19": 1.090483130476788, "COVID19-2": 0.6070223535622755, "DF": 0.2300363997415939, "DPP": 0.1858853380740405, "DT": 0.3558717142891457, "DTAP": 0.1876550789005624, "DTAPHEPBIP": 0.0403726270072523, "DTAPIPV": 0.037804918331733, "DTOX": 0.3509098709829911, "DTP": 0.1024498044604749, "FLU(H1N1)": 0.9022683173029944, "FLU3": 1.139174199918752, "FLU4": 0.9175759329182804, "FLUA3": 1.2767252865990264, "FLUA4": 2.336450414894416, "FLUC3": 0.5310619216938481, "FLUC4": 0.8590731444554082, "FLUN(H1N1)": 0.3507125152292444, "FLUN3": 0.3246618400939091, "FLUN4": 0.2584747376987693, "FLUR3": 0.0461029175478888, "FLUR4": 0.4838299315334062, "FLUX": 1.0081076607543065, "FLUX(H1N1)": 0.7128754528523199, "HEP": 1.1040629776649404, "HEPA": 0.4190673368131921, "HEPAB": 0.6397955767573094, "HEPATYP": 0.5355408185858148, "HIBV": 0.0571240592682729, "HPV2": 1.1541068030975237, "HPV4": 1.067672038746905, "HPV9": 0.4525328660018293, "HPVX": 0.7402878946678336, "IPV": 0.1851432486174259, "JEV": 0.2806778129999687, "JEV1": 0.175735569388746, "JEVX": 1.4368803626758848, "LYME": 3.552187626373983, "MEA": 0.4651613879516852, "MEN": 0.957825712527544, "MENB": 0.7218003387114194, "MER": 0.0864329039312857, "MMR": 0.3523147742295765, "MMRV": 0.018469766633885, "MNQ": 1.0099424620305664, "MU": 0.4042619211540315, "OPV": 0.4141105375416121, "PLAGUE": 0.4239984426126933, "PNC": 0.0277440976542767, "PNC10": 0.4788531934625145, "PNC13": 0.446826901964459, "PNC20": 0.4978243501622371, "PPV": 0.6196025036612606, "RAB": 1.1489660881824215, "RSV": 0.160119341199196, "RUB": 1.072783537150816, "RV1": 0.0019527845521405, "RV5": 0.001312231947142, "SMALL": 0.5050151594679938, "SMALLMNK": 0.1219866683943859, "TBE": 0.1717684358731751, "TD": 0.9553639844295152, "TDAP": 0.8709381907689676, "TTOX": 0.9987874338244468, "TYP": 0.8082324272401374, "UNK": 0.945401365000755, "VARCEL": 0.1507402375367371, "VARZOS": 1.0914658880200063, "YF": 0.8380751188208775}