{"HPV4": 11.207948502365952, "MNQ": 5.310822595982247}