{"FLU3": 1.929617882921544, "HEP": 0.8840758101956008, "HPV4": 3.350211774448093, "MNQ": 4.638036406867852, "PNC": 9.015415303628028, "PPV": 0.8457388752491268, "VARZOS": 0.3699285162171076}