{"6VAX-F": 0.4377430798050947, "ANTH": 0.1040866170098606, "BCG": 2.535340303809945, "COVID19": 1.4198647187011155, "COVID19-2": 0.3667908070138667, "DTAP": 0.3085299934576251, "DTAPHEPBIP": 0.3479012640697639, "DTAPIPV": 0.4642268751844495, "DTAPIPVHIB": 1.2119117989418775, "DTIPV": 1.5923879682676454, "DTOX": 1.6722288373506988, "DTP": 0.2456584586849411, "DTPHIB": 0.241681642369438, "DTPIHI": 1.2178597494505206, "DTPIPV": 8.168491785576089, "FLU3": 0.0876401818238503, "FLU4": 0.2647641293161069, "FLUA4": 0.1157818201219576, "FLUC4": 0.0547963549895364, "FLUN3": 0.0642280497804305, "FLUN4": 0.3720859498151685, "FLUR4": 0.1535878164043452, "FLUX": 0.3441185032696046, "HBPV": 1.59612867907128, "HEP": 0.5943783084876847, "HEPA": 0.3148077288447308, "HEPAB": 0.490817017142861, "HIBV": 0.6353906512707076, "HPV4": 0.3736676291280515, "HPV9": 0.2205385419692115, "IPV": 0.3431525687685279, "JEV1": 1.571295561132195, "MEN": 2.291290583814263, "MENB": 0.7585877540593602, "MENHIB": 0.9205636128268848, "MMR": 0.4649562094254589, "MMRV": 0.0244892028866678, "MNC": 8.55551174359002, "MNQ": 0.1942252374711988, "OPV": 0.0597625947918952, "PNC": 0.2584515788456389, "PNC10": 0.295282231816024, "PNC13": 0.9594169883818346, "PPV": 0.4388998340282921, "RV1": 2.013924331771563, "RV5": 0.832977444352131, "RVX": 0.4734154307469829, "SMALL": 0.5301583935105765, "TD": 0.0189065314000813, "TDAP": 0.286350535241581, "TTOX": 0.0912612138809827, "TYP": 0.7746714517925686, "UNK": 1.5431524534697978, "VARCEL": 0.2158213804086417, "VARZOS": 0.0619770759412593, "YF": 0.2295327907402666}