{"ADEN_4_7": 0.5774038120620228, "ANTH": 0.7798358934987171, "COVID19": 1.2372968638161057, "COVID19-2": 0.8401968727161764, "DF": 0.7342267579033118, "DT": 0.2041440083330031, "DTAP": 0.3182821366664414, "DTAPHEPBIP": 0.0362790444815513, "DTAPIPV": 0.0113184391373003, "DTAPIPVHIB": 0.0490682538881443, "DTIPV": 1.6501052498810618, "DTP": 0.3921325229062886, "DTPHIB": 0.1887710960727708, "EBZR": 0.6837578351645951, "FLU(H1N1)": 1.4969291107895388, "FLU3": 0.9372400510470864, "FLU4": 0.9411944435580852, "FLUA3": 2.029436705882621, "FLUA4": 0.720958710927073, "FLUC4": 0.506496549432889, "FLUN(H1N1)": 0.569934506770584, "FLUN3": 0.301041397977687, "FLUN4": 0.2808128751930781, "FLUR3": 0.1471297486579065, "FLUR4": 0.1316447664314773, "FLUX": 0.925903403831134, "FLUX(H1N1)": 0.918053892778329, "HEP": 0.9539990100178698, "HEPA": 0.4145581678260569, "HEPAB": 0.9319044852707004, "HIBV": 0.2134788225118194, "HPV2": 0.3483573718306351, "HPV4": 0.7647981114970732, "HPV9": 0.2200437669272833, "HPVX": 0.2531815649804946, "IPV": 0.1062228334675807, "JEV": 0.4629250124512394, "JEV1": 0.5608540215386604, "LYME": 2.1067205564648384, "MEA": 0.6676593465924252, "MEN": 0.0674693039840194, "MENB": 0.3650685707740931, "MMR": 0.534338416566631, "MMRV": 0.0817290145218575, "MNQ": 0.6129573149707401, "PNC": 0.3595701160130086, "PNC13": 0.4914816329065843, "PNC15": 0.3690868175916616, "PNC20": 0.3654851627366039, "PPV": 0.2153947640679043, "RAB": 0.645337742235021, "RSV": 0.2641220729089191, "RV1": 0.0062319854433985, "SMALL": 0.0823695429920087, "TD": 0.2934340369222041, "TDAP": 0.4707213223953138, "TTOX": 0.3423155157019962, "TYP": 0.2919089033085592, "UNK": 0.8128713025608533, "VARCEL": 0.1349006515770418, "VARZOS": 0.920590070211784, "YF": 0.553145083850017}