{"COVID19": 0.5344855359850634, "HPV4": 0.567987054074317, "YF": 11.61332608011483}