{"COVID19": 0.146641436, "FLU3": 1.3004372587553914, "FLU4": 3.111111576888144, "HPV4": 4.703787613437351, "HPVX": 36.717832110839446, "IPV": 42.929498630463264, "MENB": 11.048008358685966, "MMR": 3.749913028864333, "PNC13": 20.689764132108177, "PPV": 12.880320192480813, "RV1": 17.305201422940105, "TYP": 28.51903751780909, "VARCEL": 3.445864667465316}