{"DTAPIPVHIB": 16.732893696324286, "HEP": 2.930243827097778, "PNC": 2.1138694801125397, "RV5": 21.89650985418877}