{"6VAX-F": 16.602559654470948, "PPV": 1.915869821000345, "RVX": 53.95162074920692}