{"ANTH": 1.522442555846685, "COVID19": 0.5917555607812228, "FLU3": 0.1636176299755954, "HPV2": 1.5094482040569153, "HPV4": 0.284073513953951, "LYME": 3.4208591337976766, "PPV": 0.2722561095044666}