{"COVID19": 0.289393328187748, "COVID19-2": 1.178958721231464, "HPV4": 0.8824485599854038}