{"COVID19": 2.628420494427413, "COVID19-2": 0.2590183891388375, "FLU3": 0.0161829179416307, "FLU4": 0.5777037165147759, "FLUA4": 0.7487136475436575, "HEP": 0.1001652272992226, "HEPA": 0.1191982696898125, "HEPAB": 0.2679165375107334, "HIBV": 0.2217482109063245, "MENB": 0.1374873998354771, "MMR": 0.046665025409011, "MMRV": 0.1910975459753092, "PNC13": 0.2809679827908099, "PPV": 0.0269280177674045, "RV1": 0.2153589529104166, "RV5": 0.1447168892428295, "UNK": 0.2567238918467081, "VARZOS": 0.0117783870705222}