{"COVID19-2": 1.3844463365900377, "FLU4": 1.043089072158122, "HEP": 2.6006328285014635, "PNC13": 1.87545883220786}