{"6VAX-F": 3.0893910920599383, "ADEN_4_7": 8.03114917280895, "ANTH": 1.4167327072976104, "BCG": 1.6597549609500175, "COVID19": 0.1836973023615355, "COVID19-2": 0.0667477816067361, "DF": 4.888081344192849, "DTAP": 0.3062574023213542, "DTAPHEPBIP": 0.8115421000148033, "DTAPIPVHIB": 1.3466744081764142, "DTIPV": 3.132476593280306, "DTP": 1.2499009733855526, "FLU(H1N1)": 1.8379213986302545, "FLU3": 0.0917965429502006, "FLU4": 0.3832530486687481, "FLUC3": 2.318233681568314, "FLUX": 0.2231048835516362, "HEP": 0.6655735762403295, "HEPA": 0.9885045079929848, "HIBV": 2.550556206241622, "HPV2": 2.097864736343486, "HPV4": 0.3346356054836101, "HPV9": 0.5144482375321839, "HPVX": 0.7675623522514896, "IPV": 0.6731050077625055, "JEVX": 39.27250171550184, "MENB": 0.1858996836292889, "MMR": 0.6084796601402316, "MNQ": 0.0916794073150929, "OPV": 0.4188958470140663, "PNC": 0.3353545000824135, "PNC13": 3.767378156492697, "PPV": 0.2288081087274618, "RV1": 5.431333007708262, "RV5": 1.793598800639015, "RVX": 0.9313675096952556, "SMALL": 3.7416158108375694, "TDAP": 0.0521096025133489, "TYP": 0.2277427735616096, "VARCEL": 0.2717136718331043, "VARZOS": 0.2433059704992812, "YF": 3.1242158045104063}