{"FLUX": 2.0927165992183983, "HPV2": 23.021474440430552}