{"COVID19": 1.1599083928554828, "MMR": 3.5010277077738707}