{"COVID19": 6.448868298876628, "COVID19-2": 0.570049311394616, "DF": 0.0973106894151177, "DTAP": 0.0049032524250413, "DTAPIPV": 0.0159992930715006, "EBZR": 0.966532636714515, "FLU3": 0.0006619642772875, "FLU4": 0.3411386942618446, "FLUA4": 0.1087692285673433, "FLUC3": 0.0494715982860795, "FLUC4": 0.1408460452789475, "FLUN4": 0.0167450720475113, "FLUR4": 0.1860978719693434, "FLUX": 0.1775059165475823, "HEP": 0.012275339332823, "HEPA": 0.004875820278046, "HPV2": 0.0061069293730694, "HPV4": 0.0040814961796454, "HPV9": 0.1485402192116251, "HPVX": 0.0186923522041992, "MENB": 0.0199723472224204, "MMR": 0.0067788205351164, "PNC20": 0.0349501176022836, "PPV": 0.0117430299974215, "SMALLMNK": 0.0372341841585449, "TD": 0.0040258490710064, "TDAP": 0.0882997234333218, "UNK": 0.8356667170188637, "VARCEL": 0.0017540658614515, "VARZOS": 0.3648280116232777}