{"COVID19": 0.083323400571905, "FLUX": 2.235740471014633, "HEP": 1.2170003088872623, "PNC13": 1.964406929258404}