{"COVID19": 1.194080267294172, "COVID19-2": 5.027430185, "FLU3": 2.167395431258986, "FLUA3": 65.45503014454856, "FLUN4": 54.82180844590483}