{"COVID19": 0.8286175459794052, "FLUX": 0.4255403429858347, "HPV4": 0.284073513953951, "HPV9": 1.103363438547731, "VARZOS": 0.1190855576499461}