{"COVID19": 16.091653125916697, "FLU3": 0.1124945725566947, "HEP": 0.1956731388737319, "HPV9": 1.5224630515812947, "HPVX": 3.176283054570886, "MMRV": 2.665929434}