{"COVID19": 0.9666364068571868, "DTP": 20.37651365939809, "FLU3": 1.4135187595167298, "FLUX": 1.799035718220817, "HEP": 3.769969142300568, "HEPAB": 23.400247422466062, "HPV4": 2.4541500591847045, "HPVX": 19.530761761084808, "JEV1": 232.8947531501756, "TDAP": 2.131072410195032}