{"COVID19": 1.0554460105980692, "DTAPIPV": 0.4534024842653383, "DTP": 0.2399334942935201, "FLU3": 0.1906160182930642, "FLUX": 0.129574974617102, "HEP": 0.491738552194104, "HEPA": 0.1362914811990417, "HEPAB": 2.377416214569233, "HPV4": 0.6977735708362724, "HPV9": 2.083049612697729, "HPVX": 1.588209910328921, "JEV1": 6.395750527913514, "MMR": 0.0644822943801024, "MMRV": 0.354172898112749, "PNC": 0.1947671147845741, "TDAP": 0.1078231684190075, "UNK": 1.3801793886073117}