{"COVID19": 1.2829151827609848, "HPV4": 1.8844596404413865}