{"COVID19": 0.5071566713023159, "COVID19-2": 0.7068817809883421, "FLU4": 0.5866769346842496, "HEPA": 0.6975644462530531, "MMR": 0.3300320704851197, "TD": 1.3994845290964986, "UNK": 0.6473809851976295}