{"ANTH": 0.2542149589368558, "BCG": 7.347100306437411, "COVID19": 0.1694951936123007, "DF": 6.068099719219092, "DTAP": 0.1959448337835332, "DTAPHEPBIP": 0.2827745179335292, "DTIPV": 3.888679676161239, "DTP": 0.1439497721845985, "DTPIPV": 2.9800837133879536, "FLU3": 0.2216707341096638, "FLU4": 0.476599542986991, "FLUX": 0.0777394081735605, "HEP": 3.4877967083947925, "HEPA": 0.5666818232597669, "HEPAB": 0.3989328629878039, "HIBV": 2.2449430203112835, "HPV4": 0.2141013055814548, "IPV": 0.276407495504485, "MEN": 0.4568439892013308, "MENB": 0.2307772917562027, "MER": 9.888928085221671, "MMR": 0.4181476354852874, "MU": 12.421891851493308, "PNC13": 4.330113436967, "PPV": 3.38400190591997, "RV1": 2.4914144944106216, "RV5": 0.1483654052658347, "RVX": 1.1562067054241958, "TDAP": 0.6992011623541853, "TYP": 0.282721623435348, "UNK": 0.2705787730062829, "VARCEL": 0.3378932352980736, "VARZOS": 0.099912713037605}