{"COVID19": 1.1656480243343723, "COVID19-2": 1.633492183476948, "FLU4": 1.483552984966518}