{"COVID19": 0.0902324769598165, "HEP": 0.6636997620592261, "HIBV": 19.52182940146936, "IPV": 47.037185127784994, "SMALL": 6.295534108607292, "TDAP": 1.175548743607746}