{"COVID19": 0.2843048255462314, "HEP": 5.140867012228048, "HIBV": 89.09293209265492, "IPV": 214.6474931523163, "SMALL": 48.76133791146301, "TDAP": 9.105491207196955}