{"ANTH": 16.365368996323475, "PPV": 2.643119640509369}