{"COVID19": 0.3982449771983316, "TDAP": 1.565879928502645}