{"COVID19": 0.2328884122507947, "COVID19-2": 1.428952975065614, "FLU3": 1.9553715643307092, "FLUX": 0.4413021078649115, "PNC13": 0.827873360583143, "UNK": 0.7564385244334155, "VARZOS": 0.8906536912908258}