{"ANTH": 0.9191589033416084, "BCG": 41.0189146377727, "COVID19": 0.5620036183758574, "COVID19-2": 0.9083233940162946, "DTAP": 0.602411266518685, "FLU3": 0.2247994695068897, "FLU4": 0.0697326449673478, "FLUA3": 0.9411634360450688, "FLUX": 1.5472835649031866, "FLUX(H1N1)": 3.5063515097925304, "HEP": 0.646580372968028, "HIBV": 0.202377123956088, "HPV2": 0.3816983194599511, "HPV4": 1.488254433490567, "IPV": 0.8497859209186569, "JEVX": 49.47738385448001, "MENB": 0.2340053228014529, "MMR": 0.1398772226037992, "MNQ": 0.1154034747655648, "OPV": 0.1480027874056639, "PNC13": 0.2469665366177038, "PPV": 0.1484487084760526, "RV1": 1.6199868914399638, "SMALL": 1.558033315140308, "TYP": 0.2866762333420705, "UNK": 0.533336926321603, "VARCEL": 0.0494381847215673, "YF": 0.568432823489414}