{"COVID19": 0.451326504940805, "FLU4": 0.9963899292040578, "FLUX": 1.126333678234473, "UNK": 1.099487380442543}