{"ANTH": 0.4058905098077862, "COVID19": 0.211052492542453, "COVID19-2": 0.1011830623585353, "FLU(H1N1)": 0.3967420903239212, "FLU3": 0.1557784631653953, "FLU4": 0.7257011243663777, "FLUX": 0.7889334862027892, "HEP": 0.8245527402053898, "HPV2": 2.7984995059186244, "HPV4": 1.5006104165020764, "HPV9": 0.2941619657101858, "HPVX": 1.2317628922701076, "LYME": 0.9120179977870496, "MMR": 0.1257860782529912, "PNC": 0.7737420456650576, "PNC13": 0.7600610131051678, "PPV": 0.2592121640850626, "RAB": 6.708201190018719, "TD": 0.2652899573918204, "UNK": 0.6944770783537876, "VARCEL": 0.1155870664683924, "VARZOS": 2.7196803604905098, "YF": 1.5485256082457362}