{"COVID19": 0.0025397070576864, "HPV2": 36.26309624805389, "HPV4": 71.96663478491165, "HPV9": 5.988854444278123, "HPVX": 11.432525371907303, "UNK": 0.9248114564649798}