{"COVID19": 0.471177729604336, "HEPA": 0.674731839024219, "HPV2": 0.8665061177184826, "HPV4": 11.930810922476187, "HPV9": 10.511774121934018, "HPVX": 7.862895326043292, "UNK": 0.626190852876981, "VARCEL": 0.1122312894021451}