{"COVID19": 1.0622701552352958, "FLU3": 0.3863929805382187}