{"COVID19": 2.388160534588344, "TDAP": 16.693400546527755}