{"COVID19": 0.0236239451581835, "HPV4": 28.233284438039817, "TDAP": 1.565879928502645}