{"COVID19": 0.0299345110956432, "COVID19-2": 0.4830287902152255, "DTP": 6.134852420303953, "FLU3": 0.7598923118847538, "FLU4": 0.4981858800345888, "FLUX": 12.407613034769955, "HEPA": 1.533825866101992, "LYME": 15.887967147561966, "PPV": 1.2644450490494554, "RAB": 2.9466787503495766, "UNK": 0.928349268665729}