{"COVID19": 0.150971080851374, "FLUX": 1.8695602441759631, "MEN": 10.986643702212351, "PPV": 0.9873890514531108}