{"COVID19": 0.02151496, "COVID19-2": 1.9845119151117947, "DTAPIPV": 20.676475988506063, "FLU3": 0.855550828, "HEP": 1.4881457140660137, "HEPAB": 44.85047422639329, "HPV2": 7.892626382, "HPV4": 59.416264590787584, "HPVX": 24.15646849397332, "MNQ": 7.806914494525648, "PNC13": 8.574136487179965, "SMALL": 14.11512413226561, "VARCEL": 2.267016228595603, "VARZOS": 1.971866792069715}