{"ANTH": 0.687457930742847, "COVID19": 0.0389032539595444, "COVID19-2": 0.6144269172579719, "DTAP": 0.5472487800594614, "DTP": 2.1765908908924687, "FLU3": 0.264886316212296, "FLU4": 0.1767516527070143, "FLUX": 9.505895934953497, "FLUX(H1N1)": 2.078185181383178, "HEP": 0.1285097116079259, "HEPA": 0.5441870968047346, "HEPAB": 1.22314437250316, "HPV2": 2.4437276578766496, "HPV4": 5.517088231937236, "HPV9": 3.4946692202413603, "HPVX": 2.0862399105274774, "MMR": 0.2130442607094207, "MNQ": 0.6741882059294219, "PPV": 0.1229370335432655, "TDAP": 0.2276171596414285, "VARCEL": 0.1957701641781885, "VARZOS": 1.6683397913264957}