{"COVID19": 0.7022705688665384, "HEP": 0.135045431540179, "HEPAB": 1.285350764387651, "HPV4": 1.48770874065411, "MENB": 0.6596067940894144, "RAB": 3.940893656367249, "TDAP": 0.2391932648895559, "UNK": 0.3461206113832058, "VARZOS": 0.3967815801407794}