{"COVID19": 1.4412937861949564, "COVID19-2": 1.886605053117676, "FLUX": 0.4953010821821998, "HPV4": 0.330642540989532, "VARZOS": 0.1386074068482005}