{"COVID19": 2.7138187893049364, "COVID19-2": 4.655027949027667, "FLUX": 2.0132066370566286, "HPV4": 1.3439393181249573, "VARZOS": 0.5633905120199186}