{"COVID19": 0.2740084557509656, "COVID19-2": 1.9927346884841493, "PPV": 0.9873890514531108}