{"COVID19": 1.126099091397711, "DF": 18.706565761420592, "FLUX": 0.3309648229520043, "HIBV": 1.7437099251907364, "VARZOS": 0.0926190198001513}