{"6VAX-F": 0.6972373892179485, "ANTH": 1.783316481619022, "COVID19": 0.6538201816124809, "DTAP": 0.3855044046637649, "DTP": 0.2820919382946508, "DTPHIB": 1.1567103465134696, "FLU3": 0.2243795954137559, "HEP": 0.2968484417159507, "HEPA": 0.1602391046451845, "HIBV": 0.1096868217561744, "HPV4": 0.421225680883814, "MENB": 0.4522439392913717, "MMR": 0.5299426192017729, "OPV": 0.2860335153859771, "PNC13": 0.4791549697930771, "PPV": 0.0804580811359871, "RAB": 0.9032554894057504, "RV5": 0.2907450568533878, "TD": 1.150796984015166, "TYP": 0.5540369156533929, "VARCEL": 0.3420222118993024, "YF": 1.0985659380512174}