{"COVID19": 0.727269079513795, "HPV2": 4.959673391763484, "HPV4": 0.7911451943281131}