{"COVID19": 1.5010264507085649, "DTAPIPVHIB": 1.0013430871808522, "HEP": 0.1753546463803188, "HIBV": 0.2319431860327049, "PNC": 0.4842198371462655, "PPV": 0.1701362438294055, "RV5": 0.614807958824504}