{"HEP": 4.039252652464894, "HEPAB": 38.44326362262282, "HPV2": 46.14150807825748, "HPV4": 28.222725680624105, "MMR": 34.09011844422121, "TDAP": 7.154314519940466, "VARCEL": 6.153329763330922}