{"ANTH": 1.732201662118896, "HEP": 1.6075666733451015, "HPV2": 1.0225750064467178, "HPV4": 1.903486822359156, "HPV9": 1.2553361244302337, "HPVX": 2.6771942778493063, "LYME": 2.4879181523907574, "VARZOS": 1.1399858650921035}