{"SMALL": 6.544446151048914, "SMALLMNK": 2.027011823552466, "VARCEL": 8.463040188102505, "VARZOS": 11.279060764737164}