{"COVID19": 11.758342863825488, "COVID19-2": 0.020596390406236, "DTAPHEPBIP": 0.1936549552114268, "DTAPIPV": 0.0604170244021463, "FLU3": 0.0266711950737442, "FLU4": 0.0059802785938694, "FLUX": 0.0446888221161528, "FLUX(H1N1)": 0.0703141102401154, "HEP": 0.0298873928542776, "HEPAB": 0.1470052881342669, "HPV4": 0.0832161746530393, "HPV9": 0.0168570566601534, "MEN": 0.3602412642506647, "MENB": 0.0212372941701789, "MMR": 0.025604496179008, "MMRV": 0.1048541254637023, "MNQ": 0.0228107289781151, "PNC13": 0.0433232947851926, "PPV": 0.0147750288143762, "RAB": 0.0353722921220912, "SMALL": 0.0412435225844632, "TDAP": 0.0273559324542754, "UNK": 0.0111440094987015, "VARCEL": 0.0066237577558692, "VARZOS": 0.001819374437983, "YF": 0.0887388544135458}