{"6VAX-F": 1.5279856327363728, "ANTH": 0.1598851640784317, "BCG": 0.7799196470263732, "COVID19": 0.2660814650548809, "COVID19-2": 0.1662186340913617, "DF": 0.7108841478276311, "DTAP": 0.530797770693086, "DTAPHEPBIP": 0.3746350628077452, "DTAPIPV": 0.1168797193650202, "DTAPIPVHIB": 0.142679742659945, "DTP": 0.142467200732492, "DTPHIB": 1.950446457435679, "FLU(H1N1)": 0.4697788357836407, "FLU3": 0.7096578618088005, "FLU4": 0.2222349326574019, "FLUC3": 0.3614050963163333, "FLUN(H1N1)": 0.1539314779584214, "FLUN3": 0.5593376012301211, "FLUX": 2.798378167501231, "FLUX(H1N1)": 0.9356867551206202, "HEP": 6.432009565777837, "HEPA": 2.709670323224588, "HEPAB": 8.389225214165577, "HIBV": 6.556499090186417, "HPV2": 2.6552572298623707, "HPV4": 0.7337952065074166, "HPV9": 0.3483117135001995, "IPV": 13.049615573594048, "JEV": 1.345594301691898, "JEV1": 1.6301062148906849, "LYME": 0.3592610288978391, "MEA": 2.297455178510764, "MEN": 0.6971157843329482, "MENB": 1.3746933604825895, "MMR": 1.3795731433752134, "MMRV": 0.3927906419208202, "MNQ": 0.0441284830559491, "OPV": 1.9846032292186064, "PNC": 1.647844992425959, "PNC13": 2.0621907926701697, "PPV": 2.706219278146092, "RAB": 0.2431477736210811, "RUB": 0.4384667218548324, "RV1": 3.4838873386474583, "RV5": 1.4469832945140169, "RVX": 0.6673736291353891, "SMALL": 0.2835073570348916, "TD": 0.2022923009404215, "TDAP": 0.2861906052535737, "TYP": 1.132870316837298, "UNK": 0.9400627587714666, "VARCEL": 0.3659690241284228, "VARZOS": 0.1177619742901185, "YF": 1.833766742750728}