{"BCG": 169.04371052088993, "COVID19": 0.8756588626823927, "COVID19-2": 2.432627508846716, "FLU3": 1.048739724802735, "HEPA": 7.724512707, "HEPAB": 17.361473894087727, "IPV": 34.62056341166392, "PNC13": 10.574768334188622, "PPV": 1.7450756389812712, "VARZOS": 0.7633032743495671}