{"ANTH": 1.5056708897243112, "BCG": 2.412431782833293, "COVID19": 0.7036800571005595, "COVID19-2": 0.9636935157663152, "DTAP": 0.3329122228921263, "DTAPIPV": 0.6996591173414861, "DTAPIPVHIB": 0.4412491877714508, "DTOX": 10.065575748008182, "FLU(H1N1)": 0.567083050803741, "FLU3": 0.415452961601785, "FLU4": 0.9358778040986028, "FLUA3": 0.1271283772084196, "FLUA4": 0.1947385209621558, "FLUC4": 0.2152688827821106, "FLUN3": 0.2514734073029996, "FLUN4": 0.3783069487760172, "FLUX": 0.3659746175316249, "HEP": 0.7226477350267375, "HEPA": 0.595270639676443, "HEPAB": 0.2475876881468403, "HIBV": 1.6461738269773205, "HPV2": 2.948766192988649, "HPV4": 0.5549030965222105, "HPV9": 0.4204559001609183, "HPVX": 0.4223019794882389, "IPV": 2.668539401843785, "MENB": 1.933292511005288, "MMR": 0.2887191653333237, "MMRV": 1.91084545803604, "MNQ": 0.5689608287774718, "PNC": 0.7972494716039414, "PNC13": 1.3321973930458233, "PNC20": 0.2222321643588209, "PPV": 1.2402551538311894, "RAB": 0.0595611341836362, "RUB": 0.3816423572249255, "RV1": 3.3292112360347703, "RV5": 1.8357120023369864, "RVX": 0.5808834175834227, "SMALL": 1.6521055521496562, "TBE": 4.92705290790381, "TD": 0.0909499814192165, "TDAP": 0.4985036503466822, "TYP": 0.6348853659446997, "UNK": 1.0144341273042956, "VARCEL": 0.039626785829311, "VARZOS": 0.1987196395167915, "YF": 0.1494216637807112}