{"MMR": 5.045400333373422, "YF": 6.645665789587025}