{"COVID19": 0.289393328187748, "FLUX": 1.3219022525001027, "TDAP": 1.565879928502645}