{"COVID19": 17.27031347046938, "COVID19-2": 0.2310576875503583, "DTAP": 0.0459818786393897, "DTAPIPV": 0.1500298047667043, "DTAPIPVHIB": 0.1831439272877526, "FLU(H1N1)": 0.056460517, "FLU3": 0.0310633780516766, "FLU4": 0.089194713, "FLUA3": 0.5626506889216208, "FLUC3": 0.4638260668453247, "FLUC4": 0.089355771, "FLUX": 0.048455403, "HEP": 0.086500248, "HEPA": 0.045724631, "HIBV": 0.2552806077153436, "HPV2": 0.1145606579483092, "HPV4": 0.064731022, "HPV9": 0.083741283, "HPVX": 0.1752808483427508, "IPV": 1.0254514291626042, "MENB": 0.2110815506053871, "MMRV": 0.073304151, "MNQ": 0.056647461, "PNC13": 0.1819054185926942, "PNC20": 0.3277038088131059, "PPV": 0.1242189318218585, "RV1": 0.2479255218186261, "RV5": 0.0555133025560891, "SMALL": 0.102420224751975, "TDAP": 0.1148628477972093, "UNK": 0.055360862, "VARCEL": 0.016449611740812, "VARZOS": 0.049796521, "YF": 0.2203508131958728}