{"COVID19": 0.0148468204440295, "DT": 20.75555909864583, "FLU3": 0.3271431355372515, "HEP": 0.5690344320328755, "HEPA": 2.409631285216029, "HPV4": 4.294680397696684, "MMR": 0.9433489852382578, "MMRV": 3.863096137526512, "PNC": 5.802769062824793, "PNC13": 5.916882299779452}