{"6VAX-F": 0.621620729148135, "ANTH": 0.4441458417583135, "COVID19": 0.3902826340168715, "COVID19-2": 0.1447690668626232, "DTAP": 1.4679969904917558, "DTAPH": 7.600357950107809, "DTAPHEPBIP": 0.4940430180560253, "FLU(H1N1)": 0.5761860011391344, "FLU3": 0.0558835070014683, "FLU4": 0.4297269650862662, "FLUN3": 0.9736658847514578, "FLUX": 0.1358206310705605, "HEP": 0.0739324198013542, "HEPAB": 0.69698639150094, "HIBV": 0.3497548151089742, "HPV2": 0.6576761173456519, "HPV4": 2.624751090005516, "HPV9": 0.3131820681150901, "IPV": 0.1354393901093664, "JEV1": 6.704032180621343, "MENB": 0.4031972604400742, "MMR": 0.4715661911737909, "MNQ": 0.1988431947883336, "PNC": 0.2041551039990703, "PNC13": 0.8325955366957626, "PPV": 0.07173225489733, "RV1": 1.440329223169274, "RV5": 0.2592132246593538, "TDAP": 0.1130203638955556, "VARCEL": 0.0851832819181537}