{"COVID19": 0.6148542402824839, "COVID19-2": 0.4006032263475731, "DTAP": 0.2656855855322572, "FLU4": 1.2044238497971174, "HEP": 0.2045849129671978, "HPV2": 6.592762533393384, "HPV4": 1.0516373060573243, "IPV": 0.3747862584131019, "TDAP": 0.3127486010209159}