{"ANTH": 2.2242767047265057, "BCG": 97.40436851575444, "COVID19": 1.8740426417255756, "DTPPHIB": 311.7100698044094, "FLU3": 0.4816434291686635, "FLUN3": 2.0023873683639333, "FLUX": 1.2526619075019023, "HEP": 1.482572134612583, "HEPA": 2.650847533986496, "HPV2": 1.0986073351966068, "HPV9": 0.8030574338011224, "HPVX": 3.362438838, "MEN": 9.69656289, "MMR": 0.6893222479530025, "PNC20": 6.286391380052145, "PPV": 0.3977745941795544, "RV1": 1.584725405031145, "RV5": 1.064920020096114, "TD": 0.724239001, "TYP": 2.6116334723268397, "UNK": 1.6044435778845176, "VARCEL": 0.6334310050487715, "VARZOS": 0.1739882463590925}