{"COVID19": 11.081426722995156, "COVID19-2": 0.3582491818254071, "FLU(H1N1)": 0.233189058222042, "FLU3": 0.0256395358587419, "FLU4": 0.1843075578725203, "FLUN(H1N1)": 0.8160511824129142, "HEP": 0.044597427, "HPV4": 0.2681494126425093, "HPV9": 0.6932321879136962, "MENB": 0.2178235086491712, "MMR": 0.1479839395763351, "PPV": 0.1281927602095246, "RV1": 1.3680001124853836, "RV5": 0.4589158097651761, "TDAP": 0.078990854, "UNK": 0.1143018426936657, "VARZOS": 0.1312494536718352}