{"6VAX-F": 7.762037718898825, "BCG": 23.089025308084693, "COVID19": 0.0651014612719828, "COVID19-2": 0.0619304979850138, "DT": 0.8656316059680337, "DTAP": 0.0410731592047396, "DTAPHEPBIP": 0.7527921387754425, "DTAPIPVHIB": 2.7073622515855207, "DTOX": 38.64505148704464, "DTP": 0.7439397058856552, "FLU3": 0.085151115516091, "FLU4": 0.0513992503055317, "FLUX": 0.2069536514211062, "HEP": 0.9231360762742852, "HEPA": 0.2176811035466531, "HEPAB": 2.061735775331694, "HIBV": 2.1179845955972474, "HPV4": 0.3103236419014985, "IPV": 1.129635255175772, "MEA": 3.047617599577686, "MEN": 2.3610357884404167, "MENB": 0.1724830358827565, "MMR": 0.1999330892725896, "MMRV": 0.5656779233895841, "MNQ": 0.0850627723673214, "OPV": 0.3885707206224966, "PNC": 0.3110771818718938, "PNC10": 1.9149226427020083, "PNC13": 5.087339364689625, "PNC15": 31.84691971739455, "PPV": 5.713385894047007, "RUB": 2.573338022332736, "RV1": 3.358889404625028, "RV5": 1.6622600339475735, "RVX": 9.307788254584407, "TD": 0.1226100199339751, "TDAP": 0.3343158309862005, "TTOX": 4.092513073194407, "TYP": 0.2113062499644245, "UNK": 1.3748621632872675, "VARCEL": 0.1297959972236761, "VARZOS": 0.0209433150585174}