{"COVID19": 0.8955602004706289, "HPV4": 10.262809338408765, "PPV": 4.508112067368283, "RV1": 36.05250296445855}