{"ANTH": 7.068204831963919, "COVID19": 0.0364507805539481, "FLU3": 0.75962489523786, "HEP": 1.321295227076222, "SMALL": 12.53313670448382}