{"COVID19": 0.3690218295638791, "FLU4": 0.5541016117026113, "HPV4": 0.4838114818762644, "MMR": 1.1444276919378609, "PPV": 0.3308079429491028, "VARCEL": 2.905588078890394}