{"COVID19": 0.837951065, "COVID19-2": 1.300197461624969, "FLU(H1N1)": 10.374867572826291, "FLU3": 0.5605333011876688, "FLUX": 1.457839288903076, "HEP": 0.9749920195604916, "HEPAB": 9.279408460633094, "HPV2": 5.171031077735751, "HPV4": 5.226430681597057, "HPV9": 3.7799082659949375, "MMR": 1.6163418227863506, "PPV": 0.9327128415244724, "SMALL": 9.247839948725744, "VARCEL": 1.4852864945971191, "VARZOS": 0.4079724397385618}