{"ANTH": 0.0785069069290999, "COVID19": 1.1567494901938804, "COVID19-2": 0.4161729043382283, "DTAP": 0.0624950061899927, "DTAPHEPBIP": 2.723538642420886, "DTAPIPV": 0.6125457355262871, "DTAPIPVHIB": 0.7477731213561543, "DTPIHI": 9.15012897815588, "DTPPVHBHPB": 4.024579382329285, "FLU(H1N1)": 0.9381180991199614, "FLU3": 0.6384577583695406, "FLU4": 0.5247966378419845, "FLUC4": 0.034190670161397, "FLUN(H1N1)": 0.2685750320153802, "FLUN3": 0.2745445329166321, "FLUX": 0.5009761349859534, "HBHEPB": 0.823692384709982, "HEP": 0.4287629510049312, "HEPA": 0.3354351450239574, "HEPAB": 0.0393236689619956, "HIBV": 0.4815935403344309, "HPV2": 0.0219128894168398, "HPV4": 0.2004152149369885, "HPV9": 0.056896276514927, "IPV": 0.0784199949554538, "MEA": 0.3175282958278339, "MEN": 0.0963605550238663, "MENB": 1.5244015802388609, "MMR": 0.332865680037498, "MMRV": 0.1927968375761223, "MNQ": 1.1673553789714874, "PNC": 2.0478052942843816, "PNC13": 1.6097574920880713, "PPV": 1.8992672221864668, "RAB": 0.23103316794322, "RV1": 0.6060587673308757, "RV5": 0.3142901202583968, "RVX": 0.3277988817733329, "SMALL": 0.579889540409723, "SMALLMNK": 0.474606727907822, "TD": 0.0513118546011245, "TDAP": 0.3940967142527643, "TTOX": 0.07324185762215, "TYP": 0.5558356764229676, "UNK": 0.5146223473823203, "VARCEL": 0.3389554328867172, "VARZOS": 0.229863837681863, "YF": 0.2995257525794997}