{"ANTH": 1.937643605762148, "COVID19": 0.206359577607067, "FLU3": 0.2082395158546812, "FLUX": 0.5415939133385667, "HEP": 0.3622128845110347, "IPV": 25.089076607029128, "PPV": 1.2644450490494554, "RAB": 2.9466787503495766, "TDAP": 0.6415535534954068}