{"ANTH": 0.2091169176478508, "COVID19": 3.1496467267256447, "COVID19-2": 0.409087420529964, "DTAP": 0.08601342273964, "FLU(H1N1)": 0.4401354465116495, "FLU3": 0.142150213734359, "FLU4": 0.2229417570847421, "FLUA3": 0.3507362426007885, "FLUC4": 0.1671541921439605, "FLUN(H1N1)": 0.7154147392861359, "FLUN3": 0.0549651541406785, "FLUX": 0.3263465579376871, "HEP": 0.0390904278280023, "HEPA": 0.1655347152807731, "HEPAB": 0.1922494303585864, "HPV2": 0.1071287477179628, "HPV4": 0.3365488936776745, "HPV9": 0.1515527785200841, "HPVX": 0.3279133812238373, "LYME": 0.0683419714147737, "MENB": 0.0277707719862833, "MMR": 0.0648045664199095, "MNQ": 0.0298282609873798, "PNC13": 0.1096508043972792, "PPV": 0.1816068802960918, "TDAP": 0.03577532861226, "TDAPIPV": 2.7902820861672786, "TTOX": 0.1007928929461647, "UNK": 0.1555365432393354, "VARCEL": 0.0086615020339036, "VARZOS": 0.1934545817911539}