{"COVID19": 0.6160064503872634, "DTAP": 0.4194883496891096, "FLU4": 0.5249507592275476, "HEPA": 0.6241714395815693, "HIBV": 0.4272576560981039, "HPV4": 0.4583585376795945, "PNC13": 0.5213943966428285}