{"COVID19": 0.1585331890262897, "HEP": 0.993903344274402, "HPV4": 0.9920739430693069, "UNK": 2.5473667938134565}