{"COVID19": 0.862391304, "FLUN3": 30.369541753519652, "HPV4": 3.1358584089582338, "HPV9": 12.179704412650358, "PNC13": 8.812306945157186, "RV5": 16.15128697145773, "UNK": 8.051929807531561}