{"COVID19": 0.2908758725995388, "HPV2": 2.809857532070318, "HPV4": 13.252415203316405, "HPV9": 4.025126570645885, "HPVX": 8.600756849940634, "UNK": 0.3781755741899583}