{"COVID19": 3.582240801882516, "SMALL": 59.59719078067702}