{"ANTH": 0.0855682355378261, "COVID19": 1.0648312900025614, "COVID19-2": 1.1652621636519518, "DTAP": 0.0681163285629084, "DTAPIPV": 0.2222632956682209, "FLU3": 0.1366327126503171, "FLU4": 0.151509787005717, "FLUA3": 0.2777481421055415, "FLUN(H1N1)": 0.2927224444319009, "FLUN3": 0.1546347538192196, "FLUN4": 0.2326237083752853, "FLUX": 0.2559473235603527, "HEP": 0.8738003736876025, "HEPA": 0.0677352392510343, "HEPAB": 0.5412760934809746, "HIBV": 0.1260099531234842, "HPV2": 2.4352385107112027, "HPV4": 1.6052645095834572, "HPV9": 1.4823067898759612, "HPVX": 0.9232363405885434, "MEN": 1.3264145287100766, "MENB": 0.2777647402261878, "MMR": 0.026517722369128, "MMRV": 0.1085925004260367, "MNQ": 0.0839165458166784, "PNC": 0.1631172630084822, "PNC13": 0.4801556355228499, "PPV": 0.0544019256052564, "RV1": 0.4350910972548984, "TDAP": 0.3031869329230496, "UNK": 0.0409967956681238, "VARCEL": 0.1678123810421928, "VARZOS": 0.0994450498181839}