{"FLU(H1N1)": 0.2603481686398946, "FLU3": 0.4304316589877672, "FLUN(H1N1)": 0.9111681291285556, "FLUN3": 0.4813374508788213, "FLUX": 0.2653489211120657, "HEP": 2.263016077245834, "HEPA": 1.4599913978498626, "HEPAB": 0.4739000972768385, "HPV4": 1.459197336889596, "MM": 32.281090900557274, "MMR": 185.2141938648005, "MNQ": 0.261210223343043, "MU": 22.18239899893513, "RAB": 1.4437231855822068, "RUB": 2.595419026278414, "VARCEL": 0.0758499808354636, "VARZOS": 0.0742564983643178}