{"BCG": 2.495324080855588, "COVID19": 0.5098543477804955, "COVID19-2": 0.8630662436013598, "DF": 2.274447686360229, "DTAPIPVHIB": 1.6243380734132715, "FLU(H1N1)": 0.1407215866664312, "FLU3": 0.0154721375868561, "FLU4": 0.8901490051225226, "FLUN3": 0.2601691912095902, "FLUX": 0.4318263041591623, "HEP": 2.602844674070376, "HEPA": 0.1139628859659702, "HEPAB": 0.2561492039206676, "HIBV": 3.1623119085555933, "HPV2": 0.9847439107421924, "HPV4": 0.0955807086305776, "HPV9": 0.3712456507769809, "IPV": 1.81762690165425, "MEN": 2.2334795042447624, "MENB": 1.4106309699703432, "MMR": 0.1587468001634405, "MMRV": 1.2604805030209605, "MNQ": 0.1411875385180669, "PNC": 0.9765130202145708, "PNC13": 1.1259615480846157, "PPV": 0.873757252731033, "RV1": 9.144786417948673, "RV5": 2.0637395963548126, "SMALL": 0.25527773461777, "TDAP": 0.0476672564369357, "UNK": 0.2454254891313606, "VARZOS": 0.1208438530810478}