{"6VAX-F": 0.2015145511397556, "ANTH": 0.5124656527628728, "COVID19": 2.072358873483749, "COVID19-2": 0.0469306597097474, "DF": 3.436832925720651, "DTAP": 0.0311250598307803, "DTAPHEPBIP": 0.570038701969677, "DTAPIPVHIB": 0.1368615681799964, "FLU3": 0.1250648554936263, "FLU4": 0.13863231101012, "FLUN4": 0.5146895965403151, "FLUX": 0.0440297913479317, "HEP": 0.165457636570467, "HEPA": 0.3197173629855331, "HEPAB": 0.2259462968997573, "HIBV": 0.1128328489138957, "HPV2": 0.2132028458312476, "HPV4": 0.0340091377133407, "MEN": 0.2587458139428184, "MENB": 0.1307068889542886, "MMR": 0.07798680562149, "MNQ": 0.0644601958654668, "PNC": 0.0661821895282172, "PNC13": 0.4155948727736391, "PNC20": 0.9359492378198218, "PPV": 0.1605337484934845, "RV1": 0.1305496709091998, "RV5": 0.5801118656524199, "SMALL": 0.2440563665283057, "TYP": 0.1601269509220999, "UNK": 0.4617252055813216, "VARZOS": 0.1095640727764812}