{"COVID19": 0.1847981366050504, "COVID19-2": 0.9310055898055332, "DTAP": 6.020177460862106, "DTP": 11.823409160391485, "FLU(H1N1)": 3.650416368216658, "FLU3": 2.11109944603148, "FLU4": 0.9602196224963406, "FLUC4": 5.777236711627146, "FLUX": 3.2109371679637366, "FLUX(H1N1)": 11.288914447225793, "HEP": 2.147450777259817, "HEPAB": 20.438190786710862, "HPV4": 5.268242127049833, "HPV9": 2.7066009805889686, "IPV": 13.24984525631582, "MMR": 3.56004401474462, "PNC": 7.118969464683263, "PNC13": 1.9582904322571524, "PPV": 0.6678684544249309, "TDAP": 15.51780895874411, "TYP": 8.802172073397866, "VARZOS": 2.208490807118081}