{"FLU3": 2.0591409828592817, "HPV4": 3.865599784002454}