{"6VAX-F": 1.0065498924113774, "COVID19": 1.3826411036451356, "DT": 0.7852222697142188, "DTAP": 0.6831101223828, "DTAPIPV": 0.184418282813748, "DTAPIPVHIB": 0.8863609227804724, "DTIPV": 0.7418450512403131, "DTP": 0.7853717681574904, "DTPHEP": 1.2352108549340333, "DTPIPV": 16.265709179143183, "FLU(H1N1)": 0.0629142316607674, "FLU3": 0.0652072129462517, "FLU4": 0.0131194048646381, "FLUX": 0.0527033681986839, "HEP": 0.3111827748065389, "HEPA": 0.0155990974385965, "HEPAB": 0.0761045296598909, "HIBV": 1.2510708377337276, "HPV4": 0.62161021673268, "HPV9": 0.2352931338741632, "HPVX": 0.1817769518327233, "IPV": 1.297552218605881, "MEN": 1.675765590818533, "MENB": 0.0440254444044605, "MMR": 0.3611481711936618, "MMRV": 0.1440570554553972, "MNC": 3.983496763124828, "MNQ": 0.0771585197045273, "PNC": 1.57632191312367, "PNC13": 0.921415304553876, "PPV": 0.3019221787351643, "RAB": 0.087930927065306, "RV1": 0.0439724893190372, "RV5": 0.5442048849765668, "TD": 0.0312956026815398, "TDAP": 0.1830012069832282, "UNK": 1.6961889100699972, "VARCEL": 0.0993955497971186, "VARZOS": 0.0571252985114653, "YF": 0.1069441893817819}