{"COVID19": 0.1053640533107351, "HEP": 1.510143382711325, "HPV4": 2.142880356418944}