{"6VAX-F": 9.972774994913546, "ANTH": 0.2147686149976007, "BCG": 7.27019702782127, "CHOL": 1.825431054616608, "COVID19": 0.3499348381915682, "COVID19-2": 0.4699753997709243, "DF": 1.4422826896733447, "DTAP": 0.4385824886633392, "DTAPHEPBIP": 0.7187151638641227, "DTAPIPV": 0.2298126767512568, "DTAPIPVHIB": 4.077684755524891, "DTP": 0.3658665297813755, "DTPHIB": 0.1402949881654564, "DTPIHI": 2.5116264708792366, "DTPIPV": 0.7083140585345885, "DTPPHIB": 2.4458055212323035, "FLU(H1N1)": 0.5395677728891389, "FLU3": 0.0523310336849218, "FLU4": 0.6315028273668112, "FLUA4": 0.2387801870794136, "FLUN3": 0.1324593615772617, "FLUX": 0.7138611146768258, "HEP": 2.285999957205308, "HEPA": 0.2078252644407603, "HEPAB": 0.337032381433372, "HIBV": 1.4882204836237771, "HPV2": 0.9567696394493472, "HPV4": 0.1526156251030844, "HPV9": 0.2932758659016193, "IPV": 0.527843761278564, "JEV1": 0.9120305649060664, "MEN": 2.090286366252477, "MENB": 1.3089570182054433, "MER": 2.3504296251663965, "MMR": 0.4512277653155073, "MMRV": 0.7496244843360426, "MNQ": 0.2892656539129048, "OPV": 0.2388032992584806, "PNC": 0.9325808794259473, "PNC10": 4.192399977561899, "PNC13": 4.585923273753772, "PPV": 0.8039232311269325, "RV1": 9.201840238741784, "RV5": 2.3062984992108206, "RVX": 5.290644616365593, "SMALL": 0.3640466215218969, "TDAP": 0.2959717806178237, "TYP": 0.4625573792485631, "UNK": 0.2677113968953004, "VARCEL": 0.1720010663801838, "VARZOS": 0.0712196405096407, "YF": 0.133242772098225}