{"6VAX-F": 1.0107136331904414, "ADEN_4_7": 9.414364414170596, "ANTH": 0.2399712583787291, "BCG": 5.853893906540986, "COVID19": 0.9483001562123436, "COVID19-2": 0.9652736136799068, "DTAP": 0.2167101135014359, "DTAPHEPBIP": 1.1151272824814065, "DTAPIPV": 0.2567807089060953, "DTAPIPVHIB": 0.2281046034561005, "DTP": 0.1358837452311052, "DTPIPV": 0.7913427808107356, "FLU3": 0.2435673984539462, "FLU4": 0.4361488111043479, "FLUA3": 0.2464724503827977, "FLUA4": 0.2667700546930044, "FLUC3": 0.7642012481203313, "FLUC4": 0.1262549416225842, "FLUN(H1N1)": 0.3329627021278428, "FLUN3": 1.0189319353221502, "FLUN4": 0.2413103480347392, "FLUX": 0.5919760665224499, "FLUX(H1N1)": 1.7730704198764893, "HEP": 0.86356901832102, "HEPA": 0.149498333997874, "HIBV": 0.8917753900070778, "HPV2": 0.0999593754863152, "HPV4": 0.1097835355683027, "HPV9": 0.5092058206400899, "HPVX": 0.2530253713078296, "IPV": 0.692018160370668, "JEV1": 1.0189389719620958, "MEN": 0.1213120305430004, "MMR": 0.294592050402288, "MMRV": 0.2005824606316832, "MNQ": 0.4488106266251284, "OPV": 0.0387590532501513, "PNC": 0.3319361366854465, "PNC13": 1.1888282530138303, "PPV": 0.3126443340795884, "RAB": 0.1223959114352403, "RV1": 2.685229133976788, "RV5": 0.5850743270595331, "RVX": 3.2846604625379845, "SMALL": 0.1144249364854542, "TDAP": 0.2550979597357358, "TYP": 0.0750749354440657, "UNK": 0.2155667544198908, "VARCEL": 0.0460240674218921, "VARZOS": 0.287860349216214, "YF": 0.5291868659144885}