{"COVID19": 0.2815818014957325, "PNC13": 7.6160926622968255, "PPV": 0.6924913602254171}