{"6VAX-F": 8.559650230407145, "COVID19": 0.0349501923898534, "DTAPIPV": 6.544221604392401, "FLU3": 0.2108732202263858, "FLU4": 0.4533835355218756, "FLUX": 0.5125113579417626, "HIBV": 0.3690090595381065, "HPV4": 0.3958699176256378, "IPV": 0.5110727672024727, "MEN": 3.011826294877669, "MMR": 1.8605076422017104, "PNC13": 3.2849047547266577, "PPV": 0.2706775613926564, "RAB": 3.038735895545254}