{"HEP": 2.602844674070376, "RV1": 9.144786417948673}