{"ANTH": 1.7208815320448123, "BCG": 1.6391329562999442, "COVID19": 0.5665817531629863, "COVID19-2": 1.2466804791225066, "DF": 0.4204882388970726, "DTAP": 0.0211873971245221, "DTAPHEPBIP": 0.2215967678056461, "DTAPIPVHIB": 0.5802117102999234, "DTOX": 6.840285247031953, "FLU(H1N1)": 1.1306586639575338, "FLU3": 0.502216482904093, "FLU4": 0.7910105958675708, "FLUA3": 0.0863928024233909, "FLUC4": 0.4394032677189866, "FLUN(H1N1)": 0.3234518016154899, "FLUN3": 0.9225791538026394, "FLUN4": 0.2570415742166445, "FLUX": 1.6767325249544334, "FLUX(H1N1)": 1.5433787874462663, "HEP": 0.8127733688731734, "HEPA": 0.8083052486125915, "HEPAB": 1.5804619151125157, "HIBV": 1.3080848393818156, "HPV2": 3.674674246064794, "HPV4": 1.0880083939965364, "HPV9": 0.643724401453705, "HPVX": 1.5493615556202285, "IPV": 1.397894822197166, "MEN": 0.797806345789354, "MENB": 1.0561486709368837, "MMR": 0.5332691778126817, "MMRV": 1.2959111941514172, "MNQ": 0.3863312783982157, "PNC": 1.2054478928114982, "PNC13": 0.8268806946016649, "PPV": 1.3159740385976848, "RAB": 0.1437851204107583, "RV1": 6.684780674915697, "RV5": 1.934971856165824, "RVX": 0.3947517481367659, "SMALL": 1.1212683807185448, "SMALLMNK": 0.1608922701337762, "TD": 0.1856424045753459, "TDAP": 1.0186568376449998, "TYP": 0.4312867999609114, "UNK": 1.4740580886491352, "VARCEL": 0.1121793454113694, "VARZOS": 0.3655257386903878, "YF": 3.896511129411733}