{"ANTH": 1.4090251921784185, "COVID19": 0.2178542070860044, "COVID19-2": 0.0983720181791935, "DTAP": 0.3141313827805044, "DTAPIPVHIB": 1.2512695445575663, "DTIPV": 42.01885443415386, "FLU3": 0.1514267503018207, "FLUR4": 1.7352168341739511, "FLUX": 5.139940540798073, "HEP": 3.010459115059272, "HIBV": 0.5811187780334122, "HPV2": 0.3912460436313827, "HPV4": 1.8185302278474305, "HPVX": 1.197542358182929, "IPV": 9.734030078970887, "MEN": 1.7204790711873623, "MENB": 2.504705268338907, "MMR": 0.4366550029917743, "MMRV": 1.788164870512721, "PNC": 0.7522461305166339, "PPV": 0.0705682297360573, "RV1": 2.0151914229540817, "TD": 0.2579197342823662, "TYP": 0.9301202291028068, "UNK": 0.18906451466508, "VARZOS": 0.0308667329240313, "YF": 1.5055048553285573}