{"COVID19": 4.740136818652622, "COVID19-2": 0.5348329983989234, "FLU3": 0.2305739820488282, "FLUN(H1N1)": 7.338673044677838, "FLUX(H1N1)": 6.485121065427583, "HPV4": 0.8063635908749743, "HPV9": 3.1319239918243773, "MMR": 0.6648781966071513, "PPV": 0.3836691121164496, "UNK": 1.0279059328763696}