{"COVID19": 3.51855652096016, "COVID19-2": 0.3078018480581559, "FLU3": 0.8127732867221197, "FLU4": 0.3174603649885861, "FLUX": 1.7542464472277677, "HPV4": 0.4626676341085919, "MMR": 0.3826441866188095, "PNC13": 1.300176434531388, "PNC15": 104.29576227091404, "TDAP": 0.8209869121243157, "TDAPIPV": 112.93409290096406, "UNK": 0.5915703532064005, "VARZOS": 0.1939541106953818}