{"6VAX-F": 0.3343767097750998, "BCG": 0.5398963808869699, "CHOL": 0.188725663228904, "COVID19": 7.643680940473311, "COVID19-2": 0.164322851464542, "DT": 0.0284604884667463, "DTAP": 0.0449403784039221, "DTAPHEPBIP": 0.0246772263538215, "DTAPIPV": 0.0237388636389745, "DTAPIPVHIB": 0.1407865066771506, "DTIPV": 0.0955575661941071, "DTP": 0.0125621805247588, "FLU(H1N1)": 0.0287802771294682, "FLU3": 0.0463481697712473, "FLU4": 0.0731811597862408, "FLUA3": 0.4367833701925773, "FLUC3": 0.0707187151379145, "FLUC4": 0.0116835530403272, "FLUR4": 0.0327476424002594, "FLUX": 0.1436420553637673, "HEP": 0.078189227251851, "HEPA": 0.0214225664864633, "HIBV": 0.0595620348898701, "HPV2": 0.0328507300240796, "HPV4": 0.0349836155538933, "HPV9": 0.0302636901031604, "HPVX": 0.0234148097704536, "IPV": 0.1225293621069232, "MEN": 0.0771302158385233, "MENB": 0.0604617879613697, "MMR": 0.0363556252123594, "MMRV": 0.0358744941473204, "MNQ": 0.0192147190262814, "PNC": 0.0680790474545919, "PNC10": 0.22360792140657, "PNC13": 0.1541633907122988, "PNC20": 0.0406077999911277, "PPV": 0.0758623594327097, "RV1": 0.1885014011147136, "RV5": 0.103644133916857, "RVX": 0.1009030522590122, "SMALL": 0.010588811759736, "TBE": 0.2010297319656861, "TDAP": 0.068837908898404, "TYP": 0.0246726103017324, "UNK": 2.2233276825999417, "VARCEL": 0.0177096964592896, "VARZOS": 0.0333628249606084, "YF": 0.1468743509192825}