{"ANTH": 1.567365968097434, "COVID19": 0.5323008420467995, "COVID19-2": 1.9950119781547144, "DTOX": 399.4621584517958, "FLU(H1N1)": 1.5320400301841932, "FLU3": 1.0375829192197272, "FLU4": 0.8101853064812874, "FLUN3": 11.508457927649552, "FLUX": 1.7800985001342822, "HEP": 2.432238156322947, "HEPA": 3.761150166022725, "HEPAB": 2.788630521848288, "HIBV": 2.30810704903251, "HPV2": 6.3141011054457605, "HPV4": 3.0676875739808813, "IPV": 5.5608158847750335, "MENB": 1.4310891656328972, "MMR": 0.9765398512667536, "MNQ": 1.5371126984040135, "PNC13": 5.062389096154129, "PPV": 0.849696515, "RUB": 15.26856988, "RV5": 1.5063376450064203, "SMALL": 8.424733775, "TDAP": 1.5732000515052331, "UNK": 2.276461830401593, "VARZOS": 0.8857583451008347}