{"BCG": 13.494892808204522, "COVID19": 0.1113948484790035, "COVID19-2": 0.8166002522247129, "DF": 3.452602034205275, "DTPPVHBHPB": 11.195574538366424, "FLU(H1N1)": 0.2136148686857374, "FLU3": 0.0836550814427408, "FLUX": 1.1908473007175346, "HEP": 0.4399658962570827, "HEPA": 0.6161826079579615, "HEPAB": 0.3888335726702125, "HIBV": 3.466087627532977, "HPV2": 0.7717662903840352, "HPV4": 0.794958001752242, "HPV9": 0.1583834184946555, "IPV": 2.7620264199271776, "MEA": 3.139725948153028, "MENB": 0.7107274545773669, "MMR": 2.6819182186929047, "MNQ": 0.7633847274182363, "PNC": 6.244915321415374, "PNC13": 1.2341319963968662, "PPV": 8.209123935447108, "RV1": 1.113284445440457, "RV5": 2.2619940989145757, "RVX": 34.923619599244745, "SMALL": 0.3875106854622184, "TD": 0.14283807910346, "TDAP": 1.7538159403114115, "TTOX": 0.7242175159347108, "VARCEL": 4.617528123533357, "VARZOS": 0.333250129448721}