{"ANTH": 0.7331513784834873, "COVID19": 2.151268202618238, "FLU(H1N1)": 0.2012303438011301, "FLU4": 0.1884979394396767, "FLUC4": 0.3184779266044862, "FLUX": 0.0575431661124051, "HPV2": 0.204113339385522, "HPV4": 0.748056316632302, "HPV9": 0.1492009892041673, "MEN": 0.8975753765711489, "MMR": 0.0637995692462567, "PPV": 0.0368154934872067, "TD": 0.1345569055990188, "TDAP": 0.0681636611438017, "VARZOS": 0.0573464105008096}