{"ANTH": 0.1527391928701874, "COVID19": 0.8168221256903964, "COVID19-2": 0.135494671727197, "FLU3": 0.1762248677847303, "FLUA3": 0.4957800556306693, "FLUX": 1.450771991335822, "HEP": 1.270077292257419, "HEPAB": 0.9670834817411132, "HIBV": 0.8004289168482105, "HPV2": 0.1514355326132092, "HPV4": 0.8248915309631686, "IPV": 0.5419446037743119, "MENB": 0.1394586746538068, "MMR": 0.0473341019416167, "MNQ": 0.1497909288692132, "PNC": 7.00904990601614, "PNC13": 1.195266759377268, "PPV": 0.6574587956317683, "RV1": 0.777365616300975, "RV5": 0.5223707654019002, "TD": 0.0998303030374238, "TDAP": 0.3489814667139106, "UNK": 0.5049895878572912, "VARZOS": 0.0119472639203564}