{"6VAX-F": 2.986598050767947, "COVID19": 0.4274296530221196, "COVID19-2": 0.0465668305458906, "DTAP": 0.331754228750936, "DTAPHEPBIP": 0.1589152953838265, "DTAPIPV": 0.1528725242938496, "DTAPIPVHIB": 2.6354118784569804, "DTP": 0.5584612339594808, "DTPHIB": 0.3317190585799829, "DTPIPV": 1.6747656144768803, "FLU3": 0.0639781659211045, "FLU4": 0.7500103560197293, "FLUC4": 0.2672008687660133, "FLUX": 0.043688451117839, "HEP": 1.190263839397636, "HEPA": 1.3321286921116804, "HEPAB": 0.2241946520533975, "HIBV": 1.9289260943687216, "HPV4": 0.6548677083009833, "HPV9": 0.1007390396041661, "IPV": 0.4679860668630333, "MMR": 0.3247303308637816, "MMRV": 0.8243643863981214, "MNQ": 0.4415374112351782, "OPV": 0.0820281000416693, "PNC": 0.4533327492816268, "PNC13": 4.233993705783271, "PPV": 0.344629416921499, "RAB": 0.2590337731558316, "RV1": 3.755234342719972, "RV5": 2.4170975718327754, "TDAP": 0.1293913691733377, "TYP": 0.1588855694199958, "UNK": 0.294404693740187, "VARCEL": 0.0975220326391755, "VARZOS": 0.0157477144924243, "YF": 1.121312729092407}