{"FLU3": 0.4214297076768493, "HEP": 0.5575404746063254, "HIBV": 2.766087432848049, "HPV2": 4.959673391763484, "HPV4": 2.9674363931679224, "PNC": 5.774674203408813, "PPV": 0.5409485542550359, "VARCEL": 0.642385661937123}