{"COVID19": 4.908996654431595, "COVID19-2": 0.6793824574256594, "DTAP": 0.8631078796934919, "FLU3": 0.1165266360891927, "FLU4": 0.7007008056054378, "FLUC4": 0.8371309009692286, "FLUN4": 4.429050951644016, "FLUX": 0.4554111961743899, "HPV2": 1.6153669794003964, "HPV4": 0.2023134457392409, "HPV9": 0.3921908397633388, "HPVX": 1.642121292971353, "MENB": 1.4876133337548427, "MMR": 0.6744447893640888, "PNC13": 0.2837594365166893, "PPV": 0.096775214, "RVX": 8.022389381, "UNK": 0.2592750206360789, "VARZOS": 0.1274456095413101}