{"COVID19": 10.767185119704948, "DTAPIPV": 0.1636568727650354, "UNK": 1.101728429815373}