{"BCG": 232.9046678287817, "COVID19": 0.1521867007335709, "COVID19-2": 5.141689961880559, "DTAPHEPBIP": 54.73811663004018, "HEP": 1.229337763793663, "HEPA": 10.642661951264303, "HIBV": 9.684014357897272, "HPV4": 15.25552739493195, "HPV9": 9.743763530120289, "MENB": 6.004352368851068, "MMRV": 8.345518229108691, "PNC": 12.535576666072702, "RVX": 199.3118072821703, "SMALL": 23.83887631227081, "VARCEL": 8.013638761547249, "VARZOS": 0.5144000327138387}