{"COVID19": 0.0789403315130921, "DTAP": 8.96714977389358, "DTAPIPV": 5.21349837192809, "DTAPIPVHIB": 6.364373231805517, "DTP": 1.7755719818943163, "HPV4": 0.1046398846355266, "MENB": 0.5120384856644538, "PER": 235.0249365272636, "PNC13": 0.2940594980532081, "TDAP": 74.73753726630913}