{"ANTH": 15.158695804838334, "HEP": 0.2490190409733219, "HEPAB": 8.575329005520004, "HPV4": 0.2485606906994621, "LYME": 708.2230401627575, "MNQ": 1.3064045111087292, "YF": 5.0821993765245645}