{"ANTH": 8.737089926882277, "FLUX": 1.6940009713727886, "HEP": 0.1305758733188741, "HEPAB": 4.427119795142232, "HPV4": 0.6663572033902083, "IPV": 0.239206513998794, "LYME": 502.54046391552015, "MMR": 0.1193749252981461, "MNQ": 2.480044668773371, "PPV": 0.126690048262088, "SMALL": 1.3296494631572982, "TBE": 25.24337123229928, "TDAP": 0.7178754830092284, "VARZOS": 0.0864658581718864, "YF": 1.72981193381459}