{"6VAX-F": 0.5716738548589342, "ADEN_4_7": 1.0819468798493364, "ANTH": 1.0592913882570534, "BCG": 0.223599874808021, "CHOL": 0.8334535695547314, "COVID19": 0.289566497787508, "COVID19-2": 0.3003027515801482, "DTAP": 0.2904001488939741, "DTAPHEPBIP": 0.2109918479798895, "DTAPIPV": 0.9858826877017016, "DTAPIPVHIB": 0.388256295932459, "DTIPV": 6.250318193443326, "DTP": 0.1667457848926046, "DTPIPV": 1.1490098851144506, "FLU(H1N1)": 2.5133840989660823, "FLU3": 1.5996893541987989, "FLU4": 1.642234049522368, "FLUA3": 0.6925870085133177, "FLUA4": 0.7496266010551472, "FLUC3": 0.3123092596623116, "FLUC4": 0.7639499833242077, "FLUN(H1N1)": 0.1360732240197939, "FLUN3": 1.724596043640794, "FLUN4": 1.892452080615008, "FLUR4": 0.9944197947783696, "FLUX": 2.017828861629676, "FLUX(H1N1)": 1.1233847461159383, "HEP": 1.246727359152505, "HEPA": 1.346247445132443, "HEPAB": 5.78648136559613, "HEPATYP": 6.705801103452208, "HIBV": 0.0417632548943721, "HPV2": 2.2049224217791776, "HPV4": 5.712746189947592, "HPV9": 2.716452399636791, "HPVX": 3.970955564327445, "IPV": 0.4540452360533644, "JEV": 0.6393887691384674, "JEV1": 4.446159104818839, "JEVX": 1.484363662586822, "MEN": 2.156736624317784, "MENB": 0.5952969190345054, "MMR": 0.7397570677553296, "MMRV": 0.246139726237814, "MNC": 2.266037028300499, "MNQ": 2.252797928132197, "PNC13": 0.902546292385146, "PNC20": 0.6371222624697229, "PPV": 0.3128819735664913, "RAB": 2.435890665720058, "RV1": 0.088863953508339, "SMALL": 0.1661280238373071, "SMALLMNK": 0.253533065134973, "TBE": 13.154743690436318, "TD": 0.6835656007272621, "TDAP": 2.2758841244934684, "TDAPIPV": 14.343054762204458, "TTOX": 0.0859330109321131, "TYP": 2.8439289099580867, "UNK": 0.5783072131798618, "VARCEL": 0.2031555638646579, "VARZOS": 0.7860806341722044, "YF": 4.949916140716497}