{"ANTH": 0.8880124534697917, "COVID19": 0.2078557673869968, "DTP": 58.17438876737561, "FLU3": 0.6735549362450736, "FLUC4": 1.373739040725905, "FLUX": 0.892418204831495, "HPV4": 1.843774781494112, "LYME": 1.995324185050259, "PPV": 0.158801897384062, "TD": 0.5804048026108741, "TDAP": 1.0571286934143034, "UNK": 3.002790202554092}