{"COVID19": 0.0339121833488998, "HPV4": 2.801987125591488, "HPVX": 44.46295902756533}