{"COVID19": 0.597040134, "MENB": 69.05005224178728, "TDAP": 25.040100819791636}