{"DF": 81.89456104994898, "FLUX": 2.158135940593339, "HIBV": 4.146698974428803, "MMR": 2.665627994722294, "PNC": 5.367979034274772}