{"COVID19": 0.915461538, "DT": 64.44419030192132, "FLUX": 2.642333711136825, "HEP": 1.7671730354533912, "PNC": 79.53607263990956, "PNC13": 4.956922656650917, "PPV": 3.4901512779625423}