{"6VAX-F": 0.9006190444779328, "COVID19": 0.7473993317545293, "COVID19-2": 0.058894427170088, "DF": 29.823393011403954, "DTAP": 0.0390595952147232, "DTAPIPVHIB": 0.6116663565367285, "FLU(H1N1)": 0.2344019177310545, "FLUX": 0.3819391624355599, "HEP": 0.1071139487073419, "HEPA": 0.4017370373431621, "HEPAB": 1.0098120756740097, "HEPATYP": 43.91937369028166, "HIBV": 0.141680660052181, "HPV4": 1.462242725409406, "HPV9": 0.1274075975954399, "HPVX": 2.41199703371078, "IPV": 0.3808670755869817, "MEN": 0.324706414957394, "MMR": 0.4118895894854378, "MNQ": 0.0808926686632795, "OPV": 2.0208163978137077, "PNC": 0.8940388336859427, "PNC13": 0.1728969230222752, "PPV": 0.1039263258344054, "RAB": 0.3276075539219677, "RV5": 0.7289326322639478, "SMALL": 0.306272270449152, "TDAP": 0.1637450323062554, "TYP": 0.7156457615038372, "UNK": 0.807953228011136, "VARCEL": 1.1872941633698513, "VARZOS": 0.2143925623107386, "YF": 1.4190233826429115}