{"COVID19": 0.0828967049891274, "HEPA": 1.1847170606569573, "HPV4": 0.8699936723261216, "IPV": 1.123172123105203, "MMR": 0.5605140222618682, "TYP": 4.096231783258739, "UNK": 1.099487380442543, "VARCEL": 0.7064082137030203}