{"COVID19": 1.4215241277311572, "COVID19-2": 2.432627508846716, "FLUX": 5.636978584, "HEP": 1.8241786172422103, "MMR": 3.0241234103744628, "PNC13": 5.116823387510625, "PPV": 1.7450756389812712}