{"COVID19": 2.388160534588344, "FLU4": 5.982906878631046, "FLUX": 6.5042060581829535}