{"COVID19": 1.2573952504217083, "COVID19-2": 1.129526774403682, "VARZOS": 0.098068134257542}