{"COVID19": 2.558743429916083, "COVID19-2": 1.4786559367499643, "FLUX": 3.382187150255136, "HPV4": 1.106773556102906, "HPV9": 4.298719204464832, "PPV": 1.0607322511454786, "VARZOS": 0.46396865695758}