{"COVID19": 0.623354265709371, "COVID19-2": 0.8496965045590388, "FLU3": 0.7197878943250918, "HEP": 0.1770693314020786, "HPV4": 0.6359957853503742, "PPV": 0.1693909205734532, "VARZOS": 0.2666133979383338}