{"COVID19": 1.641741200899549, "COVID19-2": 0.247115801152178, "VARZOS": 0.2791897433274785}