{"ANTH": 0.0486441448140081, "COVID19": 3.746057809807929, "COVID19-2": 0.179734036432944, "FLU3": 0.20127435738701, "FLU4": 0.1336050803366658, "FLUC4": 0.0752516166477556, "FLUX": 0.0135965967560933, "HEPAB": 0.0865490392819243, "HPV4": 0.2593418282013239, "HPV9": 0.0352539819705531, "MMR": 0.0150748920585937, "PNC13": 0.0255069298100589, "PNC20": 0.2760155700380987, "PPV": 0.1289337838616446, "SMALL": 0.5933692973793119, "TD": 0.0317938019634894, "TDAP": 0.1107942566246429, "UNK": 0.5549399094590708, "VARZOS": 0.2061289690930936}