{"COVID19": 5.486584936596104, "COVID19-2": 0.131251444212747, "FLU3": 0.0159019466124848, "FLUC4": 0.2289004089174305, "FLUX": 0.0413581375025167, "HPV4": 0.0276090177124693, "UNK": 0.0708922332969901, "VARZOS": 0.1242245760800773}