{"HPV4": 112.89090272249642, "MMR": 46.87391286080417}