{"COVID19": 4.16433986925159, "COVID19-2": 0.1703799929879229, "FLU3": 0.0206299380301621, "HPV4": 0.0358177736094997, "HPV9": 0.1391190340799086, "MMR": 0.0594884422402402, "PNC13": 0.1006552814326364, "TDAP": 0.063557639451247, "VARZOS": 0.1037368186760243}