{"COVID19": 0.399365173531789, "FLU3": 1.1429585259474953, "UNK": 2.7116662380756806, "VARZOS": 1.0012981408969266}