{"COVID19": 0.099506689, "FLU3": 3.612325718764976, "HPV4": 56.44545136124821, "MMR": 23.436956430402084}