{"BCG": 3.474239326342836, "COVID19": 0.1924771344362304, "COVID19-2": 2.79024816606685, "DTAP": 0.0926629971432686, "DTPPVHBHPB": 10.45067963925134, "FLU3": 0.0539337578411755, "FLU4": 0.8085842726722539, "FLUC4": 0.8017037892547666, "FLUN3": 0.9396951503849132, "FLUN4": 1.532291605850015, "FLUX": 7.898647430137411, "HIBV": 0.0943792004316159, "HPV2": 0.6347301120131814, "HPV4": 0.3620321974034923, "MMR": 0.9961578938439792, "PNC13": 1.2570838279762533, "PPV": 3.2917411535123784, "RV1": 1.38972777731853, "UNK": 0.1279575595773743, "VARCEL": 0.5732593860206007, "VARZOS": 0.168946282605547}