{"COVID19": 0.3766619040999522, "COVID19-2": 0.3161722521272478, "DTP": 0.0512802697614988, "FLU3": 0.2728955859828616, "FLU4": 0.0244986857948432, "FLUA4": 0.3578824967290375, "FLUN4": 1.1512575636426292, "FLUX": 2.805926854621809, "HEP": 0.0536080988857039, "HIBV": 0.1373961317979572, "IPV": 0.027615937397181, "MMR": 0.0490095287102462, "MMRV": 0.0756963185371481, "PNC": 0.4458711818382139, "PNC10": 0.9127195550414076, "PNC13": 1.2026567246063338, "PNC20": 0.5886894484252525, "PPV": 2.318628179345892, "RUB": 1.226543624995489, "RV5": 0.0528532827517507, "TD": 0.4026940018802781, "TTOX": 0.2820891182143795, "TYP": 0.1007159737557945, "UNK": 35.68282882900501, "VARZOS": 0.1485017470231934}