{"COVID19": 3.907300810135676, "FLU3": 0.1172975086068399, "FLU4": 0.0707218772648806, "IPV": 0.079720640866942, "PPV": 0.4565453041736311, "TTOX": 0.8143240607141224, "UNK": 0.8438388320044324, "VARZOS": 0.0288165790941037}