{"COVID19": 0.4685013602462792, "COVID19-2": 0.4622392044283636, "FLU3": 0.6483800026900496, "HIBV": 0.312241252167614, "JEVX": 76.30162578289422, "PPV": 0.8322629430065568, "RV1": 1.2858366762550089, "UNK": 1.5382801604204546, "VARZOS": 0.1563175224648798}