{"ANTH": 0.2332963083408761, "COVID19": 1.1554748571850706, "COVID19-2": 2.233641927021846, "DTAP": 0.0504326235307868, "DTAPIPVHIB": 1.53574218230385, "FLU3": 0.1046279454264235, "FLU4": 0.681357119243424, "FLUA4": 3.286272183434769, "FLUN(H1N1)": 1.1507111832886343, "FLUN3": 1.8229785152818156, "FLUX": 1.7385782428186063, "HEP": 0.0388344506232431, "HEPA": 0.2674718508593474, "HIBV": 0.0513666817638397, "JEVX": 12.55257311161364, "PNC": 0.1072364662709561, "PNC13": 0.6767411314400457, "PPV": 0.1343008179997844, "RV5": 0.4853140586610814, "SMALL": 0.3954499193884214, "TYP": 0.259457237900275, "UNK": 0.2482296160353808, "VARZOS": 0.0257157312861079}