{"ANTH": 0.0404673423414032, "BCG": 0.7014077825029659, "COVID19": 0.6718154927526195, "COVID19-2": 0.2879524695670577, "DTAP": 0.2215486020056249, "DTAPIPV": 0.1051138318942284, "DTAPIPVHIB": 0.1283166539171688, "DTP": 0.1281255078680497, "FLU(H1N1)": 1.723439190639403, "FLU3": 1.5138425546594845, "FLU4": 0.9674538478019052, "FLUA3": 2.522609293603942, "FLUC4": 0.2224282399916136, "FLUN(H1N1)": 1.4784258197874118, "FLUN3": 2.445516761995912, "FLUN4": 1.6298858674648504, "FLUX": 2.004785062550528, "FLUX(H1N1)": 0.1223328294604532, "HEP": 0.8799737519974243, "HEPA": 0.2203090840978256, "HEPAB": 0.49519047884837, "HPV2": 0.7704460699325316, "HPV4": 1.771127704460583, "HPV9": 0.0293279892475423, "HPVX": 0.1228069732300555, "IPV": 0.1435850211132061, "JEV": 4.301324144656856, "LYME": 0.0909283418738226, "MEA": 2.066047704348222, "MEN": 0.17643373040094, "MENB": 1.2355086119720045, "MMR": 0.6781586220212337, "MMRV": 0.1824694999478425, "PNC": 2.966456225276436, "PNC13": 0.7095243782045472, "PNC20": 0.2296189350578525, "PPV": 0.6314686848251406, "RAB": 1.1817752979961382, "RV1": 0.2056359569019847, "RV5": 0.7468195555764795, "RVX": 0.6001913877306178, "TD": 0.0264494457021427, "TDAP": 0.1430773588938819, "TYP": 1.0186088542564848, "UNK": 0.2872193900310296, "VARCEL": 0.1230585394334681, "VARZOS": 0.0753049942069805, "YF": 0.5485645166968806}