{"COVID19": 0.844535449102701, "HEPAB": 4.461063860266778}