{"COVID19": 6.368428092235583, "HEPAB": 33.637855669794966}