{"COVID19": 0.1870717754135258, "COVID19-2": 1.4989728648666747, "DTAPIPVHIB": 4.371377133838586, "PNC13": 1.2356452556221045, "RV1": 4.169774509335746}