{"DTP": 9.266949515372987, "HIBV": 3.603308570730983}