{"HEP": 1.510143382711325, "HPV4": 2.142880356418944, "MMR": 1.3806016027963857, "YF": 20.005614702580505}