{"COVID19": 0.013146863610546, "HEP": 10.892806405039275, "HPV2": 6.809723315539448, "MEA": 73.76341478173083, "TD": 2.9676657600610445}