{"COVID19": 0.6353651798804639, "HEPAB": 5.779963772426114, "TYP": 4.096231783258739}