{"COVID19": 2.533815876642404, "VARZOS": 0.1563175224648798}