{"ANTH": 0.8192996551091071, "COVID19": 0.5665241743462728, "FLU3": 2.1443419971970754, "FLUN3": 6.463156608152945, "FLUN4": 2.9287442029929487, "HEP": 0.1363804535594395, "HEPAB": 1.2857053299869303, "MMR": 0.1246815820124777, "PPV": 0.1323218892214, "TD": 0.5287061276394004, "TDAP": 0.2084845645328412, "TYP": 0.911172676219948, "VARZOS": 0.3249706762303823}