{"COVID19": 0.2467577010301639, "COVID19-2": 0.7843028911693352, "FLU3": 0.9332459932218612, "FLU4": 4.670924725612676, "FLUR4": 3.513912267882564, "FLUX": 4.197208347538699, "MENB": 0.608508676009601, "MMR": 0.1020080197369538, "PNC13": 1.2666974363843206, "PPV": 0.3886171369232365, "TDAP": 3.492616359919845, "UNK": 0.2000958764861727, "VARZOS": 0.0738866301538419}