{"ANTH": 6.302117330058431, "BCG": 109.17406304474144, "COVID19": 0.9021939797333745, "COVID19-2": 2.109411266412537, "DTP": 6.559562616381577, "FLU3": 0.448426641, "FLUA3": 6.724831864165948, "FLUX": 1.166271431122461, "HEP": 5.026625523067424, "HEPA": 3.3028950883234045, "HEPAB": 3.686340347374791, "HIBV": 3.051127811392292, "HPV2": 2.054245222662148, "HPV4": 1.1759469033593375, "HPVX": 6.287300018979357, "LYME": 4.655342796538335, "MMR": 0.6421083953534817, "PPV": 0.3705297589617767, "TD": 2.727134443484754, "TDAP": 2.0866750683159694}