{"COVID19": 0.7960535115294479, "HEPAB": 67.27571133958993, "TDAP": 12.520050409895816, "VARZOS": 2.957800188104573}