{"COVID19": 0.2875041314001436, "HEPA": 4.804768210547591}