{"COVID19": 0.4450237565193547, "DTAP": 0.1626504999670385, "FLU3": 0.3402886542754865, "FLUA3": 2.747152573048882, "FLUX": 0.8270469910667227, "HEP": 0.1252451768939042, "HEPA": 0.2420133965209553, "HEPAB": 1.180729287245667, "HPV4": 1.2536097811652984, "LYME": 18.84175817182019, "MNQ": 0.336850201419605, "PNC13": 0.2021630895169418, "RAB": 1.3642107287421208, "TD": 0.4855380030471177, "TDAP": 0.6882099778047915, "UNK": 0.2246027165782602, "VARZOS": 0.2981126451396677}