{"COVID19": 2.163333608285085, "COVID19-2": 0.0931938309792393, "DTAPHEPBIP": 3.1125209791908, "FLU3": 0.2791149234928796, "HPV4": 0.0697554134184056, "PPV": 0.0668536011817897, "RV1": 0.5346669078118742, "TDAP": 0.1237790326971556, "VARZOS": 0.029241944409508}