{"COVID19": 2.1421229539158, "COVID19-2": 0.0858208891539911, "DTAPHEPBIP": 1.0444269169031746, "DTPIPV": 11.007905126773275, "FLU3": 0.2296617528974796, "HEP": 0.0438280503642321, "HEPA": 0.0846896928050025, "HIBV": 0.2067327604449244, "HPV4": 0.0621916347365924, "PNC": 0.1210256655538469, "PNC13": 0.2522818431433182, "PPV": 0.042523765460975, "RV1": 0.8513485810411231, "RV5": 0.5479848068118867, "TDAP": 0.0669998660436779, "TYP": 0.2928200249451337, "UNK": 0.2802846047420138, "VARZOS": 0.0290224362235489}