{"COVID19": 6.448033443388528, "FLU4": 0.915032817, "FLUX": 0.7438828043083143, "HEP": 0.1648674552026487, "HPV2": 1.7539169737349334, "HPV9": 1.2820741487000376, "MENB": 1.615205900392685, "PPV": 0.1577182064385405, "RV1": 1.2613120570656051, "UNK": 0.422550252290286, "VARZOS": 0.2081736202771546}