{"ANTH": 1.4648989435486912, "COVID19": 1.0137775488708354, "COVID19-2": 2.2455023158585075, "DTAP": 2.9366719321278563, "DTAPHEPBIP": 6.082012958893354, "DTAPIPVHIB": 2.316726442526475, "FLU(H1N1)": 2.1530368385355527, "FLU3": 0.8027390486144392, "FLU4": 0.9485096271000438, "FLUA3": 2.371559063208281, "FLUC4": 1.1303289218400938, "FLUN3": 1.3204148588486806, "FLUR3": 24.645025903337928, "FLUX": 1.4506930178790411, "HEP": 0.273847637455247, "HEPA": 1.1596120770142704, "HIBV": 5.432495859308227, "HPV2": 0.7244439674122551, "HPV4": 0.5493474585036322, "IPV": 10.44513348673072, "MMR": 0.4539846281918079, "MMRV": 0.9272798032342991, "PNC": 1.3928418517858556, "PNC13": 2.326966137107521, "PNC20": 4.145374025976414, "PPV": 1.0633384728927646, "RAB": 1.1111661706371252, "RV1": 3.150218706, "RV5": 4.9878974470678274, "TD": 0.4775778916730547, "TDAP": 0.2419333412540254, "TTOX": 2.4212039141719464, "UNK": 2.486625381737688, "VARZOS": 0.5245359939495795}