{"6VAX-F": 0.3697607216140733, "COVID19": 2.685470779882693, "COVID19-2": 4.918296209371838, "DTAP": 0.1719082185733418, "DTAPHEPBIP": 0.2938725272744268, "DTAPIPV": 0.0795156192357556, "DTAPIPVHIB": 0.0706357466352349, "FLU(H1N1)": 0.3427343320818788, "FLU4": 0.1384415029807834, "FLUA4": 0.2936632302748572, "FLUX": 0.0807898820510876, "HIBV": 0.01636150192273, "HPV2": 1.177580516920664, "HPV4": 0.3383370852330703, "HPV9": 0.1862900241194192, "MMR": 0.0113086039168703, "MMRV": 0.0621131944476685, "MNQ": 0.0332686091458554, "PNC13": 0.2966632268296138, "PPV": 0.0426682840918432, "RV1": 0.0673781076196537, "RV5": 0.154187588225743, "TDAP": 0.0672276206763477, "UNK": 0.2373870236161901, "VARZOS": 0.0564097153851031}