{"COVID19": 0.3831944227868202, "FLUX": 7.96026006875967, "SMALL": 5.677408412702245}