{"COVID19": 4.378294313411963, "FLU3": 2.9555392244440712}