{"COVID19": 2.740368484742945, "COVID19-2": 0.6893889086251673, "DTAPIPVHIB": 0.2895799361312551, "FLU(H1N1)": 0.3952124081546425, "FLU3": 0.0383311193396967, "FLU4": 0.0824130221831431, "FLUX": 0.6467763521385534, "HPV9": 0.214815070539805, "MMR": 0.0463610158245667, "TDAP": 0.0775219257062465, "UNK": 0.6313602887878141, "VARZOS": 0.0335802932353041}