{"COVID19": 0.6781239589020048, "COVID19-2": 7.112294258893366, "FLU4": 0.1712271004962229, "FLUX": 0.1861464970767027, "HEP": 0.1244930101322231, "UNK": 1.1436363850895126, "VARZOS": 0.0520922593656488}