{"COVID19": 0.7618565251815627, "COVID19-2": 1.2831785124904325, "FLUX": 0.3971684135029417, "HEP": 0.2656224718234209, "UNK": 0.6807887091920494}