{"COVID19": 3.079470163021812, "COVID19-2": 3.3200010655329395, "FLU(H1N1)": 1.7920225807609047, "FLU3": 0.39647477401079, "FLUX": 1.0311546189802243, "PPV": 0.3278626958086024, "TDAP": 0.6070327471464638, "VARZOS": 0.7348571895911983}