{"COVID19": 9.254122071529832, "COVID19-2": 0.7855359663984187, "FLU3": 0.3386555361342165, "VARZOS": 0.4981558211544543}