{"COVID19": 2.268180007029956, "COVID19-2": 1.6302130797725514, "FLU3": 0.0923111293640544, "FLU4": 0.1984718558848923, "FLUA4": 0.8137788084305001, "FLUX": 0.0629718587562682, "HEPA": 0.0662359991762869, "IPV": 0.062795100245744, "MMR": 0.0313376090416259, "PNC13": 0.0553294747934446, "PPV": 0.0332579325010387, "TDAP": 0.0524007458326305, "UNK": 0.922596890388898, "VARCEL": 0.2732427355188171, "VARZOS": 0.4432473786629446}