{"ANTH": 0.4787608889585169, "COVID19": 0.8674111581718974, "FLU3": 0.0602388567013807, "FLU4": 2.599778035710425, "FLUA3": 1.7480339943954737, "FLUX": 0.1464059783811926, "HEPA": 0.1539949184174803, "LYME": 6.082284624644524, "PNC20": 3.112176562383316, "PPV": 0.0773227961878676, "TDAP": 1.333484925066716, "UNK": 3.5914152209466943, "VARZOS": 0.052772747276068}