{"FLU(H1N1)": 13.140112309846424, "FLUN4": 82.46880962491451, "FLUX": 6.475297096101882, "HPV2": 14.84713472834512, "HPV4": 7.093801815872027}