{"COVID19": 0.3029852344849545, "COVID19-2": 1.798179835508856, "DTAPIPVHIB": 2.079211075573019, "HEP": 0.4392801294264887, "HPV4": 0.1223517458411567, "LYME": 1.4733805109379698, "MMR": 0.7282427191810071, "PPV": 0.11726193604841, "TD": 0.4285804822648154, "VARZOS": 4.394296431989672}