{"COVID19": 1.5546527164556334, "COVID19-2": 0.1984372852644639, "DT": 0.7874269153708834, "DTAP": 0.0919305719746016, "DTAPIPVHIB": 0.3661842169180517, "FLU3": 0.0124111000475088, "FLUC4": 0.178651456737771, "FLUX": 0.2224971014119279, "HEP": 0.5176070194100825, "HEPA": 0.09141624950842, "HEPAB": 0.730817423676976, "HIBV": 0.1700644649970936, "HPV4": 0.0766403533810203, "LYME": 1.788708929542964, "MMR": 0.3835332129117574, "PNC": 0.2201449110865831, "PPV": 0.0206517961792086, "RAB": 0.175622582379976, "RUB": 1.1253143682616649, "SMALL": 0.2047730990305962, "TD": 0.0754802278004269, "TTOX": 0.3826998319551112, "VARZOS": 0.9750185108129646}