{"COVID19": 0.5095049091264724, "VARZOS": 0.3028976198934447}