{"COVID19": 0.1242031987525019, "TYP": 24.721902702973136}