{"COVID19": 1.5921070230588958, "MNQ": 74.16568769799366}