{"ANTH": 0.8793652088453627, "COVID19": 2.144921961621012, "COVID19-2": 2.0199496278816484, "DTAPIPV": 2.284029324311716, "FLU(H1N1)": 1.7241033575833775, "FLU3": 0.7717728538607664, "FLU4": 0.4535148071265515, "FLUX": 0.7417077083892842, "PNC13": 0.4611090843396202, "PPV": 0.4745381123545562, "SMALL": 14.367179920341782, "SMALLMNK": 5.314880820438328, "TDAP": 1.1749020912512202, "UNK": 0.8451005045805721, "VARZOS": 0.5617187300851415}