{"COVID19": 0.1990133778823619, "MMRV": 191.94691926949992, "PPV": 27.0486724}