{"COVID19": 0.3344104856063776, "MMRV": 6.11103978377607}