{"ANTH": 2.5237298832824755, "DT": 7.606679963701096, "DTAP": 8.441408063517045, "DTAPHEPBIP": 2.066563891521795, "DTAPIPV": 6.361453597333708, "DTP": 3.833936677957896, "DTPHIB": 2.039122401933477, "MNQ": 3.049809667891785, "PNC": 3.616056474081872, "PNC13": 8.138370282197764, "PNC20": 3.271001682674658, "PPV": 14.958673766542272, "SMALL": 8.70446925761849, "TD": 9.821837119801296, "TDAP": 4.0705971054614025, "TTOX": 4.49442555391054, "TYP": 2.0118386872387526, "VARCEL": 2.859665447788004}