{"COVID19": 0.2757892303689728, "COVID19-2": 0.8171177329229662, "HPV2": 3.249844990265298, "UNK": 1.570445845257209, "VARZOS": 0.2563916060557464}