{"BCG": 57.64624891262273, "COVID19": 0.0203314158584346, "DT": 8.840848963957413, "DTAPHEPBIP": 2.1585155954927915, "FLUX": 0.593411989343547, "HEP": 1.1838564177738966, "HIBV": 0.4272576560981039, "HPV9": 1.3683190931749307, "MMR": 0.2953083279601561, "MNQ": 0.8687629249668644, "PNC13": 0.5213943966428285, "RV1": 1.7594840676557797, "TDAP": 3.63763637131727, "VARCEL": 0.372173084572013}