{"COVID19": 1.422209909208045, "COVID19-2": 0.6809765997256804, "FLUX": 0.2127444982856402, "PPV": 0.1361116252363543, "RAB": 1.157490945727405, "TDAP": 0.2520098338347975}