{"COVID19": 2.327781628508291, "COVID19-2": 0.3356214226243442, "FLU3": 0.0405325750877199, "FLUX(H1N1)": 1.1401274694838783, "HEPAB": 0.6710375485031603, "PPV": 0.0674453086418955, "UNK": 0.1806976683190716, "VARZOS": 0.1053095520179544}