{"ANTH": 0.4560326108182986, "COVID19": 3.913208702056444, "COVID19-2": 0.4951257000329427, "DF": 92.84710867397806, "DTAP": 0.1208870976076728, "DTAPIPVHIB": 0.4814883269106227, "FLU3": 0.2299914303003471, "FLU4": 0.1564158661080011, "FLUA3": 0.4928842631366608, "FLUA4": 0.7549699967705323, "FLUC3": 1.219406180757513, "FLUC4": 0.4700714953709681, "FLUR4": 0.6676843866538903, "FLUX": 0.4692742009688004, "HEP": 0.3425514616931359, "HEPA": 0.1202107901121721, "HIBV": 0.2236268375819651, "HPV4": 0.2560529547637267, "HPV9": 0.7727304914370317, "IPV": 0.538773828, "JEV": 4.536871936644373, "MMR": 0.2830835200451182, "MMRV": 0.1927177904312248, "MNQ": 0.1489270837309109, "PNC": 0.2894761679916387, "PNC13": 0.6392807053413777, "PPV": 0.190675435, "RAB": 0.6935017004679948, "TD": 0.099255646, "TDAP": 0.2014286642114962, "TTOX": 0.5032020183068202, "UNK": 0.7308862155096727, "VARCEL": 0.1298692713868838, "VARZOS": 0.1794418718769205}