{"COVID19": 0.9765912857470308, "HPV4": 0.1939902787059721, "HPVX": 3.155064244558431, "PNC13": 3.8657259328548856, "UNK": 0.4981127125267897}