{"COVID19": 0.1750672379032324, "DTAPIPV": 1.3151252054415257, "FLU4": 0.3324808697878711, "HEP": 1.468130942779204, "HEPA": 0.3953229167160962, "HPV2": 1.8199130048046617, "HPV4": 2.083267378469428, "HPV9": 6.219133312947156, "IPV": 0.3747862584131019, "MENB": 1.115722482602728, "MMR": 2.1379702750027247, "MNQ": 0.5502364901530805}