{"COVID19": 1.7298855154389927, "FLU3": 0.4746121382318947, "FLU4": 3.508772455137004, "FLUC4": 3.3909867655202808, "FLUR4": 19.4164569082416, "FLUX": 1.2343748723558892, "HEP": 0.4097792545978878, "HEPAB": 3.900041237077677, "HPV4": 0.8240211877554482, "PPV": 0.3920097449885464, "UNK": 2.115835569862308, "VARCEL": 1.2576148421406266, "VARZOS": 0.7011081927358987}