{"COVID19": 0.5611787434760848, "COVID19-2": 0.3542207037099103, "FLU3": 0.152708797519746, "FLU4": 0.3653358906537544, "VARCEL": 0.4046460988156206, "VARZOS": 0.7975979355522677}