{"COVID19": 0.0212146240382213, "FLUX": 0.615689408, "HPV2": 31.10870291978264, "HPV4": 185.0479745657416, "HPV9": 9.940111409820442, "HPVX": 22.66532846348114, "TDAP": 0.2419333412540254, "UNK": 1.7674967870191234}