{"COVID19": 5.174347824941412, "COVID19-2": 5.800880982634476}