{"COVID19": 3.5120007861593288, "COVID19-2": 1.3794777946508818, "FLU3": 0.195848985, "FLU4": 0.942761083905498, "FLUA4": 9.059639961246388, "FLUN3": 6.626081837131561, "FLUX": 0.5093655346769783, "HEP": 0.3406598622560754, "HIBV": 2.6835220509835818, "HPV4": 0.3400328395255916, "MENB": 1.6638566805249946, "PNC13": 0.955551355, "PPV": 0.3258876193278277, "VARCEL": 0.5189555222086321}