{"ANTH": 1.017555373839413, "BCG": 0.091982851, "CHOL": 0.9178517043040706, "COVID19": 2.609450741506875, "COVID19-2": 0.6084581793661472, "DF": 0.754711912, "DT": 0.6155322539591818, "DTAP": 0.1141766908021964, "DTAPH": 0.4018420806667422, "DTAPIPV": 0.041375454, "DTOX": 1.3532533496199222, "DTP": 0.084057098, "EBZR": 0.8289494397857052, "FLU(H1N1)": 0.6553873527428351, "FLU3": 0.693557213, "FLU4": 0.4200050041152419, "FLUA3": 0.5862879864715965, "FLUA4": 0.5545452214167426, "FLUC3": 0.3411357505889987, "FLUC4": 0.4192787346626331, "FLUN(H1N1)": 0.581526041, "FLUN3": 0.4801761634898227, "FLUN4": 0.3465591599446115, "FLUR3": 0.5372943560874458, "FLUR4": 0.3736294116762552, "FLUX": 0.546709049, "FLUX(H1N1)": 0.3532369718166174, "HEP": 0.6831110149127015, "HEPA": 0.2650894114448883, "HEPAB": 0.302468952, "HIBV": 0.086025724, "HPV2": 0.3214687486255573, "HPV4": 0.6838834220709057, "HPV9": 0.2967056914655663, "HPVX": 0.6449418975416188, "IPV": 0.094198173, "JEV": 1.4278924930246006, "JEV1": 0.3842742986855626, "LYME": 0.7404702687447728, "MEA": 0.4575437858785658, "MEN": 0.7411212099955574, "MENB": 0.2717550724253347, "MER": 0.335433073, "MMR": 0.2243244475005055, "MMRV": 0.026955051, "MNQ": 0.3336335146321497, "MU": 0.4410205964633621, "OPV": 0.7015939607778083, "PER": 0.618469539, "PNC": 0.091107012, "PNC13": 0.2817037510558239, "PNC15": 0.4485169956008134, "PNC20": 0.5122490105315075, "PPV": 0.3440091169898783, "RAB": 0.7116589186529031, "RSV": 0.6339993183015546, "RUB": 0.3621142439830902, "SMALL": 4.624493001535051, "SMALLMNK": 0.417285188, "TD": 0.5742839048037455, "TDAP": 0.3546219206833149, "TDAPIPV": 0.4856655624920784, "TTOX": 0.6337927345935558, "TYP": 0.4132177585168777, "UNK": 0.8727153883673027, "VARCEL": 0.1029447830502431, "VARZOS": 0.2446431055227035, "YF": 0.6282519356862432}