{"HPVX": 57.417575019989016, "MENB": 17.275490927168942}