{"FLU3": 0.3522693003418452, "HPV4": 11.541050692793732, "TDAP": 28.85256424033098, "YF": 12.50528097712278}