{"6VAX-F": 1.6267837006837864, "ANTH": 0.3856281142345842, "BCG": 0.8786526731385311, "COVID19": 0.9031724911188866, "COVID19-2": 0.1256945278292972, "DTAPIPV": 0.116001275659062, "DTAPIPVHIB": 0.1030468831765257, "DTP": 0.0613860557579396, "FLU(H1N1)": 0.9696948644299306, "FLU3": 0.0485203034968734, "FLU4": 0.5671874059935281, "FLUA4": 0.4284102761594658, "FLUN(H1N1)": 0.534710096092572, "FLUN4": 0.3875241297373393, "FLUX": 0.4938485379063844, "HEP": 0.2688199103191501, "HEPA": 0.8369195791814086, "HEPAB": 0.1701212554620332, "HIBV": 0.4616333901273485, "HPV2": 0.1605263563369221, "HPV4": 1.6999506072528356, "HPV9": 1.138752295082523, "HPVX": 0.4063374713213527, "IPV": 0.4924623219133585, "MENB": 0.6785587221746223, "MMR": 0.5583896896763049, "MMRV": 0.3223312532225851, "MNC": 8.904549635637292, "OPV": 0.0622437828083972, "PNC": 0.177256158159425, "PNC13": 0.9858937466606416, "PPV": 0.5926072258959381, "RAB": 0.1965575467375358, "RV1": 0.0982944800353921, "RV5": 0.0632690618984518, "SMALLMNK": 6.870199015910096, "TD": 0.0699570357284869, "TDAP": 0.7957257411048174, "UNK": 0.4820775076356737, "VARCEL": 0.0739595854558884, "VARZOS": 0.0119495309015008}