{"COVID19": 0.0956277440865355, "FLU(H1N1)": 0.9258760951558698, "FLU3": 0.3663136817150711, "FLUC4": 1.4653408883907368, "FLUX": 0.2647605308225022, "HEP": 0.1770693314020786, "HEPA": 0.7498175685946721, "HEPAB": 1.6853303822157162, "HPV4": 1.9725292339050784, "IPV": 12.094486608083937, "PNC": 1.8056796629564296, "PNC13": 3.5119409214209734, "PPV": 0.6095384187261939, "TDAP": 10.085597558443745, "TYP": 2.2326456077591885, "UNK": 1.6330652746909735}