{"COVID19": 0.194590858373865, "FLU(H1N1)": 4.480056451902262, "FLU4": 1.1784513548818727, "FLUN3": 8.282602296414451, "FLUX": 2.6016824232731817, "HEPA": 3.628180210658285, "HPV4": 24.01934100478648, "HPV9": 3.321737567086461, "IPV": 16.261173723660328, "MMR": 1.4204216018425506, "PNC": 17.74266235813367, "PPV": 0.8196567395215062, "RAB": 6.970042343087422, "SMALLMNK": 27.70180306, "TDAP": 3.081858562435893, "TYP": 10.802665726442836, "UNK": 16.909052595816277, "VARCEL": 1.3052517679792863}