{"FLU3": 1.34064685342566, "FLU4": 1.1853179636644626, "FLUX": 1.2886004888962912, "PNC13": 1.3489648593643306, "RV1": 26.61686118436591, "RV5": 12.326299365766632, "RVX": 42.36001358696474}