{"COVID19": 1.0208805974023931, "COVID19-2": 0.4117433934506834, "FLU(H1N1)": 0.1503746086414192, "FLU3": 0.5619244656510823, "FLUX": 0.6417841258197363, "FLUX(H1N1)": 4.993500971334068, "HEP": 2.2637199163560986, "HEPA": 0.8404067569135502, "HEPAB": 0.2737201668062629, "HPV2": 0.1525290021248757, "HPV4": 0.1021513071041225, "HPV9": 0.3967665526481726, "JEV1": 5.573222928770734, "MM": 18.645346311198487, "MMR": 0.0476758869806919, "PNC13": 0.0806682719538661, "PPV": 0.1898530742808445, "RAB": 0.8325707741984609, "SMALL": 1.8825615430249765, "TD": 0.100551147036318, "TYP": 0.3626115349991523}