{"COVID19": 1.127742474666718, "HEP": 2.570433506114024, "HEPAB": 51.25768483016376, "HPV2": 13.6327183, "HPV4": 2.565702334602191, "TDAP": 4.552745603598478}