{"COVID19": 0.4446344083251689, "HEP": 0.346466323080887, "HEPAB": 12.019371512691098, "HPV2": 1.837588837241316, "HPV4": 0.3458286090836769, "TDAP": 0.6136631558634846}