{"COVID19": 2.587173912470706, "FLU(H1N1)": 6.720084677853393, "FLU3": 0.7388848061110178, "PNC": 13.105375605439642, "UNK": 3.2939712848992757, "VARZOS": 1.1005768141784458}