{"COVID19": 3.5696501544086257, "FLU3": 0.0533137266166926, "FLUX": 0.129574974617102, "IPV": 0.1292112648657467, "PPV": 0.0684336762879279, "RAB": 2.746864456429988, "TYP": 0.4712364892544101, "YF": 0.9343860544298394}