{"COVID19": 1.4086341412742336, "COVID19-2": 12.941763998820637}