{"COVID19": 0.491495313490506, "FLU3": 0.2862901484088416, "FLUX": 0.7445896784345271, "VARZOS": 0.2083701030726584}