{"6VAX-F": 6.25044199584758, "ANTH": 0.4095956253889292, "COVID19": 0.34314592721346, "DT": 1.86609565559513, "DTAP": 0.0885439761889985, "DTAPHEPBIP": 0.4556112883277644, "DTAPIPV": 0.4382866217761556, "DTP": 0.2319344161212274, "FLU4": 0.1108045757417275, "FLUX": 0.1252551092934092, "HEP": 0.2437169429944874, "HEPA": 0.1317476960721712, "HIBV": 0.3223667639014368, "HPV2": 12.089349561189415, "HPV4": 0.0967485457637076, "HPVX": 1.5352610269591878, "IPV": 0.4464741182432914, "MMR": 0.2228105977664124, "OPV": 0.235175158837172, "PNC": 0.1882738263000977, "PNC10": 4.128115923889554, "PNC13": 2.193571829684434, "PPV": 0.0661521842720705, "RV1": 0.3713851933045904, "RVX": 1.8629003493101617, "SMALL": 2.4817926994181305, "TD": 0.2643180756169331, "TDAP": 0.1042284807067148, "TTOX": 1.2758544449318436, "TYP": 0.4555260637839229, "UNK": 0.4370591288359961, "VARCEL": 0.2808052741898806, "VARZOS": 0.161386511758448}