{"6VAX-F": 14.050619124732084, "CHOL": 35.862247566863054, "COVID19": 0.3218204974474919, "COVID19-2": 2.0451780803683017, "DTAP": 0.3293827668389964, "DTAPIPV": 1.074774347072302, "DTP": 1.3100654336334363, "FLU(H1N1)": 0.4044469709793542, "FLU3": 0.3093041130618912, "FLUX": 0.1156543297686864, "FLUX(H1N1)": 1.2508361313227434, "HEPA": 0.3275399746334348, "HPV4": 0.2757463579225865, "MMRV": 0.5251089842274596, "MNQ": 0.4057861599424138, "PNC": 0.7887684050501217, "PNC13": 0.2169650849107758, "PPV": 0.5146760622461859, "RV1": 14.646796118001204, "RV5": 4.323245628526449, "TD": 0.2704419884385564, "TDAP": 0.4893051505439034, "TTOX": 4.8975068160243325, "UNK": 0.7080422386102944, "VARZOS": 0.0323653429910727, "YF": 1.5785985444621156}