{"CHOL": 1188.4093544137022, "COVID19": 0.1741367056470667, "FLU(H1N1)": 13.440169355706786, "FLU3": 6.844406625028376, "FLUX(H1N1)": 41.56373046478588, "HPV4": 8.466817704187232, "PPV": 5.152128076992324, "RV1": 41.202860530809765, "RV5": 13.214689340283597, "TDAP": 4.552745603598478}