{"6VAX-F": 0.1658748324178936, "ANTH": 0.1185169846268338, "COVID19": 0.9601833509787028, "COVID19-2": 0.0386305366605494, "DTAP": 0.3819553454400333, "DTAPHEPBIP": 0.9093061458378932, "DTAPIPVHIB": 3.254401609300785, "EBZR": 25.56423455326983, "FLU3": 0.1599704591061167, "FLU4": 0.1140669915829277, "FLUC4": 0.2216623494344294, "FLUN4": 0.4236619708369468, "FLUX": 0.1289430304122126, "HEP": 0.2941153274262328, "HEPA": 0.7380149464644421, "HIBV": 0.6270753994346236, "HPV4": 0.0279943058230933, "HPVX": 0.4442297153408974, "IPV": 0.2492786671692385, "MEN": 0.2129842158029832, "MMR": 0.0641677269496206, "MNQ": 0.0530598115831802, "PNC13": 2.876234237026912, "PPV": 0.0680998380147385, "RV1": 1.1528104538048851, "RV5": 4.211636469877798, "TD": 0.0764807494561064, "TDAP": 0.7247324267907327, "UNK": 1.382039525559242, "VARCEL": 0.1567811188119312, "VARZOS": 0.0464780653334156}