{"COVID19": 2.4616130311630684, "DTAPIPV": 0.4382866217761556, "FLU3": 0.0515363145484644, "FLUX": 0.4477308770974298, "HEP": 0.2437169429944874, "HPV4": 0.6741739911983061, "UNK": 1.3331062254510195}