{"COVID19": 1.4936275251800708, "DTAPIPV": 1.272696841491494, "FLUX": 1.3167210890016092, "HEP": 0.1979846244609882, "UNK": 0.3550466762566924}