{"ANTH": 1.977134848645783, "COVID19": 30.250033438119026, "HEP": 0.3696048178726047}