{"6VAX-F": 4.2980419538291965, "COVID19": 0.1126205918894959, "DTAP": 0.663857492116889, "HEP": 0.5111878031833995, "HIBV": 0.6761527367943188, "IPV": 0.9364627495680048, "PNC13": 3.080790501491113, "VARZOS": 0.3385027615424059}