{"COVID19": 0.0625179746420054, "DTAPIPV": 1.9726497071333255, "HPV2": 2.729816586464887, "HPV4": 7.48746010532242, "HPVX": 6.909927857499523, "MEN": 3.312941274327943, "MENB": 1.6735514471492157, "MMR": 0.280547703768175, "PPV": 0.2977392609235453, "RV1": 6.116472391205526, "RV5": 1.0759168409314763, "UNK": 0.5503139469446118}