{"6VAX-F": 4.687772470674287, "COVID19": 0.0359145224451256, "DTAP": 0.724053698912033, "HIBV": 2.766087432848049, "IPV": 1.0213778120873995, "OPV": 1.9231053300573235, "PNC": 1.5395777148032264, "PNC13": 0.8999475997456233, "RV5": 1.954782688546528}