{"ANTH": 2.4575902677637425, "COVID19": 0.6549960592427407, "PPV": 0.3969159659411074, "UNK": 2.7116662380756806}