{"COVID19": 0.597040134, "HEP": 37.69969142300568}