{"COVID19": 1.7513177253647854, "DTAP": 9.261811478249394, "DTP": 36.83446699968116, "FLU3": 1.2504204411109534, "HPV4": 2.170978898509546, "PNC13": 6.100827885108822}