{"COVID19": 6.437061733586911, "COVID19-2": 0.1935641543952859, "FLU3": 0.0209853906352542, "FLU4": 0.1606485998907639, "FLUX": 0.0510034031848444, "HPV9": 0.1176062256333237, "MMR": 0.0253815710333757, "PNC": 0.0766643853975064, "PPV": 0.0269369170814127, "VARZOS": 0.1977471559521233}