{"COVID19": 0.6933348209905582, "FLUX": 0.6263645371729376, "RV1": 1.8571893104987844, "UNK": 0.6114350614830104, "VARZOS": 0.8289336563109295}