{"COVID19": 0.512665245968459, "DT": 2.89589850192576, "DTAP": 0.4929720926516911, "FLU3": 0.0799765957404373, "FLUC4": 1.1888200628463026, "FLUX": 0.1943770565338438, "HEP": 1.1684710632514328, "HEPA": 1.4361634086996995, "HPV2": 0.941220334458064, "HPV4": 0.5386514457840703, "IPV": 0.1938314509504098, "MENB": 0.5770279046991226, "MMR": 0.3470386846166473, "MNQ": 0.2845705716175832, "RUB": 8.608878584601687, "TDAP": 1.7862427284105438, "UNK": 0.1897440549606681}