{"COVID19": 0.0079862258722262, "DTAPIPV": 15.766076731295282, "FLUX": 1.6965651166984204, "HEP": 1.134646873300884, "HPV4": 9.474710779628944}