{"6VAX-F": 8.358012019442558, "COVID19": 0.0817770835120092, "DTAPIPV": 1.4995865463585738, "DTAPIPVHIB": 4.060394212985712, "DTP": 0.2220633144195866, "DTPIPV": 4.597207572635324, "FLU4": 0.3791125322778171, "FLUN4": 1.4018635200942764, "FLUX": 0.119924266297374, "HEP": 0.7110429026701306, "HEPA": 0.1261405293418553, "HEPAB": 0.6154115357383753, "HIBV": 0.086345675403271, "HPV4": 3.819397188431097, "HPV9": 0.2765274292847266, "HPVX": 1.4699205194459106, "IPV": 0.119587645546936, "MEN": 4.907990233016961, "MENB": 2.479266741623344, "MMR": 0.4156100176253625, "MMRV": 0.3277942000170458, "MNQ": 1.912379254228404, "PNC10": 3.95242397445818, "PNC13": 3.1691293169622607, "PPV": 0.6898828132223405, "RAB": 4.951842569674607, "RV5": 1.5938989723460268, "TDAP": 1.9855217603336428, "TYP": 0.4361389287913081, "UNK": 0.1170658562791978, "YF": 0.8647932536465419}