{"6VAX-F": 0.0800802607081112, "COVID19": 7.924354000105898, "COVID19-2": 0.0360865768930447, "DF": 0.3845157611440999, "DTAP": 0.0991323745230741, "DTAPHEPBIP": 0.0179184753395035, "DTP": 0.0091216152311231, "FLU3": 0.0216208755780964, "FLU4": 0.1452573140831997, "FLUN3": 0.0353139499039238, "FLUX": 0.140234023642973, "HEP": 0.009524239599688, "HEPA": 0.0051814292120246, "HEPAB": 0.0252790418884382, "HIBV": 0.0243763392463871, "HPV2": 0.0238532949090273, "HPV4": 0.0903178477735382, "HPV9": 0.0403454243589787, "IPV": 0.0174478089535926, "MEN": 0.1028238514602573, "MENB": 0.1559962562809916, "MMR": 0.0168482139454396, "MNQ": 0.0769313279696093, "PNC": 0.0263000592401522, "PNC13": 0.0829575863569822, "PPV": 0.0026016610858089, "RAB": 0.103742561017538, "RV1": 0.0518791710432648, "RV5": 0.0094014191301773, "RVX": 0.0732649681548363, "SMALLMNK": 0.1480411296146813, "TDAP": 0.097300665072544, "TDAPIPV": 1.2167284787298127, "TYP": 0.0179151235918356, "UNK": 2.038956859036488, "VARCEL": 0.0109736184133113, "YF": 0.0355228088347907}