{"COVID19": 0.0305295464594865, "FLU3": 1.343694905789924, "FLUN3": 3.23321206731453, "FLUX": 46.2323234505666, "MNQ": 0.6602907136528784, "PNC13": 0.3962782713271808, "PPV": 0.2381984747121726, "UNK": 0.4402642239662314}