{"COVID19": 0.5182918701535467, "COVID19-2": 0.9241131540774528, "HPV4": 0.6696750879940184, "MNQ": 1.2692877055364835, "VARCEL": 0.5437556530865744}