{"ANTH": 0.0205258765454036, "COVID19": 4.477477970713265, "COVID19-2": 0.5898232053078506, "FLU(H1N1)": 0.0200632410520509, "FLU3": 0.118754902577116, "FLU4": 0.2290901267639983, "FLUA4": 0.7015490211324722, "FLUX": 0.2198826899829655, "HEP": 0.040934133626374, "HEPA": 0.1116782262461619, "HPV2": 0.0203506839812489, "HPV4": 0.2265740963890586, "HPV9": 0.3531837637246773, "MENB": 0.0665690279072979, "MMR": 0.0437204905871577, "MNQ": 0.0201296736795979, "PER": 2.3999135061332573, "PNC13": 0.1148228418467679, "PNC20": 0.1164674972521647, "PPV": 0.0543045996642937, "RV1": 0.0293559944158382, "TDAP": 0.1005452560432559, "TYP": 0.0483802632449454, "UNK": 0.2334826974392685, "VARZOS": 0.1665088399154731}