{"ANTH": 2.250877486386179, "BCG": 3.598225207734659, "CHOL": 1.255357485978405, "COVID19": 0.9665609308146514, "COVID19-2": 0.0931684624008618, "DTAP": 0.3006750066432415, "DTAPIPV": 0.4749758552148793, "DTAPIPVHIB": 0.4219321026002617, "DTP": 0.1618565253218631, "DTPIPV": 0.4871108483681196, "FLU(H1N1)": 1.2834998894937404, "FLU3": 0.2831977687968693, "FLU4": 0.5491720403561486, "FLUA3": 0.539115281235815, "FLUA4": 0.1642102304239457, "FLUC4": 0.0777161918295157, "FLUN(H1N1)": 0.204955096959484, "FLUN4": 0.1485385149106344, "FLUR4": 0.2178294535769448, "FLUX": 1.790120739177481, "FLUX(H1N1)": 0.5632557308893618, "HEP": 0.7255700044366743, "HEPA": 0.4473868380550094, "HEPAB": 0.448565197010359, "HIBV": 0.6454502731512352, "HPV2": 2.368851130592396, "HPV4": 0.9721649465973784, "HPV9": 0.312994472565996, "HPVX": 1.0714403987156726, "IPV": 0.3620259368255924, "JEV1": 2.228966229390291, "JEVX": 7.948050138161212, "MEA": 0.6665097225369138, "MEN": 1.4348526782557698, "MENB": 0.1340393109252958, "MMR": 0.2758827800649159, "MMRV": 0.5147814512597643, "MNQ": 0.7161709240648078, "OPV": 0.3536077859445311, "PNC": 0.2040317889977246, "PNC13": 0.3189847273043544, "PPV": 0.3635142808066824, "RAB": 0.8048317028252726, "RV5": 0.1668214882348109, "RVX": 0.6715650071896775, "SMALL": 1.0439545666410108, "TBE": 1.3372011508022608, "TD": 0.0952819843959977, "TDAP": 1.047327464764238, "TTOX": 0.4599326480324029, "TYP": 0.4936588467826789, "UNK": 1.522101133211317, "VARCEL": 0.1181164130419712, "VARZOS": 0.0678846560322669, "YF": 0.630342203862398}