{"ANTH": 2.014082915190524, "COVID19": 0.8881007037901502, "FLU3": 0.130290344200498, "FLU4": 0.5448476509764838, "FLUN4": 1.0375552008882976, "FLUX": 0.6159040539250356, "HEP": 0.0483149663292451, "HEPA": 0.0933598373082096, "HEPAB": 0.4554818597212844, "HPV2": 4.65491554818471, "HPV4": 3.970830074064048, "HPV9": 0.2046650368859814, "HPVX": 3.881452289547211, "IPV": 0.0885098800939393, "MMR": 0.0441704530735261, "MMRV": 0.2426088886018536, "MNQ": 0.4635968547378689, "TBE": 9.340454656794217, "TD": 0.1873026514973841, "TDAP": 0.0738590067987033, "UNK": 0.3091136094740041, "VARCEL": 0.0556674245645024, "VARZOS": 0.0319936209316166}