{"ANTH": 0.8992480277438623, "COVID19": 1.022353562105699, "FLU3": 0.113145580410058, "FLUX": 0.990822811765848, "FLUX(H1N1)": 3.4303144095078246, "LYME": 3.192327176238757, "TDAP": 0.2288287752095299, "VARZOS": 1.1113665734053535}