{"COVID19": 27.46384614776596, "COVID19-2": 0.5425284372248071, "UNK": 1.042695946299051}