{"BCG": 0.6010798898728662, "COVID19": 3.598148290280978, "COVID19-2": 2.8716743170829577, "FLU3": 0.0093310991681739, "FLU4": 0.5758597895098958, "FLUA4": 2.0184164805455573, "FLUX": 0.0226785301979358, "HEP": 0.0850149977847279, "HPV9": 0.0522933020224192, "MENB": 0.0673235114706089, "MMR": 0.0112858493145818, "MNQ": 0.0332016677293233, "PNC13": 0.0199262208233306, "PNC20": 1.7139952043391773, "PPV": 0.0119774298782931, "RAB": 0.1344635771147672, "RV5": 0.0432819010270168, "TDAP": 0.0670921867957853, "UNK": 0.3289254605412809, "VARZOS": 0.3591213503999262}