{"COVID19": 1.7721150144301416, "COVID19-2": 3.45250226572749, "FLUX": 1.7528674449456385}