{"FLUX": 10.404804188163446, "HEP": 2.464611384698241}