{"COVID19": 3.335235227113034, "PNC": 0.4345478396691978, "PPV": 0.1526834112606883}