{"ANTH": 0.0979487558324274, "CHOL": 0.4305824221786908, "COVID19": 5.319884946183845, "COVID19-2": 0.6708118797213047, "DTAP": 0.032862650321954, "DTAPHEPBIP": 0.0563089922246892, "DTAPIPV": 0.0152507729930468, "DTAPIPVHIB": 0.0135476494471743, "FLU(H1N1)": 0.0184895382751412, "FLU3": 0.1156267597980294, "FLU4": 0.3771939750334949, "FLUA4": 0.8331291805548444, "FLUX": 0.1890575661777725, "HBHEPB": 0.0403867798347704, "HEP": 0.0563019768908185, "HEPA": 0.175581588399931, "HEPAB": 0.0223659668178899, "HIBV": 0.0601350400049964, "HPV2": 0.021104518310574, "HPV4": 0.2353683438288457, "HPV9": 0.2385028101919885, "IPV": 0.0463573981265445, "JEVX": 0.7668585034545432, "MENB": 0.0459546855039654, "MMR": 0.0320796827524339, "MNQ": 0.2126270324987118, "PER": 0.8038934436134567, "PNC13": 0.1466697032130473, "PNC20": 0.3290821098068901, "PPV": 0.0546264696056964, "RSV": 1.002169231760349, "RV1": 0.0888111693877923, "RV5": 0.1230288258172421, "TDAP": 0.2338485500188643, "TYP": 0.2344439714774049, "UNK": 1.056812128766459, "VARCEL": 0.0097087635366212, "VARZOS": 0.1716800470255772, "YF": 0.0314292751855029}