{"COVID19": 0.4739869492889983, "COVID19-2": 1.6120704390249858, "FLU3": 0.1908877887751122, "HEP": 0.3320312028958284, "MMR": 2.0040524429559863}