{"6VAX-F": 37.7684673057305, "DTAP": 0.3465486490332425, "DTP": 0.9077585238801918, "HPV4": 0.3786601759709404, "IPV": 1.7817660057389482, "MEN": 2.880892588336412, "MENB": 1.4552994659574374, "MMR": 0.2439607716170499, "PNC": 12.4038325154271, "PNC13": 3.13366311869371, "RV1": 1.4535489901112326, "TDAP": 0.4079355848926413}