{"ANTH": 1.291744896746721, "COVID19": 0.0823676231133248, "DT": 31.85087724272257, "DTIPV": 137.54104352722413, "DTP": 87.88829905834447, "FLU3": 0.1388244309586017, "FLUX": 0.3610576494260545, "HEP": 5.188456237990413, "IPV": 4.583325164616002, "MEA": 18.5581198299477, "MMR": 1.4475098632814496, "MNQ": 1.2668108686690402}