{"HEP": 1.960691435065579, "MMR": 3.2504457412438668, "PPV": 1.8756683349885896, "RUB": 102.20072483088462}