{"COVID19": 0.2232135579125523, "COVID19-2": 1.7112376937916842, "FLUX": 1.60546306643798, "HPV4": 1.2400790115887077}