{"COVID19": 1.0031467529052929, "COVID19-2": 0.7068817809883421, "FLU3": 0.2728693198376137, "HEPAB": 3.4032593696619395}