{"COVID19": 0.1326755852549079, "COVID19-2": 226.23435832274455}