{"6VAX-F": 1.394148794969019, "BCG": 8.074036926840506, "COVID19": 0.0611738047357286, "DTAP": 1.187497554809974, "DTAPIPVHIB": 0.2654453105283119, "DTP": 1.0968422913531009, "DTPHEP": 7.112604992782538, "DTPIPV": 3.2736133469899475, "FLU3": 0.125332198200315, "FLUX": 1.2889730799193673, "HEP": 4.833065143414982, "HEPA": 0.3204003925516024, "HIBV": 3.550257264232372, "HPV4": 0.065961295665143, "HPV9": 1.365860896386183, "HPVX": 3.733745320674621, "IPV": 1.2853549770637225, "MEN": 3.481039483976152, "MENHIB": 8.774302791036623, "MMR": 0.4599753838512149, "MMRV": 0.2334180224784602, "OPV": 0.5719293368897346, "PNC": 2.5250307915851904, "PNC13": 0.8121313704886709, "PPV": 1.3337793418985175, "RV1": 0.2532032801603223, "RV5": 0.581350197886023, "RVX": 13.748252777603062, "UNK": 1.2582500190127297, "VARCEL": 0.3715015891453232, "VARZOS": 0.2135120658751383}