{"COVID19": 3.7841492776167054, "COVID19-2": 0.1122929875532815, "DTAP": 0.0744742562582629, "HEP": 0.0573471421738007, "IPV": 0.1050562393506876, "MENB": 0.3127479278661831, "MMR": 0.0524278385205485, "PNC13": 0.0925662437425005, "RV5": 0.2010638615666508, "UNK": 0.1028408792543936, "VARCEL": 0.0660740957154521}