{"COVID19": 2.7198494977256136, "COVID19-2": 1.6393794081358302, "FLU3": 1.4449302875059906, "FLU4": 1.6908215091783387, "FLUX": 3.757985722505707}