{"COVID19": 0.0599267477317679, "HEPAB": 6.317025805146576, "HPV4": 0.6624781409474967, "MENB": 3.241727702034783, "UNK": 6.351282581799889, "VARZOS": 2.1353116066959856}