{"COVID19": 0.3461102224041078, "FLU3": 0.7740697968782092, "FLU4": 3.7940385084001753, "FLUX": 6.341600907, "SMALL": 12.77082659585936, "VARCEL": 2.0511099211103074, "VARZOS": 11.42322831267973, "YF": 27.47564782635205}