{"COVID19": 0.1336007138635097, "FLU3": 0.5082633528530927, "VARCEL": 1.346790347793596, "VARZOS": 1.4044303364917607}