{"COVID19": 0.2334156379845629, "HPV2": 13.433644161104452}