{"BCG": 218.3481260894829, "COVID19": 0.7076031213595093, "COVID19-2": 3.142143865593675, "HEP": 2.356230713937855, "MENB": 24.01740947540427, "MMR": 3.906159405067014, "PNC": 24.02652194330601, "RV1": 18.026251482229277, "RV5": 12.113465228593297}