{"FLUX": 84.55467876, "HEPA": 239.4598939034468}