{"COVID19": 2.8213674997454112, "COVID19-2": 0.9409304728324284, "FLU3": 0.0521154695204134, "HEPA": 0.1332282507483253, "HPV9": 0.2920652528802218, "PNC13": 0.1112906766091594, "PPV": 0.0668955895117393, "TDAP": 0.1053997798663785, "VARZOS": 0.1632123128942991}