{"COVID19": 0.0560654502112883, "COVID19-2": 2.6146783756786847, "MMR": 3.2504457412438668}