{"ANTH": 0.1242382188987317, "COVID19": 3.144595889127771, "COVID19-2": 1.0481119753108927, "FLU3": 0.0474945041227266, "FLUX": 0.1235250533957743, "HEP": 0.0232244245579547, "HEPA": 0.0983461380793735, "PPV": 0.0222173236569637, "RAB": 0.1889358050335908, "SMALL": 0.7836385019393578, "TD": 0.2888480833276385, "TDAP": 0.146323644308138, "UNK": 0.0595240614926571, "VARZOS": 0.0345678346821752}