{"COVID19": 1.6562041314930596, "COVID19-2": 0.2403400434624612, "DTAP": 0.5728110948232203, "FLUX": 0.8103043351150514, "HEP": 0.1227397648254425, "HPV4": 0.1741666920557241, "TDAP": 0.6742779239427028}