{"DTP": 59.90414448945857, "UNK": 9.065139694376423}