{"COVID19": 11.542775917176996, "COVID19-2": 2.600394923249938}