{"COVID19": 0.1915946065966748, "FLU3": 2.32845315468979, "FLUX": 0.5180490820687454, "HEP": 1.2627919888266954, "HPV4": 0.3458286090836769, "SMALL": 3.286415063842212, "TDAP": 0.6136631558634846, "UNK": 0.8879909426895093}