{"COVID19-2": 3.420648393327625, "DTAPIPVHIB": 3.107773997573993, "FLU3": 2.240902412353828, "FLUN(H1N1)": 4.67885451962003, "FLUN3": 3.804637230442488, "FLUN4": 4.297785166002217, "FLUX": 2.1027845683186364, "FLUX(H1N1)": 2.5299629733162607}