{"COVID19": 18.63262506895957, "COVID19-2": 0.3307311261611284, "FLU4": 0.0031753352460091, "FLUX": 0.1021197876488528, "HPV9": 0.0082767246114885, "PPV": 0.0018957282077785, "UNK": 1.3369213797507873, "VARZOS": 0.0088908727309065}