{"COVID19": 12.631895843704324, "COVID19-2": 1.7905885437146247, "DF": 0.0389943486956345, "DTAP": 0.000184257989849, "DTAPHEPBIP": 0.0019271351682061, "DTAPIPV": 0.0041301048565227, "DTP": 0.0007328559327319, "EBZR": 0.1292511065995225, "FLU4": 0.0064582720168224, "FLUA3": 0.0773033800257398, "FLUA4": 0.0079063983282258, "FLUC3": 0.0066022610143083, "FLUC4": 0.0084840879104396, "FLUN4": 0.0022345616947814, "FLUX": 0.0357052742414602, "HEP": 0.0010251270021811, "HEPAB": 0.0004118313106069, "HPV4": 4.3189412477746765e-05, "HPV9": 0.0039744604542473, "HPVX": 0.0007024348252466, "MEN": 0.0035837490193472, "MENB": 0.0031226032893889, "MMR": 0.0020374563225033, "MMRV": 0.0010431088201469, "PNC13": 0.0046364607185217, "PNC20": 0.009022794785351, "PPV": 0.0007921308761142, "RAB": 0.020724244492412, "RSV": 0.0756502534653291, "RV1": 0.0048913189466038, "RV5": 0.0007899359835282, "RVX": 0.0034329924323107, "SMALLMNK": 0.0149157007924592, "TDAP": 0.0011323229285398, "TYP": 0.0037477437497715, "UNK": 0.532199228777575, "VARCEL": 0.000973892417019, "VARZOS": 0.0102231168589802}