{"COVID19": 12.631895843704324, "COVID19-2": 1.7905885437146247}