{"COVID19": 12.975570533703303, "COVID19-2": 1.8439608650579389, "DF": 0.1037919572984732, "DTAP": 0.00130808, "DTAPHEPBIP": 0.0136776903123538, "DTAPIPV": 0.0128041624351659, "DTP": 0.005202269, "EBZR": 0.5130731924323451, "FLU4": 0.009718526, "FLUA3": 0.1173468930342151, "FLUA4": 0.0245081248340523, "FLUC3": 0.026389743, "FLUC4": 0.0177943635881739, "FLUN4": 0.00893392, "FLUX": 0.043656423, "HEP": 0.002150336, "HEPAB": 0.002923569, "HPV4": 0.000306615, "HPV9": 0.008336553, "HPVX": 0.004986343, "MEN": 0.014326964, "MENB": 0.007501853, "MMR": 0.00407411, "MMRV": 0.004170696, "PNC13": 0.008616848, "PNC20": 0.027967595, "PPV": 0.00176321, "RAB": 0.034986713, "RSV": 0.1681616588137195, "RV1": 0.011750631, "RV5": 0.003158472, "RVX": 0.0243601876444866, "SMALLMNK": 0.03972685, "TDAP": 0.002720449, "TYP": 0.0116189245142901, "UNK": 0.5722491219985456, "VARCEL": 0.002339822, "VARZOS": 0.012474471977484}