{"COVID19": 0.3582240801882515, "FLUC3": 134.94761733716476, "HEPA": 13.30332743908038, "HPV4": 6.640641336617437, "PPV": 6.364393506872871, "SMALL": 29.79859539033851, "VARCEL": 4.785923149257384, "VARZOS": 2.7838119417454803}