{"FLU3": 0.4214297076768493, "HPV4": 10.338440827741035, "MEN": 6.019123963054944, "MMR": 0.5097140192270764, "PPV": 0.5409485542550359, "SMALL": 5.677408412702245, "TDAP": 0.8523111092810497, "VARCEL": 0.642385661937123}