{"COVID19": 0.5838214724396339, "FLUA4": 14.12752692381755, "PPV": 0.5081091059938717}