{"6VAX-F": 4.339414949539088, "ANTH": 0.9033813541899304, "BCG": 1.0932071887634764, "COVID19": 0.0715153002460122, "COVID19-2": 0.0850977511929201, "DTAP": 0.8114188099298935, "DTAPH": 0.649550568172853, "DTAPHEPBIP": 3.210849464630812, "DTAPIPV": 0.601837256874184, "DTAPIPVHIB": 2.146793018673999, "DTIPV": 2.063349978231628, "DTP": 0.0214938195116183, "DTPHEP": 0.966792069787839, "DTPHIB": 0.0881348441252952, "DTPIPV": 1.5811969588099235, "FLU(H1N1)": 2.929953019079929, "FLU3": 1.0307554984422562, "FLU4": 0.8970916238289816, "FLUA4": 0.1500043234450564, "FLUC4": 0.0709929260910764, "FLUN(H1N1)": 0.1872243319234592, "FLUN3": 5.864227488357496, "FLUN4": 3.875195282601461, "FLUR4": 0.707051366285398, "FLUX": 3.1905155609687537, "FLUX(H1N1)": 4.844597851686843, "HBHEPB": 0.7398343335173708, "HEP": 1.3230332065544927, "HEPA": 1.207347802474101, "HEPAB": 5.5462386354597495, "HIBV": 2.130808804125261, "HPV2": 1.0796281436184791, "HPV4": 1.3699142956243795, "HPV9": 0.1840948647282527, "HPVX": 2.1083004346362446, "IPV": 1.144625816534952, "JEVX": 2.0423485807345023, "MEN": 2.2820975736959883, "MENB": 1.682085051890558, "MER": 1.4765659031994456, "MMR": 1.2839928866859798, "MMRV": 0.218225539754252, "MNQ": 2.8067347758947268, "MU": 6.59299354676812, "OPV": 0.0774378879252794, "PNC": 2.346560703972583, "PNC10": 2.6316503723636924, "PNC13": 2.6677176938046885, "PNC15": 1.785537387877614, "PPV": 0.7507522724200115, "RAB": 3.72476778864331, "RUB": 0.5140985494245436, "RV1": 2.6172451389207634, "RV5": 3.1138352822940645, "RVX": 1.1874895710183635, "SMALL": 0.9533813219956704, "SMALLMNK": 0.3488383442099671, "TD": 0.4704879782529292, "TDAP": 1.7767175584857624, "TDAPIPV": 2.867050381182721, "TTOX": 0.1182359774455578, "TYP": 1.6240964279186836, "UNK": 0.861631816970907, "VARCEL": 1.2933028670463107, "VARZOS": 0.4874674733091619, "YF": 6.837536079563175}