{"6VAX-F": 1.0978764156506944, "BCG": 6.357851484426286, "COVID19": 0.058640957189078, "DTAPIPVHIB": 0.7456389582352716, "FLU(H1N1)": 3.659811651863868, "FLU3": 2.045458726593392, "FLU4": 0.212205190840341, "FLUC4": 1.467117348880184, "FLUN3": 1.7196413838735378, "FLUX": 0.2398798433647355, "FLUX(H1N1)": 21.13242640243336, "HEP": 0.4695988625174802, "HIBV": 0.6211429593302025, "IPV": 0.239206513998794, "MNQ": 0.3511872489445923, "OPV": 0.4503910379065085, "PNC13": 1.4884130403307587, "PPV": 0.455623988308303, "RAB": 1.422274366809528, "RV1": 0.7112509572438219, "RV5": 0.4578098746451058, "TBE": 25.24337123229928, "TDAP": 0.7178754830092284, "TYP": 0.8723916509809291, "UNK": 0.2341622772194744, "VARCEL": 0.1504466028800411, "VARZOS": 0.0864658581718864}