{"ANTH": 1.718759271834118, "COVID19": 0.1051927854521056, "COVID19-2": 0.8618451745628365, "FLU(H1N1)": 6.8366179381629895, "FLU3": 2.154338832275498, "FLU4": 0.4419192580807022, "FLUX": 2.966830833557137, "FLUX(H1N1)": 10.450309374003306, "HEP": 10.626758656149253, "HEPA": 4.128618860404256, "HEPAB": 32.227885671659855, "HPV2": 5.171031077735751, "HPV4": 15.431130587967136, "HPV9": 3.779908265994939, "HPVX": 26.68447101078448, "JEV1": 62.19348521624006, "LYME": 3.861818456219301, "MENB": 1.569319369131529, "MMR": 2.725227491907219, "PNC13": 0.9012586648456212, "RAB": 16.14115068925508, "TD": 1.1233934497309357, "TDAP": 1.1446903231904746, "TYP": 4.050999647416064, "UNK": 0.8234928212248188, "VARCEL": 0.4894694129922324, "VARZOS": 0.1344454630956623, "YF": 6.556688685834011}