{"COVID19": 0.0052701823865681, "FLU3": 0.2319558242006974, "FLU4": 1.824870989229605, "HEP": 3.640298067438346, "HIBV": 0.4059017075098557, "HPV2": 2.729816586464887, "JEVX": 99.1885589411958, "MEN": 3.312941274327943, "MNQ": 0.8253388835749114, "PPV": 0.2977392609235453, "RAB": 3.3425412280754903, "RVX": 8.384569550251333, "TD": 1.1896485953390228, "TDAP": 1.7165672782713892, "YF": 4.0652965153109}