{"6VAX-F": 5.738971682158082, "ADEN_4_7": 0.8851667103008797, "ANTH": 0.4328723183700024, "BCG": 27.678229847218763, "CHOL": 0.6818683604857206, "COVID19": 0.0303328530802394, "COVID19-2": 0.0261329442317002, "DTAP": 1.797028980620726, "DTAPHEPBIP": 10.431063646461324, "DTAPIPV": 0.926466713412415, "DTAPIPVHIB": 7.759454115388035, "DTIPV": 2.3739048910775544, "DTP": 0.1891485616800818, "DTPHEP": 0.5748606950004195, "DTPIPV": 1.819140704616652, "FLU(H1N1)": 0.9770658082498798, "FLU3": 0.8214855013597, "FLU4": 0.3291075713398427, "FLUA3": 0.2927398062406985, "FLUA4": 0.089193513677983, "FLUC4": 0.149953023647151, "FLUN(H1N1)": 0.1113247651582128, "FLUN3": 4.296376171549412, "FLUN4": 1.1941669882345298, "FLUR4": 0.1183176859875591, "FLUX": 1.169176974944387, "FLUX(H1N1)": 2.045491260388515, "HBHEPB": 0.439674391278062, "HEP": 2.619840364904032, "HEPA": 1.1855486422132353, "HEPAB": 1.0092565493765793, "HEPATYP": 5.486178385383081, "HIBV": 4.278317755121037, "HPV2": 0.6409918165059384, "HPV4": 1.0343036635603042, "HPV9": 0.1698310120542896, "HPVX": 0.3005230767532522, "IPV": 1.857543392505622, "JEV1": 1.2103297313677952, "JEVX": 1.2143935633672678, "MEA": 0.3620258475260136, "MEN": 3.0677637208603845, "MENB": 2.367908181334614, "MER": 0.8779754991298095, "MMR": 1.288015879079504, "MMRV": 1.7449088810347022, "MNQ": 1.7117138297864631, "MU": 3.919265055875361, "OPV": 0.1382867852053823, "PNC": 7.0835026029613655, "PNC10": 1.5639575097599892, "PNC13": 5.9649722074402005, "PNC20": 0.1467165434956725, "PPV": 0.4640889845321474, "RAB": 0.2813222875112103, "RUB": 0.3056862417445009, "RV1": 5.129991607361244, "RV5": 6.925040842168259, "RVX": 1.0955048086477135, "SMALL": 0.7337572149092435, "SMALLMNK": 0.2074214769785492, "TD": 0.2793359266782583, "TDAP": 0.6637148293306054, "TDAPIPV": 1.704766700780335, "TYP": 0.5962953437012735, "UNK": 0.661609452421307, "VARCEL": 0.8398190288603716, "VARZOS": 0.1210012928756368, "YF": 2.948714066363038}