{"HEPAB": 18.661569370555117, "HPV4": 7.950867647669928, "MMR": 3.2504457412438668}