{"FLU(H1N1)": 3.6971669770503626, "FLU3": 2.197308405006242, "FLUX": 6.395847980054449, "HEPA": 3.723247699298508, "HEPAB": 5.933991997257977, "HPV2": 10.670976999371613, "HPV4": 8.019048561003155, "HPVX": 15.709984780302886, "MENB": 4.725752739531994, "RAB": 5.071850840781414, "TDAP": 3.9206879963650105}