{"DTAPIPV": 3.460170360919638, "FLU(H1N1)": 1.30209307305677, "FLU3": 0.5179636081345951, "FLUX": 1.3471341323964074, "HEP": 0.9009494855864209, "HEPAB": 51.1277877609273, "HPV2": 9.45163674704198, "HPV4": 2.8284033768458285, "MMR": 1.493602369772221, "PNC": 2.539392328208577, "TD": 0.8706720679503656, "TDAP": 5.018943648234302, "UNK": 2.30913637318284, "VARZOS": 0.1041983386997933}