{"COVID19": 1.046425180478226, "DTAPHEPBIP": 11.240863236526108, "DTAPIPVHIB": 4.281806907169467, "FLU(H1N1)": 1.3200166331497738, "FLU3": 0.4393369117416863, "FLU4": 2.497451953923969, "FLUN4": 3.671103244145413, "FLUX": 1.5304014254548126, "HEP": 2.084775562562526, "HIBV": 6.019792708963171, "HPV4": 1.2828511673010956, "MENB": 4.999098804835279, "MMR": 0.8407876746332585, "MMRV": 1.7138117791919638, "MNQ": 1.3243872803213157, "PNC13": 3.605034659382486, "PNC15": 114.07348998381222, "PPV": 0.2415060036090152, "RAB": 2.0536731903739724, "RV1": 1.931384087381708, "RV5": 1.2978712744921388, "SMALL": 2.3945299867236303, "UNK": 2.6232531499650333, "VARZOS": 0.4282787602685354, "YF": 5.151683967441009}