{"DTAPIPVHIB": 30.64634566130266, "HIBV": 7.681057701363327, "PNC": 71.12157204452085, "PNC13": 5.478389054195344}