{"ANTH": 2.24350312647337, "COVID19": 0.7816428342993194, "HEP": 0.4193886927070822}