{"COVID19": 0.3944692678181871, "COVID19-2": 1.4034724419163658, "FLU4": 0.3217544210240549, "HEP": 0.1979846244609882, "HEPA": 0.3825690673253597, "HPV4": 4.564030133975158, "HPV9": 3.036171237808261, "MNQ": 0.5324848427499552, "TDAP": 0.3026587517462328, "VARZOS": 0.1311031673255669}