{"COVID19-2": 1.9927346884841493, "DTAPHEPBIP": 6.800453967595181, "FLU3": 0.7692322834930773, "HIBV": 1.34608674378201, "PNC": 2.8101781419026204, "PPV": 0.9873890514531108}