{"COVID19": 0.5856604326508525, "COVID19-2": 1.129526774403682, "FLU4": 0.3223496503415923, "HEP": 0.2343687349430462, "HPV4": 0.2339373503628143, "PPV": 0.2242056006525419, "RAB": 1.90664012254211, "VARZOS": 0.098068134257542}