{"ANTH": 1.9059604798923933, "BCG": 9.234040202077267, "COVID19": 0.6795936002059856, "COVID19-2": 0.4751256916603556, "DTAP": 0.4240976686560302, "FLU(H1N1)": 0.5207467825295702, "FLU3": 0.0572553729164881, "FLUX": 0.148911047363285, "HEP": 0.0995902943680869, "HPV4": 1.9917434947353163, "HPV9": 0.3861044815409955, "PPV": 0.0952716740249736, "TDAP": 0.1763949186761926, "UNK": 0.2552493181229528, "VARZOS": 0.0416720859256823}