{"COVID19": 0.995066889, "COVID19-2": 5.800880982634476, "FLU4": 5.982906878631046, "HPV4": 4.341957797019092, "UNK": 11.148825887351393}