{"ANTH": 0.0499557987727617, "BCG": 0.8658681771074733, "COVID19": 1.213237146558301, "COVID19-2": 1.162061416916657, "DT": 0.3406237459666531, "DTP": 0.1581673435324459, "DTPHIB": 0.6093203942829075, "FLU(H1N1)": 0.1735159421606464, "FLU3": 0.2623905257005518, "FLU4": 0.0883583224068853, "FLUA3": 0.1621528203497615, "FLUA4": 0.2483898628396534, "FLUC4": 0.0772807216965829, "FLUN3": 0.0902776910404634, "FLUX": 0.5377155018858154, "HEP": 0.9803853664910928, "HEPA": 0.272043179121356, "HEPAB": 0.3158467486532133, "HPV2": 1.4154891378252212, "HPV4": 2.578306409766922, "IPV": 0.1772516785038122, "JEV1": 6.433981345974518, "MEA": 0.7177049284120051, "MENB": 0.0456121924777094, "MMR": 0.2294821476513894, "PNC13": 0.0261947056132035, "PPV": 0.0614562256397131, "RAB": 0.2699617694730236, "RV5": 0.0480106149882035, "TD": 0.1160245750397069, "TDAP": 0.1137862425282961, "TYP": 1.2580110770928987, "UNK": 0.0850500158515599, "VARCEL": 0.0142261115385196, "VARZOS": 0.2976921672932207}