{"6VAX-F": 1.6646461081016537, "COVID19": 0.2293319937148669, "DTAP": 1.8424304391555304, "FLU(H1N1)": 1.5429759013509103, "FLU3": 0.149651198634227, "HEP": 0.1979846244609882, "HIBV": 1.876554032829863, "HPV4": 0.2809385113599481, "IPV": 1.3130251174794887, "MMR": 0.1810012768278344, "PNC": 0.546709673888582, "PNC13": 0.319574644293065, "RV5": 2.5129631791897427, "VARCEL": 0.2281134587091904}