{"COVID19": 0.2922060093488077, "FLUN(H1N1)": 6.628520232302134, "FLUN3": 3.5016132484955143, "HEP": 1.3217618755076177, "HPV4": 0.3615461870296255, "UNK": 0.928349268665729, "VARCEL": 2.0135586073854217}