{"COVID19": 0.1233780655449502, "COVID19-2": 0.31254230106394, "DT": 61.03418402129538, "FLU3": 0.4869516694894908, "FLUX": 1.2664774405765764, "HEP": 2.6563055910847546, "HPV4": 0.2339373503628143, "MMR": 4.4036569807789245, "PPV": 0.2242056006525419, "TTOX": 4.154763390029968, "VARCEL": 0.3570345318882747, "VARZOS": 0.098068134257542}