{"COVID19": 1.6717123742118407, "COVID19-2": 6.284287731, "FLU3": 1.3004372587553914, "FLUX": 3.382187150255136, "HPV4": 2.2578180544499284}