{"HPV4": 1.6098667437741658, "VARZOS": 51.53100882036873}