{"COVID19": 2.702392233185402, "COVID19-2": 1.699578277103601, "DF": 4.271087270079637, "DTAPIPV": 0.1914650623214926, "FLU(H1N1)": 0.2321259757088561, "FLU3": 0.2423244419254296, "FLU4": 0.0484048630637651, "FLUA4": 4.8877990657727, "FLUX(H1N1)": 0.6825607490624259, "HEP": 0.0297848847674032, "HEPAB": 0.280792398835864, "HIBV": 0.0393967385635478, "HPV9": 0.1261705244662185, "PNC": 0.0822472251738156, "PNC13": 0.0480769365605039, "PPV": 0.1029143287669814, "UNK": 0.1902176386191385, "VARZOS": 0.1363263196858711}