{"DTAPIPV": 2.3043037091858656, "DTP": 3.181708844658069, "FLUX": 2.6307253145570706}