{"COVID19": 0.8402787066144172, "FLU(H1N1)": 10.951249104649976, "FLUX": 6.5042060581829535, "FLUX(H1N1)": 33.86674334167738, "HPV4": 9.407575226874702, "MNQ": 10.987509288591651}