{"COVID19": 2.218116142509289, "LYME": 5.6909931886305865}