{"COVID19": 0.0698238828438197, "DF": 129.92453305733312, "FLU4": 0.5768252100199536, "FLUX": 4.619550017222105, "HPV4": 0.4186167561172811, "PNC13": 1.1763985232364516, "PPV": 0.4012023791271819, "TDAP": 0.7428236623190095, "UNK": 1.07489045545874, "YF": 31.370982512400385}