{"COVID19": 0.0180450703317701, "DF": 216.65154403169072, "FLUX": 3.833426157906533}