{"COVID19": 0.1837046565067956, "DF": 561.9693419740777, "FLU4": 4.320988301233533, "FLUX": 15.85400226682095, "HPV4": 3.1358584089582338, "PNC13": 8.812306945157186, "PPV": 3.005408044912189, "TDAP": 5.564466848842585, "UNK": 8.051929807531561, "YF": 135.76202455373954}