{"COVID19": 0.4776321069176688, "COVID19-2": 7.541145277424819, "MMR": 9.374782572160834, "TBE": 3789.972268907563, "UNK": 14.49347365355681, "VARZOS": 2.3662401504836583}