{"COVID19": 0.2410004671798771, "FLUX": 1.4861203359008166, "HPV4": 0.9920739430693069}