{"COVID19": 1.5827884342665934, "FLU3": 0.0828334885919556, "FLU4": 0.178094408743724, "FLUX": 0.2013205179272342, "HIBV": 0.1449511157363252, "HPVX": 8.856480011239508, "SMALLMNK": 6.050172384556461, "UNK": 1.3815730114233875, "VARZOS": 0.072566960965875}