{"COVID19": 0.1592107023058895, "FLU(H1N1)": 49.28062097092488, "FLU3": 5.418488578147465, "HPV4": 9.407575226874702, "PNC13": 26.43692083547156, "PPV": 9.016224134736566}