{"6VAX-F": 6.562893627486827, "ANTH": 0.5811750851927084, "BCG": 1.6753053152645745, "CEE": 16.200526595591825, "COVID19": 0.8612510185404543, "COVID19-2": 0.2660442528918313, "DT": 2.6396340347666976, "DTAP": 1.5490968056255014, "DTAPH": 7.318844366261181, "DTAPHEPBIP": 0.8049723033829439, "DTAPIPV": 2.266459867970857, "DTAPIPVHIB": 3.692491808300137, "DTP": 2.147300766797556, "FLU(H1N1)": 1.997863012334793, "FLU3": 0.9078282440391612, "FLU4": 0.7275986752399691, "FLUA3": 0.9422509137890868, "FLUA4": 0.4807865196825129, "FLUC4": 1.049229088882957, "FLUN(H1N1)": 1.9879978853017772, "FLUN3": 0.1747607901417371, "FLUN4": 1.3161445689637843, "FLUR4": 0.85067304, "FLUX": 1.4010034491797592, "FLUX(H1N1)": 1.1704346498883702, "HEP": 1.218501289871878, "HEPA": 1.7732059110686658, "HEPAB": 2.418901980749301, "HIBV": 1.1418511001942315, "HPV2": 11.650271212986324, "HPV4": 1.6716323206687524, "HPV9": 0.985324401922276, "HPVX": 0.8809460679184128, "IPV": 0.6864326611842543, "JEV": 5.780267923118382, "JEV1": 3.4993776848012312, "LYME": 1.0878361848505076, "MEN": 0.8434490265659387, "MENB": 2.4040637144142574, "MMR": 1.3370840621558402, "MMRV": 0.6144267582250317, "MNQ": 1.2376815662052858, "OPV": 12.786022505294612, "PNC": 3.896192747563137, "PNC13": 0.610669971, "PNC15": 8.168945574288344, "PPV": 0.8249757319908215, "RAB": 2.810428648949076, "RUB": 0.9420824766394196, "RV1": 4.470184416645813, "RV5": 0.5585459471397486, "RVX": 4.303757834787746, "SMALL": 0.3430602603300884, "SMALLMNK": 0.5845009597924504, "TD": 0.3798602250771271, "TDAP": 0.9043828738525194, "TDAPIPV": 8.845541163918222, "TTOX": 1.6043188547810272, "TYP": 0.9126092005698908, "UNK": 0.651392074, "VARCEL": 0.4149644349067096, "VARZOS": 0.3064085659415549, "YF": 0.7380730468223768}