{"ANTH": 6.466681678547697, "CEE": 1.6758179330148475, "COVID19": 0.8056010669512269, "COVID19-2": 0.3277047586725425, "DT": 0.2409429450681006, "DTAP": 0.1878308078113892, "DTAPIPV": 0.0258424714068362, "DTIPV": 7.297750367560257, "DTP": 0.6033911946942158, "FLU(H1N1)": 0.1437771075243931, "FLU3": 0.5170362608747707, "FLU4": 0.1785110346315156, "FLUA3": 0.6185977047308322, "FLUC4": 0.1057543849460059, "FLUN(H1N1)": 0.0340347314628061, "FLUN3": 0.2658272693174899, "FLUN4": 0.0960599494785466, "FLUX": 0.8782322079536772, "FLUX(H1N1)": 0.3207257847593976, "HEP": 2.0182435157729013, "HEPA": 0.7241263862089994, "HEPAB": 1.5285454799406109, "HPV2": 2.6196632840962946, "HPV4": 4.459489501917387, "HPV9": 1.4261883927074834, "HPVX": 5.063357415285712, "IPV": 0.6762081552498949, "JEV1": 1.2806519275800825, "LYME": 10.084255296080263, "MEN": 0.1540591806239585, "MENB": 0.0624168057064367, "MER": 0.6297941475892594, "MMR": 0.3715143567176319, "MMRV": 0.0126260094814649, "MNQ": 0.0670412691683224, "OPV": 1.55932095014379, "PER": 1.1632496586682572, "PLAGUE": 3.089466021289958, "PNC13": 0.3640716165423059, "PPV": 0.1736145126353017, "RAB": 1.0559925294058528, "RUB": 1.8576195878133084, "SMALL": 0.0626537338343949, "TD": 0.3492606704615082, "TDAP": 0.3214519574428703, "TDAPIPV": 0.9127132615858848, "TTOX": 0.3515901375022762, "TYP": 0.3467218410123898, "UNK": 0.9717983148933252, "VARCEL": 0.0671918309670368, "VARZOS": 0.2804353487747305, "YF": 0.1348084439270174}