{"COVID19": 1.3763124086560872, "FLUC3": 3.111805772988514, "HEP": 0.0724256450138996, "HPV2": 0.384131470380929, "HPV4": 2.5435884844731795, "MENB": 0.3537509672204274, "SMALL": 0.6869959102394153, "TDAP": 0.1282807320440368, "VARZOS": 0.0303054399319235}