{"BCG": 23.08899244539213, "COVID19": 0.0856739315773514, "FLU3": 0.5179636081345951, "FLUA3": 4.323950944105904, "FLUX": 1.3471341323964074, "HEP": 2.833619030688486, "HEPAB": 2.370140846496508, "HPV4": 1.7787376165177595, "IPV": 4.726574878723462, "MMR": 0.4128254213840359, "PPV": 0.2382206128423661, "RAB": 2.025823433685757, "TDAP": 0.4410639790503617, "UNK": 0.6382342278057336, "VARZOS": 0.3769884833853704}