{"COVID19": 0.7255591899900259, "DTAPHEPBIP": 1.9529997591928427, "HIBV": 0.386577730567997, "HPV2": 2.5998568485024074, "HPV9": 1.2380391449515662, "PPV": 0.2835646302803832, "UNK": 0.5241148612826703}