{"COVID19": 0.4217877743455424, "HPV4": 0.46783967915871, "PPV": 0.4483776383487455, "VARCEL": 0.7140155793089982, "VARZOS": 0.1961215977343438}