{"COVID19": 3.639101766991762, "FLU3": 0.2305739820488282, "FLU4": 0.5516155278170467, "FLUA3": 6.963301079207294, "FLUX": 0.5996785727402724, "HEP": 0.4010605470532519, "HEPAB": 3.8170616362887904, "HPV4": 0.4003223500797745, "HPV9": 1.554855882466003, "MNQ": 2.1039911403686142, "PNC13": 1.1249753547009174, "UNK": 3.1280878388971534, "VARZOS": 0.1678184503889119}