{"ANTH": 1.8435167153049137, "DTAP": 0.3985207402845586, "HEP": 2.252480120233952, "HEPA": 2.169789777888716, "HPV4": 5.165558171335223, "IPV": 0.5621686044540148, "MEN": 3.312941274327943, "MMR": 0.280547703768175, "MNQ": 0.8253388835749114, "PNC": 0.8473870327579548, "TD": 1.1896485953390228, "TYP": 2.0502413178597587, "VARCEL": 0.3535704702826954, "VARZOS": 0.2032068142298867}