{"6VAX-F": 12.16122032258821, "COVID19": 0.0334096250681742, "COVID19-2": 0.0892776007018254, "DTAP": 5.62541961890132, "DTAPHEPBIP": 45.12722963537656, "DTAPIPV": 0.9302478905452614, "DTAPIPVHIB": 12.313434513413997, "FLU(H1N1)": 0.3500603912643291, "FLU3": 0.0384886431133838, "FLU4": 0.6393820368680956, "FLUX": 0.3572427337741626, "FLUX(H1N1)": 1.0826344026715962, "HEP": 3.097431573142076, "HIBV": 10.40691354074711, "MEA": 5.145207850055134, "MMR": 2.7303685653082863, "MMRV": 6.876725290741305, "PNC13": 3.705429061188832, "PPV": 0.0640442510680683, "RV1": 15.217123821696768, "RV5": 38.89044129890061, "RVX": 5.311631436145402, "UNK": 1.1914689771519316, "VARCEL": 3.029768674746239}