{"COVID19": 0.5496515270464984, "FLU3": 0.0545683800211878, "FLUX": 0.4742576311485721, "HEP": 0.0721925411728069, "HEPAB": 0.6805839590596758, "HPV4": 0.3663220610931369, "HPV9": 3.338818207716661, "MEN": 0.7793809839837181, "PNC13": 1.272236785291851, "PNC15": 72.98014968654192, "PNC20": 10.081890702661354, "PPV": 0.2504739412174872, "RV1": 0.3932351087504418, "UNK": 9.583082341363472, "VARZOS": 0.1709481944787542}