{"COVID19": 0.0191105403319411, "FLUN4": 10.527314246518264, "HPV4": 0.7225492680746376, "HPV9": 2.806435671432436, "PNC13": 7.6160926622968255, "PPV": 0.6924913602254171, "RSV": 66.07953300073397, "TDAP": 1.2821432373219666, "TYP": 9.127312577512768}