{"COVID19": 0.0180450703317701, "HEP": 10.255041572582345}