{"COVID19": 0.3818957577576423, "FLU3": 2.1972229020749694, "FLU4": 1.0602024205107652, "FLUX": 0.3316189009069091, "HEP": 0.6523720915106445, "HEPA": 0.3488083343182317, "HPV4": 0.2561464120211227, "MM": 115.39697169372154, "MMR": 1.1780669608475045, "PPV": 0.1751410809769313}