{"ANTH": 0.7543681592089895, "COVID19": 3.2384904219038906, "COVID19-2": 1.1425977693067908, "DTAP": 0.6005164549488385, "DTAPHEPBIP": 6.279185449, "FLU(H1N1)": 2.223185908462776, "FLU3": 0.1625546573444239, "FLU4": 0.3888889471110179, "FLUN(H1N1)": 2.58043117, "FLUN3": 4.110163545589126, "FLUX": 0.2108595480208937, "HEP": 0.1410212896122407, "HEPAB": 1.342158829717505, "HIBV": 1.110884440058041, "HPV2": 0.7479296820665178, "HPV4": 0.8552341115340638, "MMR": 0.4687391286080417, "PPV": 0.1349060967791007, "TDAP": 0.5008020163958327, "UNK": 2.1959808565995167, "VARCEL": 0.2148294680464661, "YF": 2.877748650141611}