{"6VAX-F": 1.4267248544809965, "ANTH": 0.2857495299293708, "COVID19": 0.332219206638127, "DF": 6.820827150718987, "DTAPHEPBIP": 1.1339096726412885, "DTAPIPVHIB": 0.9689775398352916, "FLU3": 0.128260745233652, "FLUX": 0.6062579625836584, "HBHEPB": 0.8097216342281226, "HEP": 0.718316402997346, "HEPA": 0.0919122153814962, "HIBV": 0.4365062143265363, "HPV2": 2.9356973334439607, "HPV4": 1.3285769654940212, "IPV": 0.0871374607858145, "LYME": 3.618896831866692, "MEN": 0.513514054394308, "MENB": 0.2594044936100421, "MMR": 0.4708443987046325, "MNQ": 0.8875715010008869, "PNC": 1.9835549076949264, "PNC13": 0.5326810597774139, "PPV": 0.1646359670589514, "RAB": 1.8482966457819068, "RV5": 0.5949341870479488, "RVX": 4.636455438986527, "TD": 0.1843983681773777, "TYP": 0.3177923567354307, "UNK": 5.459894495313057, "VARCEL": 0.0548042548379938, "YF": 2.247960229288572}