{"COVID19": 2.3855766317636102, "FLU3": 0.0429457260359235, "FLU4": 0.3296898364150073, "FLUA3": 1.246215537371414, "FLUC4": 0.6383711081254708, "FLUX": 0.1043763348985021, "HPV4": 0.2878672013926098, "HPV9": 0.2406762252728945, "MMR": 0.0519423256641223, "PNC13": 0.3274562948208154, "TDAP": 0.0868546349840977, "UNK": 0.3638032640461822, "VARZOS": 0.1343363752836359}