{"COVID19": 0.2740084557509656, "HEPAB": 9.593942439627314, "HPV4": 1.444070879558444}