{"6VAX-F": 0.6804641182734839, "CHOL": 4.886323454267666, "COVID19": 0.715824664553234, "COVID19-2": 0.0148316617500082, "DF": 1.0861551191732206, "DT": 0.207309125215633, "DTAP": 0.1458328162297117, "DTAPIPV": 0.0486903143346547, "DTAPIPVHIB": 0.0432528443681797, "DTIPV": 0.6960510589723775, "DTOX": 2.5971375221926327, "DTP": 0.2753010175875786, "DTPHEP": 4.119332935579563, "DTPHIB": 0.105653425000909, "FLU(H1N1)": 1.6875517250477017, "FLU3": 1.7447328629647512, "FLU4": 0.7339493346270869, "FLUA3": 1.14306517685762, "FLUA4": 0.6390261204031051, "FLUN3": 0.3544839014523664, "FLUX": 1.380756099114055, "HEP": 0.3307331729059919, "HEPA": 0.5638708356108878, "HEPAB": 0.7629666399491569, "HIBV": 0.1485337881243543, "HPV2": 3.6537104697430873, "HPV4": 3.8774315848042495, "HPV9": 0.616743651234538, "HPVX": 5.713548508786985, "IPV": 0.2667151254588326, "MEN": 1.2123714388952165, "MENB": 0.7940136669141977, "MENHIB": 1.4297269147500231, "MMR": 0.0739867136813618, "MNQ": 0.8895273720930931, "OPV": 0.1797445850304451, "PNC": 0.0743259316426115, "PNC13": 0.291231830528805, "PPV": 0.438177370924744, "RAB": 0.5676198850706221, "RV1": 0.1466144104699754, "SMALL": 0.0771299963458809, "TD": 0.3137402124231412, "TDAP": 0.7537824856212105, "TDAPIPV": 3.436934040936577, "TTOX": 0.5036877726327891, "TYP": 0.7502729762646906, "UNK": 0.5931089192846959, "VARCEL": 0.0310122653967396, "VARZOS": 0.7703406091596476, "YF": 1.0721557111309412}