{"COVID19": 0.3869884417218084, "COVID19-2": 0.9653319393775488, "UNK": 1.855303573464565}