{"6VAX-F": 2.058339111439836, "ANTH": 1.445142409509696, "COVID19": 0.1753967603508282, "COVID19-2": 0.3602400744293353, "DF": 0.9576273322840708, "DPP": 8.252133937165896, "DT": 0.413305058779054, "DTAP": 0.1714896749607301, "DTAPHEPBIP": 0.5046684372222393, "DTAPIPV": 0.1574479091971473, "DTAPIPVHIB": 0.683111591852106, "DTIPV": 22.972059725806364, "DTP": 3.691953176218117, "DTPIPV": 354.6434074598324, "FLU(H1N1)": 1.6954861695745316, "FLU3": 0.6869486830221548, "FLU4": 0.6815082511747864, "FLUA3": 0.1967525245205814, "FLUA4": 1.0712032691859064, "FLUN4": 1.134051053453764, "FLUR3": 7.277169634851853, "FLUX": 4.390686745170449, "FLUX(H1N1)": 0.6512545621981198, "HBHEPB": 2.259041378153537, "HEP": 2.7827452129833143, "HEPA": 0.0479826036121017, "HEPAB": 2.5713458363076684, "HPV2": 4.594043252325533, "HPV4": 5.655140835182242, "HPV9": 0.8449922033975753, "HPVX": 23.839999252517195, "IPV": 0.2150731334956575, "LYME": 0.4840636355871087, "MEA": 0.8708467096833902, "MEN": 0.2642765569696364, "MENB": 0.591573046304272, "MM": 7.346473538073209, "MMR": 2.3192094635633853, "MNQ": 0.6354030867235727, "PNC": 1.7141177416157554, "PNC13": 0.6113622144549768, "PPV": 0.8285498488050123, "RAB": 0.985328457130192, "RV1": 0.0866915562441792, "SMALL": 0.3819941269223751, "TD": 0.423468923700849, "TDAP": 0.4784690545215672, "TDAPIPV": 5.56078953354079, "UNK": 1.422491879951389, "VARCEL": 0.1187862512615047, "VARZOS": 1.0690539397652337}