{"COVID19": 1.452186158790193, "COVID19-2": 7.867287752473372, "DTAPIPV": 0.1505384307761034, "FLU4": 0.917021765386582, "FLUA3": 0.5136600567396514, "FLUC4": 0.2631211834263647, "FLUX": 0.4620822143599047, "HEP": 0.0833462095799508, "HEPA": 0.0452514161459843, "HPV4": 0.0332302484853742, "HPVX": 0.5273166478609284, "MENB": 0.1277133939115514, "MMR": 0.0214093725623119, "MMRV": 0.1175922787612387, "MNQ": 0.0629839058107166, "PNC13": 0.0378002463576756, "PPV": 0.0808658950309264, "SMALL": 0.238466902142044, "SMALLMNK": 1.2928997834983122, "TDAP": 0.0357993837585252, "TYP": 0.1564596673244492, "UNK": 0.4510683598841256, "VARZOS": 0.4493938033286042, "YF": 0.3102343455203153}