{"COVID19": 42.32785362529411, "COVID19-2": 0.0228752012243721, "FLU3": 0.0050970281991806, "FLUC4": 0.0206578954595877, "FLUX": 0.0037325054538268, "HEP": 0.0024962641559961, "HPV2": 0.0132396988946179, "HPV4": 0.0024916694733388, "HPVX": 0.0405246398466759, "PNC13": 0.0070021018238322, "PNC20": 0.2691311745233246, "PPV": 0.0023880164836555, "UNK": 0.0063979102091537, "VARZOS": 0.0037097603352352, "YF": 0.0509460468338471}