{"COVID19": 0.0028487116090102, "DTAPIPV": 1.0662840751490346, "DTAPIPVHIB": 0.947207288547352, "HEPA": 1.156704210189016, "HIBV": 0.2194035956110363, "MMR": 0.5472597564975622, "MMRV": 9.391887612266997, "PNC13": 0.9662390694538184, "TD": 0.6430453508794848, "TDAP": 0.2535719288134312, "UNK": 0.2974632988908476, "VARCEL": 15.71878072968705, "VARZOS": 2.328959637432698}