{"6VAX-F": 0.175753246595622, "ANTH": 2.448991976689108, "CEE": 0.87179818009938, "COVID19": 1.376989144949383, "COVID19-2": 0.2777055197290091, "DT": 0.2424844134019569, "DTAP": 0.2871510358867137, "DTAPHEPBIP": 0.1530448298400594, "DTAPIPV": 0.2574104841920654, "DTAPIPVHIB": 0.0582830209374707, "DTIPV": 1.9599863928557808, "DTP": 0.1125868179672468, "EBZR": 0.8121547553184905, "FLU(H1N1)": 0.4928036323726545, "FLU3": 0.2559656658947353, "FLU4": 0.3270821798342328, "FLUA3": 0.1154239852453093, "FLUA4": 0.1768167779706011, "FLUC4": 0.3061278525125968, "FLUN(H1N1)": 0.1216473790089172, "FLUN3": 0.17908088539953, "FLUN4": 0.2694107757419817, "FLUR4": 0.1563690472870261, "FLUX": 0.3378441199558938, "FLUX(H1N1)": 0.2995837045829796, "HEP": 0.8733802354051118, "HEPA": 0.1566377264275533, "HEPAB": 1.2140224344742996, "HIBV": 0.0076218451606531, "HPV2": 3.0623012564376784, "HPV4": 3.609170211720352, "HPV9": 0.671648801709441, "HPVX": 2.7195869634460745, "IPV": 0.2714522379447009, "JEV": 0.1547740681183372, "JEV1": 0.187499452486417, "LYME": 4.019384402198643, "MEA": 0.5110151331093523, "MEN": 0.0801396940173813, "MENB": 0.278542263779586, "MMR": 0.915007282247628, "MMRV": 0.0451257111447323, "MNQ": 0.1688769621406472, "OPV": 0.2282747347913184, "PNC": 0.0350383450460192, "PNC13": 0.0771330639031045, "PNC20": 0.0293677642166901, "PPV": 0.0595014426648983, "RAB": 0.9011544285296874, "RV1": 0.0074022359974229, "RV5": 0.0176645264029586, "SMALL": 0.2608537927718156, "SMALLMNK": 0.1111160849030678, "TD": 0.310488317959635, "TDAP": 0.4212156470458414, "TDAPIPV": 0.4748138998836311, "TTOX": 0.1828636497269109, "TYP": 0.2892056153901821, "UNK": 0.5791219912502636, "VARCEL": 0.0418896778491342, "VARZOS": 0.2282914138499515, "YF": 0.0701256969747752}