{"COVID19": 1.8820285418250409, "MEN": 2.3664478835028517, "UNK": 1.4260330187967132}