{"COVID19": 1.5620408289194787, "UNK": 2.0136926481374604}