{"COVID19": 0.7484235899957675, "FLUX": 1.250918762351351}