{"COVID19": 1.1940802672941715, "COVID19-2": 15.08229055484964, "FLUA4": 136.7182030515364}