{"COVID19": 0.1025643226317393, "UNK": 72.39861811486232}