{"VARCEL": 12.134592616250284, "VARZOS": 3.3330578191648623}