{"COVID19": 2.1931593937892377, "HEP": 2.101415572001092, "MEA": 2.7644427062791994, "MU": 2.9178774482974186, "RUB": 2.561558812480041, "VARCEL": 7.05369023186116}