{"COVID19": 0.0191105403319411, "HPV4": 14.355378824487278, "HPV9": 36.67408219605196}