{"6VAX-F": 0.1264371017602773, "ANTH": 0.3212601175695486, "COVID19": 0.9409396238460792, "COVID19-2": 0.2029002275090539, "DTAP": 0.1345660052468089, "DTAPIPVHIB": 0.0858716147756792, "DTP": 0.0511545770233596, "DTPIPV": 1.0590152181122474, "FLU(H1N1)": 0.4167686250681472, "FLU3": 0.3270213598763496, "FLUN(H1N1)": 1.5846368331736709, "FLUN3": 1.3646737828570348, "FLUX": 0.7948059324795782, "FLUX(H1N1)": 1.2255240230266644, "HEP": 0.1610684096152035, "HEPA": 0.0290577725916314, "HEPAB": 1.5184908087638875, "HIBV": 0.2958981415519937, "HPV2": 0.133770736624798, "HPV4": 1.1706673959327698, "HPV9": 0.2265306697593143, "IPV": 0.295067695481194, "JEV1": 1.363596005070118, "MENB": 0.0820099591062237, "MMR": 0.6060566147371783, "MMRV": 0.2685285959256258, "MNQ": 0.0404445246377404, "OPV": 0.0518693430081165, "PNC": 0.1476690408985878, "PNC13": 0.4686174614565886, "PNC15": 4.249516844931537, "PPV": 1.4781199988800156, "TDAP": 0.4438121694548481, "TYP": 0.6923016911795313, "UNK": 1.479480062810532, "VARCEL": 0.0616144517704077, "VARZOS": 0.7716259981763246, "YF": 0.7084458039994334}