{"COVID19": 0.0339121833488998, "MMR": 1.8052469585230329, "RV1": 10.755861824765477}