{"ANTH": 0.1860909977626829, "DTAP": 13.624665613522405, "DTP": 2.097724547196177, "DTPHIB": 8.082208107712113, "FLU3": 0.3888013947290121, "FLUX": 0.1851826764160677, "HBHEPB": 6.935329015943998, "HEP": 61.32858952526279, "HEPA": 0.1473083823533024, "HEPAB": 2.287196110774566, "HIBV": 45.75891269299857, "HPV4": 0.1236203007519748, "IPV": 0.6602824516878081, "LYME": 0.4181382739466335, "MMR": 3.5553283222465426, "OPV": 29.237890905220382, "PNC": 1.262983141705169, "PPV": 0.1184777067499835, "RV1": 0.2661463021497562, "SMALL": 0.3299718958318295, "UNK": 0.3174235973349856}