{"COVID19": 0.1326755852549079, "FLUX": 28.18489292, "UNK": 144.9347365355681}