{"ANTH": 0.887977663645056, "CHOL": 26.833324817819904, "COVID19": 0.6903816542626661, "COVID19-2": 0.5625076169966464, "DTAP": 0.0538406220277244, "DTAPHEPBIP": 0.9877376704508244, "FLU(H1N1)": 1.1519675053205432, "FLU3": 0.2171375855491669, "FLU4": 0.4668531214374835, "FLUA4": 0.9842520875110724, "HEPA": 0.0801113553516132, "HEPAB": 2.7082259284209806, "HIBV": 0.1955117489344827, "HPV4": 3.0222532790025154, "IPV": 0.2707814403567058, "MMR": 0.0379023245686991, "MNQ": 1.6791184645550186, "PNC": 0.1144830000443769, "PNC13": 0.0669200929183174, "RAB": 4.879722163364128, "RV1": 0.2258268862310583, "TDAP": 0.6848300445623899, "TYP": 1.919292593977218, "UNK": 0.5151591014580242, "VARZOS": 0.1902251291007224}