{"6VAX-F": 0.0295613011502612, "ANTH": 0.6017205380460534, "COVID19": 2.0091220809128707, "COVID19-2": 1.2069760847608857, "DPP": 1.0481194132380804, "DTAP": 0.0487192902985847, "DTAPIPV": 0.0226009422474124, "FLU(H1N1)": 1.1903491198416831, "FLU3": 1.2094113061890572, "FLU4": 0.6265636583058943, "FLUA3": 0.2739441660175643, "FLUA4": 0.0834687078337057, "FLUC4": 0.7575503666593331, "FLUN(H1N1)": 0.1041794847869692, "FLUN3": 1.5448056915930486, "FLUN4": 1.1173977503370889, "FLUR4": 0.3933263093709189, "FLUX": 0.8216465701149288, "FLUX(H1N1)": 0.5538733981007463, "HEP": 0.5310567219873199, "HEPA": 0.3660602188380542, "HEPAB": 0.3536779681738545, "HIBV": 0.0046504744470064, "HPV2": 0.0312759228230967, "HPV4": 0.0738280478694264, "HPV9": 0.1589179255764808, "HPVX": 0.0791681838544945, "IPV": 0.1529770856985972, "LYME": 0.2663535567513665, "MEN": 0.7278905116758032, "MENB": 0.0681102667752684, "MMR": 0.2076853589943972, "MMRV": 0.017654603323844, "MNQ": 0.13993285848932, "PNC10": 0.2128730283633412, "PNC13": 0.0201589731632571, "PPV": 0.2578496029399923, "RAB": 0.5667342248917651, "RSV": 0.4180780719637694, "RV1": 0.0680283411353834, "SMALL": 0.035801999312477, "TD": 0.093692909475327, "TDAP": 0.5583072389289532, "TTOX": 0.065791465149555, "TYP": 0.347616042131992, "UNK": 0.8020620340461604, "VARCEL": 0.0962130776025513, "VARZOS": 0.3099332627919892, "YF": 0.689285717102311}