{"COVID19": 0.6366854384598464, "COVID19-2": 1.084611730899073, "DT": 0.390520681838832, "DTAP": 0.1276603269742013, "DTIPV": 4.663036559956436, "FLU(H1N1)": 0.7661192472138711, "FLU3": 0.8972193043762582, "FLU4": 1.270604395080413, "FLUA3": 0.3129656279778255, "FLUA4": 0.3387391062813493, "FLUC3": 0.9703669268768096, "FLUN(H1N1)": 1.503446715571267, "FLUN3": 0.1879099219368503, "FLUN4": 2.111119780827845, "FLUX": 0.7536401582308713, "HEP": 1.9764690581350344, "HEPA": 0.1899505899190157, "HEPAB": 1.440430240599918, "HIBV": 0.0188729130272453, "HPV2": 6.955397193883692, "HPV4": 2.547384836435802, "HPV9": 0.8988408150854021, "HPVX": 0.3212863914964589, "IPV": 0.180082787488214, "LYME": 3.2586605325215467, "MENB": 0.2766984539268238, "MMR": 0.3122264862931818, "MMRV": 0.0716472680750197, "MNQ": 0.5706815309754282, "PNC13": 0.0230311410676755, "PPV": 0.1482415493828182, "RAB": 0.5526471660911761, "SMALL": 0.1452944229764826, "TD": 0.1966913872342895, "TDAP": 0.6271250730477783, "TYP": 0.0953286039962511, "UNK": 0.9933148375111064, "VARCEL": 0.0584575857440608, "VARZOS": 0.3667845835402409, "YF": 1.3022984755969005}