{"COVID19": 0.0138003554169446, "MENB": 38.90630122315217, "YF": 40.01494938606405}