{"ANTH": 0.060937414588522, "COVID19": 13.098389259891633, "COVID19-2": 0.0447091506162966, "DTAP": 0.0008913121618375, "DTAPIPVHIB": 0.0039192337091488, "EBZR": 0.8893676334772729, "FLU3": 0.0018422953554014, "FLU4": 0.003960993535628, "FLUA4": 0.0162939439786731, "FLUC4": 0.0529785431422622, "FLUN4": 0.0147389004015989, "FLUX": 0.0241381912981971, "HEP": 0.0195050843454833, "HEPA": 0.0314352730995033, "HPV2": 3.5603298161718944, "HPV4": 1.0493945154689654, "HPV9": 0.3161291413016384, "HPVX": 0.8292294385293453, "MEN": 0.0263132346407103, "MENB": 0.0037429853476686, "MMR": 0.006688885554812, "MNQ": 0.0437538724065165, "RAB": 0.0074757717891556, "SMALLMNK": 0.0378919259614946, "TD": 0.0094487574272369, "TDAP": 0.0200860721572222, "TDAPIPV": 0.3114282883771001, "TYP": 0.0315022560225456, "UNK": 0.3403624580786221, "VARCEL": 0.015138814784509, "YF": 0.0090922543926201}