{"ANTH": 0.6749629181139689, "COVID19": 0.5607529201835315, "COVID19-2": 1.4046299755147509, "DT": 0.0533406340411877, "DTAP": 0.4343478706718092, "DTAPH": 0.593495112541337, "DTAPHEPBIP": 0.2313321316869954, "DTAPIPV": 0.3004027654062585, "DTAPIPVHIB": 0.0880966425946738, "DTP": 0.0879654043581288, "DTPHIB": 0.3389176890864908, "FLU(H1N1)": 3.934368912775129, "FLU3": 4.081094949234191, "FLU4": 1.6390822038501298, "FLUA3": 0.3754039012682725, "FLUA4": 0.7450167374588466, "FLUC3": 1.2036262878727184, "FLUC4": 0.7786385076662585, "FLUN(H1N1)": 3.0683827415788705, "FLUN3": 1.458838376396305, "FLUN4": 0.6047188767966308, "FLUR3": 7.524758557768337, "FLUR4": 1.145192654404121, "FLUX": 3.966828495619119, "FLUX(H1N1)": 3.9605174252748094, "HBHEPB": 0.2915492360433519, "HEP": 0.9748438518385784, "HEPA": 0.8173950049093738, "HEPAB": 0.747302461732071, "HIBV": 0.4406509358608113, "HPV2": 0.3758718335018337, "HPV4": 0.3148570442348183, "HPV9": 0.1611898601443196, "HPVX": 0.4546700339944494, "IPV": 0.1907220720873647, "JEV": 0.233937294198182, "JEVX": 2.3090267763065646, "LYME": 0.06242666547497, "MEN": 0.3636955922940351, "MENB": 0.2731996926117087, "MMR": 0.642395906990764, "MNQ": 0.3322857915887718, "MU": 2.31638933239799, "PNC": 0.5704310386485116, "PNC13": 0.4937930345659114, "PNC20": 0.6563054790530851, "PPV": 0.4231031825141756, "RAB": 0.5152922940937289, "RSV": 0.9175674522575932, "RUB": 0.0762292830263784, "RV1": 0.1192928391120751, "RV5": 0.0801611536736395, "SMALL": 0.1479025947757172, "SMALLMNK": 0.0472895695502575, "TD": 0.4127347106242022, "TDAP": 0.93080177402235, "TTOX": 0.3832643035124209, "TYP": 0.6137698582826917, "UNK": 0.831411163849333, "VARCEL": 0.281071008333647, "VARZOS": 0.4986259522376452, "YF": 0.4412450908716335}