{"6VAX-F": 0.3400085019669652, "ANTH": 2.209059113787896, "BCG": 0.630806741643905, "CHOL": 0.220491492237537, "COVID19": 1.5064096157525704, "COVID19-2": 0.4843997487586829, "DF": 0.6188158720635264, "DT": 0.4915916680211708, "DTAP": 0.2454335903136805, "DTAPHEPBIP": 0.0288313239314829, "DTAPIPV": 0.0277349997747413, "DTAPIPVHIB": 0.1025560234424066, "DTP": 0.4976214105079425, "DTPHIB": 0.0601829927979268, "DTPIHI": 0.3033762134505439, "DTPIPV": 0.0855563296963978, "FLU(H1N1)": 0.4101209604187635, "FLU3": 0.8630609740677473, "FLU4": 0.3542906576557047, "FLUA3": 0.2841388781124422, "FLUA4": 0.1981748568862122, "FLUC4": 0.3881243645174796, "FLUN(H1N1)": 0.532216648339243, "FLUN3": 0.0568216451216521, "FLUN4": 0.179260649763851, "FLUR4": 0.1358804776618304, "FLUX": 0.974801340957607, "FLUX(H1N1)": 0.0278406392064899, "HBHEPB": 0.0734483472529782, "HEP": 1.9888664186969505, "HEPA": 0.4212571270021198, "HEPAB": 0.7369729363201051, "HIBV": 0.212157054619256, "HPV2": 0.3597309504449939, "HPV4": 1.0702313045345324, "HPV9": 0.3871198603368689, "HPVX": 0.0971543302574352, "IPV": 0.2296738695637319, "JEV": 2.5019648482509704, "JEV1": 0.3912804025555703, "LYME": 0.4962115457389706, "MEA": 0.1170660191612716, "MEN": 0.8439669781077954, "MENB": 0.2534340074288131, "MER": 0.2839054373239335, "MM": 0.7766647200733964, "MMR": 0.4278374950188032, "MMRV": 0.0061004067154244, "MNQ": 0.1927331594271539, "OPV": 0.5777741585036381, "PER": 0.4116556199521116, "PNC": 0.2158535249115936, "PNC10": 0.0735565718472113, "PNC13": 0.1801922012742093, "PPV": 0.3272017781454362, "RAB": 0.923154079068903, "RUB": 0.098847834482608, "RV1": 0.2866395338157724, "RV5": 0.0815702964149188, "RVX": 0.3539498680609695, "SMALL": 0.9988573079676898, "SMALLMNK": 0.2382185922955977, "TD": 1.1903080338577663, "TDAP": 0.3221206059060246, "TTOX": 0.8696834574698915, "TYP": 2.5078883278589843, "UNK": 0.8113545502174586, "VARCEL": 0.1130069897831568, "VARZOS": 0.4460698073342607, "YF": 1.4790773486465272}