{"COVID19": 2.8213674997454112, "COVID19-2": 2.0593675460467877, "DTAPIPVHIB": 0.3937164949765853, "FLUX": 0.1266627015598781, "MMR": 0.0630330172146627, "PNC13": 0.1112906766091594, "UNK": 0.1236436800925645, "VARZOS": 0.0456561869199466}