{"COVID19": 0.0386838056002852, "DT": 8.398951005740663, "DTAP": 0.3985207402845586, "DTAPIPV": 1.9726497071333255, "DTP": 1.0438955433567352, "DTPPHIB": 74.62118778118744, "FLU3": 0.2319558242006974, "FLUX": 0.5637510220438414, "HEP": 1.122894041608115, "IPV": 2.057070962387626, "MMR": 0.280547703768175, "PNC": 0.8473870327579548, "PNC13": 1.8125080848358357, "UNK": 2.0136926481374604}