{"MMR": 5.863561869014082, "PNC13": 9.92120887645851}