{"6VAX-F": 0.3224365644558229, "COVID19": 0.0760400680000004, "COVID19-2": 0.0750921508617511, "DT": 1.0495981490661968, "DTAP": 2.263544842872316, "DTAPH": 3.9423324960338633, "DTAPHEPBIP": 0.9133736114472236, "DTAPIPV": 0.8786421725278599, "DTAPIPVHIB": 3.292969795716465, "DTIPV": 12.56208980861358, "DTP": 0.464961707412153, "FLU3": 0.1033150857155633, "FLU4": 0.0623227712695271, "FLUC4": 1.5357600638873223, "FLUN4": 0.8235372366565388, "FLUR4": 1.2077046189818963, "FLUX": 0.2510998708999987, "HBPV": 12.550778559023408, "HEP": 0.9342051874855484, "HEPA": 1.4505767827009994, "HIBV": 2.024936847146963, "HPV4": 0.1939524325518005, "IPV": 1.0563922518583198, "MEN": 2.8668673057150915, "MENB": 0.2091396402147088, "MMR": 1.5934690309291912, "MMRV": 1.333426146638186, "MNQ": 0.103140564575014, "PER": 12.994287746207643, "PNC": 2.0729525884192563, "PNC10": 2.32188742044877, "PNC13": 4.660477155559277, "PNC15": 10.836986592637304, "PPV": 0.2576434993672134, "RV1": 0.2088880809822041, "RV5": 0.9310319143041618, "UNK": 2.019188424726448, "VARCEL": 1.5267098509794426, "VARZOS": 0.0905100211225317}