{"COVID19": 0.3061744275113261, "COVID19-2": 7.182043121356972, "FLU3": 6.844406625028376, "FLU4": 7.407408516400341, "PNC13": 7.210069318764971, "VARZOS": 4.981558211544544}