{"COVID19": 0.7960535115294479, "COVID19-2": 4.435967810249894, "FLUN3": 32.15598538607963, "HPV4": 7.055681420156026, "TDAP": 5.891788428186266, "VARZOS": 1.3919059708727402}