{"COVID19": 0.2410004671798771, "FLUX": 1.4861203359008166, "HEP": 0.993903344274402}