{"COVID19": 2.175499898647875, "FLUX": 0.2684430611495023, "HPV2": 4.681956724827053, "PPV": 0.1417754156589967, "VARZOS": 0.0967616096706744}