{"COVID19": 0.051358291, "DTP": 28.167533587991475, "DTPIPV": 1048.6071843757263, "FLUX": 2.4869023163640707, "HEP": 11.69990423, "HPV4": 1.6601603341543592, "MMR": 124.99710096214444, "VARCEL": 2.533724020195086}