{"6VAX-F": 3.551310544141535, "ADEN_4_7": 1.2163009578766293, "ANTH": 3.9372355247770976, "BCG": 0.4862146971271655, "CEE": 1.4515133745936717, "COVID19": 1.1136017400302474, "COVID19-2": 2.373451018508256, "DF": 0.2083772168867068, "DT": 0.2732916154862119, "DTAP": 0.2274019736525754, "DTAPH": 0.149385086503349, "DTAPHEPBIP": 0.8384448862928, "DTAPIPV": 0.4528785343435516, "DTAPIPVHIB": 1.1451735319691785, "DTIPV": 0.1335363312511566, "DTOX": 0.4982570745525442, "DTP": 0.140575517859247, "DTPIPV": 0.3634759135954706, "FLU(H1N1)": 0.5490614000021627, "FLU3": 0.3192097507425021, "FLU4": 0.5977639392079593, "FLUA3": 0.2190145767891698, "FLUA4": 1.3201434428814125, "FLUC4": 0.1121867152435924, "FLUN(H1N1)": 0.152926076914311, "FLUN3": 0.8292428805543153, "FLUN4": 0.3327707233113578, "FLUR3": 0.3849279749468068, "FLUX": 0.7590660835175376, "FLUX(H1N1)": 0.1182697282054565, "HEP": 0.4131817407521412, "HEPA": 0.3383623079814173, "HEPAB": 0.9561235634251092, "HIBV": 0.7050983621007191, "HPV2": 0.9729142083745742, "HPV4": 1.092503171412451, "HPV9": 0.5314892660954428, "HPVX": 0.9306331434804253, "IPV": 0.3207842614585996, "JEV1": 0.468027740104127, "JEVX": 0.4697040156417389, "LYME": 0.4582087999824229, "MEA": 0.1400245973039149, "MEN": 0.4461558947039115, "MENB": 0.5530821791527201, "MER": 0.3395839754137296, "MMR": 0.1911425437528208, "MMRV": 0.1397564912797737, "MNQ": 0.6552072606851833, "MU": 0.4265657762448367, "OPV": 0.034439574037138, "PNC": 0.7693725662351839, "PNC10": 0.3124920136912279, "PNC13": 1.398772937334834, "PNC15": 0.4106419653554138, "PPV": 0.278874297881668, "RAB": 0.1087575925567795, "RV1": 1.2797505811852377, "RV5": 1.069880444521714, "RVX": 0.5870575685411095, "SMALL": 15.967320716875724, "SMALLMNK": 0.0802266142600801, "TBE": 4.156678179834098, "TD": 0.133602919758195, "TDAP": 0.4936784747827545, "TTOX": 0.0271921703675687, "TYP": 2.4576996864035827, "UNK": 0.5154531371864042, "VARCEL": 0.1920816083282162, "VARZOS": 0.1844919295074122, "YF": 0.5474845149623092}