{"COVID19": 1.337426739773214, "COVID19-2": 3.6802767212267713, "FLUX": 1.140258888879904, "SMALL": 8.776171860343469, "UNK": 1.096322486807216}