{"DTAPIPVHIB": 6.144004774663896, "FLU3": 0.7598923118847538, "FLUN3": 3.5016132484955143, "FLUX": 1.9763487882960904, "HEP": 0.3622128845110347, "HEPA": 1.533825866101992, "HPV2": 14.014186875491957, "HPV4": 1.3193290042391508, "MMR": 0.600478910040786, "PNC13": 7.41163720206789, "RV1": 10.112644964835985, "RV5": 1.8621955026889845, "TD": 1.266443742352492, "VARCEL": 0.55179076807114}