{"COVID19": 0.0116941185936838, "DTAPHEPBIP": 4.55017145883548, "FLU4": 1.1066017881111838, "HIBV": 0.9006637151639432, "MMR": 0.6225131446401709, "MMRV": 3.419188601482124, "PPV": 0.6606598449544434, "RV5": 2.3873736216744867, "VARCEL": 0.784544862311595}