{"DTAPIPV": 41.7372614856022, "DTP": 3.2133148135192977, "FLUX": 0.2836759235319559, "HEP": 3.0034518627725557, "HEPA": 0.8033870747900415, "HEPAB": 20.222017836748066, "HPV2": 3.624343581012385, "HPV4": 0.6820831420289961, "PNC13": 0.5321700228437053, "RV1": 176.12869593334668, "TDAP": 0.3360327649541506, "VARCEL": 0.2890168300863148}