{"ANTH": 11.634678147800184, "COVID19": 0.2341333857439552, "FLU4": 2.991453439315523, "FLUC4": 58.494521705224855, "HIBV": 17.133256171664407, "HPV4": 7.055681420156027, "PPV": 2.080667108016131, "TDAP": 8.012832262333323, "UNK": 25.20604113662054, "VARCEL": 3.313331411024343}