{"COVID19": 1.897584238646484, "COVID19-2": 0.0732604444347987, "FLU4": 0.0608025455233514, "FLUX": 0.06873208482325, "HEP": 0.1333370090405251, "HEPA": 0.5005049809008496, "HEPAB": 0.3527102701960959, "HPV4": 3.9890791793080336, "HPV9": 0.158485915039866, "HPVX": 3.002488789675318, "JEV1": 3.3925812419253774, "RAB": 0.4075202988796608, "TDAP": 0.0571940002958968, "TYP": 1.730548102170588, "VARCEL": 0.0431070336763756}