{"COVID19": 0.9236692472265374, "FLU3": 0.2899109989065311, "HEPAB": 3.6158050627107934, "PNC13": 0.619094273906454}