{"COVID19": 0.3980267557647239, "IPV": 357.74582192052713, "MMR": 31.24927524053611}