{"COVID19": 0.0560654502112883, "IPV": 37.2149608273391, "MMR": 3.2504457412438668}