{"ANTH": 4.598786479025908, "HEP": 0.7655137570913404, "SMALL": 176.65590386689524, "TYP": 5.114475569192389}