{"COVID19": 0.3851088084235179, "DTAPHEPBIP": 22.17880928194112, "HEP": 1.8360096562549653, "RVX": 39.50899183032921}