{"HPV2": 23.436434253639792, "HPV4": 43.11960239615087}