{"COVID19": 12.220947007054509, "COVID19-2": 0.728706603278697, "FLU3": 0.0027194237874317, "FLUN(H1N1)": 0.0865628219887409, "FLUX": 0.0070727381109271, "FLUX(H1N1)": 0.0764938073562814, "HEPAB": 0.0450214644032409, "MMR": 0.0078417243316655, "SMALL": 0.3084444720847087, "SMALLMNK": 0.1529622143389701, "TYP": 0.0596423090548307, "UNK": 0.043065262921978, "VARZOS": 0.0019792738273429, "YF": 0.0965378471989029}