{"COVID19": 0.0940038812738728, "DTPIPV": 13.942742582154665, "FLU3": 0.5417651967479045, "FLUX": 1.3167210890016092, "FLUX(H1N1)": 4.537079632960203, "HEP": 4.288300381718575, "HEPA": 0.3825690673253597, "HPV4": 4.564030133975158, "IPV": 0.3626949595832182, "PNC13": 0.319574644293065, "TTOX": 3.704824914250114, "TYP": 1.3227567268829372, "VARZOS": 0.4746178125670156}