{"COVID19": 0.1492600334117715, "DTP": 45.60457819008143, "FLU3": 5.133304968771282, "FLUX(H1N1)": 43.542955725013776, "HEP": 12.56656380766856, "HEPAB": 25.62884241508188, "HPV4": 8.912439688618138, "PPV": 2.576064038496162, "RVX": 213.54836494518244, "UNK": 6.901654120741338}