{"ADEN_4_7": 1.2224384774089148, "ANTH": 0.3071117794127299, "BCG": 0.159898650748213, "COVID19": 1.2940944293486776, "COVID19-2": 3.127851127909855, "DF": 0.5177126304925346, "DTAP": 0.0783046362555686, "DTAPIPV": 0.0851042004001226, "DTAPIPVHIB": 0.0292521081750911, "DTP": 0.1037361415614082, "FLU(H1N1)": 0.7783927789330771, "FLU3": 0.4658482161205451, "FLU4": 0.3691611799679393, "FLUA3": 0.7102182927400651, "FLUA4": 0.045869795501559, "FLUC3": 0.509192133706171, "FLUC4": 0.2109915445282938, "FLUN(H1N1)": 0.1120841353089794, "FLUN3": 0.3953793764729617, "FLUR4": 0.144074708513281, "FLUX": 0.8136529972757883, "FLUX(H1N1)": 0.412329261548178, "HEP": 0.4254706010192041, "HEPA": 0.2793776786161023, "HEPAB": 1.0564811103858611, "HIBV": 0.0482482353753007, "HPV2": 0.5396520797583126, "HPV4": 0.5758633055656385, "HPV9": 0.4665048031464496, "HPVX": 0.1923700742956807, "IPV": 0.224920472068563, "LYME": 0.1424313287194877, "MEN": 0.4289203102894535, "MENB": 0.5877350670054153, "MMR": 0.1385781687399427, "MMRV": 0.0117075514952269, "MNQ": 0.1337533983715982, "MU": 0.7683086600903108, "PNC": 0.3368238995939803, "PNC13": 0.2344802803831711, "PNC15": 0.781404553158696, "PNC20": 0.0523458017719453, "PPV": 0.3663654307968931, "RAB": 0.1495953942711111, "RUB": 0.0898941707006873, "RV1": 0.090656194883357, "RV5": 0.2102572487881772, "SMALL": 14.292087438281689, "SMALLMNK": 0.0557667142762761, "TBE": 1.1605470929116048, "TD": 0.2306732590840071, "TDAP": 0.3856454610102141, "TDAPIPV": 0.8463194800962809, "TTOX": 0.1085768010857615, "TYP": 0.07722553015251, "UNK": 0.9545375274944918, "VARCEL": 0.0180505624011943, "VARZOS": 0.2414000627903103, "YF": 0.1250007676241814}