{"COVID19": 0.0180450703317701, "COVID19-2": 3.4189001187458468, "FLU4": 3.526182556064645}