{"ANTH": 4.280683469473652, "COVID19": 0.6716701503529716, "COVID19-2": 4.066303826062403, "DTAP": 1.1252668151144125, "DTAPIPV": 3.6715237736599553, "DTIPV": 149.9998503342535, "FLU3": 0.4600603509747847, "FLU4": 0.7303078818986253, "FLUC4": 4.393954682082617, "FLUN(H1N1)": 4.835293921960632, "HEP": 0.8002292990732337, "HPV2": 8.610137871062399, "HPV4": 10.97550443135382, "HPV9": 1.0244611188210582, "LYME": 3.176074992030827, "MENB": 1.290655182089482, "RV5": 2.729794981091447, "TDAP": 0.4680392676596567, "UNK": 0.6772651239979819, "VARZOS": 0.3348453043137252, "YF": 5.392416863115823}