{"COVID19": 5.549844764342095, "COVID19-2": 0.2867355618792707, "DTAP": 0.3044337527616741, "DTAPIPVHIB": 1.2125470887559553, "FLU(H1N1)": 0.3738100200070156, "FLU3": 0.3317441986620897, "FLU4": 0.3948111138182923, "FLUC3": 3.0708686625397794, "FLUC4": 0.5916007252108708, "FLUX": 0.6454555630257893, "HEP": 0.4316758559886146, "HEPA": 0.6062275795023969, "HEPAB": 0.6804117455331472, "HPV4": 0.2865251338134427, "LYME": 0.8592668120032831, "MENB": 0.6992410353598713, "PNC13": 0.2005329014068639, "TD": 0.2499585931133308, "TDAP": 0.2535706412130798, "VARZOS": 0.1806290191208899, "YF": 1.4588839553815247}