{"COVID19": 0.6823315813109554, "FLUX": 9.947609265456284, "HPV4": 10.58352213023404, "TYP": 39.60977433, "VARZOS": 1.314577861}