{"COVID19": 0.0339121833488998, "HEP": 1.9746331625438325, "HPV2": 17.565539951886546}