{"6VAX-F": 0.469020397593019, "ANTH": 1.1964432559992242, "COVID19": 2.073461951300166, "FLU3": 0.0421647838114652, "HEP": 0.0557829074927499, "HEPAB": 0.5258847088223468, "MNQ": 0.1500296035908937, "MU": 16.374875631514932, "PNC13": 0.0900413519713422, "SMALL": 8.611511477835723, "TD": 0.2162536210389671, "TYP": 4.046582225969903, "UNK": 0.1000357304382981}