{"COVID19": 1.088880045428127, "COVID19-2": 1.096694798499872, "HPV4": 0.2272523494153597, "HPV9": 0.8826657095789976}