{"COVID19": 7.960535115, "COVID19-2": 2.793016769, "UNK": 1.7462016450068445}