{"COVID19": 3.6428373034500594, "COVID19-2": 2.4982268214892485, "DTAP": 0.1101386991467638, "VARZOS": 0.0746484508090407}