{"6VAX-F": 1.1012133026347566, "COVID19": 0.4658353305895802, "COVID19-2": 0.3516939905147053, "DTAP": 2.840927927258708, "DTAPH": 2.4602758537471074, "DTAPHEPBIP": 3.998906521216617, "DTAPIPV": 2.0025824025914303, "DTAPIPVHIB": 3.9494056069632735, "DTPHEP": 7.612594177965628, "DTPHIB": 0.3955450236516832, "FLU(H1N1)": 1.2172657931913258, "FLU3": 0.4659043318848708, "FLU4": 0.8689895876143958, "FLUA3": 0.7238035620343439, "FLUA4": 1.1087868901169975, "FLUC4": 0.5355256520011172, "FLUN(H1N1)": 1.1843093638118134, "FLUN3": 0.625594982859594, "FLUN4": 4.294316205682929, "FLUX": 1.3207284080670283, "FLUX(H1N1)": 0.3482847280363547, "HBHEPB": 1.2085892419422843, "HEP": 0.6670811263736584, "HEPA": 0.3800899013997727, "HEPAB": 0.8543450211832773, "HIBV": 0.7071124705878289, "HPV2": 0.3432135337847732, "HPV4": 1.882467838871144, "HPV9": 0.902518026412546, "HPVX": 3.287479457855206, "IPV": 1.7038728614624896, "MEN": 1.5094266108513947, "MENB": 0.9889616635034169, "MMR": 1.5863609673068046, "MMRV": 0.9783435403354352, "MNQ": 0.9069398947409176, "PER": 3.791663009067861, "PNC": 1.1863376120196238, "PNC13": 1.194333686968848, "PPV": 0.0858637746053115, "RAB": 0.1752049146496049, "RV1": 1.3226661737022736, "RV5": 0.7408806930992966, "SMALLMNK": 0.1960344081921136, "TD": 0.0211957103681238, "TDAP": 0.4671190305825905, "UNK": 0.92185773883069, "VARCEL": 0.4017607799479535, "VARZOS": 2.0690102028613357, "YF": 0.1237216651285157}