{"COVID19": 0.0339121833488998, "HEPA": 3.8156153198791785, "VARCEL": 2.2751279933218287}