{"COVID19": 0.377077979, "COVID19-2": 2.094762577, "FLU3": 1.8577675125077024, "FLUN3": 15.184770876759828, "FLUX": 10.249051970470108, "HEP": 1.570820476, "HEPAB": 14.95015807546443, "HIBV": 12.374018346202073, "HPV2": 17.138274429067064, "HPV4": 1.5679292044791169, "MENB": 15.782869083837094, "RAB": 12.77841096232694, "TDAP": 2.7822334244212925, "VARZOS": 0.657288931}