{"COVID19": 0.080333489059959, "HEP": 1.321295227076222, "PNC": 52.8114356379978}