{"DTP": 3.614332029921532, "FLUX": 3.5693714408444928, "HEP": 5.337916143925969, "HEPAB": 3.6240422599024806, "HPV2": 3.235885397838952, "HPV4": 2.140273248199072, "HPVX": 3.4642631116175093, "MEA": 21.81780349551476, "MMR": 7.091519447121549, "PNC": 4.136126030964092, "RAB": 6.694801033691773, "VARCEL": 2.0585476072988644, "YF": 6.277039243523563}