{"COVID19": 0.3980267557647239, "HEP": 11.309907426901704, "PNC": 288.31826331967216}