{"COVID19": 4.674675997370406, "COVID19-2": 0.2079523501342186, "FLU4": 0.2144777663167761, "MMR": 0.0725640912119725, "UNK": 0.1121851699764173, "VARZOS": 0.0183153861509012}