{"COVID19": 0.3939739081995966, "DT": 1.5550362932480772, "DTAP": 0.2634551473344936, "DTP": 2.099213393127579, "DTPHEP": 8.693413971354174, "DTPHIB": 0.7925118608537963, "FLU(H1N1)": 0.4427912332260795, "FLU3": 0.2985385131033531, "FLUX(H1N1)": 1.3020166334079974, "HEP": 3.699932078631525, "HEPA": 0.1097866724084938, "HIBV": 0.5224161285313589, "HPV2": 3.513479140042463, "HPV4": 0.0806215303883443, "HPVX": 1.2793484474659815, "IPV": 1.1304824870032772, "MMR": 0.5641604390791054, "OPV": 2.972351826344475, "PNC": 0.5601940556548342, "PNC13": 0.0917090254749131, "RUB": 4.622789274488502, "RVX": 1.5523736121273988, "SMALL": 0.5785561621444066, "TBE": 10.983919854181362, "TD": 0.2202588965378135, "TTOX": 1.0631823220723222, "TYP": 0.3795944292158305, "VARCEL": 0.0654622104321566}