{"ANTH": 1.291744896746721, "COVID19": 1.0144663243498206, "COVID19-2": 0.3220147678309689, "HPV4": 0.2410274749301053, "UNK": 0.6188910427480843}