{"COVID19": 0.5520510691539028, "COVID19-2": 0.2125130668883019, "FLU3": 0.0916169313090982, "FLU4": 1.545229026679844, "FLUN3": 1.5405687582308392, "FLUX": 0.2382793476133661, "HPV4": 0.1590656468838492, "MNQ": 0.8360296592765113, "TDAP": 0.2822575397816696, "VARZOS": 0.4701016719544775, "YF": 3.252340015987952}