{"COVID19-2": 3.398487771313095, "HPV4": 1.7856665842332995}