{"COVID19": 2.240102042259575, "COVID19-2": 0.1864099942404199, "HEPAB": 1.3304599769370733, "HPV4": 0.1395275437783909}