{"HPV4": 18.815150453749403, "PPV": 18.03244826947313, "RV1": 144.2100118578342, "RV5": 96.90772182874638}