{"COVID19": 0.1070646727464292, "DF": 11.222834950873867, "DTAP": 2.028131519003782, "DTP": 2.2491584434282985, "FLU(H1N1)": 0.6943664991813236, "FLU4": 0.1826445585346143, "FLUX": 1.3937131392518, "FLUX(H1N1)": 2.147471889749118, "HPV2": 2.5260145586224185, "HPV4": 0.1325498054618304, "IPV": 27.80475539946403, "MENB": 4.552762741319488, "MMR": 0.2201471631601005, "MNQ": 2.4985814625149003, "PNC": 1.354180737717319, "PNC13": 2.6145910537356527, "PPV": 0.1270357583130418, "RV1": 1.0159782536947075, "RV5": 4.792165532891488, "RVX": 269.6168609474394, "VARCEL": 0.7255292219625115}