{"HPV4": 1.9570825431456855, "PPV": 1.8756683349885896, "RV1": 15.000724372681178, "RV5": 10.080205922324176}