{"COVID19": 0.3485311488651537, "FLU4": 2.700233562273597, "RV5": 2.7306840443079223, "UNK": 1.361311940749426}