{"COVID19": 3.7812541797648778, "COVID19-2": 3.7705726387124097, "HEPA": 11.97299469517234}