{"6VAX-F": 1.5921712929010092, "ADEN_4_7": 1.8724043298163555, "ANTH": 1.365280559141839, "BCG": 5.739014941719892, "CHOL": 1.4423648517867589, "COVID19": 0.6735700239406709, "COVID19-2": 0.8442912072148432, "DF": 1.1396200399964878, "DTAP": 0.1102859595276323, "DTAPHEPBIP": 0.3653965964509486, "DTAPIPV": 0.0510870480440643, "DTAPIPVHIB": 1.52066511749304, "DTOX": 9.688415856313291, "DTP": 0.0270344643650844, "DTPIPV": 0.5596745124691818, "FLU(H1N1)": 0.2201049734779194, "FLU3": 0.0890739556458664, "FLU4": 0.985556234788504, "FLUA4": 0.1886722132973901, "FLUN3": 0.1046627907931899, "FLUN4": 0.1706659220556224, "FLUX": 0.6378021002172103, "HEP": 1.1240048307209007, "HEPA": 0.5145590107435252, "HEPAB": 0.5154980346363512, "HIBV": 0.5143040575104149, "HPV2": 0.4864231194489088, "HPV4": 0.3778636322385761, "HPV9": 0.4991951193928153, "IPV": 0.2799051196054, "JEV1": 2.5612652060326995, "MEN": 0.590332369637161, "MENB": 0.6426777132140721, "MMR": 0.5544153839510436, "MMRV": 1.337183125095759, "MNQ": 0.3169431355660759, "PNC": 0.3254100721220875, "PNC13": 1.7355619826609865, "PNC20": 0.3103514297621909, "PPV": 0.8569907979204828, "RV1": 1.8911559977234027, "RV5": 1.073940232068007, "RVX": 1.4941082604722398, "SMALL": 1.9283142668243929, "TD": 0.0308091303254095, "TDAP": 0.3474089079687427, "TTOX": 1.0232558136620435, "TYP": 0.56739094617358, "UNK": 3.963806922592061, "VARCEL": 0.2181730326923875, "VARZOS": 0.1253897821576319, "YF": 0.3741463254772723}