{"COVID19": 0.660978640445914, "HPV2": 2.1131728453548995, "HPV4": 1.4552255534043304}