{"COVID19": 0.2165472721277872, "FLU3": 0.4634309676576011, "UNK": 4.146570479976, "VARZOS": 1.531144976575437}