{"COVID19": 0.0259350708871736, "HEP": 1.510143382711325, "LYME": 32.20572343534947, "TDAP": 2.308553078585353}