{"COVID19": 1.2397789935553365, "FLU3": 0.2022841080377725, "FLU4": 0.1352846680548285, "FLUN4": 1.4304494482256278, "FLUX": 1.0265000268178832, "HEP": 0.0983605716498752, "HPV4": 0.0981795268694522, "VARCEL": 0.1498413243448453, "VARZOS": 0.1472280598537747}