{"COVID19": 2.288653845647163, "FLU3": 0.8230615561742984, "FLU4": 0.9722223677775448, "FLUN4": 10.279089083607156, "FLUX": 3.2521030290914767, "HEP": 0.7068692141813565, "HPV4": 0.7055681420156026, "VARCEL": 1.0768327085829117, "VARZOS": 0.5990481393629514}