{"ANTH": 0.1303174984136448, "COVID19": 0.7141266568316184, "COVID19-2": 0.0324864026005859, "DTAP": 0.1037388408785792, "DTAPIPVHIB": 0.4132197252603078, "FLU3": 0.1501945902628449, "FLU4": 0.1191946961291625, "FLUN(H1N1)": 0.4458062603790759, "FLUX": 1.2337833199031214, "FLUX(H1N1)": 0.393949942552483, "HEP": 0.5849983086176225, "HEPA": 0.366982095385793, "HEPAB": 0.8248600113395869, "HIBV": 0.682714380843556, "HPV2": 0.8910159646701342, "HPV4": 2.1909259272111954, "HPV9": 1.012865181206993, "HPVX": 0.3954768335102201, "MENB": 0.1189865237452708, "MMR": 0.4331036295278311, "MNQ": 1.370606129165091, "PNC": 0.8837647394022154, "PNC13": 0.0683329791820426, "PPV": 0.1607075563115277, "RAB": 0.1981808952260833, "RV1": 0.1863793576618868, "RV5": 0.1252431830502932, "SMALL": 1.59355801417953, "TDAP": 0.0431480869327482, "UNK": 0.669588375013853, "VARZOS": 0.5625408796563638}