{"ANTH": 0.6583364138151332, "COVID19": 0.5104791367903141, "FLUX": 1.4153071788358145, "HEP": 0.7704048902165168, "HEPAB": 3.707876804757019, "HIBV": 0.1449511157363252, "HPV2": 0.9748422328262848, "HPV4": 2.4183683396318854, "HPV9": 0.4642150029332778, "HPVX": 2.467599708073599, "LYME": 2.337092239457686, "RAB": 1.1936518858514304, "RV5": 1.3789696071720607, "TDAP": 0.1675247573683451, "UNK": 0.1965220180881466, "VARZOS": 0.2604428952698662}