{"COVID19": 0.1950837849485899, "DTAP": 4.338886990335779, "FLU3": 0.0832864972772234, "FLU4": 0.1992520948661408, "HEP": 0.1448689668101393, "HPV2": 0.7683566019838577, "MENB": 4.976635913900517, "MMR": 0.8621219271707136, "MNQ": 8.409997714926785, "PNC13": 4.496581146808159, "PPV": 0.9746982086184018, "RAB": 1.1785405314705084, "SMALL": 1.3741591663366148, "TD": 1.8182720048672876, "TDAP": 0.2565927677465398, "UNK": 0.3712982697122546, "VARZOS": 0.0606182774425}