{"COVID19": 1.194080267294172, "IPV": 357.74582192052713}