{"COVID19": 0.3351358430754985, "FLU3": 0.6402822996505653, "FLUC4": 2.5363682576999693, "FLUX": 0.4582759153482054, "FLUX(H1N1)": 4.956384443320883, "HPV4": 0.3059264587615735, "MMR": 1.8463210113744928, "YF": 6.255126557257197}