{"6VAX-F": 0.5082431787759282, "ADEN_4_7": 0.3271232094954, "ANTH": 1.8951981102744708, "BCG": 0.3821935696762814, "CHOL": 0.1309866542276401, "COVID19": 0.2618899350259214, "COVID19-2": 0.2455585192636473, "DF": 0.134041565668123, "DPP": 0.5570734575051711, "DT": 1.162344372695493, "DTAP": 3.1686038922933704, "DTAPH": 2.0739932465390374, "DTAPHEPBIP": 1.2913620880536425, "DTAPIPV": 2.66422436775667, "DTAPIPVHIB": 0.7598864604522145, "DTIPV": 0.171460795398284, "DTOX": 0.8121189973281348, "DTP": 0.2287448518390822, "DTPHEP": 0.1430333415418494, "DTPHIB": 0.0473900465881397, "DTPIHI": 0.233546132378415, "DTPIPV": 0.7171258198766707, "DTPPHIB": 0.63749775477085, "DTPPVHBHPB": 0.6560959243269657, "FLU(H1N1)": 1.159165201345742, "FLU3": 2.22725350987516, "FLU4": 1.8337370940516455, "FLUA3": 1.877598501463132, "FLUA4": 0.9929220301361696, "FLUC3": 0.9969929184608812, "FLUC4": 1.3614162344726168, "FLUN(H1N1)": 0.7158489388543287, "FLUN3": 0.945997723043726, "FLUN4": 0.5655132729337798, "FLUR3": 1.5564984366218304, "FLUR4": 1.7629016973466716, "FLUX": 0.8571252917916925, "FLUX(H1N1)": 0.5606476472377463, "HBHEPB": 1.7929937119923245, "HBPV": 0.9433023647724972, "HEP": 0.5881126785407097, "HEPA": 1.9585188442560024, "HEPAB": 0.797184605793003, "HEPATYP": 0.0712760975201777, "HIBV": 0.9289527250349002, "HPV2": 0.1899918524784013, "HPV4": 0.6664255683106278, "HPV9": 0.7161995752873757, "HPVX": 0.2757532297884488, "IPV": 3.149008249719839, "JEV": 1.0143707934509747, "JEV1": 0.8970475790203525, "JEVX": 0.2334241009240809, "LYME": 0.1429418950949094, "MEA": 0.2522858888871665, "MEN": 0.803550268190262, "MENB": 1.27612993123239, "MENHIB": 0.7945118144509468, "MER": 0.8580250438060294, "MM": 1.1976637842446938, "MMR": 1.9951347034376563, "MMRV": 1.8980733446302935, "MNC": 0.2571380047813182, "MNQ": 2.2859943494999397, "MNQHIB": 0.527035312437316, "MU": 0.2119595644372975, "MUR": 0.8513474130088257, "OPV": 0.068349317693016, "PER": 0.6333822371677509, "PNC": 1.6465041153008528, "PNC10": 0.5103270827702255, "PNC13": 1.8195725676308985, "PNC15": 0.3273118514140427, "PNC20": 2.795954557475364, "PPV": 4.293613086881523, "RAB": 0.5250462307950244, "RSV": 1.67332261780929, "RUB": 0.1128610339342932, "RV": 0.00673412485545, "RV1": 0.2905240341180264, "RV5": 0.4048872173634197, "RVX": 0.3102722242037873, "SMALL": 1.8999837674144573, "SMALLMNK": 1.3519355590567288, "SSEV": 0.1671336114871943, "TBE": 0.0648492801120049, "TD": 1.4213692259302615, "TDAP": 2.647357366715417, "TDAPIPV": 0.3278616398683265, "TTOX": 1.4055800783939327, "TYP": 1.0114726777967038, "UNK": 0.7231290188645669, "VARCEL": 2.461541204080739, "VARZOS": 2.02256514587609, "YF": 0.930020285620077}