{"COVID19": 0.6303546874668605, "FLU4": 0.4215457078877698, "HEPA": 1.297864465826561, "RV5": 1.5757182564602776, "UNK": 0.785533423385431, "VARZOS": 0.1282464620369441}