{"FLU4": 4.427209259546297, "PPV": 2.643119640509369}