{"COVID19": 1.2785864308669843, "HEP": 1.4187191081159516, "MNQ": 0.5324848427499552, "TYP": 1.3227567268829372, "VARZOS": 0.1311031673255669}