{"COVID19": 0.8566081179202494, "COVID19-2": 1.8641945900852976, "DTAPIPV": 1.272467800845158, "FLU(H1N1)": 0.4788407666366835, "FLUN(H1N1)": 1.6758495190700355, "HPV4": 0.3268153228160429, "MMR": 0.1518152596375243, "PPV": 0.0876048827445939, "RAB": 0.7449905379872575, "UNK": 0.8391735392073753, "VARZOS": 0.2671489475806596, "YF": 1.868965101015018}