{"COVID19": 0.0259350708871736, "FLU4": 2.454206680620784, "HPVX": 138.1469111828939}