{"6VAX-F": 0.5159296705385388, "COVID19": 1.4270894068448752, "COVID19-2": 0.4292143974960848, "DTAPIPVHIB": 0.35040122594054, "FLU3": 0.046381913005853, "FLU4": 0.0997224626212983, "FLUA4": 1.4567684989618692, "FLUC4": 0.689448649311999, "FLUX": 0.1127277269558665, "HEP": 0.0613620592276526, "HPV2": 0.5458547426316346, "HPV4": 0.3110376216774022, "MENHIB": 11.58251436089832, "MMR": 0.0560983513883668, "PNC13": 1.0774264103007176, "PPV": 0.059535977381917, "RV1": 0.3342411274874513, "UNK": 0.110040847355626, "VARZOS": 0.2827354137365696}