{"ANTH": 3.218102466412817, "DTAP": 7.852405383733182, "FLU(H1N1)": 16.42687365697496, "FLU3": 6.0957996504158976, "FLUN3": 17.825600594457185, "FLUR3": 108.54298642533938, "FLUX": 4.697482153132134, "FLUX(H1N1)": 9.727681598141375, "HEPA": 13.303327439080377, "HPV2": 3.190636196900783, "HPV4": 8.160788149, "HPV9": 2.3322838236990044, "MMR": 0.9973172949107272, "MMRV": 4.083977005734041, "PNC": 6.134431134461109, "PNC13": 5.172441033027044, "PPV": 1.764043852448459, "RV1": 4.602447186952155, "RV5": 3.092799632832331, "SMALL": 17.490479903024777, "TDAP": 5.564466848842585, "VARCEL": 10.134896080780344, "VARZOS": 3.421070097084807, "YF": 12.276353284114746}