{"ANTH": 2.8009410355815256, "COVID19": 5.260875380542438, "COVID19-2": 0.2313234747676325, "FLU3": 0.4026121544134339, "FLU4": 0.4786325502904836, "FLUX": 1.0471167647848718, "HPV9": 0.6724990166494063, "HPVX": 2.8157846710766448, "MMR": 0.2875700175509458, "PNC13": 0.4865690951313783, "PPV": 0.165942775485949, "SMALL": 3.3007674893913426, "TDAP": 0.307240501, "VARZOS": 0.072584054}