{"COVID19": 0.7082453041534299, "COVID19-2": 0.2731208076924469, "FLU4": 0.2266767643704659, "FLUC4": 1.567169041880378, "HEP": 0.1394806432291861, "HEPA": 0.9701414308172028, "HPV4": 0.7124201171634535, "IPV": 0.9197433593566176, "MM": 89.16678054742177, "MMR": 0.1275158338702147, "UNK": 1.7697863675754777, "VARZOS": 0.092362495603584}