{"COVID19": 0.5570293457539909, "COVID19-2": 0.3232855858152357, "FLU(H1N1)": 0.1834994082181349, "FLU3": 0.7948108620552969, "FLU4": 0.7220080372409926, "FLUN3": 0.3392577719224177, "FLUX": 1.2676969265158269, "HEP": 0.1249423816769587, "HEPA": 0.5290852593540365, "HPV4": 0.3766871473548753, "HPV9": 0.9398747082991492, "MMR": 0.4018941886131115, "PNC13": 0.0984380301107038, "PPV": 0.0335715832052463, "SMALL": 0.3328793663651327, "TD": 0.1227007419786883, "TDAP": 0.0621575811526452, "TYP": 0.4424882730182707, "UNK": 0.0899440904428058, "VARCEL": 0.1903359908432722, "VARZOS": 2.454119106091388}