{"ANTH": 5.500029669869177, "BCG": 31.379371414057417, "COVID19": 1.024707179734715, "DF": 86.84980739599384, "DTAP": 1.4419586732603848, "DTP": 5.734707437076108, "FLU3": 0.5911078448888143, "FLUA3": 5.879194324360649, "FLUX": 2.0623092379604486, "HEP": 1.3792570032806954, "HEPA": 4.353816252789942, "HPV4": 1.7314555632284727, "HPV9": 1.3127825115431522, "MENB": 5.021821981220893, "MNQ": 1.7764236574369738, "PNC10": 628.0661467762151, "PNC13": 0.9498294910947864, "PPV": 0.3239361964576012, "RAB": 5.542443308961082, "RV5": 1.7408572783607137, "SMALLMNK": 10.948017977429853, "TDAP": 0.5997628938872247, "UNK": 1.7462016450068445, "VARZOS": 0.4302254819061197}