{"6VAX-F": 2.581648867627823, "ANTH": 1.1846979944438976, "BCG": 1.3895403054325104, "COVID19": 0.9039890091692876, "DF": 28.28826528098043, "DTAP": 0.5547623845482642, "DTP": 0.0970786438673521, "DTPHEP": 4.3665936746286205, "DTPIPV": 2.0097465628209337, "DTPPVHBHPB": 4.1798092046174, "FLU3": 0.149059639380351, "FLUA3": 0.6259579129590043, "FLUA4": 2.4125450871086875, "FLUX": 0.5640632837545743, "HEP": 0.5553757650954025, "HEPA": 0.5933016407710167, "HIBV": 0.4061258203296163, "HPV4": 0.606167499956005, "HPV9": 0.120888531842835, "IPV": 0.3612622297859433, "MENB": 1.0754718083064465, "MMR": 0.0260899526684308, "MMRV": 0.1433006483577348, "MNQ": 0.0767536326689808, "OPV": 0.0984350916306212, "PNC": 0.0788040339563258, "PNC10": 1.7278684003158975, "PNC13": 1.1140926583388688, "PPV": 0.0276887073205552, "RAB": 1.1068722672586673, "RV5": 0.3562826783685259, "SMALLMNK": 1.5755572215093474, "TDAP": 0.0436259504702206, "UNK": 0.3536441247119072, "VARZOS": 0.2033185517588013}