{"ANTH": 0.4219678227185697, "COVID19": 0.6421476484076407, "COVID19-2": 0.1051909214119716, "FLU(H1N1)": 0.4124570346263592, "FLU3": 0.3155087469291753, "FLU4": 0.3875295389984741, "FLUA4": 2.0981041701175167, "FLUC4": 0.6527765766536449, "FLUX": 1.2827396796934278, "HEPAB": 0.7507770091595308, "HPV2": 1.4944074796610174, "LYME": 10.312416541078518, "PNC13": 0.2212620741151547, "PPV": 0.0754598436759362, "TD": 0.2757980865437279, "TTOX": 1.3983509478644631, "UNK": 0.7221478751974544, "VARZOS": 0.1178974636750678}