{"COVID19": 0.3344104856063776, "HPV9": 5.1552790583183}