{"COVID19": 0.1798929225147747, "DTAP": 0.1943941770278365, "DTAPHEPBIP": 3.604107869320149, "DTAPIPVHIB": 0.8547802938815063, "DTPHIB": 2.087965253150043, "FLU3": 0.113145580410058, "FLUX": 0.2749917570738578, "HEP": 0.5393425654742606, "HIBV": 0.7133936265437922, "HPV2": 1.3315759364992956, "HPV4": 0.7653229808966716, "HPVX": 3.3705924694230625, "IPV": 0.2742198705284396, "PNC": 2.931061954940521, "PNC13": 0.2416182387081114, "PPV": 0.1452340415461774, "RV1": 5.781789929655349, "RV5": 1.8909861974699305, "UNK": 0.2684372941256835, "VARZOS": 0.0991221191487621}