{"COVID19": 0.5403078187131218, "FLU(H1N1)": 6.810777259582865}