{"COVID19": 0.060518884575105, "COVID19-2": 4.9091072455963705, "DTAP": 0.1413470346688483, "FLU(H1N1)": 0.6178386763893632, "FLU3": 0.1317813618289956, "FLUN(H1N1)": 4.195103001230984, "FLUN3": 1.142286621889764, "FLUX": 0.3427413062195176, "HEP": 1.4833777040051583, "HEPA": 1.510786447734508, "HEPAB": 0.3159218803384296, "HPV4": 0.6436296214433548, "HPV9": 0.128684326834268, "MMR": 5.745175760842676, "MMRV": 3.368598471307485, "MNQ": 0.6198844668498809, "PNC13": 0.0931055711010264, "PPV": 0.1130336018717345, "RAB": 4.036690068345079, "RV1": 3.796294198963897, "RV5": 0.6074729981418274, "SMALL": 4.706762934380059, "SMALLMNK": 20.85745490251326, "TDAP": 0.6319072295014467, "UNK": 1.6526833657785596, "VARCEL": 25.722491354010213, "VARZOS": 0.2698125545241402, "YF": 0.6774194257212657}