{"COVID19": 0.0057849151844879, "DTAPIPV": 0.758196512901186, "DTAPIPVHIB": 0.9255607218911271, "FLU3": 1.0880412662883752, "FLU4": 0.5200779940883414, "FLUA3": 14.273172843434526, "FLUA4": 5.175108159829945, "FLUC3": 2.3444267596574604, "FLUC4": 0.4515562985328645, "FLUN4": 19.38638421832564, "HEP": 0.8219006936475024, "HEPA": 0.8238523595478794, "HIBV": 2.9788996778549897, "HPV9": 3.186518270832207, "IPV": 1.0356929273549105, "MMR": 4.651153446590128, "MMRV": 14.853491558444196, "MNQ": 4.311994587096192, "PNC13": 0.1530573884255294, "PPV": 0.1861145261470753, "RV1": 1.4884905192707372, "RV5": 6.852784462627107, "SMALLMNK": 6.291785088807999, "TYP": 0.6880074134156542, "VARCEL": 5.7816000820129405, "VARZOS": 5.752730732009104}