{"COVID19": 0.0138003554169446, "YF": 360.13454447457644}