{"ANTH": 0.8014852148023168, "COVID19": 0.4985009946457644, "FLU(H1N1)": 1.0397587993439277, "FLU3": 0.100844822391362, "FLU4": 0.2168192988093868, "FLUN3": 1.7570325878966615, "FLUX": 0.8816999109615993, "HEPAB": 1.2577496024597865, "MENB": 5.141342005745381, "MENHIB": 90.61502768461293, "MMR": 0.8618653985965529, "MNQ": 0.3588233289718107, "PNC13": 0.7746949139993081, "TDAP": 0.2039513800878228, "TYP": 0.8913605955737632}