{"COVID19-2": 3.8815762856492335, "DTAPHEPBIP": 9.414670264491631, "DTAPIPV": 2.419994860994384, "DTAPIPVHIB": 1.49569157531262, "FLU4": 3.507909149413974, "FLUA4": 12.654140674052108, "FLUC4": 1.746572183623816, "FLUN4": 2.639725935125864, "FLUR4": 2.904239940738554, "HEPA": 2.2775822563136603, "HIBV": 2.644849814268184, "HPV9": 4.371383947755126, "IPV": 2.752805589587284, "MMRV": 2.671091523804485, "MNQ": 5.140643716140644, "PNC13": 1.2886042616645637, "PNC20": 3.1021222763600145, "SMALLMNK": 6.231945032922543, "TDAP": 1.0363915739190632, "VARZOS": 1.665582381294414}