{"BCG": 1314.230535408154, "COVID19": 0.0443373609389328}