{"COVID19": 0.6126875009217613, "COVID19-2": 0.3213263656536186, "DTAPHEPBIP": 3.006997713791744, "FLU(H1N1)": 2.4516328322701755, "FLU3": 1.153529841504657, "FLU4": 0.331409387989161, "FLUX": 0.7010493926463841, "HEP": 0.067514774180839, "HPV4": 0.4679911672104588, "MENB": 0.329764641239493, "MMR": 0.1119264466176621, "PNC": 4.781375192690543, "PPV": 0.2305067218825863, "RAB": 0.549247479567769, "RV1": 0.5165401697776428, "VARCEL": 0.7142484845644593, "VARZOS": 0.0282505586357013}