{"ANTH": 1.2518878669190567, "BCG": 1.964151059275708, "COVID19": 0.7442672347041451, "COVID19-2": 1.0891809978796776, "DTAP": 0.3614365454926593, "DTAPIPV": 0.2944925365679274, "DTAPIPVHIB": 0.3594920341851426, "FLU(H1N1)": 1.447247152007583, "FLU3": 3.598796408956868, "FLU4": 1.5454509170632735, "FLUA3": 1.842765488303732, "FLUA4": 1.1277842021499065, "FLUC4": 1.4068580943759452, "FLUN(H1N1)": 2.3313996980088065, "FLUN3": 2.8825327766052555, "FLUN4": 0.616668261, "FLUR3": 3.8242281574145056, "FLUR4": 0.4985109813397861, "FLUX": 1.977697624286458, "FLUX(H1N1)": 2.404513332673563, "HEP": 0.4054495115304384, "HEPA": 0.8102026485454967, "HEPAB": 1.010145815909759, "HIBV": 0.5012730612865055, "HPV2": 0.4501610544220242, "HPV4": 0.4476414194056693, "HPV9": 0.1644054588884187, "HPVX": 0.344057647, "JEV": 3.3873496618424253, "LYME": 0.254752641789579, "MEA": 3.257647707331381, "MEN": 0.9889257990520024, "MENB": 0.4145594130839011, "MMR": 1.3540164870471747, "MMRV": 1.2988889273875934, "MNQ": 1.1156929326512774, "PNC": 1.0822757632119824, "PNC13": 0.2977130724715265, "PNC20": 1.2869777628453212, "PPV": 0.2238791545871382, "RAB": 1.0364764430576865, "RV1": 0.3244319726835415, "RV5": 1.8636100351681997, "SMALL": 2.0172046522229907, "TD": 0.5944148730631933, "TDAP": 0.5281527856528555, "UNK": 1.259825752198816, "VARCEL": 0.9463075317849828, "VARZOS": 1.619804106215795, "YF": 0.8653747346882535}