{"COVID19": 0.3360484484890281, "COVID19-2": 1.823157801806672, "FLU3": 0.1933020372057493, "PNC13": 0.4127894028218432, "UNK": 1.669695656786586, "VARZOS": 3.816230439239765}