{"COVID19": 0.5717682641069254, "DTAPIPV": 2.465524536733991, "HIBV": 0.5073180137923479, "PNC13": 2.282572055332771, "VARZOS": 0.2539789238827162}