{"ANTH": 0.1485655392671805, "COVID19": 0.6724600725869302, "COVID19-2": 0.3990874332195858, "DT": 0.0949811234912177, "DTAP": 0.0393841733721801, "DTAPIPV": 0.1285135490319427, "DTAPIPVHIB": 0.0441699193626754, "FLU(H1N1)": 2.044315756027604, "FLU3": 4.735186228632984, "FLU4": 2.251356956313949, "FLUA3": 0.6687312129211032, "FLUA4": 0.738792891829292, "FLUC3": 1.1935172271070484, "FLUC4": 1.5057354386129234, "FLUN(H1N1)": 1.1307871475797464, "FLUN3": 0.9638634059648052, "FLUN4": 1.642240652144275, "FLUR4": 0.4209646637992782, "FLUX": 2.5007660602116766, "FLUX(H1N1)": 1.6124889664440294, "HEP": 0.1819261327943014, "HEPA": 0.1630691554600816, "HEPAB": 0.0880279471356194, "HIBV": 0.072858354455604, "HPV2": 0.0138110135676895, "HPV4": 0.4368235565402528, "HPV9": 0.1492953075360257, "HPVX": 0.2905149333977408, "IPV": 0.1755512014513943, "JEV": 1.4800806703712777, "JEV1": 0.5046384808252956, "JEVX": 4.111571088691123, "LYME": 0.0312998926308972, "MEA": 0.2001282306154163, "MEN": 0.0607330654409792, "MENB": 0.0451729875129913, "MMR": 0.4712450076709985, "MMRV": 0.0627874920859863, "MNQ": 0.0485198215704119, "PNC13": 0.2433156876020518, "PNC20": 0.0790407931934442, "PPV": 0.1876938285044347, "RAB": 0.2259355496368817, "RSV": 0.2377105982462999, "RV1": 0.0199224772000915, "RV5": 0.0133875040536051, "SMALL": 0.1697417001227009, "SMALLMNK": 0.0842062816503798, "TDAP": 0.5568024105872392, "TYP": 0.4855834014581228, "UNK": 0.5397978816780405, "VARCEL": 0.1321405079337531, "VARZOS": 0.7446679899284914, "YF": 0.5668496776888522}