{"COVID19": 2.1228093640785275, "HEP": 3.141640952, "PPV": 3.005408044912189, "UNK": 8.051929807531561}