{"COVID19": 1.0620392126858196, "COVID19-2": 0.5223025334324094, "FLU3": 0.2251701258339035, "FLU4": 0.2771148969752872, "FLUC4": 0.467570824889001, "HEPAB": 0.537766583260396, "HPV4": 0.0563964577199335, "PNC13": 0.5651604392377816, "SMALLMNK": 1.827082502147208, "VARZOS": 1.5020299589463515}