{"COVID19": 0.1859338868398, "DTAP": 0.3188260517796586, "FLU3": 0.6749417074318198, "FLUN3": 3.23321206731453, "HEP": 0.892930515004685, "HEPA": 0.4743924798870643, "HIBV": 0.3247310008954987, "HPV4": 0.3483687767812211, "IPV": 0.4497482317482357, "LYME": 19.04352265046672, "MEN": 2.650432096300517, "MMR": 0.2244448207773806, "MNQ": 0.6602907136528784, "UNK": 0.4402642239662314}