{"DTAPIPV": 4.61363934155746, "FLUN(H1N1)": 22.123032132334387, "HEPA": 1.406018639121656, "MMR": 0.5504435234094476, "PPV": 0.317633047012177, "RV1": 2.5402934129431918, "UNK": 145.97106456270907}