{"COVID19": 0.5142295451965838, "COVID19-2": 0.8496965045590388, "FLU4": 0.2435403235712765, "FLUC4": 1.4653408883907368, "FLUN3": 1.711779821818599, "FLUX": 0.2647605308225022, "HPV4": 0.6359957853503742, "UNK": 1.6330652746909735, "VARZOS": 0.5238817229179075}