{"ANTH": 0.5129319742989483, "COVID19": 1.6920559639509265, "COVID19-2": 0.5464598027119435, "DTAP": 0.2039873769034174, "DTAPIPV": 0.665570595, "DTPIPV": 15.09426091, "FLU(H1N1)": 2.906293031618646, "FLU3": 0.8180624838157561, "FLU4": 0.8989727373285518, "FLUA3": 0.8317030513919766, "FLUC4": 0.5948595427649985, "FLUN3": 0.9269211556818208, "FLUN4": 1.0453310932481854, "FLUX": 1.7531855638471547, "FLUX(H1N1)": 0.7745887930752132, "HEP": 0.3128272267015365, "HEPA": 0.5077605892778769, "HEPAB": 2.9773080763052566, "HPV2": 1.1466772398377496, "HPV4": 1.4957309005369854, "HPV9": 1.400562262102043, "HPVX": 0.3886307378369966, "IPV": 1.3642849141037052, "MEN": 1.1170966141769123, "MENB": 0.5856662615927674, "MMR": 0.478508680841897, "MNQ": 0.8814258300270894, "PNC": 0.7330125338635732, "PNC13": 0.6064544286811657, "PPV": 0.1377106783413307, "RAB": 0.5847747389539447, "RV5": 0.1230834739569175, "TD": 0.1674860204596736, "TDAP": 0.8981078005390679, "TDAPIPV": 11.71416289616266, "TTOX": 0.8491134438519151, "TYP": 0.3018526409590293, "UNK": 0.8017666276435682, "VARCEL": 0.1460731101087459, "VARZOS": 0.4178115683455211, "YF": 0.4885593601637536}