{"COVID19": 1.420739646767053, "COVID19-2": 0.0414969491153391, "DTAPIPVHIB": 0.5278318262561167, "DTP": 0.5270455452117633, "FLU(H1N1)": 0.162710902997781, "FLU3": 0.0178898316650025, "FLU4": 0.0427990932307603, "FLUN3": 0.3008235248870631, "FLUX": 1.3490283667618546, "HEP": 0.2148220835168028, "HPV4": 0.333672745675956, "MEN": 0.7257618547681418, "MENB": 0.5409688838028192, "MMR": 0.3561345394524482, "MMRV": 0.2112537996584139, "TDAP": 0.0551157968409599, "UNK": 0.856786380418522, "VARZOS": 0.377515043783353, "YF": 0.6350777303448928}