{"ANTH": 2.086218150640033, "COVID19": 4.8848738207488855, "COVID19-2": 1.047381288531225, "HEP": 0.3899968078241967, "HPV4": 1.1841703082779345, "LYME": 4.687448608928255, "PPV": 0.373085136609789, "TD": 1.363567221742377, "VARCEL": 0.5941145978388477}