{"COVID19": 0.0209006553503986, "FLUC3": 82.76404990098317, "HEP": 1.2170003088872623, "IPV": 2.2294648756935143, "VARCEL": 1.4022004871333404}