{"COVID19": 1.0044610106064853, "HPV4": 2.305377056596212}