{"COVID19": 0.597040134, "HEP": 14.13738428362713, "MMR": 23.436956430402084}