{"COVID19": 0.2510763974325906, "FLU4": 1.1066017881111838, "HPV4": 7.728404929689677}