{"COVID19": 0.1336007138635097, "FLU4": 1.2159535721178494, "HPV4": 7.058321109509954}