{"COVID19": 0.1187745635522363, "FLU3": 0.6523190014375372, "FLUR4": 26.6899556038031, "VARZOS": 0.474776319959765}