{"6VAX-F": 3.224825631622384, "COVID19": 0.4530977123991798, "DTP": 1.3047173237723817, "HIBV": 0.5073180137923479, "IPV": 0.7026288664704584, "PNC13": 0.619094273906454, "RV1": 2.0891794120729035}