{"ANTH": 0.1620319553735198, "COVID19": 0.0365603248430342, "FLU3": 0.0619752116836988, "FLU4": 0.0416598751599191, "FLUX": 0.3126187014639992, "HEP": 82.90817173958762, "HEPA": 2.488498773085379, "HEPAB": 1.0260546802522492, "HPV2": 4.6554274675757625, "HPV4": 0.7284426828213336, "HPVX": 0.4917212486540814, "IPV": 0.5749168985400628, "LYME": 3.9106237849528576, "MMR": 0.1787120676326892, "PNC13": 0.0849626982765661, "PPV": 0.839649568783841, "SMALL": 0.2873110065882391, "TD": 0.1059040507078417, "TDAP": 0.1909365918011455, "TYP": 2.636351112341889, "VARCEL": 0.3185045684119429, "VARZOS": 0.0451073006031894, "YF": 0.6181733566526287}