{"COVID19": 2.857689147603842, "DTAPHEPBIP": 0.0938190845115177, "DTAPIPV": 0.090251603734578, "FLU3": 0.2539702320213403, "FLU4": 0.4402432789899996, "FLUC4": 0.5609274871616272, "FLUN4": 0.3015025014320874, "FLUR4": 0.4421487846208199, "FLUX": 0.0917127600532548, "HEP": 0.1503295244288975, "HEPA": 0.2904852333598853, "HIBV": 0.0185705878382619, "HPV2": 0.1248931191364986, "HPV4": 0.1372484353880224, "HPV9": 0.4097251292234566, "IPV": 0.0257200245612701, "MENB": 0.0765674155774714, "MMR": 0.1908561725606014, "MMRV": 0.0704995505225098, "MNQ": 0.2601385831642602, "PNC20": 0.5482742452943133, "PPV": 0.0484370815491606, "SMALLMNK": 0.7751262794927929, "TDAP": 0.7235339618424655, "UNK": 0.6025465227645324, "VARCEL": 0.0161763581225288, "VARZOS": 0.0995463866344536, "YF": 0.1859933544556811}