{"COVID19": 0.6071156438469041, "COVID19-2": 0.2796377237173733, "HPV4": 1.4880142124993216, "MENB": 1.024216579442195, "VARZOS": 0.9878562967222702}