{"COVID19": 1.1671212030310278, "FLU3": 0.3567246239246973}