{"FLU3": 2.9338133439621, "FLUX": 0.9923880275258298, "HPV2": 3.5201303237190693, "HPV4": 2.473503396725059, "TDAP": 4.389168843984405, "TTOX": 11.765680300140618, "VARCEL": 1.0110722011318116, "VARZOS": 0.2777153865615703}