{"ANTH": 1.1840827488402217, "COVID19": 0.6349431558746128, "FLU3": 0.1272539245571933, "HPV4": 0.2209387209536271, "UNK": 0.5673087564740125, "VARZOS": 1.0460321589362371}