{"6VAX-F": 4.733828077111252, "BCG": 0.3214872651487718, "COVID19": 0.0151126062430812, "DPP": 0.1331695559020274, "DT": 1.1902800074802922, "DTAP": 4.281223408216896, "DTAPH": 5.258990062955015, "DTAPHEPBIP": 3.904125223393625, "DTAPIPV": 1.2254347071938736, "DTAPIPVHIB": 4.599907044235311, "DTIPV": 0.1457941408415564, "DTOX": 0.5441867123851987, "DTP": 5.8337266293005205, "DTPHEP": 7.441166313540759, "DTPHIB": 8.53475188957203, "DTPIHI": 0.3962710617473717, "DTPIPV": 3.0642659457398698, "DTPPHIB": 3.618878309998147, "DTPPVHBHPB": 1.8607092514325168, "FLU(H1N1)": 0.961196542100886, "FLU3": 0.9013960329325664, "FLU4": 0.6703283875504081, "FLUC4": 0.0178238082398234, "FLUN(H1N1)": 0.1411083299379233, "FLUN3": 0.7406267335960407, "FLUN4": 0.4151768265874462, "FLUX": 0.7741820570579562, "FLUX(H1N1)": 1.3482541432585322, "HBHEPB": 4.71682883995204, "HBPV": 1.0051446756227074, "HEP": 1.0876084931982417, "HEPA": 3.129359721554502, "HEPAB": 0.1400735507592388, "HIBV": 6.9683671325232455, "HPV2": 0.0760671354148612, "HPV4": 0.0067568059507467, "IPV": 3.2197849778081205, "JEV": 0.2209116064999494, "JEVX": 2.768291366191806, "LYME": 0.0095267746855932, "MEA": 0.295771984139275, "MEN": 4.873951878665899, "MENB": 7.29255941848695, "MENHIB": 5.42767949982732, "MER": 3.477532130127225, "MM": 1.9649356688606283, "MMR": 6.3927613865928725, "MMRV": 3.6099561889180585, "MNC": 0.2204300766080934, "MNQ": 0.2654446623013535, "MU": 2.513678367343013, "MUR": 4.01692828708608, "OPV": 5.654504063304056, "PER": 2.9022085619091325, "PNC": 5.597682770839505, "PNC10": 7.308526675931533, "PNC13": 4.016159059274247, "PNC15": 2.9963754617645253, "PPV": 0.6169953582104684, "RAB": 0.3126604869895195, "RUB": 0.2497336712424192, "RV": 0.2188977988322883, "RV1": 2.736860888615559, "RV5": 1.9948390927424229, "RVX": 2.1103575647711383, "TBE": 0.9211556844296718, "TD": 0.0184598224307472, "TDAP": 0.0512838997611837, "TDAPIPV": 0.2026980765932329, "TTOX": 0.0296851779395272, "TYP": 0.084803740436753, "UNK": 0.6280394716147852, "VARCEL": 3.378312221651969, "VARZOS": 0.0043712886287292, "YF": 0.1132831491187702}