{"COVID19": 0.0443373609389328, "HEP": 1.5800898769489746, "MMRV": 10.726985461333404, "TDAP": 2.7986632231385307}