{"6VAX-F": 0.4515535012079171, "ANTH": 0.0779290487743707, "BCG": 0.326471940204272, "CHOL": 1.217130332776216, "COVID19": 1.7448167193299096, "COVID19-2": 0.8464290043200727, "DF": 0.2706984101256379, "DTAP": 0.2816374969415854, "DTAPH": 0.1940629892996875, "DTAPHEPBIP": 0.8126876878033303, "DTAPIPV": 0.1294149695623908, "DTAPIPVHIB": 1.1146262653644474, "DTIPV": 0.1734742085933071, "DTOX": 0.6472751516940903, "DTP": 0.0441272052319512, "DTPIHI": 0.471400968294677, "DTPIPV": 0.4722036987650361, "DTPPVHBHPB": 0.2764881430800969, "FLU3": 0.2568734117749915, "FLU4": 0.7596443400184926, "FLUA3": 2.2258150521492253, "FLUA4": 0.3079772376451868, "FLUC4": 0.3136530418157134, "FLUN3": 0.0248609570424145, "FLUN4": 0.7767075723114619, "FLUR4": 0.2111515730282227, "FLUX": 0.5825208530124479, "HBHEPB": 0.3427263870086365, "HEP": 0.3512716059868117, "HEPA": 0.2349914537185053, "HEPAB": 0.3409506682743395, "HIBV": 0.3304572506043227, "HPV2": 0.0596417705105467, "HPV4": 0.1439686505992947, "HPV9": 0.4722266339950394, "HPVX": 0.8144190017757792, "IPV": 0.1677574250906342, "MEA": 0.1819029769667866, "MEN": 0.7801788201985541, "MENB": 0.4994218450413546, "MMR": 0.1205438094981931, "MMRV": 0.1010913168158416, "MNC": 0.931507763863696, "MNQ": 0.0972665459278156, "OPV": 0.0231258024957416, "PNC": 0.7205327998796557, "PNC10": 0.7855166651836261, "PNC13": 1.0243257696882466, "PNC20": 0.2618354051994477, "PPV": 0.4193930016239665, "RAB": 0.4878226614413511, "RV1": 1.4213642105781985, "RV5": 0.9539288759695138, "RVX": 0.5501067459873481, "SMALL": 0.0682729176652487, "TDAP": 0.2494197591009881, "TDAPIPV": 0.856574737751245, "TTOX": 0.1254630860985424, "TYP": 0.4200875696802351, "UNK": 1.1597479699810498, "VARCEL": 0.032162401153049, "VARZOS": 1.2114010156532906, "YF": 0.1718512227406513}