{"6VAX-F": 8.709759877256833, "DTAP": 1.8586529548772703, "DTAPHEPBIP": 9.564422990776851, "DTAPIPV": 0.3907642656953285, "DTAPIPVHIB": 18.27729633666228, "DTP": 0.6231293235465752, "DTPIPV": 4.281327647395836, "FLU3": 0.0129181725860714, "FLUX": 0.1116732751785662, "HBHEPB": 1.0348291299040284, "HEP": 2.505221722273354, "HEPA": 0.0330240825148034, "HIBV": 4.710855399744068, "IPV": 2.2546208511683328, "MEA": 1.6468319324837124, "MEN": 1.2719328556248377, "MMR": 0.232650706723998, "MMRV": 0.0858178034802362, "OPV": 0.0589493725510022, "PNC": 13.333517052996797, "PNC13": 5.946226832643508, "PPV": 0.4779084232186974, "RAB": 0.1861542398363822, "RV1": 8.916324974107853, "RV5": 18.80299535999366, "RVX": 3.219211868703315, "YF": 0.2264062807732259}