{"DTAP": 2.8518895786030933, "PPV": 2.110122799042026, "TD": 2.394898352634956, "TTOX": 2.1839877404753896}