{"COVID19": 0.2334156379845629, "DTAPIPVHIB": 8.623488267883335}