{"COVID19": 0.9199025133572838, "COVID19-2": 0.5283660180188873, "DTAPIPV": 1.537616270095913, "FLU(H1N1)": 0.5786184925961371, "FLUX": 0.5924283268617323, "HEP": 0.1106579800092159, "HEPAB": 1.0532331900896863, "HPV4": 1.2112610776996855, "LYME": 1.330109518585699, "MNQ": 0.5805343913472657}