{"COVID19": 1.459431437803988, "HPV4": 4.341957797019092, "PNC13": 26.43692083547156}