{"BCG": 327.5221891342243, "COVID19": 1.1056298771242332, "COVID19-2": 2.2851955386135816, "FLU3": 0.9851797414813572, "FLU4": 2.3569027097637454, "HPV4": 3.527840710078013, "PPV": 1.6393134790430124, "RV5": 8.809792893522397}