{"COVID19": 1.0274806845705915, "FLU3": 1.070999472552294, "FLU4": 0.093197625989863, "FLUA3": 1.2578641005458284, "FLUR4": 1.8060041827348932, "FLUX": 0.7324415938149211, "HIBV": 0.0758535874701639, "MMR": 0.1872083554041864, "PNC": 0.1583569413986993, "PNC13": 0.6435507485930297, "PPV": 0.6044358855398908, "TDAP": 0.3130381045623154, "UNK": 2.54095470484982, "VARCEL": 0.0660740957154521, "VARZOS": 0.0379746250318429}