{"COVID19": 2.980412779386986, "COVID19-2": 0.9628887567052032, "DTAP": 0.0915977283159308, "FLUX(H1N1)": 1.616350667819053, "PNC13": 0.1138495107129629, "PPV": 0.2446754252757766, "RV5": 0.2472934103906465, "VARZOS": 0.0467059299342589}