{"ADEN_4_7": 25.365794026456427, "COVID19": 1.161523964269056, "COVID19-2": 0.2108189707370773, "DTAPHEPBIP": 0.7194467587853717, "FLUN3": 1.417894184253012, "FLUX": 0.1977878720942735, "HIBV": 0.1424076046814244, "HPV2": 0.957736318067088, "HPV4": 1.0735741138673829, "HPV9": 0.4560692506074629, "MMR": 0.098428079596447, "PPV": 0.3748354468158491, "VARCEL": 0.1240475769004109}