{"COVID19": 0.0209006553503986, "HPV4": 6.884587686677749, "MMR": 1.112604658837956, "RAB": 13.255916015841718}