{"COVID19": 0.663377926, "HPVX": 131.13511468156943, "TDAP": 33.38680109305551}