{"COVID19": 0.7690686467318396, "COVID19-2": 0.882005296, "FLU3": 0.4766998749103341, "FLUC4": 1.3563947062081123, "FLUN4": 2.383556888952384, "FLUR4": 3.855151589027679, "FLUX": 1.2398046738471906, "FLUX(H1N1)": 2.650440783261708, "HEP": 0.9979330082560326, "HEPA": 2.094401404403325, "HEPAB": 1.560016494831071, "HIBV": 1.2912019143863032, "HPV2": 6.193034270090605, "HPV4": 6.758840454259494, "HPV9": 3.868847284018349, "HPVX": 8.028680490708334, "MMR": 2.7901138607621525, "PNC": 1.671410222143027, "PNC13": 0.4597725362690705, "RUB": 8.541547788197404, "RV1": 6.343548908702383, "RV5": 5.130408802698337, "RVX": 12.99859612709806, "TDAP": 0.2903200095048305, "TDAPIPV": 80.19957322, "TTOX": 2.905444697006336, "TYP": 2.066596921580369, "UNK": 0.4201006856103423, "VARCEL": 0.2497003382221244, "VARZOS": 0.2767532339746969, "YF": 3.3448614745124234}