{"COVID19": 2.2203371763880138, "COVID19-2": 0.1646041961192035, "FLU4": 0.1366133422809075, "FLUC4": 0.944500126669476, "RV1": 3.2015359248815045, "TYP": 2.0106883390412458, "UNK": 1.0540194583122091}