{"COVID19": 0.0248948517120857, "YF": 72.18266506221171}