{"6VAX-F": 0.1432962600833267, "COVID19": 1.1055403558379493, "COVID19-2": 0.2300517647883456, "DTAP": 0.2372214586648268, "DTAPHEPBIP": 0.785090401720193, "DTAPIPV": 0.3896769593609967, "DTAPIPVHIB": 0.3461596042834718, "DTP": 0.0579755427164162, "FLU3": 0.0128822869108875, "FLU4": 0.2968609867989282, "FLUA4": 0.4046084749988348, "FLUC3": 1.1590591750137689, "FLUC4": 0.1914900848988628, "FLUN4": 0.3659938983370935, "FLUX": 0.0313094231504064, "HEP": 0.0606188650194687, "HEPA": 0.227019461505974, "HEPAB": 0.5714817532908095, "HIBV": 0.3356616442001294, "HPV2": 0.1516077638196684, "HPV4": 0.8177232367311654, "HPV9": 0.2567862471746807, "IPV": 0.4648880314537025, "MENB": 0.092945190021345, "MMR": 0.4490443475923181, "MNQ": 0.1630364282857893, "PNC": 0.0470619123373023, "PNC13": 0.7928331239736182, "PPV": 0.1139890697345276, "RV1": 0.3301950014952002, "RVX": 1.6563380983200031, "TDAP": 0.2792426154009735, "TTOX": 0.3189193360713916, "TYP": 0.1138656886047399, "UNK": 2.559196153077591, "VARCEL": 0.2104644797503271, "VARZOS": 0.8783660240403058}