{"FLU(H1N1)": 2.703281006285742, "FLUN(H1N1)": 3.186379373940382, "FLUN3": 2.7225230383215053, "HPV4": 2.6653723292832807, "MENB": 2.713865121969096, "MNQ": 2.813458422205988, "SMALL": 3.196463453576723, "TDAP": 2.0112316209486987}