{"COVID19": 0.6353651798804639, "HEP": 0.6131070399694094, "PNC13": 0.989639727739138}