{"COVID19": 0.0028690946921957, "DTP": 1.9277928641841056, "FLU3": 2.008880306872981, "FLU4": 0.560651689864564, "FLUX": 13.029603425503058, "FLUX(H1N1)": 1.8406355380715904, "HEP": 2.8777988670245964, "HIBV": 0.8966478068859086, "HPV2": 2.162007969894532, "HPV4": 3.487840396891203, "HPVX": 46.725122913654914, "MEN": 9.507709105648834, "MENB": 0.5559358845601533, "MER": 38.54279104006498, "MMR": 0.6757713789127429, "PNC13": 0.3192694161204889, "SMALL": 1.0796455309836814, "TYP": 1.4351458493621492, "UNK": 0.2917205618479735, "VARCEL": 0.6209781453178084, "VARZOS": 0.3332534962567161, "YF": 2.32294569558146}