{"ANTH": 0.5464174162926665, "COVID19": 0.6550558064579434, "COVID19-2": 0.4874039453597995, "FLU3": 0.2101252876644404, "FLU4": 1.5372024026908564, "FLUC4": 0.8452978208618537, "HEPAB": 0.9722011870240982, "HPV2": 0.5417536325687903, "HPV4": 0.3648206679738209, "HPV9": 0.3960063608322333, "HPVX": 1.6582221220007054, "MEA": 7.850249129800153, "MMR": 0.1693355838772174, "VARZOS": 0.2984954822859531}