{"COVID19": 0.3567257447312132, "COVID19-2": 1.0657170921292434, "FLU3": 0.1272539245571933, "FLUA4": 5.8874774160707775, "FLUC4": 1.831754262440945, "FLUX": 0.3309648229520043, "HEP": 0.7991576394146854, "HPV4": 0.7976866876453351, "PNC13": 0.6208829862929252, "PPV": 0.2117477117335709, "RV1": 1.6934682292679366}