{"COVID19": 1.4754479033143717, "FLU4": 1.1853804444662404, "FLUA4": 1.6398090817651467, "FLUC4": 1.0031282891297104, "HPV9": 1.0836280540743164, "HPVX": 2.404355634664787, "MENB": 1.2244670822691943, "UNK": 1.380501410674}