{"COVID19": 0.0997590621125989, "HPV4": 1.5771815281488912, "HPV9": 6.125885216890553}