{"HEP": 3.802401370460027, "HPV4": 2.9465951236132333, "PPV": 3.224090255432628}