{"COVID19": 0.1458031222157927, "FLU3": 0.75962489523786, "FLUX(H1N1)": 21.367069462879872}