{"COVID19": 0.3651334450505932, "RV5": 24.00391753589692}