{"COVID19": 1.194080267294172, "HPV9": 31.319239918243778, "UNK": 20.704962362224016}