{"6VAX-F": 1.3946649427742008, "COVID19": 0.09433346334053, "DTAP": 0.2154139330837612, "DTAPHEPBIP": 4.000151502044545, "DTAPIPVHIB": 0.947207288547352, "HEP": 0.5986092013602832, "HIBV": 1.5612583286770634, "HPV4": 0.849421879899164, "IPV": 1.0966143538822677, "PNC": 1.65298800931031, "PNC10": 10.043057515203358, "PNC13": 0.9662390694538184, "RV1": 3.260662531915133, "RV5": 12.331267845354963, "UNK": 0.2974632988908476, "VARZOS": 0.109840150202475}