{"ANTH": 0.1943933473002591, "BCG": 0.9481221169291688, "COVID19": 1.1529000180515054, "COVID19-2": 0.5956589887320083, "DF": 5.948144306909298, "FLU(H1N1)": 0.05346847508978, "FLU3": 0.226560999835079, "FLU4": 0.0140642214933483, "FLUN3": 0.098853705721994, "FLUR4": 0.2405357899147428, "FLUX": 0.7479930448753302, "HEP": 1.136259159738807, "HEPA": 0.1538800294481394, "HIBV": 0.2862704100921568, "HPV4": 0.1513424117878074, "HPVX": 0.5899452832674058, "IPV": 0.1940898688008392, "LYME": 0.4368007090690888, "MENB": 0.1774908324396054, "MMR": 0.6533200992710109, "PNC": 0.104276338509972, "PNC13": 0.1019309821369168, "PNC20": 0.310385499223429, "PPV": 0.1450465499590017, "RAB": 0.0831873859550746, "RV": 463.9671114385108, "RV1": 7.314186760663333, "RV5": 1.2525976006713613, "RVX": 0.8113037110626647, "TD": 0.0357528207886223, "TDAP": 0.1246133033170528, "TYP": 0.1289332489394972, "UNK": 0.3886095695317992, "VARCEL": 0.2309792937173188, "VARZOS": 0.0634434913429857}