{"6VAX-F": 22.904703346628263, "RV1": 14.838681579989675}