{"COVID19": 0.2039022787642133, "MMR": 1.2000556806159386, "PNC13": 2.0305104659016227, "RV1": 5.538244253720044, "RV5": 3.72159142980446}