{"COVID19": 0.3277843389057093, "DF": 35.44345184689805, "HPV2": 2.224354383858328, "HPV4": 0.4186167561172811, "PPV": 0.4012023791271819, "VARCEL": 0.6388917016131112, "YF": 8.559241768749821}