{"ANTH": 9.166716116, "COVID19": 0.5686096510924629, "DTP": 14.293972268532986, "FLU3": 0.4852377831176834, "FLU4": 1.1608625286896057, "FLUN3": 8.158981366617219, "HEP": 0.8440229423060973, "HPV4": 9.731974372629002, "HPV9": 25.15807796711385, "MNQ": 4.427802250626487, "PPV": 0.8074230568420807, "TDAP": 3.035163735732319}