{"COVID19": 3.617172138268631e-05, "DTAPIPV": 0.0714091645126698, "FLUX": 0.0076841955010942, "HEPA": 0.0773068155226439, "HEPAB": 0.048913692032193, "HIBV": 0.0404847107973639, "HPV9": 0.0199239924149833, "MENB": 0.0891684979466613, "MMR": 0.1261018421105148, "MMRV": 0.123938367548416, "PNC": 0.3602911342206834, "PNC13": 0.0144153893213717, "PPV": 0.0174641956418691, "RV1": 610.7555272326707, "RV5": 108.01009902983029, "RVX": 310.9297116560469, "UNK": 0.4396090971263898}