{"COVID19": 0.8194636668404187, "HPV9": 2.1654206553642634, "UNK": 0.9167152149160344}