{"COVID19": 1.792338169951642, "COVID19-2": 0.8761941102117146, "DTAPIPV": 0.092623113775349, "DTP": 0.1129003033325589, "FLU3": 0.2275473624665359, "FLU4": 0.1759748184099668, "FLUA3": 0.1157451481633995, "FLUC4": 0.1959838598972515, "FLUN3": 0.0644404742382006, "FLUR3": 1.20401851859395, "FLUR4": 0.1567997937469257, "FLUX": 0.5383916037247917, "HEP": 0.006665825247319, "HEPA": 0.1002842375211287, "HEPAB": 0.2254073612595253, "HIBV": 0.0525117471017369, "HPV2": 0.5235825628993394, "HPV4": 0.3594055916199374, "HPV9": 0.2759024934629563, "LYME": 0.0801232910791482, "MMR": 0.0392600981101103, "PNC13": 0.5334080674274851, "PPV": 0.0680779963109554, "RAB": 0.0542279578812864, "RV1": 1.7042063359276782, "RV5": 0.2356568201476592, "RVX": 0.5288704203105207, "TD": 0.0828021594425953, "TDAP": 0.1260466241237062, "TYP": 3.22961592884656, "UNK": 0.2530091342505391, "VARZOS": 0.7968733495202407}