{"COVID19": 1.544343812367129, "DTAP": 8.162952489304551, "DTAPHEPBIP": 20.809531941998745, "DTAPIPVHIB": 7.926650803355046, "DTPHIB": 30.4819314167892, "DTPIPV": 294.64995263450163, "FLU4": 0.642791648, "FLUN3": 4.517783070771518, "FLUX": 0.6987989979865984, "HEP": 0.942492285575142, "HIBV": 11.230201524284231, "HPV4": 0.94075752268747, "HPV9": 1.8118568547744331, "IPV": 8.869731121996542, "MMR": 2.363390564410294, "PNC": 4.76559112925078, "UNK": 1.1978077399633729}