{"BCG": 75.94717429199405, "COVID19": 0.1592107023058896, "COVID19-2": 1.092919605423887, "DTAP": 18.523622956498787, "DTAPHEPBIP": 36.49207775336012, "DTP": 28.167533587991475, "FLU4": 1.127214339452226, "FLUC4": 6.7819735310405616, "FLUX": 3.7860303920766447, "HEP": 6.283281904, "HEPAB": 7.800082474155355, "HIBV": 6.456009571931515, "HPV4": 4.341957797019092, "MMR": 2.757288992, "MMRV": 11.290995251147054, "MNQ": 4.299460156405429, "PER": 1577.6788712686566, "PNC13": 2.2988626813453528, "PPV": 3.278626958086025, "RUB": 42.70773894098702, "RV1": 6.270000515558008, "RV5": 4.213379209945495, "TD": 2.8654673500383288, "UNK": 2.100503428051712, "VARCEL": 2.533724020195086, "VARZOS": 0.3429333551425592}