{"FLU4": 2.454206680620784, "HPV9": 6.397046953981181, "PPV": 1.4652028400428998, "YF": 20.005614702580505}