{"COVID19": 0.5061010359007976, "COVID19-2": 0.4144185836369495, "FLU4": 1.2468233145388128, "FLUC4": 2.3779361878224665, "HPV4": 0.3003158099318236, "VARZOS": 3.920254170793978}