{"DTAP": 2.279486572910772, "HEP": 0.4719373449742192, "HEPA": 3.3917304794937757, "HIBV": 0.624235802545169, "IPV": 3.215532882457319, "MMR": 0.4314540223949959, "MMRV": 2.369786178428526, "PNC": 1.30319552398951, "SMALL": 4.805716870729498, "TD": 1.829559083047734}