{"COVID19": 0.9404992327363448, "DTAPIPV": 0.7687282394665169, "FLU3": 0.0318058287342077, "HEPAB": 0.5265618189098931, "HPV2": 0.2934235836852202, "HPV4": 4.921021790129656, "MMR": 0.6356527648474082, "PPV": 0.0529241958043845, "VARZOS": 0.4543094666800089}