{"COVID19": 0.2601396426960303, "DTAP": 0.115497548334553, "DTP": 0.3025373070292834, "FLU(H1N1)": 0.6931163466508202, "FLU4": 0.1445344716718953, "FLUN3": 1.1712601909044682, "FLUX": 0.1633838756432645, "HEP": 0.3185498478241415, "HEPA": 0.1718528633354117, "HPV4": 5.358889105712923, "HPV9": 0.3767387852113318, "IPV": 0.1629252661903066, "MMR": 0.2912242425185831, "MNQ": 0.8567501949979, "PNC13": 0.1435552997533235, "SMALL": 13.94620372585816, "SMALLMNK": 4.910085307946858, "TYP": 0.5941922216802628, "UNK": 2.455960208699345, "VARCEL": 0.367026091981171, "VARZOS": 0.6466379373047865}