{"ANTH": 0.0774327995226592, "COVID19": 1.9035898958718016, "COVID19-2": 0.0252391721497521, "FLU3": 0.009742781764699, "FLU4": 0.14427432578281, "FLUC4": 0.1448225880036828, "FLUR4": 0.4059208693520632, "FLUX": 0.0841887917365239, "HEP": 0.0887759457958913, "HPV2": 0.4076664401501335, "HPV4": 0.9011695059046186, "HPVX": 0.2902364726690556, "MMR": 0.0418960478613391, "PNC13": 0.1432969123212567, "PPV": 0.0125058670258724, "RAB": 0.1403960306829323, "SMALL": 0.1312528066547122, "UNK": 0.0821821361579337, "VARCEL": 0.0148509314438011, "VARZOS": 4.288141827145258}