{"COVID19": 0.8756588626823927, "HEPA": 15.963992926896454, "MENB": 18.41334726447661, "RV1": 28.842002371566835, "RV5": 41.53188078374844}