{"6VAX-F": 3.4396105118712543, "COVID19": 0.127834747962311, "HEPAB": 3.8566305376642, "JEV1": 37.0950942069488, "MMR": 0.3739979157289257, "PNC13": 0.6603281918967634, "PPV": 0.3969159659411074, "RUB": 33.28498803339131, "RV5": 5.301579593876107, "RVX": 11.177454214261845}