{"COVID19": 0.5428504407112317, "COVID19-2": 0.2612436356771971, "DTAP": 0.1732603804215962, "HPV2": 18.67232387897314, "HPV4": 0.189314852674685, "HPV9": 0.5651540123466929, "IPV": 0.2444077283026445, "RAB": 1.4531997423308571, "TDAP": 0.2039513800878228, "UNK": 4.967393637033049, "VARZOS": 0.3178125276284155}