{"COVID19": 0.1974834300701827, "FLU3": 0.3928585601352822, "FLUX": 4.490886073292501, "HEP": 0.1897197670714533, "HPV4": 3.963989162726503, "MMR": 0.314518695734693, "PNC13": 1.9168014955480144, "RAB": 5.559221750727999, "UNK": 0.4862505812767646, "VARCEL": 0.2890168300863148, "VARZOS": 0.0793854325509626}