{"COVID19": 2.2033623979832937, "COVID19-2": 2.2273424870031118, "FLU(H1N1)": 0.8100923995220528, "FLU3": 0.3138986486650945, "FLU4": 0.9681882500689244, "FLUA3": 2.689932745666379, "FLUA4": 2.057319060967032, "FLUC4": 0.6401589242705865, "FLUR4": 1.8194627882551972, "FLUX": 1.171117434, "HEP": 0.3107117424972995, "HEPA": 0.3275785142318014, "HEPAB": 1.4745361389499163, "HPV4": 0.1546450722225978, "PNC13": 0.2169925102774683, "PNC20": 2.347722088583086, "PPV": 0.9016224134736568, "SMALL": 0.7337547428537525, "TBE": 51.84640586740852, "TDAP": 0.4121827295438952, "UNK": 2.0074063232073147, "VARZOS": 0.6646741995740613}