{"COVID19": 0.1194080267294172, "DTP": 79.80801183264252, "FLUX": 7.04622323, "HEP": 4.712461428, "HPV2": 24.99331688, "HPV4": 4.703787613437351, "MMR": 58.59239107600521}