{"COVID19": 0.2739386986637862, "FLUX": 1.024252832122938, "MENB": 3.040596459128352, "MMRV": 2.799633452381509, "PPV": 2.028994980025641}