{"COVID19": 0.2274438604369851, "DTAP": 24.080709843448425, "HEPAB": 53.820569071671954, "HPV4": 5.644545136124821, "IPV": 107.32374657615814, "MMR": 9.374782572160834, "PNC": 57.66365266393443, "YF": 115.3977208706786}