{"ANTH": 0.064662490011564, "DT": 6.543569410572709, "DTAP": 2.523434641085174, "DTAPH": 4.905685915095856, "DTAPIPV": 0.1679606717492586, "DTAPIPVHIB": 4.890942810823225, "DTP": 25.335716027117236, "DTPHIB": 22.59604857390111, "DTPIPV": 7.650411073433175, "FLU(H1N1)": 7.054925448151541, "FLU3": 2.753984726851351, "FLU4": 0.0166253081373149, "FLUN(H1N1)": 5.27671373681707, "FLUN3": 4.511312612265647, "FLUN4": 1.2099190591955715, "FLUX": 3.02534675929926, "FLUX(H1N1)": 0.6947779106310279, "HEP": 3.907368218861918, "HEPA": 2.7831427798647077, "HEPAB": 5.035341903718252, "HIBV": 2.2712604899139417, "HPV2": 9.11616743334796, "HPV4": 13.36745735254674, "HPVX": 0.6974708768111544, "IPV": 0.8154835604285277, "LYME": 0.1452937749193763, "MEA": 0.92899293745172, "MEN": 5.425577249905522, "MM": 27.89982569537956, "MMR": 7.792558468712296, "MMRV": 0.0820615435767645, "MNQ": 3.448064309523056, "OPV": 2.851950606923693, "PER": 81.13583181615618, "PNC": 2.3719524080928425, "PNC13": 0.2333563919789446, "PPV": 0.2224946899846182, "RAB": 3.7962840482664446, "RUB": 0.6300935829492215, "RV1": 3.103203604367177, "RV5": 0.4277086076266447, "SMALL": 0.1146579117120813, "TD": 1.0080161230497235, "TDAP": 1.8842141435803523, "TTOX": 3.1798104540888463, "TYP": 0.1524119181766275, "UNK": 0.3312064750913029, "VARCEL": 1.4092986497107949, "VARZOS": 0.0540721634699462, "YF": 0.8768433180129597}