{"FLU(H1N1)": 2.001963124808227, "FLU4": 2.927825061576121, "FLUC4": 2.197622238253093, "FLUN3": 2.024506707692583, "HPV2": 7.461842377839015, "TDAP": 2.1828468793924625}