{"ANTH": 1.7303938397114695, "COVID19": 0.4767482781151823, "COVID19-2": 0.4707102600289163, "DT": 0.199006370422129, "DTAP": 0.4457177284447795, "DTAPIPV": 0.2693214775984008, "DTAPIPVHIB": 0.3287740504182867, "DTPIPV": 3.4531145806399164, "EBZR": 4.579818515602309, "FLU(H1N1)": 2.001963124808227, "FLU3": 1.9512393543394424, "FLU4": 2.927825061576121, "FLUA3": 0.0947363291311888, "FLUC3": 0.2344165447241964, "FLUC4": 2.197622238253093, "FLUN3": 2.024506707692583, "FLUN4": 0.0793449625997605, "FLUX": 1.535687070462343, "FLUX(H1N1)": 0.9417364195311718, "HEP": 0.2942866014704751, "HEPA": 0.3420076421898672, "HEPAB": 0.9962611944212204, "HIBV": 0.0429803772650113, "HPV2": 7.461842377839015, "HPV4": 1.6520295368101807, "HPV9": 0.7061515360216905, "HPVX": 0.3146565159502915, "IPV": 0.1035577016683368, "LYME": 1.5585399620697826, "MENB": 0.3944853663288148, "MMR": 0.2578212269963812, "MMRV": 0.0370395075952348, "MNQ": 0.3054899753953722, "PNC": 0.0556372047993405, "PNC13": 1.0739029666851978, "PNC20": 0.1656078691897632, "PPV": 0.4832813445835849, "RAB": 0.3051564900127134, "SMALL": 0.0517522878063371, "TD": 0.2035959687215512, "TDAP": 2.1828468793924625, "TTOX": 0.0967197007655271, "UNK": 0.9046935246934246, "VARCEL": 0.029525852587594, "VARZOS": 0.8752262061280985, "YF": 0.3955784836259206}