{"COVID19": 0.2739386986637862, "DTAPIPVHIB": 3.1837708532454463, "FLUX(H1N1)": 12.776748808765038, "HPV4": 0.7911451943281131, "UNK": 0.9998396427818064, "VARCEL": 0.642385661937123}