{"COVID19": 0.522841476791859, "DTAPIPVHIB": 0.7151986159997065, "HEPA": 0.2420133965209553, "HPV2": 4.004797829292475, "HPV4": 10.4526264614019, "HPVX": 10.137454342830914, "JEV1": 11.356947571848822, "RAB": 1.3642107287421208, "RV1": 0.6822144878976494, "VARZOS": 0.0829359315875397}