{"FLU3": 0.0551855500228477, "FLU4": 0.9211129820707956, "FLUA3": 11.629582757252823, "FLUX": 423.29533643444216}