{"ANTH": 0.0223683759008653, "COVID19": 10.23885121415818, "COVID19-2": 0.0594930658796901, "FLU(H1N1)": 0.0218642120669693, "FLU3": 0.0165236154135684, "FLU4": 0.0395307410914042, "FLUX": 0.0222083847793146, "FLUX(H1N1)": 0.0676196309100865, "HEP": 0.0801688373480589, "HEPA": 0.0177066557009009, "HIBV": 0.1170082962500928, "HPV2": 0.0221774572271308, "HPV4": 0.0445303599330655, "HPV9": 0.1114294957422084, "MEN": 0.0975239753202593, "MENB": 0.1403846314456197, "MMR": 0.006931992558654, "MMRV": 0.1008347984724906, "MNQ": 0.0219366080000129, "PNC": 0.042640453114404, "PNC13": 0.0117290291256844, "PNC20": 0.1269221679450653, "PPV": 0.0274949780339548, "RV1": 0.1136368562682559, "RV5": 0.0214973938806952, "RVX": 0.3317565990949391, "TDAP": 0.0074061627392068, "UNK": 0.0107169642896471, "VARZOS": 0.0120263479049457}