{"COVID19": 0.4852207926016261, "HEP": 0.6127390061831205, "RV5": 3.150189844204641}