{"COVID19": 0.0685021139377414, "FLU3": 0.7692322834930773, "FLUX": 1.8695602441759631, "VARCEL": 1.172541359930975, "VARZOS": 0.673892304062245}