{"6VAX-F": 0.0308889201641732, "ADEN_4_7": 0.8655550054800057, "ANTH": 0.9589526486845272, "BCG": 0.178879374990767, "COVID19": 1.64438660064439, "COVID19-2": 0.7892248950638402, "DF": 5.6242053096300175, "DT": 0.1005498846340026, "DTAP": 0.0914959507315156, "DTAPHEPBIP": 0.0872059986108363, "DTAPIPVHIB": 0.2238621047104972, "DTP": 0.0124971989925139, "FLU(H1N1)": 0.3055243106200732, "FLU3": 0.5557439977832839, "FLU4": 0.353631646528174, "FLUA3": 0.0805812822409802, "FLUC3": 0.2498466758776217, "FLUC4": 0.0412775741903906, "FLUN(H1N1)": 0.7483678595843519, "FLUN3": 0.3326007133897551, "FLUX": 1.1841007427102437, "HBHEPB": 0.2221589392079993, "HEP": 0.4459525235491223, "HEPA": 0.2022595958325899, "HEPAB": 0.5125733571446963, "HIBV": 0.1154270991849875, "HPV2": 0.0326805467124807, "HPV4": 0.2535184536879669, "HPV9": 0.0155623109973346, "HPVX": 0.2938623335670479, "IPV": 0.1598654981968104, "MER": 0.8585231223491132, "MMR": 0.0644105234259947, "MNQ": 0.1054353453042228, "OPV": 0.0450133490589524, "PNC": 0.2890402309204579, "PNC10": 0.2224333066317739, "PNC13": 0.4483898370458078, "PNC20": 0.1434658991970271, "PPV": 0.7355542949741554, "RAB": 0.4270149736376281, "RSV": 0.4368542527636087, "RUB": 0.2989134731640941, "RV5": 0.0128805483131532, "RVX": 0.3565777990277066, "SMALL": 0.1328902054608325, "TD": 0.1519757905136892, "TDAP": 0.2440129903538773, "TYP": 0.2619177553513456, "UNK": 5.562661728200081, "VARCEL": 0.0451676586527263, "VARZOS": 0.1311101749045619, "YF": 0.5193523767539258}