{"RV1": 85.07023790409663, "RV5": 63.2891247740496, "RVX": 27.221477589879942}