{"COVID19": 0.7391925464202017, "COVID19-2": 5.386532341017729, "FLU4": 4.093567864326505, "FLUA4": 25.4898344672356, "FLUX": 2.915678577806152, "FLUX(H1N1)": 15.498340173309987, "HPV2": 5.083386483197858, "HPVX": 15.558403436796375, "MEN": 22.35139920399737, "MENB": 4.681359474019477, "MNQ": 5.028182216813129, "PNC20": 29.087878758546367, "PPV": 1.8654256830489448, "TDAP": 3.453807009626432}