{"6VAX-F": 0.7020688943371866, "ANTH": 0.0728417494414607, "BCG": 2.099052947184213, "COVID19": 0.3629020608815416, "COVID19-2": 0.0237427222520008, "DTAP": 1.8693019285746564, "DTAPHEPBIP": 0.0810250930418676, "DTAPIPVHIB": 0.0692397307112789, "DTP": 1.5973199248366294, "DTPHEP": 1.855280648004976, "DTPHIB": 1.1647418972996686, "DTPIPV": 0.8539018691230545, "FLU(H1N1)": 0.0944968829400916, "FLU3": 0.1766385439932031, "FLU4": 0.2108586922613113, "FLUA3": 0.2659571726581634, "FLUN4": 0.2603869836327661, "FLUX": 1.216458729981858, "FLUX(H1N1)": 0.987881783044191, "HEP": 4.9480198316852455, "HEPA": 0.4515622760655051, "HIBV": 1.805615276126596, "HPV4": 0.4111902556841688, "HPV9": 0.1826039377199958, "IPV": 1.458320553901002, "MEA": 4.15433330311848, "MEN": 0.4653821233046946, "MENB": 1.8977554646917, "MMR": 0.8535455850429788, "MMRV": 0.0608856147466176, "MNQ": 0.2245736384426346, "OPV": 2.058459883222964, "PNC": 2.3869937309043627, "PNC13": 0.5616789737015367, "PPV": 0.905850154729506, "RAB": 0.1320718424651191, "RV": 5.948327428438519, "RV1": 0.981232791570622, "RV5": 0.2927561877328762, "RVX": 2.2815744948587517, "TD": 0.0470058496799783, "TDAP": 0.1276449053992666, "TTOX": 0.2268957051077434, "TYP": 0.0810099368605104, "UNK": 0.6240247092095255, "VARCEL": 0.2075504716929379, "VARZOS": 0.1547455823115625, "YF": 0.1606296733872603}