{"ANTH": 0.1484813827443555, "COVID19": 0.386343040585067, "COVID19-2": 0.037014415275351, "DT": 1.0124204766298743, "FLU(H1N1)": 0.1451347410410678, "FLU3": 0.1712775067114529, "FLU4": 0.038175900737539, "FLUN3": 0.2683283285310036, "FLUX": 0.9985312812169704, "HEP": 0.8029483525585112, "HEPA": 0.4182387726133728, "HEPAB": 2.835741194131701, "HIBV": 14.6100942883652, "HPV2": 2.1964522096071923, "HPV4": 1.3818394510662464, "HPV9": 0.3829123858832431, "IPV": 1.874747468127881, "JEV1": 5.379021982920806, "MENB": 2.022731039510893, "MMR": 0.6865248449363507, "MMRV": 0.18843399553802, "PNC": 1.953047318557328, "PNC13": 1.1616196769418294, "PPV": 0.901749902183788, "RV1": 2.279423806899044, "RV5": 3.4334370671624352, "TDAP": 0.3392094512353856, "UNK": 2.784325519408543, "VARCEL": 0.2917487247241103, "VARZOS": 0.1246605133017096, "YF": 2.0158097967064568}