{"COVID19": 1.0234932023849712, "COVID19-2": 0.6907970658310025, "DTAP": 0.1474930380846938, "FLU3": 0.2141044410661128, "FLU4": 0.0476376311108229, "FLUX": 4.761462571001182, "FLUX(H1N1)": 1.9941491450652744, "HEP": 0.3724153430435348, "HIBV": 0.2728507352489291, "HPV4": 0.1230813879254431, "PNC": 0.3531995949302632, "PNC13": 0.3458854896528742, "PPV": 0.1179612126504098, "UNK": 0.6131864248397642, "VARZOS": 0.1001080546863201, "YF": 0.7068747391228444}