{"6VAX-F": 1.94063645832418, "BCG": 3.145050260552691, "COVID19": 0.1901682490041017, "COVID19-2": 6.731350083546797, "DTAP": 0.5840779898191754, "DTAPIPVHIB": 2.5683060092169065, "DTIPV": 5.935691074951361, "DTPIPV": 4.548808369721726, "FLU3": 0.0488234539645961, "FLU4": 0.3750961618705118, "FLUN(H1N1)": 1.9139423277179288, "HEP": 0.983246926884477, "HEPAB": 0.6089325025295422, "HIBV": 0.5948956819368317, "HPV4": 2.2769737554817877, "HPV9": 0.2736161569717349, "IPV": 0.4228241111533039, "MENB": 0.3522592654082785, "MMR": 0.4111745406742592, "MMRV": 1.1589817643977505, "PNC": 1.2419476933059015, "PNC13": 0.725968267144554, "PNC20": 2.522412309486834, "RV1": 0.3518355577513866, "RV5": 0.2264654763264629, "TBE": 12.48721889058608, "TDAP": 0.0987419158336423, "VARCEL": 0.2659308465714738, "VARZOS": 0.2978224917827047}