{"COVID19": 0.1399654525766062, "FLU(H1N1)": 2.423637096930732, "FLU3": 0.2664830448269245, "FLU4": 1.285583296, "FLUC3": 19.9103042, "FLUX": 0.6930711373473639, "HEP": 0.9347030931323722, "HEPA": 5.9864973475861705, "HEPAB": 4.4115220550550776, "HPV2": 7.497995063, "HPV4": 25.234437079146257, "HPVX": 7.524145924352345, "LYME": 5.571147936840959, "MEA": 35.607157522347514, "MENB": 6.905005224178729, "MMR": 3.1511874192137257, "PNC": 9.53118225850156, "PNC13": 5.331815966817793, "RAB": 7.603682556095368, "RSV": 42.29013017218742, "RV5": 4.805341578284945, "SMALLMNK": 14.986221329760532, "TDAP": 2.504010081979163, "TYP": 5.844065065124814, "UNK": 3.623368413389202, "VARCEL": 1.423911019613767, "VARZOS": 1.427903539084966}