{"BCG": 27.146966787143512, "DTP": 1.8966047138231643, "HIBV": 21.098418282674217, "OPV": 1.9231053300573235, "PNC13": 0.8999475997456233, "PPV": 0.5409485542550359}