{"COVID19": 1.9132220963595767, "FLU3": 0.0369364805597305, "FLUX": 0.0960652213965854, "HEP": 0.064247507367294, "HEPAB": 2.181921892581974, "HPV2": 0.3407562308197239, "HPV4": 0.0641292518933541, "HPV9": 0.2490830221667599, "MMR": 0.7392635417984553, "MMRV": 0.4361679522311846, "VARCEL": 0.0978738888447025}