{"COVID19": 1.1112281062227751, "DTAP": 1.0445547152812549, "HEPAB": 1.9172920025178724, "MMRV": 1.0786962740726156, "PNC13": 1.273615845936465}