{"COVID19": 15.92107023058896, "FLU4": 1.9444447355550896}