{"COVID19": 1.4693601451220577, "COVID19-2": 0.14719648898957, "DF": 1.3545664559241837, "DTAPIPV": 0.2227105226233549, "FLU(H1N1)": 0.0838078969930754, "FLU3": 0.0634579535313802, "FLU4": 0.8539064899870606, "FLUA4": 0.4263178337061522, "FLUC4": 0.1326388727892054, "FLUX": 0.0239654293231009, "HEP": 0.0160278512910505, "HEPA": 0.0678715326796229, "HPV2": 0.0850085996481499, "HPV4": 2.506822665476877, "HPVX": 0.2601979633704566, "MEN": 2.574649902751987, "MENB": 0.8377829387210914, "MMR": 0.7626978267734454, "MMRV": 0.108811004769298, "PNC13": 0.0449586416686026, "PPV": 0.3664924985092818, "TDAP": 0.0283886257538288, "UNK": 0.1460464104278949, "VARZOS": 0.099646278184306}