{"COVID19": 1.403696490491562, "COVID19-2": 0.1623151305872505, "DTAPIPVHIB": 0.5799394238282605, "FLU(H1N1)": 0.1787737380645551, "FLU3": 0.2939279164844627, "FLUX": 0.3530960773717883, "FLUX(H1N1)": 0.5528949598020331, "HEP": 0.3675779373853539, "HIBV": 0.2693373653168764, "HPV2": 0.1813350014021145, "HPV4": 0.2357121218329453, "HPVX": 0.5550378977022052, "IPV": 0.648946260247778, "MMR": 1.101607534556969, "PPV": 0.0327070123640862, "RV5": 0.1757744324301435, "TDAP": 0.0605568335407485, "UNK": 0.3119599213976327, "VARCEL": 0.0520840395148242, "VARZOS": 0.0988118718534438}