{"ANTH": 0.0529550850504927, "COVID19": 1.2151200171319545, "COVID19-2": 0.2195799935218344, "DF": 0.8367775667802955, "DT": 1.0844954402551072, "DTAP": 0.6381865427476624, "DTAPHEPBIP": 0.4409358718328698, "DTAPIPV": 0.9190403677255924, "DTP": 0.3244237700886708, "FLU(H1N1)": 0.6320219546267398, "FLU3": 0.68603659363409, "FLU4": 0.3747966604484804, "FLUA3": 0.9274196855385952, "FLUA4": 0.0741333606064869, "FLUC3": 0.1197501417261987, "FLUC4": 0.4419649846349608, "FLUN(H1N1)": 0.181161307831125, "FLUN3": 0.766754236958138, "FLUN4": 2.613045296855701, "FLUX": 1.7568919787540067, "FLUX(H1N1)": 0.0450717115784197, "HEP": 0.5875222426199675, "HEPA": 0.3932150201030953, "HEPAB": 0.7549055184407807, "HIBV": 0.021956240712816, "HPV2": 1.6145012741230955, "HPV4": 0.7423931459470551, "HPV9": 0.8144465855171181, "HPVX": 0.3109558431632979, "IPV": 0.0529017657863828, "JEV1": 0.5401293897412142, "LYME": 0.033501194944651, "MEA": 0.2142031257466973, "MEN": 0.0650043847527973, "MENB": 0.8042939972200975, "MMR": 0.5312592285532813, "MMRV": 0.2798406030941834, "MNQ": 0.2801727691040177, "PNC": 0.5446247586278069, "PNC13": 0.3793952924280677, "PNC20": 0.0845996837481325, "PPV": 0.2157111982806289, "RAB": 1.7091470243777676, "RSV": 0.254428637873816, "RUB": 0.5160740670537823, "SMALL": 0.0264373130880015, "TBE": 6.673123737656732, "TD": 0.4226043807147933, "TDAP": 0.4269433244661705, "TTOX": 0.1754924124065627, "TYP": 0.6734197493879804, "UNK": 0.8213524401341894, "VARCEL": 0.100745454299722, "VARZOS": 0.3854217595722194, "YF": 0.2020384278728972}