{"6VAX-F": 0.6972373892179485, "ANTH": 0.4981736845086779, "COVID19": 0.8111299184254998, "FLU(H1N1)": 2.31348445122503, "FLU3": 0.4381544654930783, "FLU4": 0.1347668806304399, "FLUX": 0.1523424482678115, "HEP": 0.0829258837468142, "HEPA": 0.5736060568571664, "HEPAB": 0.7817708578545393, "HPV4": 1.2893905929394176, "MNQ": 0.2230313525406866, "PNC": 0.2289894256288233, "PNC13": 0.1338538808187128, "PPV": 0.0804580811359871, "RV1": 0.4516999671852117, "TDAP": 0.4537920335285019, "UNK": 0.1487113468242076, "VARZOS": 0.1965695701346514}