{"COVID19": 0.8598862898522057, "FLU(H1N1)": 0.5481594895896026, "FLU3": 0.0602693618936666, "FLUX": 0.1567498966393704, "HEP": 0.3751890611070388, "HPV4": 0.7311137141337557, "MMR": 0.1737925894394146, "PPV": 0.1002868849347271, "TYP": 1.3218249579231482, "UNK": 0.2686859360309447, "VARZOS": 0.4803053388520373}