{"6VAX-F": 0.5211418802259993, "COVID19": 0.9058810404318564, "DTAP": 0.0804933109370199, "FLU(H1N1)": 0.4830512260903422, "FLU3": 0.1673682595533079, "FLUX": 0.1138665655433299, "HEP": 0.4313416438885452, "HIBV": 0.0819841205336932, "HPV4": 0.6120707830282542, "IPV": 0.1135469484216997, "MMR": 0.0566650883394109, "MNQ": 0.1667021538488137, "PNC": 0.6114358419679761, "PPV": 0.0601374431546384, "RAB": 7.345759483529659, "RV5": 0.7763333678384226, "TYP": 0.4141083675203715, "UNK": 1.6899383529366412, "VARZOS": 0.4465635798017348}