{"COVID19": 0.3380852934081232, "HPV2": 4.221963274335689, "HPVX": 12.92272239148736}