{"COVID19": 0.727269079513795, "COVID19-2": 1.091734908709145, "FLU4": 0.9060860232512348}