{"COVID19": 1.7972961773379443, "FLU(H1N1)": 1.3928055110639286, "FLU3": 1.011043716633928, "FLUX(H1N1)": 1.340475734387791}