{"ANTH": 0.5859329565138199, "BCG": 0.1890382490545083, "COVID19": 2.1797098883136674, "COVID19-2": 1.4428264578033931, "DF": 0.1723053039984541, "DTAP": 0.0596569857866693, "DTAPIPV": 0.0283294994582002, "DTP": 0.0345314357193026, "FLU(H1N1)": 0.7442192008184921, "FLU3": 0.4682582165775724, "FLU4": 0.4202340010756507, "FLUA3": 0.6781849059873994, "FLUA4": 0.3726612599107481, "FLUC4": 0.1799220204920922, "FLUN(H1N1)": 0.551707644452667, "FLUN3": 0.0700004357246779, "FLUN4": 0.0296500293651943, "FLUR4": 0.1703345777689666, "FLUX": 0.4029999732233551, "FLUX(H1N1)": 0.1170986085426431, "HBHEPB": 0.4064681097623721, "HEP": 0.1647319064754564, "HEPA": 0.0593232174622066, "HEPAB": 0.2869249200786444, "HPV2": 0.15988215686392, "HPV4": 0.6305088839021885, "HPV9": 0.2248102931018473, "HPVX": 0.0330980236971068, "LYME": 0.9378903380793928, "MEN": 0.0475511098793977, "MENB": 0.1907463911010289, "MMR": 0.1125405377559578, "MNQ": 0.1140580652438318, "PNC": 0.0207907936761034, "PNC13": 0.1904228562923496, "PNC20": 0.2198022285607964, "PPV": 0.1151127458129704, "RAB": 0.0589065478323152, "RSV": 2.7536355863884494, "RUB": 0.1062762983523928, "RV1": 0.0155983547396533, "SMALL": 0.937835116536882, "TD": 0.0253169437288178, "TDAP": 0.1939911420403597, "TTOX": 0.1283666217065372, "TYP": 0.0913010913329802, "UNK": 0.6299423146956065, "VARCEL": 0.0594906349059961, "VARZOS": 0.2697143259441283}