{"COVID19": 0.1684789141488729, "COVID19-2": 1.061540500080394, "FLUX": 1.1902475982345289, "HEPA": 3.370849704971051, "VARCEL": 1.212656968685405}