{"COVID19": 0.597040134, "COVID19-2": 8.379050308, "FLUX": 9.394964306264267, "HEPA": 26.60665487816076, "VARCEL": 9.571846298514767}