{"COVID19": 1.2720470709464662, "FLUX": 0.8051524993852989}