{"ANTH": 3.941130531100675, "COVID19": 0.62991118012176, "FLU3": 0.423550270762236, "HEP": 0.2043165312372258, "HPV4": 0.7353702497778701, "SMALL": 1.938050537806752, "UNK": 0.5236619922509446}