{"FLUX": 5.28856254833769, "MMRV": 24.01160164784742}