{"COVID19": 0.5614759984072658, "HEPA": 0.6588320790619194, "HPV2": 3.0330059167243872, "HPV4": 0.4838114818762644, "MENB": 1.8594258809053716, "PNC13": 0.550347762052774, "PPV": 0.3308079429491028}