{"HEP": 735.1439827486108, "HEPAB": 19.93354410061924, "IPV": 39.74953576894746}