{"6VAX-F": 98.66427102476592, "COVID19": 0.024122834, "HEP": 339.2972228070511, "HEPAB": 32.618526710104206, "SMALLMNK": 17.579990406065242, "VARZOS": 0.2275230913926594}