{"ANTH": 5.147449940679572, "BCG": 24.62844432418872, "FLU3": 0.152708797519746, "HEP": 18.159977068076888, "HEPA": 24.472145436321657, "HEPAB": 9.158574668518357, "LYME": 3.192781422063354, "PPV": 0.2541040548264885, "TD": 0.9287244147154547, "YF": 38.905416674163895}