{"COVID19": 0.995066889, "HPV2": 23.07075403912874, "HPV4": 9.407575226874702, "HPV9": 16.86420610982357}