{"HEP": 6.1351248180492055, "HEPA": 2.9180747298578886, "TTOX": 28.258644380207617}