{"HEP": 1.9746331625438325, "HEPA": 3.8156153198791785, "HEPAB": 18.615452269144765}