{"COVID19": 0.5691989765956046, "HEPA": 1.6068518994370051, "HEPAB": 26.424740537264725}