{"COVID19": 0.1990861951608058, "HEP": 0.8840758101956008, "HPV2": 4.688958838075411, "HPV4": 0.8824485599854038}