{"ANTH": 0.1527391928701874, "COVID19": 1.2584444129805263, "COVID19-2": 0.135494671727197, "FLU(H1N1)": 0.1492965838217236, "FLU3": 0.1762248677847303, "FLU4": 0.1397464108551319, "FLUX": 0.6371366989368146, "HEP": 0.8264126622642567, "HEPA": 1.804446287033082, "HEPAB": 1.875383934771237, "HPV2": 1.045027400035624, "HPV4": 0.0284996896933297, "IPV": 0.5419446037743119, "MMR": 0.0473341019416167, "MMRV": 0.1938374753998514, "PNC13": 0.0800899668634079, "PPV": 0.0273141078796277, "RV5": 0.146791819447959, "SMALL": 0.270833313525389, "TD": 0.0998303030374238, "TDAP": 0.1799627493782923, "UNK": 0.2604126140898348, "VARZOS": 0.128261339768736, "YF": 2.073737857893352}