{"HPV4": 3.530433324335656, "VARCEL": 5.388132662619421}