{"COVID19": 0.5009037788015234, "FLU3": 0.0091470469011292, "FLUX": 0.0222312050965974, "HEP": 30.36475020117848, "HIBV": 0.05690523691429, "HPV4": 0.0171716488194702, "IPV": 0.0788130753321294, "JEVX": 3.911549315243024, "MMR": 0.0110632403685904, "PPV": 0.0417414215994896, "TDAP": 1.748494567397635, "UNK": 2.051151941946952, "VARZOS": 0.0080133458703893}