{"ANTH": 0.1212461597861603, "COVID19": 1.819320729014076, "COVID19-2": 0.9500109837747546, "FLU(H1N1)": 0.1572914463240885, "FLU3": 0.0152554846842729, "FLU4": 0.3519153822200895, "FLUA4": 0.4791461572271761, "FLUX": 0.255761226277989, "HEP": 2.201878797003342, "HEPA": 0.1387560868353242, "HEPAB": 0.6769672000069272, "HPV4": 0.0286389506920333, "IPV": 0.0369732267283796, "MMR": 0.0656482553186443, "PNC13": 0.0325775292426922, "PPV": 0.3792000193076255, "RAB": 0.7821673112818261, "RV1": 0.1099353248938847, "TD": 0.0782419262590347, "TDAP": 0.2128263172420653, "TYP": 0.4797612433593902, "UNK": 0.5396983781268521, "VARZOS": 0.1433921851607246}