{"ANTH": 1.1840827488402217, "COVID19": 0.0249627599595899, "COVID19-2": 0.2951760214937634, "DTP": 3.7489750708861806, "FLU3": 0.1272539245571933, "HEP": 12.2435512442406, "HEPA": 3.3841378635438226, "HEPAB": 2.1067528173246, "HPV2": 1.1739763643665335, "HPV4": 1.5737565975591112, "JEV1": 42.89505367878865, "LYME": 2.6605804865442697, "MMR": 2.6138022999152004, "RUB": 11.538066437146052, "VARCEL": 0.3371960608269207, "YF": 16.31066997990417}