{"COVID19": 1.866449651484196, "COVID19-2": 0.3017165374821511, "FLU3": 0.0326617799113299, "FLU4": 0.0702237775371461, "FLUX": 0.2830668490377332, "HEP": 0.848328870358989, "HEPA": 0.0834967406160988, "HEPAB": 0.4073620113135767, "HIBV": 0.0571551623657642, "JEV": 6.016336069798574, "MNQ": 0.1162162706149961, "PNC13": 0.0697480353034717, "RV1": 0.2353699900430143, "TDAP": 0.4578728660332888, "UNK": 0.8378096744723521, "VARCEL": 0.0497863817942297, "VARZOS": 0.1020326554102409, "YF": 0.5724363405572229}