{"COVID19": 0.2565311296975869, "COVID19-2": 0.7068817809883421, "FLU3": 0.2728693198376137, "HEP": 0.360998974265784, "HEPA": 0.6975644462530531, "HEPAB": 3.4032593696619395, "HPV4": 0.5122544881531432, "UNK": 4.809914164470902}