{"FLU3": 2.0591409828592817, "FLUX": 5.004580911511837}