{"HEP": 56.54953713450852, "HEPAB": 538.2056907167195}