{"COVID19": 0.08845039, "FLU(H1N1)": 9.240116432048415, "FLU3": 1.0159666084026495, "FLU4": 2.4305559194438624, "FLUN3": 17.082867236354804, "FLUX": 2.642333711136825, "HEP": 1.7671730354533912, "HIBV": 44.54646604632746, "HPV4": 1.7639203550390066, "MMR": 16.740683164572914, "PNC": 18.01989145747951, "PNC13": 10.23364677502125, "PPV": 9.660240144360609, "RV1": 13.519688611671956, "VARCEL": 5.557846237847285, "VARZOS": 0.7394500470261433}