{"COVID19": 0.0138003554169446, "DTAPIPV": 27.24395220087996, "TDAP": 3.472786170582722, "VARZOS": 0.8204227101426941}