{"6VAX-F": 1.0393749781345467, "ANTH": 0.0694121653198058, "COVID19": 3.948541880125309, "COVID19-2": 0.0226248514578038, "DTAP": 0.0533423256616521, "DTAPHEPBIP": 0.0772102152543257, "DTAPIPV": 0.0742742885038124, "DTAPIPVHIB": 0.0659797392492073, "FLU3": 0.0087336061898529, "FLU4": 0.1292939287262078, "FLUA4": 0.2743062027759853, "FLUC4": 0.1298215937176464, "FLUX": 0.0212263687472133, "HEP": 0.0410749807049989, "HEPA": 0.1537318307373686, "HIBV": 0.0152830214294873, "HPVX": 0.2601732375726873, "IPV": 0.0211667875082103, "JEV1": 1.047723587008639, "MEN": 0.1247390473626418, "MENB": 0.0630126233267748, "MMR": 0.1568902110152132, "MMRV": 0.0580189573717696, "MNQ": 0.031075684192318, "PNC13": 0.277005127484456, "RV1": 0.6733444293506735, "RV5": 0.0405104556423244, "SMALL": 0.1176573956318255, "TDAP": 0.0176630890920707, "UNK": 0.8018869682625128, "VARCEL": 0.2564876449472488, "VARZOS": 0.0818562724781986}