{"COVID19": 0.013146863610546, "DTAPIPV": 4.920917838793606, "MMR": 0.6998471209335616, "TDAP": 1.1702394498584696, "VARCEL": 0.882007817136237, "VARZOS": 4.1355454579018565}