{"COVID19": 1.4445923112647758, "COVID19-2": 0.0324864026005859, "FLU3": 0.0965801788363429, "FLU4": 0.0335058023162568, "FLUX": 0.0364252372657507, "HEP": 0.0243608524260383, "MMR": 0.1436691761690509, "PNC13": 0.0683329791820426, "VARCEL": 0.0371110332439653, "VARZOS": 2.756690566164911}