{"ANTH": 0.1500499492698174, "COVID19": 0.8816369587994167, "COVID19-2": 0.1331040494081293, "DTAP": 0.425044345050053, "DTAPIPVHIB": 1.6931203105390529, "FLU(H1N1)": 0.1466679534382607, "FLU3": 0.54777140110951, "FLU4": 0.1372807722871127, "FLUC4": 0.2321245663142751, "FLUX": 0.6258073688380787, "HEP": 0.4185324688479377, "HEPA": 0.1187785304003683, "HPV2": 0.5293879233719515, "HPV4": 0.9510475340130052, "HPVX": 0.4553592465153793, "LYME": 0.3371556315842969, "MMR": 0.3208610617339196, "MNQ": 0.1471535946674537, "PNC": 0.2860376439145234, "PNC13": 0.5429042064185383, "PPV": 0.2880350206850721, "RAB": 0.2281891036805582, "RV1": 0.214600597854093, "RV5": 0.1442072898684193, "SMALL": 0.2660648143023696, "TDAP": 0.0496814960935056, "TYP": 0.3536733516342855, "UNK": 0.7717032704193026, "VARZOS": 0.2274731729376589, "YF": 0.5724604248615999}