{"COVID19": 0.0073074419344693, "DTAP": 2.25602845511602, "DTAPHEPBIP": 23.597831669753443, "DTAPIPVHIB": 2.5028461007447893, "DTP": 2.499117756140468, "DTPIHI": 326.74413901704366, "DTPPHIB": 224.08599887858625, "FLU3": 0.3045727631386944, "HEP": 3.025224412640296, "HEPA": 0.6248247063289061, "HIBV": 8.179024557573134, "HPV4": 0.1472806878824095, "IPV": 10.05600832452054, "MENB": 11.23050905350212, "MMR": 9.166066517664357, "MMRV": 3.596630307127208, "PNC": 5.402557876324062, "PNC13": 1.48604522919522, "PPV": 0.1411538388100729, "RV1": 7.943353746319469, "UNK": 2.660950967987205, "VARCEL": 0.2247793792141769}