{"COVID19": 0.2039022787642133, "COVID19-2": 3.620782052024183, "FLUX": 1.0823741795157125, "MMR": 1.2000556806159386}