{"FLU3": 0.75962489523786, "FLUX": 1.9756484202836675, "HEPAB": 12.575922219472425, "HPV4": 1.3188632212271978, "MEA": 101.54361923896096, "MMR": 2.1904513784807778}