{"COVID19": 0.3344104856063776, "HPV2": 10.825966439935131}