{"COVID19": 4.40926140767575, "YF": 5.807732867331678}