{"6VAX-F": 0.6791628546025477, "ADEN_4_7": 1.2848754936258446, "ANTH": 1.4267364309515556, "BCG": 6.317243602774919, "CHOL": 3.517407435045305, "COVID19": 0.2338906096271531, "COVID19-2": 0.1140175041094121, "DTAP": 0.1684453362851729, "DTAPHEPBIP": 0.2506104020768149, "DTAPIPV": 0.1245521512986609, "DTAPIPVHIB": 0.332507866513451, "DTIPV": 14.308384178900011, "DTP": 0.5293717441591114, "FLU(H1N1)": 0.6295206988828411, "FLU3": 0.7293052110700776, "FLU4": 0.9257821390116427, "FLUA3": 0.4250002254112957, "FLUC4": 0.6542540481499086, "FLUN(H1N1)": 0.5741443263930739, "FLUN3": 0.4939140063519032, "FLUN4": 0.1171138225004913, "FLUR4": 0.6102110884129857, "FLUX": 4.450865836989565, "FLUX(H1N1)": 5.44322201374664, "HEP": 3.255878121704208, "HEPA": 2.3305613560995213, "HEPAB": 3.054610674687211, "HEPATYP": 7.963530504986097, "HIBV": 0.5475100729447713, "HPV2": 1.621591830852599, "HPV4": 2.319185874957665, "HPV9": 0.8878885007249019, "HPVX": 1.818975150936008, "IPV": 0.4870765168744532, "JEV1": 3.4014324998650087, "JEVX": 6.265680809137896, "MEA": 0.5255034612565507, "MEN": 3.1821234160796554, "MENB": 0.1056670776365896, "MMR": 0.7590656637818044, "MMRV": 0.0273844213000194, "MNQ": 0.418537211854082, "OPV": 0.3611251044961497, "PNC": 0.1607893160794742, "PNC10": 3.526182551672983, "PNC13": 0.619217584611447, "PNC20": 0.2129683668690937, "PPV": 0.6776435478794206, "RAB": 2.896279686266055, "RV1": 0.5702891386314591, "RV5": 0.2832021983024556, "RVX": 16.44107121839321, "SMALL": 3.001452553540431, "SMALLMNK": 10.067272986008364, "TD": 0.2257333651783372, "TDAP": 1.6844171120885227, "TTOX": 0.7018088413965236, "TYP": 4.449473923263942, "UNK": 1.1942231835376265, "VARCEL": 0.7672682027883744, "VARZOS": 0.3562600173050411, "YF": 8.395349303249695}