{"ANTH": 0.4137730561829144, "COVID19": 0.347560815535553, "COVID19-2": 0.1031480757257277, "FLUX": 0.1156543297686864, "HEP": 1.1746616675295, "HEPAB": 0.736196652054928, "HPV2": 1.4652173862566769, "HPV4": 10.206640296220876, "HPV9": 2.08583797647706, "HPVX": 8.734632259254273, "RAB": 0.6292471157839035, "UNK": 0.1982437811424975, "VARZOS": 0.2251201607449469}