{"COVID19": 0.5542406205048142, "HPV4": 5.165558171335223, "HPV9": 9.54170135400177}