{"6VAX-F": 3.3546828750534825, "COVID19": 0.1691890532947988, "COVID19-2": 0.5616650434731593, "DF": 3.825374543324565, "DTAP": 1.3642320487165427, "DTAPHEPBIP": 5.180837079982987, "DTAPIPV": 1.1845386583929085, "DTAPIPVHIB": 1.6379766734824055, "DTIPV": 2.4514516231160908, "DTPPVHBHPB": 13.913052483044854, "FLU3": 0.0201641592783295, "FLU4": 1.2599398303954854, "FLUA3": 2.083221713261015, "FLUN4": 3.957321175443436, "FLUX": 0.95268048557342, "HEP": 0.3989767243050801, "HEPA": 1.2450203879397672, "HIBV": 1.0254636806638764, "HPV9": 0.4023136043141814, "IPV": 0.0488699013349048, "MENB": 1.5643153417571718, "MMR": 0.8326928822879213, "MMRV": 2.0034560431915103, "MNQ": 0.0717475721967454, "PNC13": 5.3670744721612005, "PPV": 1.158387394642571, "RV1": 8.12176731957771, "RV5": 3.1934812939601955, "RVX": 2.5950269566716364, "TDAP": 0.2816904786174494, "TYP": 0.1782296777587758, "UNK": 0.5143873732946357, "VARCEL": 1.0494332300116105}