{"ANTH": 26.304489725461284, "COVID19": 0.7076031213595093, "COVID19-2": 3.142143865593675, "FLU3": 1.3546221445368662, "FLU4": 6.763286036713355, "FLUN4": 34.26363027869052, "HPV2": 12.49665844, "HPV9": 9.134778309487768}