{"COVID19": 1.8359506040008016, "DTAP": 0.1541978119664558, "DTAPIPV": 0.5031467787096094, "DTP": 0.6132963970927545, "FLU4": 0.1773283781778138, "FLUN3": 0.3500532132169854, "FLUN4": 1.8750666960532276, "FLUX": 0.8102168966104119, "HEP": 0.0362100652556468, "HEPAB": 0.3446443890094592, "HPV4": 0.1286915939600318, "HPV9": 0.1403838551515143, "MENB": 0.1768620259013932, "MMR": 0.4147578018730791, "MNQ": 0.1899654301093904, "PPV": 0.0346398567418489, "RV1": 0.9864223051749896, "VARZOS": 0.0151515661115692, "YF": 0.7390080132016941}