{"ANTH": 0.7749711375972107, "COVID19": 0.1313027429078961, "DTAPIPVHIB": 2.457330679068421, "FLU4": 0.1992520948661408, "FLUN3": 1.4004898486875277, "FLUX": 8.097977220851615, "FLUX(H1N1)": 2.342737426210733, "HPV2": 0.7683566019838577, "HPV4": 2.251015998135909, "HPVX": 2.3518175186129624, "MEN": 3.3787965834970315, "MMR": 2.657514381703201, "PNC13": 2.85801592344148, "RUB": 7.551567619642279, "RV5": 0.744795243697599, "VARCEL": 0.2206916579882747, "VARZOS": 0.0606182774425, "YF": 10.61387992607016}