{"6VAX-F": 6.439604883404859, "ANTH": 4.171452177036893, "COVID19": 0.0344382268240387, "DT": 10.139133049220645, "DTAP": 2.0305536474821912, "DTAPIPV": 0.2543338686979399, "DTAPIPVHIB": 1.2937511175683956, "DTP": 18.04688614992638, "DTPHEP": 6.470200958103628, "DTPHIB": 27.34643150042518, "FLU(H1N1)": 0.0269414127094162, "FLU3": 2.3597397420355057, "FLU4": 0.0756272792853709, "FLUX": 2.3832880927946483, "HEP": 16.122897110349523, "HEPA": 2.3960104753810274, "HEPAB": 0.1742111146237372, "HIBV": 1.7644028477955904, "HPV2": 1.3296144019719425, "HPV4": 0.6249087178650774, "HPV9": 0.3831607707961528, "IPV": 0.3474234111849205, "JEV": 0.8242353440759341, "LYME": 4.344571961482292, "MEA": 5.864481068246327, "MEN": 2.305448208921294, "MENB": 5.202355496801989, "MER": 6.203361375926705, "MMR": 8.917639941104968, "MMRV": 0.2404750280993582, "MNQ": 0.0960228265294535, "OPV": 23.366297196339158, "PNC": 2.556629428419078, "PNC13": 0.703168944952512, "PPV": 0.6866482886418985, "RAB": 8.403878170297537, "RUB": 17.3840620997626, "RV": 12.354472120623557, "RV1": 0.9366331452804426, "RV5": 0.0941002352107467, "SMALL": 0.0488734046614575, "TD": 24.26220298980629, "TDAP": 0.3045864308423594, "TTOX": 13.277807054139007, "TYP": 1.851702853229759, "UNK": 0.2533002971043465, "VARCEL": 0.9537461727835008, "VARZOS": 0.0148213667213441, "YF": 1.1223325296923037}