{"BCG": 23.136225281004805, "COVID19": 2.152708087516254, "COVID19-2": 3.467193230999917, "DTAP": 0.5304121110891723, "DTP": 4.228239037490994, "FLU3": 0.5079833042013248, "FLU4": 0.1713167167889947, "FLUN3": 1.2040787479369024, "FLUX": 1.900105140592773, "HEP": 0.8835865177266956, "HEPAB": 1.1854750896844042, "HPV4": 0.1243291880203705, "MMR": 0.2064930081973751, "PNC13": 0.3493866189709897, "PPV": 0.8452710126315531, "RV1": 0.9529295937742348, "RV5": 1.283545984486707, "SMALL": 1.1814421079869897, "TDAP": 0.2206176283682082, "TTOX": 4.42551179, "UNK": 0.3192395077875949, "VARZOS": 0.052119827}