{"COVID19": 0.0303829845781225, "DTAP": 3.2532780402600965, "DTAPHEPBIP": 3.791818548134621, "DTP": 0.5353192200909022, "DTPHIB": 2.1950614685439405, "HEP": 1.1177443976219044, "HIBV": 6.834071555226462, "IPV": 4.5892077579688095, "OPV": 0.5427990574637878, "PNC": 14.267364259899722, "VARZOS": 0.1042063081902138}