{"COVID19": 1.097178250538204, "DTAPIPV": 2.62973729613427, "HIBV": 0.5411072297058919}