{"COVID19": 0.2653511705098159, "FLU3": 8.127732867221196, "FLUX": 9.394964306264267, "TDAP": 11.12893369768517, "TYP": 79.21954866, "VARZOS": 2.629155723}