{"6VAX-F": 0.5930357565578844, "ANTH": 0.4237219776278902, "COVID19": 0.1256806599525125, "DTAP": 0.0915977283159308, "DTAPIPV": 0.4534024842653383, "DTAPIPVHIB": 0.4027689614009069, "DTPPHIB": 17.151532411951187, "FLUX": 0.129574974617102, "HEP": 0.2521800969827055, "HEPA": 0.1362914811990417, "HEPAB": 2.377416214569233, "HIBV": 0.0932942018537496, "HPV2": 6.846502482488441, "HPV4": 16.645860086737745, "HPV9": 3.260220487147189, "HPVX": 5.678599604763255, "JEV1": 22.86996824395129, "MEN": 2.722539154027633, "MMR": 0.7036075060407989, "MNQ": 0.1896994715400632, "OPV": 0.2432860054696812, "PNC": 0.1947671147845741, "PNC13": 0.7937354193570445, "TD": 0.2734340186701537, "TDAP": 0.3855075639255575, "UNK": 0.4522361555156435}