{"COVID19": 0.7257724898807183, "FLUX": 1.4153071788358145, "FLUX(H1N1)": 2.511321956086216, "HEP": 0.3933063851596142, "HEPAB": 7.263016379918803, "HIBV": 0.1449511157363252, "HPV2": 3.4987487657404976, "HPV4": 2.4183683396318854, "PNC13": 0.1768878796697008, "PPV": 0.1063253404062374, "TYP": 0.7321596577307956, "UNK": 0.1965220180881466}