{"6VAX-F": 0.9743790300832952, "BCG": 1.3524371268221558, "COVID19": 1.5026868821984751, "COVID19-2": 1.6095796045116293, "DTAP": 0.4433250949082102, "DTAPHEPBIP": 0.5580745741902775, "DTAPIPVHIB": 0.044630357529276, "DTP": 1.0245680838434572, "DTPHIB": 3.1173510004008644, "FLU(H1N1)": 0.0609105442527243, "FLU3": 0.2889806488369211, "FLU4": 0.2441784521876096, "FLUA4": 0.1855476282712063, "FLUN3": 0.1029294788724771, "FLUX": 1.0953294791867696, "HBHEPB": 0.9154239033535736, "HEP": 0.5090163797820577, "HEPAB": 0.0736807587068275, "HIBV": 0.8472549977077005, "HPV4": 0.0110903299323174, "IPV": 0.3411140924739369, "MENB": 0.1514695037665967, "MER": 6.492646730042462, "MMR": 0.1373608345814031, "MU": 2.294263009663889, "OPV": 1.1775030867944247, "PNC": 0.0766948505549681, "PNC13": 0.6843041842470476, "PPV": 0.535934252930383, "RV": 7.421248644090606, "RV1": 0.151287310444235, "RV5": 0.652853728155792, "SMALL": 0.0795864263356813, "TD": 0.0302989028268644, "TDAP": 0.2846496394829522, "TTOX": 1.0062820235142635, "UNK": 0.4007490006941498, "VARCEL": 0.0619560300652373, "VARZOS": 0.0051754290120115}