{"COVID19": 1.426798701236608, "HEP": 0.2490190409733219, "PNC": 2.539392328208577}