{"COVID19": 2.594986464206065, "COVID19-2": 1.7445671856014262, "DF": 3.743977459113386, "FLU3": 0.2121586755501254, "FLU4": 0.1510530690178355, "FLUA4": 0.6198425050426721, "FLUN3": 0.3438473994558491, "FLUX": 2.4088201058915786, "FLUX(H1N1)": 0.598323467203318, "HPV4": 0.131891308798736, "PPV": 0.0901811244677892, "TDAP": 0.0399128210107919, "UNK": 0.1666827232973514, "VARZOS": 0.0615485194022723}