{"COVID19": 0.0138003554169446, "FLUA3": 34.04491795787203, "MMR": 3.2504457412438668, "PPV": 1.8756683349885896}