{"COVID19": 0.3980267557647239, "HPV4": 28.222725680624105, "MENB": 55.24004179342983}