{"ANTH": 18.90635199, "COVID19": 0.165844482, "FLU3": 4.334790862517972, "FLUX": 11.27395716751712, "HEP": 17.399857579848774, "HEPAB": 33.637855669794966, "MMR": 5.859239107600521, "UNK": 9.058421033473008}