{"COVID19": 0.5330006505406009, "COVID19-2": 0.6095709911403763, "DTAP": 1.000529788772886, "DTPIPV": 41.670710854124415, "FLU3": 0.2627924813005296, "FLUN3": 0.6365004483381136, "FLUX": 0.0984473206903294, "HEP": 1.954458551110756, "HEPA": 0.994932082332046, "HIBV": 0.518676380585617, "HPV4": 0.2345187062823623, "IPV": 1.249707968722838, "LYME": 0.7914049136549247, "MMR": 0.757791391560865, "OPV": 15.534300959156676, "PNC13": 0.1846850996431336, "PPV": 0.06298552824293, "RUB": 3.432072312750893, "TD": 0.2302057299076205, "TDAP": 0.1166173195153664, "TTOX": 1.1671887495265103, "UNK": 1.829099956249354, "VARZOS": 0.0275500389115056}