{"COVID19": 0.2388160534588344, "FLUX": 84.55467876, "LYME": 97.09714976}