{"COVID19": 0.5652464202472152, "RV1": 5.077807858793458}