{"COVID19": 0.3980267557647239, "COVID19-2": 45.24687166454892, "HPV4": 8.063635908749744}