{"COVID19": 0.0995430975804029, "COVID19-2": 10.8131548490453, "HPV4": 0.9920739430693069}