{"ADEN_4_7": 163.57438705933558, "ANTH": 1.2397607862410032, "COVID19": 3.0847073571766104, "COVID19-2": 0.6206703932036889, "FLUR4": 5.450931550059628, "FLUX": 2.1227116005785374, "HEP": 0.231760398092248, "HPV2": 10.123875190166196, "HPV4": 0.936853965, "HPV9": 1.804400653725979, "TDAP": 0.4104934560621578, "VARZOS": 0.096977055}