{"6VAX-F": 0.7817677531357973, "ANTH": 0.5585703386811919, "COVID19": 0.4085663746241282, "DTAP": 0.1207484585173404, "DTIPV": 8.544337813954046, "FLU3": 0.7727435772495627, "FLU4": 0.5414406374833006, "FLUX": 0.6120525732992406, "HEP": 1.881798989785792, "HEPA": 1.258595387097829, "HIBV": 0.1229848301684146, "HPV2": 0.8271120236267517, "HPV4": 0.4727564660486932, "IPV": 0.1703324011447019, "MNQ": 0.2500708149798523, "PNC": 0.2567512218568541, "PNC13": 0.1500818104018822, "PPV": 0.3232488259441142, "TDAP": 0.1421376010043525, "UNK": 0.1667405383462356, "VARZOS": 0.0615699665195137, "YF": 1.2317518060042991}