{"COVID19": 0.2430634652383085, "FLU4": 0.3131381770893419, "HEP": 0.2276714067376041, "HPV9": 0.8826657095789976, "RV1": 58.2433530196893, "RV5": 1.1704960829169675, "RVX": 18.063459295769142, "TYP": 2.8706803468693995, "UNK": 0.5835203838299756, "VARZOS": 0.0952657360802939}