{"ADEN_4_7": 80.32842833758059, "COVID19": 0.1845257351369258, "COVID19-2": 2.451204600629708, "FLUN3": 4.490254944585556, "HEP": 0.3409544519672633, "HEPA": 0.6588320790619194, "HEPAB": 3.2142930369666707, "MNQ": 0.9170058826027088, "PNC13": 0.550347762052774, "TDAP": 0.521216467705345, "VARZOS": 0.2257761646927926}