{"ANTH": 0.4843145259930718, "COVID19": 0.5446147464855712, "DTPPVHBHPB": 24.81072973718493, "FLU3": 0.1860814847955317, "FLUX": 0.4839659705149488, "FLUX(H1N1)": 1.4640829446975918, "HEP": 1.806241223101008, "HIBV": 0.713213798141706, "HPV2": 1.7167083894474573, "HPV4": 0.0903685222239323, "MENB": 0.4422038731181514, "MMR": 0.1500898017353336, "PNC13": 0.2539540505400343, "PPV": 0.3096357679528021, "RAB": 0.7365233422545873, "SMALL": 3.07026091996477, "TDAP": 0.5732898803553872, "VARZOS": 0.0378831001923857}