{"ANTH": 2.6077726883000407, "BCG": 45.17547436334128, "COVID19": 0.5333558527247301, "DTAPIPV": 6.773328341062331, "DTIPV": 558.2603125483521, "DTP": 8.256001224066466, "FLU3": 0.2802666505938344, "FLUX": 10.569334844547296, "FLUX(H1N1)": 7.882776467459389, "HEP": 4.150424743817139, "HPV4": 3.051105479, "MMR": 5.067450039005856, "RAB": 3.965713747, "TD": 3.438560820045994, "TDAP": 0.863451752, "UNK": 1.2494373839273114, "VARCEL": 0.7426432472985596, "VARZOS": 0.6226947764430679}