{"6VAX-F": 0.8553787673342159, "ANTH": 0.3513610359772665, "BCG": 0.5276764141324501, "CHOL": 0.5536989271007751, "COVID19": 0.7684435831514225, "COVID19-2": 0.0637330236258326, "DPP": 0.9094807104234444, "DTAP": 0.2133221952139308, "DTAPHEPBIP": 0.5805592408415626, "DTAPIPV": 0.5584825315559875, "DTAPIPVHIB": 0.4136464905606699, "DTIPV": 0.2803546884883679, "DTOX": 1.0460725561903368, "DTP": 0.3460617977118971, "DTPPVHBHPB": 0.4468372934903456, "FLU(H1N1)": 0.4558212178552664, "FLU3": 0.1241618844816694, "FLU4": 0.4019472272182668, "FLUA3": 0.4599668466820987, "FLUA4": 0.4978484739453409, "FLUC3": 0.2074804163272749, "FLUC4": 0.3657121869221695, "FLUN3": 0.0401782264974576, "FLUN4": 0.6990079665976777, "FLUX": 1.68487818039644, "FLUX(H1N1)": 0.2483414349816645, "HEP": 3.343447203871498, "HEPA": 0.3805839428904307, "HEPAB": 0.682907835165069, "HIBV": 0.3955032184323992, "HPV2": 0.6443896738870788, "HPV4": 0.8102328603260693, "HPV9": 0.8343413896053828, "HPVX": 0.4721965929798313, "IPV": 0.2715590349563779, "JEV1": 0.2766416484275319, "LYME": 17.47962709190646, "MEA": 0.2939765673678143, "MEN": 1.430017624204467, "MENB": 0.0590984010061963, "MMR": 0.4372385146010242, "MMRV": 0.2266542854592423, "MNQ": 0.398687959392582, "PNC": 0.2399006417320285, "PNC13": 0.5678114641817018, "PPV": 0.3933876907215724, "RAB": 1.1081428764558194, "RV1": 4.2517159043024, "RV5": 0.9875251318122616, "RVX": 38.32061887992656, "SMALL": 0.7376474504865084, "TBE": 0.5897976155717755, "TD": 0.0812918827663847, "TDAP": 0.6198211998724009, "TTOX": 0.6090950184280064, "TYP": 0.3015716858050212, "UNK": 1.822230534128836, "VARCEL": 0.3646476487824305, "VARZOS": 0.2804564443125457, "YF": 0.5979846511286494}