{"COVID19": 0.696546823, "FLUX": 8.455467876, "HPV4": 5.644545136124821, "HPVX": 91.79458027709862, "SMALLMNK": 182.8319002230785}