{"COVID19": 2.1187270383783767, "DTAPIPVHIB": 2.3393286517218552, "FLU3": 0.727856675, "FLU4": 0.1897019254200087, "FLUC4": 1.141356521077558, "FLUN3": 1.3332969550325702, "FLUX": 0.4134703117671315, "HEP": 0.6964228711146371, "HEPA": 0.5840485217157239, "HEPAB": 5.2894908178547375, "HIBV": 1.0864991718616452, "HPV2": 0.7315117134357894, "HPV4": 1.120505237940411, "MEA": 10.595300531039992, "MENB": 0.6736590462613393, "MMR": 0.6893222479530023, "MMRV": 1.877231484298288, "PNC13": 1.1663347427413924, "PPV": 0.9373302318290492, "RAB": 1.1220068162043166, "TD": 0.4822371881771821, "TDAP": 0.9843774278050764, "UNK": 0.3534993574038246, "VARCEL": 0.4212548493233883, "VARZOS": 0.2325543145438484}