{"COVID19": 0.3651334450505932, "HEP": 0.6127390061831205, "HPV4": 0.6116111845926078, "MMR": 1.0158027010161892}