{"COVID19": 1.326755853, "HEP": 4.712461428, "HPV4": 4.703787613437351, "MMR": 7.812318810134028}