{"COVID19": 0.3380852934081232, "FLUX": 1.1902475982345289, "HEP": 0.7960263997955664}