{"FLU3": 1.316551278459965, "FLUC3": 1.84965637956868, "FLUN4": 1.8473171189605588, "HBHEPB": 17.792772558319385, "HEP": 5.155633400671418, "HEPA": 15.47981557931347, "HIBV": 19.71334829426901, "HPV4": 5.176091024453461, "HPV9": 18.35156852589093, "MMR": 7.024022380674501, "MMRV": 35.61109150938038, "MNQ": 2.1651443417955245, "PPV": 4.42253857226284, "RV5": 40.304065238685176, "VARCEL": 17.05298735538447}