{"COVID19": 0.5749275361046013, "HIBV": 44.54646604632746, "PNC13": 15.862152501282935, "PNC20": 81.72308794067789, "TDAP": 4.769543013293644, "UNK": 22.884432084563382}