{"FLUX": 5.3831300081805855, "HEPA": 1.4792150650128435, "HPV4": 4.157992692609623, "MEN": 8.264367583202906, "RAB": 31.917410464085087}