{"COVID19": 0.0339121833488998, "OPV": 6.8110269911773935, "PNC13": 3.187330690680805}