{"COVID19": 3.125145797829952, "COVID19-2": 0.126439632583642, "DTAP": 0.2527556735450375, "DTP": 0.0617493068459453, "FLU(H1N1)": 0.141468363350043, "FLU3": 0.1471141520553664, "FLU4": 0.104938592362342, "FLUN4": 0.389817297903629, "FLUX": 0.3575511126022817, "FLUX(H1N1)": 0.4159842795964601, "HBHEPB": 1.0992399560433948, "HEP": 0.1251618765268404, "HEPAB": 0.1711279454748963, "HIBV": 0.1655528871083965, "IPV": 0.229288901185959, "MMR": 0.016595168794777, "PNC": 0.3456203373451601, "PNC13": 0.3141577964764105, "PPV": 0.0176120967947977, "RV5": 0.2263943361207673, "SMALL": 0.1848442094787177, "TTOX": 0.3396785424765563, "UNK": 0.0325525868461444, "VARCEL": 0.0209146668096219, "VARZOS": 0.1288805254724041}