{"6VAX-F": 18.98416715177704, "COVID19": 0.0034001693927733, "DTAP": 0.2571140762172292, "DTAPIPV": 1.272696841491494, "DTAPIPVHIB": 1.1305690109177764, "DTP": 0.6734913106961824, "DTPIHI": 49.43941289372022, "HEP": 0.1979846244609882, "HIBV": 0.2618760633745422, "MENB": 3.9088375359119225, "PNC10": 11.987200803882182, "PNC13": 3.6444590236233743, "RV1": 44.69099107612774, "RV5": 2.5129631791897427, "RVX": 5.409486552748083}