{"6VAX-F": 36.43737516962965, "BCG": 10.875351964931715, "COVID19": 0.0038354162163053, "DT": 0.8838571060479703, "DTAP": 1.224794444099364, "DTAPHEPBIP": 7.410471460931131, "DTAPIPV": 0.7394617004980348, "DTAPIPVHIB": 4.472408313129208, "DTP": 0.1098533358003026, "DTPIPV": 2.274211296980849, "FLU4": 0.0524814396003907, "HEP": 1.6365619433121823, "HEPA": 0.0624009318103932, "HIBV": 1.9258793150334783, "IPV": 0.0591592610812021, "MEN": 0.3486343634163993, "MENB": 9.933726053543152, "MMR": 0.1051644384463314, "PNC": 0.0891739487239185, "PNC10": 6.965340722685066, "PNC13": 15.61652121101478, "PPV": 0.0313322966794232, "RV1": 14.16677135121418, "RV5": 7.725406538448898, "RVX": 0.8823436815194995, "UNK": 0.8683809403095446, "VARCEL": 0.0372076393059131}