{"ANTH": 0.5828724346842177, "BCG": 4.037890158891798, "COVID19": 0.0811728520962084, "COVID19-2": 0.3738244216205892, "DT": 1.7202748533690826, "DTAP": 0.97540885624996, "DTAPH": 1.8897979420596576, "DTAPIPV": 0.4069333139071566, "DTAPIPVHIB": 0.1696239125234368, "DTP": 3.025578484500444, "DTPHIB": 10.31837451187526, "DTPIPV": 0.4282250246517922, "FLU(H1N1)": 0.0838509961245836, "FLU3": 1.0098066493062052, "FLU4": 0.1608909201521442, "FLUA3": 0.0417218917919843, "FLUC4": 0.1071885601917927, "FLUN(H1N1)": 0.0439713591503379, "FLUN3": 0.2830977803293761, "FLUN4": 0.1048967214938678, "FLUX": 1.1744151335169062, "FLUX(H1N1)": 0.0388563862630604, "HBHEPB": 4.4977089862911575, "HBPV": 14.450654902234223, "HEP": 4.411908671665726, "HEPA": 1.2054496195466495, "HEPAB": 0.6633850865006126, "HIBV": 7.502098291576857, "HPV2": 0.1924761352314936, "HPV4": 0.38840005708046, "HPV9": 0.0502138786018286, "HPVX": 0.2102869404969327, "IPV": 1.0355558397432771, "JEV": 0.3845150480325509, "JEV1": 0.1311205216207448, "JEVX": 1.0683130994277894, "LYME": 5.477249693255397, "MEA": 6.861731040773845, "MEN": 0.6831298789773728, "MENB": 0.1600132288391514, "MER": 6.535297172492578, "MM": 21.450745691377968, "MMR": 6.40723520716912, "MMRV": 0.0489651476015291, "MNQ": 0.1718692764891199, "MU": 8.608526579139026, "OPV": 16.52995195367691, "PNC": 1.7787118476853891, "PNC13": 0.8105364276905304, "PNC20": 0.2189604717360826, "PPV": 1.3527225697183696, "RAB": 0.7892534656360055, "RUB": 8.024036795965989, "RV": 7.870895922181455, "RV1": 0.533225277725321, "RV5": 0.1505446470426493, "RVX": 0.053681378364892, "SMALL": 1.0336570651950778, "SMALLMNK": 0.0218793664544635, "TBE": 0.4553261211592931, "TD": 1.45311551699054, "TDAP": 0.3532905805790282, "TTOX": 0.967153075069992, "TYP": 2.0424635955201778, "UNK": 0.6854684009945334, "VARCEL": 67.1719867934407, "VARZOS": 0.2941657357105494, "YF": 0.5977478131717167}