{"COVID19": 1.855393585680956, "COVID19-2": 0.2213696302698795, "HPV4": 0.1656947687285639, "UNK": 0.4254577738671413}