{"COVID19": 0.2373255068528922, "DTAP": 0.3321100982844953, "FLU3": 0.1933020372057493, "HEPA": 0.4941582783213448, "IPV": 0.4684872154725925, "MMR": 1.6967230061250156, "MNQ": 2.504145774528646, "PPV": 0.9033632984445396, "VARCEL": 1.07275963648754, "VARZOS": 0.1693438448750849}