{"ANTH": 0.0135360804774624, "COVID19": 0.3412769282817094, "COVID19-2": 5.717742653283893, "DTAP": 0.4125204191338418, "DTAPIPV": 0.1248795158838691, "DTAPIPVHIB": 0.2949642662819704, "DTP": 0.0428572059443339, "FLU(H1N1)": 0.0132309889374055, "FLU3": 8.839525900883533, "FLU4": 1.693741785861574, "FLUA3": 0.1560552767612522, "FLUA4": 0.4625491050277819, "FLUC3": 0.1087184522268492, "FLUC4": 1.2368359399864133, "FLUN(H1N1)": 0.0463059078767545, "FLUN3": 0.8148805769868086, "FLUN4": 0.8731510290160737, "FLUR3": 1.6240121768908895, "FLUR4": 0.4090582602170406, "FLUX": 0.9136646752493878, "FLUX(H1N1)": 0.0409195900596367, "HEP": 0.0968674285785836, "HEPA": 0.4102123682715494, "HEPAB": 0.0240837777662719, "HIBV": 0.7631675837444765, "HPV2": 0.5818744047754953, "HPV4": 0.2042485104534639, "HPV9": 1.0707644209191016, "HPVX": 0.0410781882820328, "IPV": 0.5122658952100805, "MEN": 0.0590160143667753, "MENB": 1.4202609943704505, "MMR": 0.6796622009154089, "MMRV": 0.6576709003632148, "MNQ": 0.7840427668877283, "OPV": 0.5970117410894266, "PNC": 0.0916472188463371, "PNC13": 0.8980695047630234, "PNC15": 1.146542052059993, "PNC20": 1.8227215629251168, "PPV": 1.0341663012547695, "RAB": 0.0731120083698098, "RV1": 0.2064694791048698, "RV5": 0.0893962589035583, "SMALL": 0.2559866270612491, "SMALLMNK": 0.5623637244709959, "TBE": 1.702851550151461, "TD": 0.0088471790734274, "TDAP": 1.1102283009020089, "TTOX": 0.1593225510182845, "TYP": 0.611311973446907, "UNK": 0.5606296171642318, "VARCEL": 0.1096671255239294, "VARZOS": 0.6217853173534384, "YF": 0.9895464750019436}