{"COVID19": 0.70896985537043, "FLUX": 1.1015813541937118, "PNC13": 0.5731144079305496, "PPV": 0.7047789153938573, "UNK": 0.5236619922509446, "VARZOS": 0.3082717983508471}