{"COVID19": 0.3120798937378108, "PNC13": 1.596159374637773, "PPV": 0.5443589026048866, "VARZOS": 0.882635301478098}