{"HPV2": 7.585357579962247, "HPV4": 1.8137430059712367}