{"DTAP": 4.60889401735633, "DTAPIPV": 17.661657004405637, "DTAPIPVHIB": 3.212239218163464, "FLU4": 2.7895351012064564, "MENB": 3.987202461987461, "MNQ": 3.75711983630336, "PNC13": 9.894808441838991, "PNC20": 3.725398265809037, "PPV": 14.24350468455925, "SMALL": 2.4601596278434297, "TDAP": 5.575808351798297, "VARCEL": 3.878256970404256, "VARZOS": 3.142314159696017}