{"ANTH": 0.6071754721308157, "COVID19": 0.2047368397914873, "COVID19-2": 0.1274037050012426, "DTAP": 0.6676372323347451, "DTAPHEPBIP": 0.0631715793961835, "DTAPIPV": 0.649707299671153, "DTP": 0.1142978267551357, "FLU(H1N1)": 0.0736749212392801, "FLU3": 3.7771126581602665, "FLU4": 5.416531961165257, "FLUA3": 2.217016876968474, "FLUA4": 0.2244308759271167, "FLUC4": 2.533692033222036, "FLUX": 2.798248874094756, "FLUX(H1N1)": 0.7700071219414469, "HEP": 0.1819104096737985, "HEPA": 0.4357202121843658, "HEPAB": 0.3167601268786648, "HIBV": 0.0860606968309198, "HPV2": 0.084094783645553, "HPV4": 0.587141368033209, "HPV9": 0.2756167732665139, "IPV": 0.1851515841557642, "JEV1": 0.8572228012640996, "MENB": 0.3548359805533249, "MMR": 0.4237474227857921, "MMRV": 0.1687187775733429, "MNQ": 0.4892569146353628, "PNC13": 1.2553275781190405, "PNC20": 0.3691717055907459, "PPV": 3.4356821598832576, "RAB": 0.1029704082418797, "RV5": 0.0331447005012352, "SMALL": 0.0962645098243454, "TD": 1.0493549341461166, "TDAP": 3.66451668196834, "TYP": 0.4347052976881689, "UNK": 0.1812471998442049, "VARCEL": 0.476739793036893, "VARZOS": 2.2069929354843416}