{"6VAX-F": 1.1867174431318943, "ANTH": 0.7073179226803631, "BCG": 0.1066121103307907, "COVID19": 0.1993858216683993, "COVID19-2": 0.9040097034496922, "DPP": 0.6527340313051273, "DT": 0.0599277323096382, "DTAP": 2.167669859130932, "DTAPH": 0.2250911225904672, "DTAPHEPBIP": 1.2655988531396, "DTAPIPV": 1.2174707948326255, "DTAPIPVHIB": 1.2939535485599003, "DTP": 0.9431884668647332, "DTPHIB": 1.0176355419926688, "DTPIPV": 2.281125730615499, "DTPPHIB": 1.8917325343362836, "FLU(H1N1)": 0.4049218584796544, "FLU3": 3.338726323524264, "FLU4": 3.6806052870228942, "FLUA3": 2.33113007483577, "FLUA4": 4.497191625845291, "FLUC3": 1.023482202470298, "FLUC4": 5.950993457600725, "FLUN3": 0.028835899063357, "FLUN4": 0.0470205822910471, "FLUR3": 2.06077530624444, "FLUR4": 4.075141814356071, "FLUX": 0.9979707329451908, "HBHEPB": 2.402891680948791, "HBPV": 0.7165999345234988, "HEP": 1.4557257502135004, "HEPA": 1.4533366530610154, "HEPAB": 1.3306090200701912, "HIBV": 1.8059224467988109, "HPV2": 0.207745005469436, "HPV4": 0.560145406774581, "HPV9": 0.4501342707196578, "HPVX": 0.3388342890183697, "IPV": 1.9579118508540485, "JEV1": 2.1182449668449226, "JEVX": 0.7077426661341594, "LYME": 0.0466957394004489, "MEA": 0.2109868834745738, "MEN": 0.6726818814451135, "MENB": 0.4572621778314057, "MMR": 1.0711556685342742, "MMRV": 0.5335903762494096, "MNQ": 0.9198648591221552, "MNQHIB": 6.629425736475403, "OPV": 1.0006401667602154, "PNC": 1.3495452035858042, "PNC10": 0.4708916770098846, "PNC13": 1.962938993411805, "PNC20": 0.5876572076953255, "PPV": 1.2955731261478347, "RAB": 0.3527302415436931, "RV1": 0.6413303312726616, "RV5": 0.6211574756082381, "RVX": 0.0598251183009624, "SMALL": 0.1532253438150128, "TD": 1.6336772762555023, "TDAP": 1.656194202555001, "TTOX": 1.7771222350821725, "TYP": 0.3471277454117473, "UNK": 0.5433541927875194, "VARCEL": 0.8340525714660465, "VARZOS": 1.2384602896033352, "YF": 0.3093826414084036}