{"COVID19-2": 1.108567299689862, "DTAP": 1.638253815608937, "FLU3": 4.868516821861555, "FLU4": 6.043561402768535, "FLUA4": 9.534631397016897, "FLUC4": 8.33826155449573, "FLUR4": 4.2766093725834935, "FLUX": 1.4178659927265629, "HEP": 1.838625370479645, "HEPA": 1.6290875355110146, "HEPAB": 1.9598068083514315, "PNC13": 1.4582219451430605, "PPV": 1.4283611746755702, "TD": 1.9141296287754148, "TDAP": 2.5350967484181943, "VARZOS": 1.569559270338294}