{"COVID19": 0.0259350708871736, "FLU3": 1.1414764659315997, "PPV": 1.4652028400428998, "VARZOS": 0.999999913749761}