{"COVID19": 0.814710709502614, "HPV4": 0.3123532213121505, "PPV": 0.0837535006072126, "SMALLMNK": 248.11383383860004, "VARZOS": 0.0366340058662343}