{"6VAX-F": 0.0648759180369926, "ANTH": 1.2507753079158097, "BCG": 0.3757376167570032, "COVID19": 0.0499391813422205, "COVID19-2": 0.2020207882251922, "DT": 0.58866357636709, "DTAP": 3.855431082152277, "DTAPH": 0.7934052906976016, "DTAPHEPBIP": 1.1670755943111326, "DTAPIPV": 6.0307882911379735, "DTAPIPVHIB": 1.073577031200878, "DTOX": 0.3850703244195255, "DTP": 0.108611148371235, "DTPHIB": 0.0556326780496679, "DTPIPV": 0.843423304909849, "FLU(H1N1)": 0.7551264634891407, "FLU3": 2.0030347062416323, "FLU4": 1.8755241948688175, "FLUA3": 0.3641573546943678, "FLUA4": 0.3941495943000788, "FLUC3": 0.8144888056618677, "FLUC4": 1.2304223439083464, "FLUN(H1N1)": 0.0332769172806897, "FLUN3": 0.4922764811127108, "FLUN4": 0.1657054050570503, "FLUR3": 1.0568693695341496, "FLUR4": 0.3771175985213161, "FLUX": 0.4702542033580461, "FLUX(H1N1)": 0.3804646030169943, "HBHEPB": 2.301700628934701, "HBPV": 0.3675464532998744, "HEP": 0.5997560812161387, "HEPA": 3.4139564127423294, "HEPAB": 0.4049483135228109, "HIBV": 1.220484867288764, "HPV4": 0.6953059839618683, "HPV9": 0.2553873257502018, "HPVX": 0.0898086872786739, "IPV": 2.970025030622709, "JEV1": 0.1018346904356182, "MEA": 0.1082158561244343, "MEN": 0.6509088154059482, "MENB": 0.6319031858419824, "MMR": 2.905673178022105, "MMRV": 4.595607241972187, "MNQ": 1.672723438123198, "MNQHIB": 3.4002568835440954, "MU": 0.3296648045591198, "OPV": 0.013756746519644, "PNC": 1.8608202923872768, "PNC13": 1.7250617535502786, "PNC20": 0.4676461879982202, "PPV": 1.157511994031699, "RAB": 0.1304246745419288, "RSV": 0.9177766876270486, "RUB": 0.0913749618132652, "RV1": 0.1450445597209331, "RV5": 0.2113765435080085, "RVX": 0.0306844963807032, "SMALL": 7.319644199273682, "SMALLMNK": 6.049175188766876, "TD": 1.0191149487626447, "TDAP": 2.270200174543913, "TTOX": 0.3106688873740854, "TYP": 0.8599698225544116, "UNK": 0.3612360023466014, "VARCEL": 7.265489764959037, "VARZOS": 3.530945464598797, "YF": 0.8775105828906586}