{"6VAX-F": 0.202184849710319, "ADEN_4_7": 0.0352379499713301, "ANTH": 3.711142721569097, "BCG": 0.1394052221367995, "CHOL": 1.175842893471431, "COVID19": 0.0043971691769808, "DPP": 0.158394707474808, "DT": 8.130497078885707, "DTAP": 9.31352347721364, "DTAPH": 4.055100116168012, "DTAPHEPBIP": 0.7595858114097963, "DTAPIPV": 1.1557500053904994, "DTAPIPVHIB": 0.4995990466017261, "DTIPV": 0.0137442228381337, "DTOX": 0.0512830989213307, "DTP": 7.823642646230574, "DTPHEP": 2.620060042090531, "DTPHIB": 7.948888988067239, "DTPIHI": 0.0373487246328574, "DTPIPV": 0.0723642787214357, "DTPPHIB": 0.6968881613428478, "FLU(H1N1)": 0.0445340721496153, "FLU3": 2.1620679865892267, "FLU4": 0.1767810792592391, "FLUA3": 0.0116497214068496, "FLUA4": 0.037848084154649, "FLUC3": 0.0361229485747625, "FLUC4": 0.0558789189640616, "FLUN3": 0.1695558140014628, "FLUN4": 0.0220639091705205, "FLUR4": 0.1116204450270763, "FLUX": 0.8735989127570637, "FLUX(H1N1)": 0.0121713715198281, "HBHEPB": 4.379708537260831, "HBPV": 2.3752414000548026, "HEP": 2.2322328703453875, "HEPA": 1.6023578723428482, "HEPAB": 0.2517669034938731, "HIBV": 3.5076281119260857, "HPV2": 0.0508329498352427, "HPV4": 0.0942952433858739, "HPV9": 0.0981261947840874, "HPVX": 0.0033677956701628, "IPV": 7.462112360142333, "JEV": 1.56518979408326, "JEV1": 0.2004641316480322, "LYME": 0.6268499408844971, "MEA": 1.6487685702897934, "MEN": 0.8203792823638679, "MENB": 0.2347560393536201, "MER": 0.8292195584480311, "MM": 0.3398378516326295, "MMR": 4.565214861540643, "MMRV": 0.7433287863126656, "MNQ": 0.5830130978341691, "MU": 0.4684156352902192, "MUR": 0.3773835731088977, "OPV": 9.605171975807504, "PER": 0.0506790318969713, "PLAGUE": 1.7667138211117814, "PNC": 2.037564925916561, "PNC10": 1.0874293041643175, "PNC13": 0.2341320786738046, "PNC15": 0.0422653147277456, "PNC20": 0.0401243907745031, "PPV": 4.053746483550608, "RAB": 1.344825685963959, "RUB": 0.4651933232097181, "RV": 0.3050609124412954, "RV1": 0.2044627788053691, "RV5": 0.0308760462076775, "RVX": 0.6091487010266504, "SMALL": 0.8910248120877061, "SMALLMNK": 0.0293241268444082, "TD": 12.48541705705718, "TDAP": 0.5863713908945821, "TTOX": 6.512543213401807, "TYP": 1.3547385066117918, "UNK": 0.1603308350222767, "VARCEL": 1.42054701162881, "VARZOS": 0.0655993619463593, "YF": 1.2872327654494204}