{"ADEN_4_7": 2.2703907734565023, "ANTH": 1.676793052847365, "BCG": 0.2969740853648392, "COVID19": 0.0702474733443868, "COVID19-2": 0.0818545492645369, "DT": 0.4149840862333618, "DTAP": 4.60889401735633, "DTAPH": 4.621663406573801, "DTAPHEPBIP": 3.387074430384273, "DTAPIPV": 17.661657004405637, "DTAPIPVHIB": 3.212239218163464, "DTOX": 4.40340120868785, "FLU(H1N1)": 0.2477238864197582, "FLU3": 1.5954619781570498, "FLU4": 2.7895351012064564, "FLUA3": 0.0556149055915938, "FLUA4": 0.3026073503480343, "FLUC3": 1.4682466277275583, "FLUC4": 0.8834031406746924, "FLUR4": 0.8037447882925419, "FLUX": 0.952367572807854, "HBHEPB": 0.6385506105390657, "HEP": 0.1226847131460727, "HEPA": 0.2006168108723403, "HEPAB": 0.108279018996223, "HIBV": 0.5988689716834324, "HPV2": 0.0169875164602025, "HPV4": 0.2061736941254238, "HPV9": 0.3534404587977313, "IPV": 0.6485287311784304, "MEN": 0.2653412803245908, "MENB": 3.987202461987461, "MMR": 0.4299004331958616, "MMRV": 0.618927945360536, "MNQ": 3.75711983630336, "PNC": 1.9309345670233329, "PNC13": 9.894808441838991, "PNC20": 3.725398265809037, "PPV": 14.24350468455925, "RAB": 0.0925486661456869, "RSV": 0.2923835097609314, "SMALL": 2.4601596278434297, "SMALLMNK": 1.5323360549870155, "TD": 0.9067174480137876, "TDAP": 5.575808351798297, "TTOX": 0.3902440225736953, "TYP": 0.1434440564493584, "UNK": 0.5740572649372921, "VARCEL": 3.878256970404256, "VARZOS": 3.142314159696017, "YF": 0.2321850935339945}