{"COVID19": 0.6332145771587792, "DTAPIPV": 6.919449084942206, "HEPA": 2.108721519707629}