{"ANTH": 1.0844238932647188, "COVID19": 0.0351361009486227, "DTAP": 0.2344244217190111, "DTAPIPV": 1.160384654995233, "DTAPIPVHIB": 1.030799232209442, "FLU3": 0.9740211349738334, "FLU4": 3.3249079326560023, "FLUA4": 15.48811883646589, "FLUC4": 2.028197833302586, "FLUX": 0.3316189009069091, "HEP": 0.6523720915106445, "HIBV": 0.2387661758122873, "IPV": 0.3306880651375921, "MENB": 0.9844440925665026, "MMR": 0.1650283803778655, "PNC13": 0.2913730061107838, "PPV": 0.6329580377542607, "TDAP": 1.969890942324864, "UNK": 0.3237147230208183, "VARZOS": 0.431993188993873}