{"COVID19": 0.1992869350173216, "COVID19-2": 4.701400161743552, "DTAP": 0.1018695684247607, "DTAPHEPBIP": 3.790532391842417, "DTAPIPV": 3.564593747217983, "DTAPIPVHIB": 0.4057739108227199, "FLU3": 0.6830226097488623, "FLU4": 6.203331570582641, "FLUA3": 1.4776943192502772, "FLUA4": 9.48214266127152, "FLUC3": 1.0278175006536587, "FLUC4": 3.829842301248053, "FLUN4": 0.3478942058638086, "FLUR4": 3.8805828995129374, "HEP": 2.009628733850394, "HEPA": 1.9596672020207877, "HEPAB": 1.5700745289826985, "HIBV": 0.1884508409445916, "HPV4": 0.0238778624764245, "HPV9": 0.3299201459927135, "MEN": 0.5579338279584883, "MENB": 0.1168425029711528, "MMR": 0.2734620259118254, "MMRV": 0.1624026323833275, "MNQ": 0.86539693012291, "PNC13": 2.272108988618136, "PNC15": 116.55005226127972, "PPV": 0.0228845478173821, "RAB": 10.73536657011976, "SMALL": 0.2269119692928726, "SMALLMNK": 0.7735741516435624, "TDAP": 0.150725844283186, "UNK": 2.714771526796029, "VARCEL": 0.2512889723350761, "VARZOS": 0.901122489984842, "YF": 0.4882198533096055}