{"COVID19": 2.319131654251257, "FLU3": 0.0673612602497137, "MMR": 0.1942427697619666, "VARZOS": 0.1756278837326998}