{"ADEN_4_7": 32.131495083923085, "COVID19": 1.611115038190341, "COVID19-2": 1.888234137509632, "FLU3": 0.1030862791225699, "FLU4": 0.2216384957606053, "FLUA4": 3.237744239853988, "FLUX": 0.2505433887727367}