{"COVID19": 1.5503158705144906, "COVID19-2": 1.8452618636513487, "DTAPIPV": 0.3984363833382464, "DTPPVHBHPB": 9.078166591849277, "FLU4": 1.5314740300909806, "FLUA4": 1.4714855840679806, "HEP": 0.0619819731011313, "HPV4": 0.0879518981828887, "HPV9": 0.2625592775575321, "MEN": 0.6691490803369881, "MMRV": 0.3112364246426315, "PNC10": 3.752776495873835, "PNC13": 0.1000475038107261, "UNK": 0.3970808931280403, "VARZOS": 0.0410437573531161}