{"COVID19": 0.206359577607067, "COVID19-2": 3.52357094232896, "FLU4": 0.4981858800345888, "FLUC4": 2.997498580972532, "HPV4": 0.3615461870296255, "RSV": 33.065032719106384, "SMALLMNK": 11.713009406603112, "VARZOS": 0.5530710100955872}