{"COVID19": 2.470943569454894, "COVID19-2": 0.2004816339194165, "DF": 12.70540705907688}