{"ANTH": 2.8413195049893694, "COVID19": 0.4492771043969943, "HIBV": 4.184197002499612, "HPV4": 0.5301638185072338}