{"COVID19": 0.0221125975424846, "FLU4": 9.150328167, "HEPA": 28.17175222393492, "MMR": 11.02915596724804, "MNQ": 34.90150009317349, "RAB": 25.55682192465388, "VARZOS": 21.29616135435293}