{"COVID19": 1.8451189551617415, "FLUX": 0.1789473725447119, "HEPA": 0.1882230925796336, "HIBV": 0.12884241273586, "HPV4": 0.1382210930851171, "MMR": 0.3192290285031209, "PNC13": 0.1572299813439365, "RV1": 0.5305843646611457, "UNK": 0.1746821394107575, "VARCEL": 0.402320155688296}