{"DTP": 9.266949515372987, "IPV": 4.990533356236709}