{"COVID19": 0.6441963169167553, "RV1": 4.169774509335746}