{"COVID19": 0.0069956004333788, "RSV": 90.7275525157758, "VARZOS": 14.327342353901733}