{"ANTH": 1.8620515677550769, "COVID19": 0.8243412076242979, "COVID19-2": 0.0564057232011324, "DTAP": 0.0374090524584517, "DTAPIPV": 0.1851722596411127, "FLU(H1N1)": 0.2244967877597119, "FLU3": 0.2342837074976496, "FLUA3": 2.2499669470698627, "FLUA4": 0.6838691585897053, "FLUC4": 1.1525231991188198, "FLUN(H1N1)": 0.8535550088499393, "FLUN3": 1.3509021969518211, "FLUN4": 0.61860281389418, "FLUX": 0.5694108755112157, "FLUX(H1N1)": 0.6601273113815262, "HEP": 0.8387117519278627, "HEPA": 0.3846579224684296, "HEPAB": 0.9670211291685844, "HPV2": 0.2562474226814371, "HPV4": 1.190127939395191, "HPVX": 0.6486344541596584, "IPV": 0.0527706429451949, "JEV1": 2.612064950085845, "LYME": 9.197721401740052, "MEN": 0.3109852850433445, "MENB": 0.1570959498491974, "MMR": 0.0263349492032011, "MNQ": 0.0774743842167674, "PNC13": 0.0464968117938435, "PPV": 0.4184123356174172, "RAB": 0.3137638304916739, "RV5": 0.100996089853242, "TDAP": 0.1568063094085438, "TTOX": 1.9195028399878185, "TYP": 0.6853201572250719, "UNK": 2.6045471827768525, "VARZOS": 0.0190749771007712}