{"COVID19": 8.424899663686658, "HPV4": 0.4276170557670318, "MENB": 2.0924258255087054, "MMR": 0.7102108009212753, "RV5": 2.2024482233805998, "TYP": 10.885128823591256}