{"COVID19": 0.2342962223944684, "DTAPIPV": 3.84804405674116, "FLUX": 1.0997011612572078, "HEP": 0.1658744132470921, "HEPAB": 5.643356963323828, "HIBV": 0.7917861755799263, "HPV9": 5.0000605337878525, "MMR": 0.5472597564975622, "MMRV": 0.8329220690336306, "PNC13": 0.2677443112030311, "PPV": 0.1609381342186956, "RV5": 0.5815694777208873, "RVX": 4.5321480087494725, "UNK": 2.1167271812028003, "VARCEL": 0.191116791378218}