{"6VAX-F": 3.4962778805289934, "COVID19": 0.007141337952428, "DTAP": 0.5400147628934345, "DTAPHEPBIP": 5.446898686542505, "DTAPIPVHIB": 4.6546190927646105, "HEP": 0.815105204492711, "HEPA": 0.223744638491003, "HIBV": 2.3890447458386617, "IPV": 0.2121213118290962, "MMR": 0.1058581776648418, "PNC": 1.1482525296102837, "PNC13": 4.830393128159109, "RV1": 19.88304617632936, "RV5": 15.249411992602356, "RVX": 11.36191039335013, "TDAP": 0.1770092726986622, "VARCEL": 0.1334116288882964}