{"6VAX-F": 3.9502204664701184, "COVID19": 0.0693038880840219, "DTAP": 0.610123428051013, "DTAPHEPBIP": 0.450603762585435, "DTAPIPVHIB": 11.604112177623396, "FLUX": 0.8630872395939917, "HEP": 0.7350215208678127, "HIBV": 0.6214235069396915, "IPV": 0.8606645909699667, "MENB": 0.3677457135782991, "MMR": 0.0616474528410547, "PNC": 1.2973291113427066, "PNC13": 3.877125346990265, "PPV": 0.0654251197551408, "RV1": 56.717911168433446, "RV5": 8.421634803982588, "VARCEL": 0.0776934508812914}