{"6VAX-F": 0.0532563158703465, "COVID19": 12.557181388270427, "COVID19-2": 0.2188572679509905, "DF": 0.0247771041823214, "DTAP": 0.0012484588658335, "DTAPHEPBIP": 0.0463729343327447, "DTAPIPV": 0.0601994594169758, "FLU4": 0.0014318899762411, "FLUA4": 0.083129566536653, "FLUN4": 0.045448209355872, "FLUR4": 0.0244905291890033, "FLUX": 0.0004383643469727, "HBHEPB": 0.0584491785631883, "HEP": 0.0488797599650326, "HEPA": 0.0183445737503363, "HEPAB": 0.0297436068501414, "HIBV": 0.0158654279572648, "HPV2": 0.0441752112753694, "HPV4": 0.14317665240589, "HPV9": 2.5679926712055026, "HPVX": 0.4363784594260482, "MENB": 0.0547151613309013, "MMR": 0.0004860256823925, "MMRV": 0.0471637481321864, "MNQ": 0.0163940242114611, "PNC13": 0.0121514591703215, "PNC15": 0.1328412072395874, "PNC20": 0.0088989472246049, "PPV": 0.0107158468277828, "RAB": 0.0456503319487091, "RV1": 0.0429317003200803, "RV5": 0.0357161943513531, "RVX": 0.0826159135013965, "TDAP": 0.000519271373907, "UNK": 0.386888778384851, "VARZOS": 0.0004356214573709}