{"COVID19": 1.4242220298297534, "HPV2": 6.088084433093575}