{"COVID19": 0.3851088084235179, "FLUX": 5.560406959470978, "UNK": 1.2763054138456296}