{"6VAX-F": 0.0494107854923423, "ANTH": 0.0353038322036532, "BCG": 1.016721524373229, "COVID19": 2.0505159615472355, "COVID19-2": 0.8101457456124367, "DTAP": 0.0076317744354947, "DTAPHEPBIP": 0.1395269376390521, "DTAPIPV": 0.0377767644625886, "DTAPIPVHIB": 0.0335580604850952, "DTP": 0.0710275367015314, "DTPIPV": 1.4705693586304178, "FLU(H1N1)": 0.0457993133746491, "FLU3": 0.126797662440258, "FLU4": 0.065682229692564, "FLUA3": 0.8865409888501065, "FLUA4": 0.4957119284189512, "FLUC4": 0.0660287685551103, "FLUN4": 0.1262004097303278, "FLUX": 0.9421632494356909, "HEP": 0.317804727386902, "HEPA": 0.0403462965003982, "HIBV": 0.3791942054403066, "HPV2": 0.1857405550850474, "HPV4": 0.0890477471591256, "IPV": 0.2067272352487185, "MEA": 0.5662760392050356, "MMR": 0.1031658201394737, "MMRV": 0.0295091144767102, "MNQ": 0.0158054532594372, "MU": 1.725082052686743, "PER": 1.9912750301719249, "PNC": 0.1116044152651634, "PNC13": 0.5639501201032598, "PNC20": 0.8154259756173924, "PPV": 1.985608662510828, "RAB": 0.0640105741625178, "RUB": 0.47815037772929, "RV5": 0.0732063043039412, "RVX": 3.0836653107993297, "TD": 0.0227820808297339, "TDAP": 0.0319188182642596, "UNK": 1.7371630852470863, "VARCEL": 0.0723039743169143, "VARZOS": 0.0415550405925006, "YF": 0.2766102820940949}