{"COVID19": 4.62892635821741, "COVID19-2": 0.2256482386153519, "DTAP": 0.0217107406560972, "FLU3": 0.0449447221198371, "FLU4": 0.0271689788761806, "FLUC4": 0.1878374995424725, "FLUX": 0.1092349103892629, "HEP": 0.1152364995966357, "HEPA": 0.0323041748354291, "HPV4": 0.0843743023943639, "HPV9": 0.0708177676698272, "HPVX": 1.3389395071173087, "MEN": 0.641938799809495, "PNC13": 0.026984918273002, "TDAP": 0.0255565383265749, "TTOX": 0.3128360965295242, "UNK": 1.0133884318863222, "VARCEL": 0.0192619252055886, "VARZOS": 0.0763082348160646, "YF": 0.22147074285043}