{"COVID19": 0.080333489059959, "FLU(H1N1)": 6.908894056850551, "FLUN3": 12.773286841982475, "RV1": 10.108894800335753}