{"BCG": 0.045372258102771, "COVID19": 63.98055821242068, "COVID19-2": 0.0217026307556449, "FLU4": 0.0071741079871403, "FLUN3": 0.0167993022559475, "FLUN4": 0.0071164895411478, "FLUX": 0.0108122176570312, "HEP": 0.0052160214165646, "HIBV": 0.0136894816701289, "HPV2": 0.0178293006306687, "HPV4": 0.0447867109081551, "HPVX": 0.0079440642978808, "IPV": 0.0092881423463584, "MEN": 0.0114130402278585, "MMR": 0.0055728008455898, "PNC13": 0.0736036285028154, "PPV": 0.0016623542772033, "RV1": 0.0399082297748504, "RVX": 0.2668005962135236, "UNK": 0.0012541853481752, "VARZOS": 0.0002047586872523}