{"BCG": 6.605008000409238, "COVID19": 2.326715525864782, "COVID19-2": 0.038506713504579, "DTAP": 0.0255381826759728, "FLU3": 0.0148642952619071, "FLUA3": 0.4313379112402799, "FLUR4": 0.6193023154472636, "FLUX": 0.128528938781806, "HEP": 0.66668598313487, "HEPA": 0.1351912424096154, "HEPAB": 0.1853894544352053, "HPV2": 0.6223742124818684, "HPV4": 0.1924661522890821, "HPV9": 0.083302412927896, "IPV": 0.0360251391768429, "MEN": 0.2123015336872742, "MENB": 0.3815530893322235, "MMR": 0.1240007104669084, "MNQ": 0.1881682882411907, "PNC13": 0.0317421585513945, "PNC20": 2.732305463097439, "RV5": 0.0689473920668802, "SMALLMNK": 1.0856921890346658, "TDAP": 0.1069526843991755, "TYP": 0.1313845297826299, "UNK": 0.8474152962517787, "VARZOS": 0.1941296454187625, "YF": 2.794744110696876}