{"COVID19": 0.4556655908483272, "FLU4": 0.5541016117026113, "FLUX": 0.6263645371729376, "HEP": 0.3409544519672633, "MNQ": 0.9170058826027088, "TDAP": 0.521216467705345, "TYP": 2.277953109556493, "YF": 4.516811834045512}