{"ANTH": 1.2197646445274386, "COVID19": 0.8725971184072795, "COVID19-2": 0.6106190508036291, "FLU3": 1.9368214492101576, "FLUN3": 2.2042409337232005, "FLUX": 1.3804845511245452, "HEP": 2.1206076425440696, "HEPA": 0.965564088, "HEPAB": 4.357940815519996, "HPV4": 1.393714848425882, "LYME": 8.288781076763378, "MEA": 17.516424265025794, "MNQ": 1.1962207693224784, "PPV": 0.2181344548726589, "RAB": 1.854930623563588, "RUB": 11.882395108581068, "RV1": 1.7444759498931557, "SMALL": 6.541155085684062, "TD": 0.7972469643251802, "TDAP": 0.403872594, "UNK": 0.58441426, "VARCEL": 0.6975434549524931, "VARZOS": 2.179431717550738}