{"ANTH": 1.5788329105675127, "COVID19": 0.562268588797347, "FLU3": 0.1696779317336301, "FLU4": 0.405932328369244, "HPV2": 1.565357256114741, "PNC13": 0.827873360583143, "VARZOS": 0.1234964174549717}