{"6VAX-F": 7.507791526158508, "COVID19": 0.315056297471281, "COVID19-2": 0.4807289178166479, "FLU3": 0.1855701634630145, "FLUX": 0.4510142034336975, "HEPA": 0.4743924798870643, "MEN": 2.650432096300517, "MMR": 0.2244448207773806, "PNC": 0.6779297576250987, "PNC13": 0.3962782713271808, "RV1": 1.3372705347759573, "UNK": 1.601297734912986}