{"ANTH": 6.050032636856096, "COVID19": 0.2171055031443948, "DTAP": 4.816141968689685, "DTAPHEPBIP": 50.35906729963697, "DTAPIPV": 15.714121751264608, "DTAPIPVHIB": 19.182494944119213, "FLU(H1N1)": 5.913674516510985, "FLU4": 1.5555557884440718, "FLUX": 1.691093575127568, "HEP": 1.1309907426901704, "MEN": 175.83100707144598, "MENB": 11.273477917026495, "MMRV": 7.677876770779997, "PNC": 23.53618476078956, "PNC13": 9.913845313301836, "RV1": 57.68400474313366, "RV5": 11.866251652499557, "TDAP": 2.00320806558333, "TTOX": 20.047568409343715}