{"6VAX-F": 3.303309365026498, "ADEN_4_7": 0.0536588116631869, "ANTH": 0.301921316653144, "BCG": 1.0792363700838077, "COVID19": 0.0496053910426111, "COVID19-2": 0.0796503743006149, "DF": 0.2244219916164665, "DPP": 5.112627019327231, "DT": 1.2256535200517429, "DTAP": 5.274232754421032, "DTAPH": 6.756579805248876, "DTAPHEPBIP": 12.839397733551328, "DTAPIPV": 1.104747119769388, "DTAPIPVHIB": 8.747600784790277, "DTIPV": 0.2231453198702381, "DTOX": 0.536889431786628, "DTP": 0.7169619109555453, "DTPHEP": 1.8706695783586111, "DTPHIB": 0.399640410487881, "DTPIHI": 3.055618583218686, "DTPIPV": 0.8603521427326464, "DTPPHIB": 2.400442020113258, "DTPPVHBHPB": 2.5078102810842404, "FLU(H1N1)": 0.5331289717018253, "FLU3": 0.4436206503962956, "FLU4": 0.4706613401252047, "FLUA3": 0.004995517253334, "FLUA4": 0.0192007878628442, "FLUC3": 0.015488875336059, "FLUC4": 0.0726994938662304, "FLUN(H1N1)": 0.5437870069363211, "FLUN3": 0.5716272371858028, "FLUN4": 0.9322446369180816, "FLUR4": 0.0764563151800802, "FLUX": 0.5798545638614596, "FLUX(H1N1)": 0.7781818077383577, "HBHEPB": 12.605206292461778, "HBPV": 10.288444551886602, "HEP": 1.667822509515672, "HEPA": 2.3120203543399995, "HEPAB": 0.1039187669747453, "HIBV": 6.63674058688892, "HPV2": 0.2200060274505696, "HPV4": 0.160185848653771, "HPV9": 0.0517207206490751, "HPVX": 0.1215310324858644, "IPV": 4.758854834556796, "JEV": 0.0317102791054006, "JEV1": 0.0733451242532998, "JEVX": 0.7855163173232207, "LYME": 0.1151026746074948, "MEA": 0.9500992529594828, "MEN": 2.000659624528316, "MENB": 1.755134280310954, "MENHIB": 8.996884786184593, "MER": 0.0532228802960271, "MM": 2.157179275936317, "MMR": 3.0399051076056933, "MMRV": 2.426288633653717, "MNC": 1.1998703286048615, "MNQ": 0.4022952098563216, "MNQHIB": 2.459175907678799, "MU": 0.4595829490826031, "MUR": 2.0479363017237, "OPV": 0.3493616683116919, "PER": 1.1419191278887624, "PNC": 11.233078347078276, "PNC10": 1.2647897224027334, "PNC13": 5.302598848799676, "PNC15": 0.442414498102222, "PNC20": 0.2958207855317685, "PPV": 0.567907162686001, "RAB": 0.2693947755755694, "RUB": 0.1273176506574891, "RV": 3.061317304473687, "RV1": 4.810281264856967, "RV5": 8.21260711923618, "RVX": 6.176328510704551, "SMALL": 0.1489641210304353, "TBE": 0.0440297103693065, "TD": 0.1264376762872949, "TDAP": 0.1284448537965436, "TDAPIPV": 0.1033429904285091, "TTOX": 0.2737664428134584, "TYP": 0.1565971471085352, "UNK": 0.5193650868097738, "VARCEL": 2.581207756303014, "VARZOS": 0.0565846326138294, "YF": 0.1003348641482866}