{"COVID19": 1.3463683449087225, "COVID19-2": 0.1447690668626232, "FLU3": 0.1998700640497113, "FLUA4": 1.755195522827084, "FLUX": 0.1358206310705605, "HPV2": 0.6576761173456519, "HPV4": 0.3752141724892619, "HPV9": 0.3131820681150901, "TDAP": 0.1130203638955556, "TYP": 1.7666525857571818, "UNK": 0.9250120825524144, "VARCEL": 0.3046622909997129, "VARZOS": 0.5348176692502371}