{"6VAX-F": 0.4461740200766332, "BCG": 6.698401527465822, "CHOL": 0.6507834186708736, "COVID19": 0.3149557701015061, "COVID19-2": 0.024941184394714, "DT": 1.8822473406709004, "DTAP": 0.3520406855340044, "DTAPHEPBIP": 0.1647135244656766, "DTAPIPV": 0.0818790088109948, "DTAPIPVHIB": 0.2184913844392783, "DTIPV": 4.87818412653305, "DTOX": 1.229488851544993, "DTP": 0.4678205127868405, "DTPHEP": 1.9493453018109517, "DTPHIB": 0.9592087745441532, "DTPIPV": 0.8970909912571354, "DTPPVHBHPB": 1.865943231180777, "FLU(H1N1)": 0.1921004610719688, "FLU3": 0.4422741123494692, "FLU4": 0.1117494069926363, "FLUA3": 0.5406770488643166, "FLUA4": 0.0851273686871997, "FLUC4": 0.0402884450087313, "FLUN3": 0.047222999666408, "FLUN4": 0.0770030762632696, "FLUX": 0.6089858090162705, "FLUX(H1N1)": 0.0821720061300915, "HBHEPB": 0.2168335245019803, "HEP": 10.257915630940245, "HEPA": 8.479661121845075, "HEPAB": 12.43262081939149, "HIBV": 0.5755650617102829, "HPV2": 0.3403694025354725, "HPV4": 0.6775264184908785, "HPV9": 0.1620796200719494, "HPVX": 0.0807413862074434, "IPV": 0.7204773666779307, "JEV1": 0.3251474606986029, "JEVX": 1.1590319274273495, "LYME": 0.2716482791802933, "MEA": 0.3455218505499749, "MEN": 1.6818925938676834, "MENB": 0.7500114562954442, "MMR": 0.615176123495538, "MMRV": 0.1921288679673428, "MNQ": 0.2747529475553765, "OPV": 0.5373317117987244, "PNC": 0.6939405459643215, "PNC10": 0.2171031662813253, "PNC13": 0.4697938679905316, "PNC15": 1.0132916564213916, "PPV": 0.5888725818620986, "RAB": 0.2684877739468383, "RUB": 0.2917506486945512, "RV1": 0.4639298903068748, "RV5": 0.4194382202266315, "RVX": 2.3273980554609333, "SMALL": 0.1297046686978172, "TD": 0.6759482690467076, "TDAP": 0.2102299030291946, "TTOX": 0.716018809884544, "TYP": 4.348655924128401, "UNK": 1.010350586139099, "VARCEL": 0.3123325437436997, "VARZOS": 0.1154572617000209, "YF": 6.609013748448305}