{"COVID19": 1.572322150632721, "TDAP": 0.470472070336549}