{"COVID19": 0.4457741663839155, "DTAPIPV": 1.9770315407489976, "FLU4": 0.1956933071007323, "FLUC4": 4.2259639089244185, "HPV4": 2.9043484795883336, "HPV9": 6.099737004727109, "HPVX": 2.3098123766601923, "MMR": 0.2358752251280665, "RAB": 1.157490945727405, "UNK": 0.3646666121951016, "VARZOS": 0.0595355907300382}