{"COVID19": 1.278347479623111, "FLUX": 0.4698059344908445, "TDAP": 0.3909394183720782, "UNK": 1.669695656786586}