{"ANTH": 4.258308752005793, "COVID19": 0.2401561569533295, "FLUA3": 13.822102848688012, "HPV4": 0.7945612152965688}