{"ANTH": 1.0769727527969477, "BCG": 0.3080596321569318, "CEE": 0.8428269045393143, "COVID19": 0.8984859978765568, "COVID19-2": 0.5099278850870567, "DF": 0.5432800216453045, "DT": 0.234425044915963, "DTAP": 0.5715283703338685, "DTAPHEPBIP": 0.0416595681752912, "DTAPIPV": 0.835695523653247, "DTAPIPVHIB": 0.1090072039031673, "DTP": 0.0562621062354262, "EBZR": 0.785165527452685, "FLU(H1N1)": 0.904998463350905, "FLU3": 0.9278057945539432, "FLU4": 1.022625689978458, "FLUA3": 0.6210391282710637, "FLUA4": 0.9514404441497236, "FLUC3": 0.2761454995733481, "FLUC4": 0.3351039130545881, "FLUN(H1N1)": 0.182496385978688, "FLUN3": 0.3457247740953438, "FLUN4": 0.7299454189436496, "FLUR4": 0.5216559492097594, "FLUX": 0.7975618981651391, "FLUX(H1N1)": 1.0544029967286628, "HBHEPB": 0.1864803498280723, "HEP": 0.718539401850161, "HEPA": 0.4761863787830358, "HEPAB": 1.540999510739618, "HIBV": 0.0073685587320714, "HPV2": 0.9776607841025816, "HPV4": 0.9624208280679692, "HPV9": 0.3737262465616299, "HPVX": 0.8951621654965551, "IPV": 0.0630509715960788, "JEV": 0.149630672001765, "JEV1": 0.1812685382529061, "JEVX": 1.4768971693662405, "LYME": 13.756277664580756, "MEN": 0.1498877770804094, "MENB": 0.2212732401310839, "MMR": 1.7891581773468288, "MMRV": 0.2748984620414011, "MNQ": 0.3957604058359458, "PNC": 0.462015053337644, "PNC13": 1.2409481241907458, "PNC20": 0.944896433739528, "PPV": 1.038514090869372, "RAB": 0.6984420785535527, "RSV": 0.5868435431876363, "RUB": 1.8652355555384117, "RV1": 0.0071562475418795, "SMALL": 0.3841079707454438, "SMALLMNK": 0.2078275479550699, "TD": 0.3185395292387343, "TDAP": 1.075159443569487, "TTOX": 0.4713418913044104, "TYP": 0.8220652624694934, "UNK": 0.7527569945759807, "VARCEL": 0.1149120165086834, "VARZOS": 0.8206318542847995, "YF": 0.3655291842946481}