{"COVID19": 1.3763553612239992, "DTPIPV": 9.195603901579538, "HEP": 0.4695988625174802, "HIBV": 0.1727138962364159, "HPV2": 12.93770377912731, "HPV4": 0.1852860638086763, "PNC13": 0.2107675728276061}