{"DTAPIPVHIB": 2.5991293498720216, "FLU3": 0.31642458776449, "HEP": 1.6992827573529403, "HPV2": 25.67506729927356, "HPV4": 47.88566459706221, "HPVX": 2.4875276269161, "IPV": 2.908398782787698, "MMR": 2.8170929195674925}