{"COVID19": 0.0612348855022652, "DTAPIPVHIB": 68.50891051471147, "HEP": 28.27476856725426, "HPV4": 14.111362840312054, "HPV9": 15.659619959121889, "MMR": 23.43695643040208}