{"ANTH": 0.4981736845086779, "COVID19": 0.0780271198288288, "COVID19-2": 1.7792881693929354, "DTAP": 0.7527893532334703, "DTP": 3.091064285062078, "DTPHIB": 1.1567103465134696, "FLU(H1N1)": 0.6462757834810614, "FLU3": 0.6868350941388043, "FLUN4": 1.7808180672748424, "HEP": 4.008105536695517, "HEPA": 0.5736060568571664, "HEPAB": 0.7817708578545393, "HIBV": 1.6842280521202893, "IPV": 1.0619148571191792, "MEA": 28.60800789432588, "MMR": 2.317237668357858, "MNQ": 0.2230313525406866, "OPV": 1.9994388534758865, "PNC": 0.2289894256288233, "PPV": 0.0804580811359871, "RV": 11.44073865401193, "VARCEL": 1.046944719074032}