{"ANTH": 0.533324351661573, "BCG": 0.6275991758477413, "COVID19": 1.6606836242026133, "COVID19-2": 0.4866537031813225, "DTAP": 0.0167389665200512, "DTAPIPVHIB": 0.5069511315573259, "DTP": 0.1558924161916057, "FLU(H1N1)": 0.6918794823576336, "FLU3": 0.2329670572244631, "FLU4": 0.2242053088439513, "FLUX": 1.1666994469325265, "HBHEPB": 0.219419502287822, "HEP": 0.1915580659672004, "HEPA": 0.0885527217876331, "HIBV": 0.0170489874657294, "HPV2": 0.4076664401501335, "HPV4": 1.4106665372456602, "MEA": 1.2420275240308036, "MENB": 0.4841531769096295, "MMR": 0.1751259324315414, "MMRV": 0.0647230968177762, "MNQ": 0.1232536505188803, "OPV": 0.0444591423368402, "PER": 4.367511701418518, "PNC": 0.2451447165643932, "PNC13": 0.1432969123212567, "PPV": 0.0861340439961857, "RAB": 0.1403960306829323, "RV1": 0.249623597082701, "RV5": 0.0451914729756937, "SMALL": 0.1312528066547122, "TD": 0.5348332282694105, "TDAP": 0.070055952714446, "TTOX": 0.2411964255866711, "TYP": 0.3061787488746003, "UNK": 1.0161807566577044, "VARCEL": 0.0528010401990412, "VARZOS": 0.2451073162247311}