{"ANTH": 8.642903767, "COVID19": 0.6254706162017091, "DF": 136.47826876513318, "FLU3": 0.9288837562538512, "FLUC3": 69.40163177, "HEP": 7.068692141813565, "HIBV": 12.727561727522133, "HPV4": 1.612727181749949, "HPV9": 6.263847983648755, "TDAP": 2.8617258079761863, "UNK": 4.140992472444803, "VARZOS": 0.6760686144239023}