{"COVID19": 0.2735552291240073, "FLUX": 2.1748548708256195, "HEPAB": 11.160732418568834, "HPV4": 3.376581413466836, "PPV": 0.3134043947172253, "TTOX": 6.044515152148567, "TYP": 2.158111833726173}