{"COVID19": 0.3980267557647239, "HPV4": 18.815150453749403, "HPVX": 131.13511468156943, "MMR": 13.392546531658336}