{"BCG": 10.119658771606392, "COVID19": 0.5937617085315358, "COVID19-2": 2.236058554988002, "FLU3": 0.2246380281838269, "FLU4": 0.1501131736832335, "FLUX": 0.1631928671640215, "HEP": 0.1091418400262346, "HEPAB": 1.0388027046015225, "HPV2": 0.57886695952591, "PNC13": 0.3061463741147795, "RV1": 9.153689131330095, "RV5": 3.923333312234078}