{"COVID19": 2.985200668, "FLU4": 10.370371922960478}