{"CEE": 680.0298756472204, "COVID19": 0.2510763974325906, "FLUX": 4.749107242467762, "TTOX": 12.74187964594896}