{"CEE": 796.3626850572884, "COVID19": 0.1336007138635097, "FLUX": 5.018600299229584, "TTOX": 15.672354146931555}