{"6VAX-F": 6.436398513973806, "COVID19": 0.1072555607576083, "DTAPIPVHIB": 4.371377133838586, "HEP": 0.7655137570913404, "PNC13": 4.729822344780859}