{"6VAX-F": 0.687939214504661, "COVID19": 0.0014051690700248, "FLU3": 0.0618455189082859, "FLU4": 0.4759384794752626, "FLUR3": 21.673507026513924, "FLUX": 1.6464266705864616, "HEP": 0.0818200057520141, "MEN": 0.8833177760093079, "MENB": 4.887641167280186, "MMR": 0.0748013918257381, "MNQ": 1.537883568924747, "PNC13": 0.4727141509133384, "PPV": 1.5955934500720492, "RAB": 0.891209912097111, "RV1": 3.1146587329958217, "RVX": 8.00198962901485, "TD": 0.3171916442290335, "TDAP": 0.1250781029230416, "TYP": 41.31697671982755, "UNK": 12.190997494161977, "VARCEL": 0.0942711821540547, "VARZOS": 1.088989720186735, "YF": 1.0839157528287129}