{"COVID19": 0.083323400571905, "RAB": 13.255916015841718, "UNK": 8.700659485193846}