{"COVID19": 1.779118271554364, "COVID19-2": 3.4619979506429583}