{"COVID19": 0.3377225050913671, "DTAP": 0.4194883496891096, "HEP": 1.1838564177738966, "HIBV": 0.4272576560981039, "HPV4": 0.4583585376795945, "IPV": 0.5917463150914055, "MNQ": 0.8687629249668644, "PNC": 0.8919711061300101, "RV5": 1.132524683906991}