{"COVID19": 1.846518782847942, "COVID19-2": 4.742455456391159}