{"BCG": 194.08722319065143, "COVID19": 0.8402787066144172, "FLU3": 1.2041085729216587, "FLUX": 3.131654768754756, "HPV4": 4.341957797019092, "HPV9": 8.119802941766904, "MMR": 7.211371209354487, "PPV": 2.0036053632747928}