{"COVID19": 0.8736271199994736, "FLU4": 0.4384076679970974, "FLUX": 0.4766070949640899, "HEPA": 1.349779431623052}