{"ANTH": 47.4499525966062, "COVID19": 0.0339121833488998}