{"ANTH": 0.8880124534697917, "COVID19": 0.0241720298197568, "DTAP": 2.541617946094247, "DTP": 10.109171233135504, "FLU(H1N1)": 0.8679974278708772, "FLUN3": 1.6047725161462048, "HEP": 6.321704674958361, "HPV2": 18.21537462145058, "HPV4": 1.843774781494112, "HPVX": 2.694865597590132, "MMR": 14.218106954743392, "PER": 103.82358527727804, "RAB": 1.350448544610835, "TDAP": 0.2940207304263134, "UNK": 0.4254577738671413}