{"COVID19": 0.2653511705098159, "COVID19-2": 18.852863193562047, "HEP": 14.13738428362713, "IPV": 268.30936644039537}