{"ANTH": 0.1109725554520021, "COVID19": 3.3369309967034795, "COVID19-2": 0.9344060397682924, "FLU3": 0.042415373881081, "FLU4": 0.1014734658354673, "FLUA3": 0.3602086712302541, "FLUC3": 0.8913038969257798, "FLUX": 0.2137762470946957, "HEPAB": 0.1974455079374724, "MEN": 0.4838296514573378, "PNC13": 0.0581893098535973, "SMALL": 1.356209817926052, "UNK": 0.366436903844258, "VARZOS": 0.0086802762491891}