{"6VAX-F": 0.3682739088051038, "ANTH": 0.5097020865141142, "BCG": 0.5998728561680933, "COVID19": 3.6625395251959554, "COVID19-2": 1.1876630004725193, "DTAP": 0.0159994658482918, "DTAPIPV": 0.0791962671902442, "FLU3": 0.0331073477801422, "FLU4": 0.21425991401882, "FLUA3": 0.2702297402379413, "FLUA4": 0.2924838148515312, "FLUC3": 0.837862006829346, "FLUX": 0.2422027077077642, "HEPAB": 0.412924252324649, "HIBV": 0.1122238070935936, "HPV4": 0.0621521114767787, "IPV": 0.080239163393846, "MEN": 0.4728673542726834, "MU": 3.616508478645112, "OPV": 0.0424950088078954, "PNC13": 0.1369499343303228, "PPV": 0.0424967143382601, "SMALL": 1.86403963535578, "TD": 0.0477609926220152, "TYP": 0.0823113510862778, "UNK": 0.5280808769667484, "VARZOS": 0.0290039612355077, "YF": 0.1632101683910717}