{"COVID19": 0.2932803939694064, "FLUX": 3.22458412818436, "PPV": 3.4890117777711263, "VARZOS": 0.3125115523885819}