{"CHOL": 18.877502101859847, "COVID19": 1.5542235365070536, "FLUX": 0.6854212508026004, "HEPAB": 0.980568694327632, "IPV": 0.1905455199997383, "RAB": 1.1329458489548805, "TYP": 0.6949239132288371, "UNK": 2.058641696589544, "VARZOS": 0.0688763925731252}