{"ANTH": 2.8351417586143164, "COVID19": 0.1023786410179845, "DTP": 12.23278466776122, "HEP": 0.4719373449742192, "HIBV": 0.624235802545169, "MMR": 3.287554815598179}