{"COVID19": 0.0174774444681449, "HEPA": 1.966468671120882, "HPV4": 1.444070879558444, "MMR": 0.9303769127291014, "PNC13": 1.6426669796905078, "VARCEL": 1.172541359930975}