{"6VAX-F": 1.199998668882652, "ANTH": 0.2385111019051472, "BCG": 1.2454742390624338, "COVID19": 0.3609207006314629, "COVID19-2": 0.2794540786678745, "DF": 5.695918147023101, "DT": 1.95317192545019, "DTAP": 0.9672270500229104, "DTAPHEPBIP": 0.024862103495469, "DTAPIPVHIB": 0.0212458299325449, "DTP": 3.010746497435167, "DTPHIB": 2.524261376047291, "DTPIHI": 0.9290855108994348, "DTPPHIB": 0.9047374171424064, "EBZR": 4.8211804590741325, "FLU3": 0.3249521360161246, "FLU4": 0.1436308386277134, "FLUA4": 0.088328072050173, "FLUC3": 0.253028508842033, "FLUN(H1N1)": 0.1102445847570278, "FLUN3": 0.0489985369327832, "FLUX": 0.9921809891322588, "FLUX(H1N1)": 0.9098887475453254, "HBHEPB": 2.113557207389244, "HEP": 3.5986677774424214, "HEPA": 1.0005945461109846, "HEPAB": 2.65264610399112, "HIBV": 2.5170978532436754, "HPV2": 0.4898329100685135, "HPV4": 0.8941697059836652, "HPV9": 0.3743888900668752, "HPVX": 2.3873559202534915, "IPV": 1.0303714630882337, "JEV": 0.518023672397998, "LYME": 1.1743899155095614, "MEA": 5.3079572861098985, "MEN": 1.9536456971623228, "MENB": 1.201950145367675, "MER": 0.8694565345881821, "MM": 2.3785244551776543, "MMR": 3.9871474976914416, "MMRV": 0.1284293877131157, "MNQ": 0.23770210687447, "OPV": 3.462769321602821, "PNC": 0.8919249222242899, "PNC10": 0.2252660264604186, "PNC13": 0.3881841938589719, "PPV": 0.4382594490588477, "RAB": 1.154751837996005, "RUB": 2.0813987999049446, "RV": 19.709180465768764, "RV1": 0.2999331340724826, "RV5": 0.3098713627570811, "RVX": 0.3611205044586359, "SMALL": 0.2604469691485584, "TD": 1.2521914208905638, "TDAP": 0.2471351748813139, "TTOX": 0.247319476899521, "TYP": 2.018375347458153, "UNK": 0.7709577874334085, "VARCEL": 1.074239901154371, "VARZOS": 0.0472493234810398, "YF": 1.170897737697291}