{"6VAX-F": 0.1803753134853611, "COVID19": 0.5932580415891915, "COVID19-2": 0.2898477597822962, "DF": 59.65785271759651, "DTAP": 0.2990414325066548, "DTAPIPVHIB": 0.8452765570991325, "FLU3": 0.1740543598158324, "FLU4": 0.034864188140565, "FLUX": 0.7637602975660396, "HEP": 0.9536076431844348, "HEPA": 0.4449552161444113, "HEPAB": 2.1708922936788064, "HIBV": 0.1957910129600595, "HPV2": 2.847408801421299, "HPV4": 2.211892518553732, "HPV9": 1.761137627212443, "HPVX": 1.7189632154650405, "MENB": 0.8072638688726352, "MMR": 0.8718055108316252, "MMRV": 0.1077237651536398, "MNQ": 0.0576982055356093, "OPV": 0.0739968645108546, "PNC": 0.6358642930852642, "PNC13": 0.8331790899669158, "PPV": 0.310554554338749, "RV1": 0.4158133869512279, "RV5": 0.0752157402641833, "SMALL": 0.2184544164492645, "TDAP": 0.2262822097947272, "UNK": 0.0384716212543964, "VARCEL": 0.9674825625300966, "VARZOS": 0.7873444579439168}