{"COVID19": 1.0118536082800218, "COVID19-2": 1.022545933857478, "FLU3": 0.2023256899682335, "FLU4": 0.435006638279147, "FLUX": 0.4917379944240562, "HPV9": 0.3170020216385136, "HPVX": 1.6850688367571258, "PNC13": 0.1207927655847401, "PPV": 0.0726071897241607, "TDAP": 0.1143988992769045, "UNK": 2.052749357337219, "VARCEL": 0.0862222820142392, "VARZOS": 0.7579868627792656, "YF": 0.9913707433167428}