{"COVID19": 0.0997590621125989, "HPV4": 1.5771815281488912, "MNQ": 8.289453281910669}