{"COVID19": 0.5344855359850634, "HPV9": 2.206104810218455, "PPV": 0.5443589026048866}