{"COVID19": 0.2740084557509656, "UNK": 7.153017919423544}