{"COVID19": 0.7960535115294479, "FLU3": 1.6255465734442394, "FLUX": 14.09244646, "PNC20": 85.80924233771178, "TDAP": 5.008020163958326, "VARZOS": 1.1831200752418292}