{"COVID19": 0.0305295464594865, "DF": 35.20450083385647, "DTAP": 1.1596107128757909, "DTP": 0.8351412438870351, "HEP": 0.2455044753354207, "HEPA": 0.4743924798870643, "HIBV": 2.3513474722348886, "HPV2": 2.18391835504058, "IPV": 3.2565894474275194, "MMR": 0.2244448207773806, "PNC": 0.6779297576250987, "PNC13": 0.3962782713271808, "UNK": 7.328730156873458, "VARCEL": 0.2828647680869606}