{"COVID19": 0.0741060927381516, "DF": 48.09009979093409, "FLUX": 0.8508409984848376, "HEP": 2.1093738549758303, "HIBV": 4.482707793877349, "HPV2": 3.01804490847092, "HPV4": 2.1054912843619875, "UNK": 1.4584313632308572}