{"COVID19": 0.6353651798804639, "COVID19-2": 1.2005412671519022, "FLU4": 0.9963899292040578}