{"COVID19": 0.1585331890262897, "HEP": 0.993903344274402, "HPV9": 3.853288539462811, "MENB": 4.854547938734226}