{"COVID19": 0.7960535115294479, "MENB": 138.10010448357457}