{"ANTH": 15.125081592140235, "COVID19": 0.6467934781176765, "COVID19-2": 3.7705726387124097, "FLU3": 0.7929495480215801, "FLU4": 1.897019254200088, "FLUX": 2.0623092379604486, "HEP": 1.3792570032806954, "HEPA": 5.840485217, "HPV4": 2.8222725680624103, "PNC13": 3.868817683, "PPV": 1.3194474343516929, "SMALLMNK": 44.59314639587281, "TDAP": 2.442936665345525, "UNK": 3.5349935740382468}