{"ANTH": 3.1185735241526267, "COVID19": 0.8402787066144172, "COVID19-2": 2.3814142981341537, "FLU(H1N1)": 3.0482858332530856, "FLU3": 1.2041085729216587, "FLU4": 0.398860458575403, "FLUA4": 7.7123088900866685, "FLUR4": 6.820652811356663, "FLUX": 1.761555807, "HEP": 1.1781153569689276, "HEPA": 1.2279994559151115, "HPV4": 3.0347016860886136, "HPV9": 3.407792944472121, "HPVX": 4.707414373184544, "LYME": 3.4855387092030616, "PNC13": 3.3046151044339447, "PPV": 0.5577045856538083, "RAB": 4.742503037564637, "SMALL": 5.529636258, "TDAP": 1.0325814771048094, "UNK": 0.7432550591567595, "VARZOS": 0.6194345943674499, "YF": 5.91783183952198}