{"ANTH": 0.9680279656214694, "COVID19": 0.2740432892790902, "COVID19-2": 0.1341448965920789, "DTAP": 0.0400962088359828, "DTAPIPV": 0.1308337652041566, "FLU(H1N1)": 0.5259991066891487, "FLU3": 1.0348288984781766, "FLU4": 0.1383543014550725, "FLUA3": 1.1248226963763364, "FLUA4": 0.2504451451527045, "FLUN(H1N1)": 0.6123209626581645, "FLUN3": 0.3234600772751744, "FLUX": 1.313944865731307, "FLUX(H1N1)": 1.626870711577419, "HEP": 5.853219040250894, "HEPA": 15.47736925945873, "HEPAB": 22.402016806111583, "HIBV": 0.0741748938746953, "HPV2": 2.1798251966395803, "HPV4": 1.211264400815267, "HPV9": 0.2511289734845066, "HPVX": 0.1528561787219845, "JEV1": 1.8247213466398664, "LYME": 6.134762231630581, "MENB": 1.0952807725233398, "MMR": 0.6813114302011674, "MMRV": 0.0639222297346925, "MNQ": 0.5277408304672224, "PNC": 0.6605700433852297, "PNC13": 0.6289975646472454, "PPV": 0.7372696218035232, "RAB": 0.5269708152563354, "RUB": 0.4908144167260679, "RV1": 0.2559876476781256, "RV5": 0.7175936774464354, "SMALL": 3.439998421946752, "TD": 0.3517166407019112, "TDAP": 0.4766194652421739, "TTOX": 0.1669174141419988, "TYP": 0.1187219893973674, "UNK": 0.6896903394889234, "VARCEL": 0.2126256578989735, "VARZOS": 0.344984029436536, "YF": 2.84896439619421}