{"ANTH": 1.1041641473601216, "BCG": 13.794302038129278, "COVID19": 0.808113143241613, "COVID19-2": 0.3570036136312905, "FLU(H1N1)": 0.0726916448800335, "FLU3": 0.0854827382544602, "FLU4": 0.0191206388097104, "FLUA3": 0.2413924638716625, "FLUC3": 0.5973039392733495, "FLUX": 0.3086175855374669, "HEP": 2.074995250769576, "HEPA": 3.52908869187255, "HEPAB": 9.407506469996084, "HIBV": 0.1095159542492679, "HPV2": 2.113551509843676, "HPV4": 0.6815808551127327, "HPV9": 0.5764688214726537, "HPVX": 0.2256853924421399, "IPV": 0.2638697198439545, "LYME": 1.1504411908964578, "MEA": 1.068427564073673, "MEN": 0.3242365962454934, "PNC": 0.5039412870543823, "PNC13": 0.2684599770361416, "PPV": 0.7972112407776057, "RUB": 0.7246657498488261, "RV1": 1.5791968068903486, "RV5": 0.0714720895292, "TD": 0.1727814467234971, "TDAP": 0.0246231676263781, "TYP": 0.1752877715564534, "UNK": 1.0213148356685542, "VARZOS": 0.2249032164813231}