{"ANTH": 0.214305185526544, "COVID19": 0.2625005732231302, "DTAP": 0.6957581481714118, "DTAPIPV": 0.2293166487372725, "DTIPV": 3.278187701151253, "DTP": 0.1213507757956333, "FLU(H1N1)": 0.2780159997335097, "FLU3": 0.2908008223375102, "FLU4": 0.2065779920741396, "FLUX": 1.5933324682705503, "FLUX(H1N1)": 2.913058655317153, "HEP": 0.0356731924656217, "HEPAB": 0.3363035051657607, "HPV2": 4.766006703712051, "HPV4": 9.621946583100822, "HPV9": 0.1511137415523295, "MMR": 2.2399748193777604, "MMRV": 0.1791294573301486, "MNQ": 0.0959439945969107, "PER": 12.087622271050083, "PPV": 0.0346115890837766, "SMALL": 0.3632589356218176, "TD": 0.1382942825276111, "TDAP": 4.082378760361369, "TYP": 0.8492639034149828, "UNK": 0.6899258307314319, "VARCEL": 1.2039424077593244}