{"6VAX-F": 10.59067260811426, "ADEN_4_7": 1.174234611098227, "ANTH": 0.2058781826276181, "BCG": 2.591041184752543, "COVID19": 0.2789754464921639, "COVID19-2": 0.0671051871557801, "DT": 0.1364086197581631, "DTAP": 1.8471079034877345, "DTAPH": 0.5123565730267882, "DTAPHEPBIP": 3.474396094035649, "DTAPIPV": 0.9138643880430029, "DTAPIPVHIB": 2.6406945645716315, "DTP": 1.5730455569256645, "DTPHEP": 0.7625923295167708, "DTPHIB": 0.069519553097094, "DTPPHIB": 1.2119560644341425, "DTPPVHBHPB": 0.729971813098124, "FLU(H1N1)": 0.4146614400305333, "FLU3": 0.6650256977796357, "FLU4": 0.2706000499096366, "FLUA3": 0.3883856947717715, "FLUN3": 1.2597986899131524, "FLUN4": 0.1070291251259627, "FLUR4": 0.1569565710442575, "FLUX": 0.6434614220338396, "FLUX(H1N1)": 0.1142135918175229, "HBHEPB": 2.420235599517576, "HEP": 1.0359080588755625, "HEPA": 0.3699398166000764, "HIBV": 2.5470195036392766, "HPV2": 0.473308883141489, "HPV4": 0.7789627062658757, "HPV9": 0.50197381233366, "HPVX": 1.6619870813285236, "IPV": 3.031086154129933, "MEN": 1.534819958793798, "MENB": 3.313974628204864, "MMR": 1.0631945521852184, "MMRV": 0.5950398053958603, "MNQ": 0.4478305909488587, "PNC": 4.109574992892407, "PNC10": 2.0752300529718344, "PNC13": 3.4985973519232663, "PPV": 0.3937492362680358, "RAB": 0.3732892443330761, "RV1": 4.29113632454734, "RV5": 2.76198717276241, "RVX": 0.4838042124110554, "TD": 0.0193212222870547, "TDAP": 0.4936190894900099, "TYP": 0.3554780754930733, "UNK": 0.8292520262242763, "VARCEL": 0.6324916725613308, "VARZOS": 0.2138199494543308, "YF": 0.7048715716538171}