{"COVID19": 0.1053640533107351, "FLU3": 1.1414764659315997, "UNK": 2.708145744472897}