{"COVID19": 0.3980267557647239, "FLU3": 10.83697715629493, "UNK": 48.311578845189366}