{"COVID19": 0.0044847068620926, "HPV4": 136.8390847699713, "HPV9": 7.661581297932286, "HPVX": 2.874560958267788}