{"COVID19": 1.5271971681838394, "COVID19-2": 0.2556841382839213, "FLU4": 0.7631685501320726, "FLUX": 0.2398798433647355, "HPVX": 2.940223706745192, "UNK": 0.2341622772194744, "VARCEL": 0.1504466028800411, "VARZOS": 0.3109628846060581}