{"COVID19": 1.0683275557269891, "HPV9": 1.471131135615389}