{"COVID19": 2.985200668, "HPV4": 3.527840710078013, "MNQ": 8.989780327029536, "TDAP": 3.035163735732319}