{"COVID19": 0.0259350708871736, "FLU3": 1.1414764659315997, "HPV4": 2.142880356418944, "MMR": 1.3806016027963857}