{"COVID19": 2.371724372838825, "COVID19-2": 0.7701448412388798, "FLU4": 0.178094408743724, "FLUX": 0.2013205179272342, "HEP": 0.1095865411084101, "PPV": 0.1063253404062374, "VARZOS": 0.072566960965875}