{"COVID19": 4.262795664254406, "COVID19-2": 2.792020624347945, "DF": 0.3725515979462604, "FLU4": 0.0416761792850816, "FLUA4": 0.416521514192486, "FLUX": 0.1263859602376021, "HEP": 0.0303011857377841, "HPV9": 0.0170902780313607, "HPVX": 0.071563220054324, "MENB": 0.0215311171642208, "MMR": 0.050233658625981, "PNC13": 0.0849964963372669, "PNC20": 0.1338056808054318, "PPV": 0.044995083450174, "RV1": 0.033726137599359, "RV5": 0.1557863236666323, "TDAP": 0.0078078295225935, "UNK": 0.6689016587784661, "VARZOS": 0.0126790497170388}