{"COVID19": 1.3854679131549517, "COVID19-2": 0.2871968975990668, "PPV": 0.206023800721497, "VARZOS": 0.0901153655834509}