{"ANTH": 2.149642879720122, "FLU(H1N1)": 0.5867695688894912, "FLU3": 1.9783147320058845, "FLU4": 1.0796923648220529, "FLUA3": 6.977784780346321, "FLUN3": 1.0848324368687523, "FLUN4": 1.6319597785710775, "FLUX": 11.574476418395996, "HEP": 0.1122168340991248, "HIBV": 0.8840166279055207, "HPV4": 1.2288258451532943, "MENB": 0.5481043519100409, "PNC13": 6.344902583372901, "PPV": 5.214791105982163, "RAB": 0.9129084177563268, "TDAP": 0.1987591198100589, "UNK": 0.2876110603760954, "VARCEL": 0.6121566740589934, "VARZOS": 1.9875916857346925}