{"6VAX-F": 0.1772565464807444, "ANTH": 0.2451520180113848, "COVID19": 1.878589865252886, "COVID19-2": 0.3316711713935876, "DT": 0.1623979870419899, "DTAP": 0.500106681810342, "DTAPIPV": 0.038142117249783, "DTAPIPVHIB": 0.0338826126567803, "DTP": 0.0717148646207259, "FLU(H1N1)": 0.0462422551403989, "FLU3": 0.4691305217314419, "FLU4": 0.2752700999584599, "FLUA3": 0.1301467239019275, "FLUC4": 0.0666673567131672, "FLUX": 0.4191676707079793, "HEP": 0.6206493048098646, "HEPA": 0.122436375323876, "HIBV": 0.0278850655838479, "HPV4": 0.2815537644693491, "HPV9": 0.0893040382382664, "IPV": 0.3102963011219072, "LYME": 0.4496125686194979, "MEN": 0.0640573137544526, "MENB": 0.0323589079330641, "MER": 1.3865993915187398, "MMR": 0.5674086913569115, "MNQ": 0.2364157350583398, "OPV": 0.0727169175782509, "PNC": 0.1749679937502465, "PNC13": 0.1022756974087649, "PPV": 0.7731472238046828, "RAB": 0.0646296436312998, "RSV": 0.7055626912233626, "RV1": 0.0323199856970134, "SMALL": 2.020606033860588, "TD": 1.0023178049007682, "TDAP": 0.1741819930333352, "TTOX": 0.1110319087409086, "TYP": 0.2726428585747304, "UNK": 0.6905964603602546, "VARCEL": 0.1312804679765899, "VARZOS": 0.3654366089219631}