{"COVID19": 0.0997590621125989, "HPV2": 8.380465600918653, "MENB": 7.717666508560545}