{"6VAX-F": 1.8685212715245407, "ADEN_4_7": 6.677810521221716, "ANTH": 0.8262842245570223, "BCG": 3.849398030125319, "CEE": 4.115740532120154, "COVID19": 0.5450472731038067, "COVID19-2": 0.793068164006067, "DF": 6.308810044487656, "DT": 0.1127726981652154, "DTAP": 0.4348541306353761, "DTAPHEPBIP": 0.6542562181708661, "DTAPIPV": 0.5080985098167264, "DTAPIPVHIB": 0.785422951994102, "DTIPV": 0.3786401624032253, "DTP": 0.3330508883045002, "DTPIHI": 1.0289213778880293, "DTPIPV": 0.290170242309509, "FLU(H1N1)": 0.7630420998964758, "FLU3": 0.742704061780266, "FLU4": 0.8536079181328715, "FLUA3": 0.3210621106392296, "FLUA4": 0.0978194609789785, "FLUC4": 0.3182812064134197, "FLUN(H1N1)": 0.1220910362857914, "FLUN3": 0.5791450486286324, "FLUN4": 0.314337603758053, "FLUX": 1.055095946729665, "FLUX(H1N1)": 0.0944234677066786, "HBHEPB": 0.0701415711686317, "HEP": 0.5990502425477138, "HEPA": 0.8284883836577016, "HEPAB": 1.4907507789465335, "HIBV": 1.0933250315863146, "HPV2": 2.97894566309741, "HPV4": 0.5747072096033777, "HPV9": 0.8493710066985745, "HPVX": 0.3295984052910004, "IPV": 0.7854481954931034, "JEV1": 2.569193003576755, "JEVX": 1.3318381045648235, "LYME": 0.0878725815096793, "MEN": 1.7071729079124145, "MENB": 1.093509452179657, "MMR": 0.5025629540626594, "MMRV": 0.2208133033805746, "MNQ": 1.3472261336699929, "MU": 1.209520354246728, "OPV": 0.0977073754028484, "PNC": 1.053317147157221, "PNC10": 0.2494722310103773, "PNC13": 1.1693129156503252, "PPV": 2.4547584648706064, "RAB": 0.6643555591555116, "RUB": 0.3352493022111316, "RV1": 1.950398369202937, "RV5": 0.7791317221166166, "RVX": 0.3999405854330694, "SMALL": 1.1959553906930045, "SMALLMNK": 0.2274813063463498, "TBE": 8.50678783003543, "TD": 0.056743770519535, "TDAP": 1.0302548804532146, "TTOX": 0.0771029746405047, "TYP": 1.3396549428808244, "UNK": 0.9419337883598043, "VARCEL": 0.4939957855723139, "VARZOS": 0.3478093876912735, "YF": 1.297089761731345}