{"FLUX": 2.362607409901127, "HIBV": 12.447507740296588, "HPV2": 8.380465600918653, "HPV4": 6.287663491579442}