{"COVID19": 0.9660802496618814, "DTAP": 0.4087662351392163, "FLU3": 0.0551855500228477, "FLU4": 0.1320242413225637, "HPV4": 0.0958133521723205, "PNC13": 0.2692551365031349, "PPV": 0.0918275345640564, "UNK": 2.687623712212678, "VARZOS": 0.8033946307207106}