{"COVID19": 0.083323400571905, "FLUX": 2.235740471014633, "HPV4": 6.884587686677749}