{"FLUX": 21.13866969, "HIBV": 111.36616511581865, "HPV2": 74.97995063, "HPV4": 37.63030090749881}