{"COVID19": 0.3831944227868202, "FLUC3": 37.91694139628411, "HEPA": 1.077344866776218, "MMR": 0.5097140192270764, "VARCEL": 0.642385661937123}