{"6VAX-F": 1.911284497193492, "COVID19": 0.1680242242445141, "DTAP": 0.2952087980936099, "FLU(H1N1)": 1.7715873184428712, "FLU3": 0.6238287754063324, "FLUX": 0.4176050248857418, "HEP": 0.2273185662666929, "HIBV": 1.0916447331865209, "IPV": 0.4164328308879245, "MMR": 0.754513354045907, "PNC": 0.6277116607303308, "PNC10": 13.76325037180763, "PNC13": 0.3669236931110232, "UNK": 0.4076513572400683, "VARCEL": 0.2619113704195122, "VARZOS": 0.1505277704970236}