{"COVID19": 1.315493733411998, "COVID19-2": 0.1002283659051165, "FLU3": 0.1543003655328961, "FLUX": 0.4013087460153693, "HEP": 0.5225906742042852, "MMR": 0.1245992440253558, "PPV": 0.071899900841873, "UNK": 0.68788756182751, "VARZOS": 0.3417019127153836}