{"COVID19": 20.06951810757341, "COVID19-2": 0.4780770159337675, "DTAP": 0.032982756, "DTAPIPVHIB": 0.1313689559246624, "FLU4": 0.1922021155408655, "FLUA3": 0.1344782156099477, "FLUA4": 0.8242807528456565, "FLUC4": 0.1282071708607668, "FLUX": 0.0579379736579268, "HEP": 0.0309945393995661, "HPV2": 0.082169809, "HPV4": 0.0154645072222597, "HPV9": 0.2404548170306624, "MENB": 0.037830463, "MMR": 0.0128404089469399, "MNQ": 0.081277466, "PNC13": 0.065195859, "PNC20": 0.2350616144027168, "PPV": 0.014821190358471, "RAB": 0.1260336423681561, "RV5": 0.0398196364177837, "TDAP": 0.082368753, "UNK": 0.2983423971502019, "VARCEL": 0.0117992900543258, "VARZOS": 0.042202115}