{"ANTH": 0.9961111136058952, "COVID19": 2.1628698716864845, "COVID19-2": 0.6313685410715706, "FLU4": 0.0755444263577301, "FLUA4": 1.1035703269870356, "FLUX": 0.0853965220184671, "HEPA": 0.0898230427362032, "HPV4": 1.2975329584492814, "HPV9": 0.1969116153846904, "MMR": 0.0424971230288625, "MNQ": 0.4459548664349245, "PNC13": 0.0750326385367862, "PPV": 0.0451012853927654, "UNK": 0.2973504173691335, "VARZOS": 0.0307815915411115}