{"COVID19": 26.622702507796745, "COVID19-2": 0.2447218639392631, "DT": 0.0579025744336085, "FLU4": 0.036668668872042, "FLUA4": 0.0502249099392028, "FLUC4": 0.023770069990776, "FLUX": 0.0574766967915769, "HEPA": 0.0040879615078174, "HPV9": 0.008961699609536, "IPV": 0.0038755956828033, "MEN": 0.0228394660554109, "MMR": 0.0019340983745485, "MNQ": 0.0202088034325117, "PNC": 0.0058418946935924, "SMALL": 0.0215428299814664, "SMALLMNK": 0.1167991339339007, "TDAP": 0.0114864505660174, "TYP": 0.0502014044561356, "UNK": 0.3925220436803238}