{"6VAX-F": 0.0672355439775661, "ADEN_4_7": 0.2627210229118319, "ANTH": 0.944329443256143, "BCG": 0.1428277764416926, "CEE": 0.3341237805292417, "CHOL": 0.1717340577050049, "COVID19": 0.989063877832714, "COVID19-2": 1.151972209624391, "DF": 0.6617953077305333, "DT": 0.8618448643344068, "DTAP": 0.2450448621392787, "DTAPH": 0.0422825882357361, "DTAPHEPBIP": 0.1773670866435797, "DTAPIPV": 0.249874795372881, "DTAPIPVHIB": 0.181851864958686, "DTIPV": 0.2110429885540991, "DTP": 0.45367302965886, "DTPHIB": 0.1004883860898814, "DTPIHI": 0.2307383579864175, "DTPPHIB": 0.1582375487051509, "DTPPVHBHPB": 0.0285515419175749, "EBZR": 0.0874549740515397, "FLU(H1N1)": 0.7043089421551995, "FLU3": 1.0242485312772436, "FLU4": 0.753252186425423, "FLUA3": 1.575291735942178, "FLUA4": 0.7127107889341088, "FLUC3": 0.6938885278963292, "FLUC4": 0.5818353879789272, "FLUN(H1N1)": 0.7148967221616699, "FLUN3": 1.215542516967942, "FLUN4": 1.588343723375705, "FLUR3": 0.3607141565826123, "FLUR4": 0.4669501714522176, "FLUX": 2.109745465928021, "FLUX(H1N1)": 0.7592200216373614, "HEP": 1.082276894480588, "HEPA": 0.6232762639172685, "HEPAB": 0.8890229212520656, "HEPATYP": 3.2824281571689644, "HIBV": 0.1563035946609902, "HPV2": 2.1067809670341666, "HPV4": 0.9163082361014616, "HPV9": 0.4685004376145801, "HPVX": 1.185794427735059, "IPV": 0.225995225432924, "JEV": 1.0731583541464982, "JEV1": 0.7732947744028786, "JEVX": 0.1645029355232836, "LYME": 0.6518886714212857, "MEA": 0.5580737803058284, "MEN": 1.2811940134691338, "MENB": 0.985660194740734, "MER": 0.5226126428528929, "MM": 0.0675479003565574, "MMR": 0.7299311391136521, "MMRV": 0.1431729182104736, "MNQ": 0.7066420337669241, "MNQHIB": 1.1053621951365062, "MU": 1.1047052693549433, "OPV": 0.0873400497861631, "PER": 0.2317653185115504, "PLAGUE": 1.197771627781146, "PNC": 0.2926251120384671, "PNC10": 0.697400610499078, "PNC13": 0.8063268306245774, "PNC15": 0.1678265952832622, "PNC20": 0.6978867666900813, "PPV": 0.8852983153590558, "RAB": 1.271498933122705, "RSV": 0.4608262121431144, "RUB": 1.199374568925606, "RV": 0.0362817993959805, "RV1": 0.2837697955113412, "RV5": 0.1475002162084256, "RVX": 0.0568000788609834, "SMALL": 1.232075919116845, "SMALLMNK": 0.2714716066667151, "TBE": 0.0701128430032645, "TD": 0.945431597860514, "TDAP": 0.7044823713913121, "TDAPIPV": 0.351985117782398, "TTOX": 0.6925096297178441, "TYP": 1.2989155044658416, "UNK": 0.7130096699449221, "VARCEL": 0.3707622604590483, "VARZOS": 1.1235646496544542, "YF": 1.0530258602157712}