{"COVID19": 0.066337793, "HEPA": 39.90998231724114, "HPV2": 49.98663375, "HPV4": 9.407575226874702, "YF": 865.4829065300896}