{"COVID19": 0.2334156379845629, "FLU3": 1.1414764659315997}