{"ADEN_4_7": 28.810715740944318, "COVID19": 1.3967066893147495, "COVID19-2": 1.8593542613710776, "FLU4": 0.1991100060208366, "FLUN(H1N1)": 0.7437959899223239, "FLUX": 0.0607729201729728, "HPV2": 0.2155697101727223, "LYME": 0.4885454701929086, "PNC13": 0.4060738072415621, "TDAP": 0.497751973464008, "UNK": 0.3710346192541989, "VARZOS": 0.5834135401639483}