{"COVID19": 0.3232628116657904, "MMR": 4.108157039387638, "VARZOS": 0.2777153865615703}