{"COVID19": 0.1053640533107351, "PNC13": 9.902942733218124}