{"COVID19": 0.0580484035364683, "DTAPHEPBIP": 5.83981182056252, "HIBV": 1.1559362738241783, "PNC13": 1.410621106560084, "PPV": 0.8479088056447178, "RV5": 3.0640197593879317}