{"COVID19": 0.6661160715612267, "COVID19-2": 1.1825031796389596, "DTAP": 0.3384498923885934, "DTAPHEPBIP": 7.087834947169172, "DTAPIPV": 1.1042952741577376, "DTAPIPVHIB": 0.6735426595547476, "DTP": 2.0204559957631014, "FLU(H1N1)": 2.722300591878286, "FLU3": 2.1657731292894806, "FLU4": 1.2759551759705297, "FLUA3": 2.071361713435081, "FLUA4": 1.0561097145834974, "FLUC3": 3.4139945355853345, "FLUC4": 0.9872493114805884, "FLUN(H1N1)": 0.7266523169238589, "FLUN3": 2.6985629484791795, "FLUN4": 1.1557654626684082, "FLUR4": 0.9340079341394308, "FLUX": 5.835731767131892, "FLUX(H1N1)": 5.811877564991246, "HEP": 0.561086832, "HEPA": 0.6740602221068173, "HEPAB": 1.8950904602701395, "HIBV": 3.783139366991717, "HPV2": 1.268159841474307, "HPV4": 0.8034939695551346, "HPV9": 0.6171278801624389, "HPVX": 1.9365945206138948, "IPV": 0.7536779956190881, "JEV1": 7.686835251445401, "MEA": 3.0506132146955034, "MEN": 2.782136187839335, "MENB": 2.1486579198293074, "MMR": 0.8631173756238727, "MMRV": 0.2695883697605336, "MNQ": 0.2083305834213305, "PNC": 4.48585699648712, "PNC13": 3.0635058478872623, "PNC20": 1.2051859878892106, "PPV": 1.0447985048836366, "RAB": 3.5786780347110803, "RV1": 3.3655801918730743, "RV5": 1.435163722428543, "RVX": 12.623548666710292, "SMALLMNK": 1.2839318835890343, "TD": 0.138846381, "TDAP": 1.1373786035959297, "TTOX": 2.8216141322088277, "UNK": 1.4380484135350484, "VARCEL": 0.121077465, "VARZOS": 0.234779320388173, "YF": 1.621893476748821}