{"FLU3": 2.0334227500698967, "TDAP": 6.264646739496585}