{"COVID19": 0.3980267557647239, "PNC20": 1716.1848467542357}