{"COVID19": 0.2979321132155789, "COVID19-2": 1.4989728648666747, "HPV4": 1.086257486415188, "HPV9": 3.2427590976930527}