{"DTAP": 1.134916589131266, "HEP": 0.8739157779045127, "HIBV": 1.1559362738241783, "IPV": 1.6009566227733665, "MNQ": 2.3504186335810293, "PPV": 0.8479088056447178, "RVX": 23.87766783792316}