{"COVID19": 0.1255576263258107, "HEP": 7.310960980795487, "PNC13": 1.410621106560084}