{"ANTH": 3.1916350956107014, "COVID19": 1.1329210610205114, "COVID19-2": 0.6573729695231303, "DT": 0.0538348051523916, "DTAP": 0.1490287814221387, "DTAPHEPBIP": 0.065735289806191, "DTAPIPV": 0.140911900905942, "DTIPV": 2.990030628173678, "DTP": 0.0249979859501887, "FLU(H1N1)": 0.4551877492531909, "FLU3": 0.3103441758453686, "FLU4": 0.425526748507571, "FLUA3": 0.3788836060492345, "FLUC4": 0.0433772566534128, "FLUN(H1N1)": 0.1855857207402842, "FLUN3": 0.1521337858617869, "FLUN4": 0.0214642398055364, "FLUR4": 0.0347180563475313, "FLUX": 0.5030657803501225, "FLUX(H1N1)": 0.254499436662682, "HEP": 1.033483385190523, "HEPA": 0.4021008812785426, "HEPAB": 0.2690241823762021, "HPV2": 7.616095451208875, "HPV4": 3.7046950283767983, "HPV9": 0.5904065939091003, "HPVX": 3.0242325447894856, "IPV": 0.0280142215035722, "JEV1": 0.2860264771350299, "LYME": 4.373220521499404, "MEA": 0.1134316387710256, "MEN": 0.2365308751829493, "MENB": 0.2399398240981006, "MMR": 0.2945429522425414, "MMRV": 0.0100198530289808, "MNQ": 0.0825570877267637, "MUR": 10.686515960833242, "PNC13": 0.3803595356361748, "PNC20": 0.1591124814496356, "PPV": 0.0832715204850697, "RAB": 0.9693339837299388, "SMALL": 0.0961912306940704, "TD": 0.1717559485959883, "TDAP": 0.3298357991560554, "TTOX": 0.179778175620019, "TYP": 0.5291490454317546, "UNK": 0.5214226126093284, "VARCEL": 0.033236500196705, "VARZOS": 0.2655066468731306, "YF": 0.0301219979094337}