{"6VAX-F": 27.863494359299533, "DTAPIPVHIB": 2.502723276141371, "HPV4": 0.6219094557476109, "MENB": 2.390175617136234, "MMR": 1.485292832606136, "PNC": 1.2102430628923158, "PNC13": 5.349096485613988, "RV1": 8.849606945305917}