{"6VAX-F": 1.8430107520389616, "BCG": 2.987774154400632, "COVID19": 0.2090174511907542, "DTAPIPV": 0.3944514147025748, "DTP": 0.7456497272027007, "FLU(H1N1)": 0.4782199806998222, "FLU3": 0.046381913005853, "FLUX": 1.2262468343070378, "HEP": 0.2191961146667999, "HEPA": 0.8250461338000817, "HIBV": 0.2899328269919066, "HPV2": 1.949910799882884, "HPV4": 1.728302242727308, "IPV": 0.4015535040613083, "MEN": 4.609636077727031, "MENB": 3.640280872457531, "MMR": 0.2003931967726922, "MNC": 30.27890475664964, "MNQ": 0.5895351142608779, "PNC": 2.5754432916233814, "PNC13": 2.9684176295265896, "PPV": 0.4142651316931297, "RAB": 0.6683753929961441, "RV1": 0.3342411274874513, "TDAP": 0.3350849711106428, "TYP": 4.459668689779534, "UNK": 0.110040847355626, "YF": 8.84299562284194}