{"COVID19": 0.0062663104682547, "FLU(H1N1)": 0.3085667690159237, "FLU3": 0.0339264777618916, "FLU4": 0.0811646805504398, "MEN": 729.2169879846707, "MENB": 77.34817173930583, "MMR": 0.0978303129297459, "MNQ": 36.58529390413496, "UNK": 2.973397240204733}