{"ANTH": 1.0329064743953555, "COVID19": 1.088710252008327, "HPV2": 11.203373794684785, "LYME": 2.321115006422148}