{"ANTH": 0.3865869433587784, "COVID19": 1.4254206122669284, "COVID19-2": 1.969496085211533, "DTAP": 0.3811317426556284, "DTAPIPV": 0.1860663836718709, "DTAPIPVHIB": 0.0639451841356747, "FLU(H1N1)": 1.0611754390902663, "FLU3": 0.650778979816905, "FLU4": 0.4202097219364492, "FLUA3": 0.0654588095266912, "FLUA4": 0.1002714908532606, "FLUC3": 0.1619719525468254, "FLUN(H1N1)": 0.0689879063586755, "FLUN3": 0.2504924454272703, "FLUN4": 1.3017360754966214, "FLUX": 0.5845114642894969, "FLUX(H1N1)": 0.419035797212502, "HEP": 0.0722636891925374, "HEPA": 0.5322533427186925, "HEPAB": 0.127449922597082, "HIBV": 0.3168303980163416, "HPV2": 0.0199943269777024, "HPV4": 0.5221003075781303, "HPV9": 0.5601252856660955, "HPVX": 0.0611994956869517, "JEV1": 0.7305695477540539, "MEN": 0.6043710840408854, "MENB": 0.1964362480790687, "MMR": 0.1483708934132629, "MMRV": 0.0255927380572815, "MNQ": 0.4695434828388586, "PNC": 0.0384429627787187, "PNC13": 0.5137094102766817, "PNC15": 1.708151787093552, "PPV": 0.1751920180349581, "RAB": 0.1089344958623287, "RV1": 0.0288419471150155, "SMALLMNK": 0.1219061801783282, "TD": 0.0468180300412289, "TDAP": 0.2226188832515424, "TTOX": 0.066829235726654, "TYP": 0.0475330855543324, "UNK": 1.2265477410197831, "VARCEL": 0.163518087212232, "VARZOS": 0.4432917159594295, "YF": 0.8208761279098428}