{"ANTH": 2.304127144794831, "COVID19": 0.0242857740202275, "DT": 10.497459437263116, "DTAPHEPBIP": 2.5629821430019324, "HEP": 1.414110470733857, "HIBV": 0.5073180137923479, "HPV4": 6.6443158852116175, "IPV": 0.7026288664704584, "MMR": 1.2928063284022142, "RUB": 31.206539124424147}