{"DTAP": 9.217314726989404, "DTP": 170.97301427810163, "HEP": 12.665555895285152, "HIBV": 12.3798363622305, "MMR": 30.85714344614737}