{"COVID19": 1.187333423279954, "COVID19-2": 4.192816893160778}