{"COVID19": 1.194080267294172, "HPVX": 305.9819342569954}