{"HPV4": 2.142880356418944, "MNQ": 4.061567504168649, "RV1": 8.22578393449627, "TDAP": 2.308553078585353}