{"COVID19": 0.5388137424507063, "DTAP": 0.969521154008267, "FLU4": 0.3131381770893419, "HEP": 0.8223871371445713, "MMR": 4.270056678074405, "UNK": 0.5835203838299756}