{"COVID19": 0.0721802813270804, "DTAP": 10.91753925660588}