{"COVID19": 0.0259350708871736, "FLUC4": 16.96751457551306, "MMR": 5.608846764313308}