{"HPV2": 24.23321565996622, "RVX": 74.43052067355782}