{"COVID19": 5.548961242131741, "COVID19-2": 0.2980689832974236, "DTAPIPV": 3.1055576583526894, "FLU(H1N1)": 1.1687103787571118, "FLU3": 0.1285017054106118, "FLU4": 0.3074220925778798, "FLUC4": 1.849629144829244, "HEP": 0.2235159570533933, "HEPAB": 2.1272952202241875, "HPV4": 0.4479797727083191, "HPV9": 0.8665402348921203, "MENB": 1.091700430700194, "PNC13": 0.6269625494578235, "PPV": 0.2138234972664798, "RV1": 1.7100001406067296, "RV5": 1.1491034208942257, "VARZOS": 0.093527279}