{"COVID19": 0.1251247094814107, "HEP": 0.5575404746063254, "MEN": 6.019123963054944, "MNQ": 5.624422631723254, "PNC": 1.5395777148032264, "PNC13": 0.8999475997456233, "PPV": 0.5409485542550359}