{"COVID19": 0.0079862258722262, "DTAPIPVHIB": 19.246252994624392, "FLUN3": 10.96891873450274, "HEP": 1.134646873300884, "MEA": 87.19992541592251, "PPV": 1.0854442161018154, "UNK": 2.9080911319461293}