{"COVID19": 0.1255576263258107, "FLU3": 0.6605692251067157, "HEP": 0.8739157779045127, "HIBV": 1.1559362738241783, "MMR": 0.7989502959977272}