{"COVID19": 1.5921070230588958, "COVID19-2": 2.114339797408828, "DTAP": 2.2092394351787545, "FLUA3": 9.00757295567182, "FLUN3": 5.0151536840674655, "FLUN4": 7.544285565950207, "HEP": 1.0472136506390468, "HPV2": 2.751557821180492, "HPV4": 2.130017032499933, "HPV9": 4.059901470883452, "PNC": 5.290243363663709, "SMALL": 4.920868963542139, "TDAP": 0.9189027823776744, "UNK": 1.329676481977689, "VARZOS": 0.4381926204599367}