{"6VAX-F": 0.4521292335934988, "ANTH": 0.0469521369940421, "BCG": 0.3805509349560433, "COVID19": 2.3163858987711192, "COVID19-2": 1.7002608330122462, "DTAP": 0.0101498363589693, "DTAPIPV": 0.050240999606089, "DTAPIPVHIB": 0.1586019030556624, "DTP": 0.18292250840193, "FLU3": 0.1407458879940649, "FLU4": 0.1357212877009975, "FLUA3": 0.1714299551980769, "FLUA4": 0.1855476282712063, "FLUC3": 1.8890444871821712, "FLUN3": 0.1029294788724771, "FLUX": 0.6271343312643304, "HEP": 0.301184503494864, "HEPA": 0.0151022986271484, "HEPAB": 0.261839033086465, "HIBV": 0.2462933594664076, "HPV2": 0.7429213155396571, "HPV4": 0.2132031644012058, "HPV9": 0.3537697835050222, "HPVX": 1.2108906952023086, "LYME": 0.5923400511218893, "MMR": 0.0253915910139356, "MU": 2.294263009663889, "OPV": 0.0269582366513678, "PNC": 0.3200017595220528, "PNC13": 0.3607105343765282, "PPV": 0.2540529296310106, "RV1": 0.0425720569959861, "RV5": 0.0274022925132027, "SMALL": 2.6665273170909427, "TYP": 0.0522171650953796, "UNK": 1.4740924446099832, "VARCEL": 0.0619560300652373, "VARZOS": 0.0553012811679809}