{"ADEN_4_7": 3.7051754959596983, "ANTH": 0.464024257463513, "BCG": 0.2432283604617121, "CEE": 7.056851022282584, "CHOL": 1.213506883133045, "COVID19": 0.5996331418279637, "COVID19-2": 1.346633085254432, "DF": 0.6651913949003845, "DPP": 5.709607424, "DT": 0.8617693646725791, "DTAP": 0.9087060318282424, "DTAPHEPBIP": 0.1168694994189765, "DTAPIPV": 0.3283351807619015, "DTAPIPVHIB": 0.4899174469127265, "DTOX": 3.578379975920009, "DTP": 0.4446954596915444, "DTPPVHBHPB": 1.4362547523310225, "FLU(H1N1)": 0.5361819550470276, "FLU3": 1.9751127133026696, "FLU4": 3.370835384866216, "FLUA3": 4.394183841871792, "FLUA4": 6.097176957002672, "FLUC3": 2.3698118166526494, "FLUC4": 3.8319372227464688, "FLUN(H1N1)": 0.1921368302478089, "FLUN3": 0.152270682886728, "FLUN4": 0.1908748727284185, "FLUR3": 1.4208384241723857, "FLUR4": 2.969639515968851, "FLUX": 2.025261766619842, "FLUX(H1N1)": 0.6795370703021192, "HEP": 0.2266197667086548, "HEPA": 0.3227372274573573, "HEPAB": 0.5751396592707592, "HIBV": 0.082715562, "HPV2": 0.8655291265843309, "HPV4": 0.6385052230960253, "HPV9": 0.9503950583497272, "HPVX": 1.2799021232166568, "IPV": 0.2989519403235602, "JEV1": 0.5080553909518799, "LYME": 0.2524579991808328, "MEN": 0.6736038116273181, "MENB": 2.118456378, "MMR": 0.2880519784742155, "MMRV": 0.1604236684241537, "MNQ": 0.6208931577898172, "PER": 1.635406271756788, "PNC": 0.2409680428914936, "PNC13": 2.756290547016772, "PNC20": 2.632552408, "PPV": 3.377082767626182, "RAB": 0.4274113115709095, "RSV": 2.6354007286313217, "RUB": 0.2735642394103327, "RV1": 0.0200802987038061, "RV5": 0.0269887825367841, "SMALL": 0.04979342, "SMALLMNK": 0.1697288342212017, "SSEV": 26.167196565328386, "TD": 0.487554743, "TDAP": 2.1365273737023576, "TTOX": 1.257689360686557, "TYP": 0.4304410529553686, "UNK": 1.763428231442295, "VARCEL": 0.08404548, "VARZOS": 1.755392035058173, "YF": 0.4286292910044706}