{"COVID19": 4.32382224340699, "UNK": 0.2559494260977773}