{"COVID19": 0.733207182, "FLU3": 1.912407733463811, "FLU4": 1.467505460796294, "FLUX": 1.5953712972901586, "HEP": 1.0669723987643116, "HEPA": 4.518111205725412, "HEPAB": 20.700218873719983, "HPV2": 5.658864198276861, "HPV4": 3.3203206683087183, "JEV1": 206.5293093973255, "LYME": 12.82415185461504, "MMR": 1.7688269004077046, "TD": 3.730514097219711, "TDAP": 3.852323203044866}