{"6VAX-F": 5.380686565288186, "ADEN_4_7": 4.190085271053205, "ANTH": 2.1129338995003986, "BCG": 2.601625844018079, "COVID19": 0.347696875449193, "COVID19-2": 0.9092108449333806, "DF": 4.936060591919087, "DT": 0.1369649443796761, "DTAP": 0.3857965097351547, "DTAPHEPBIP": 1.2846216622852875, "DTAPIPV": 0.114286191843921, "DTAPIPVHIB": 1.8515582644991884, "DTIPV": 0.4598668720880021, "DTP": 1.5795437952784144, "DTPHIB": 0.2479929678213025, "DTPIPV": 0.3524181945204575, "FLU(H1N1)": 0.1385571065817766, "FLU3": 0.3509670666347175, "FLU4": 0.8484147822748781, "FLUA3": 0.1097645303375128, "FLUC4": 0.0562266252954281, "FLUN3": 0.4531812524799881, "FLUN4": 0.7389846412622331, "FLUX": 0.4479237481894637, "HBHEPB": 0.3026548299331565, "HEP": 0.7300973234131417, "HEPA": 1.0651541187887898, "HEPAB": 0.6986297957925113, "HIBV": 2.1978159797021237, "HPV2": 1.0584772501638438, "HPV4": 0.4215452544219638, "HPV9": 0.7082406123027137, "IPV": 1.675481271536008, "JEV1": 3.120918820386662, "JEVX": 1.6175468144198095, "MEN": 1.2845957304300295, "MENB": 1.0483930404615878, "MMR": 0.9800165610915632, "MMRV": 0.8395492777537846, "MNQ": 0.9459243720248368, "OPV": 0.0613232478785233, "PNC": 1.4416061342538555, "PNC10": 1.0765171359846433, "PNC13": 3.5136621929658447, "PNC20": 0.1954233850254603, "PPV": 1.579528928480589, "RAB": 0.3748132498879451, "RV1": 4.476154092574956, "RV5": 2.453874403148909, "RVX": 0.9402369016887796, "SMALL": 3.025338829804609, "SMALLMNK": 0.27628109254424, "TBE": 0.9674472404250344, "TD": 0.0689224696562417, "TDAP": 0.7098120167146659, "TDAPIPV": 2.2707134694846176, "TTOX": 0.9997446387000584, "TYP": 1.1170553087628827, "UNK": 0.5814456849170264, "VARCEL": 0.668949883824596, "VARZOS": 0.2698411394276137, "YF": 0.7077510428084296}