{"COVID19": 0.8955602004706289, "COVID19-2": 0.979369516548678, "DTAPHEPBIP": 16.24486041923773, "FLU3": 0.4222198892062959, "FLU4": 1.0101011613273194, "FLUN(H1N1)": 13.438349341552923, "FLUN3": 10.718661795359878, "FLUX": 1.0981127111217974, "HEP": 0.364835723448442, "HEPA": 1.544902541, "HEPAB": 6.989684295022332, "HIBV": 5.785255330691878, "HPV2": 5.880780441346541, "HPV4": 1.869054680836033, "HPV9": 1.414417286630364, "IPV": 6.924112682332784, "MENB": 1.7819368320461233, "MMR": 0.6048246820748925, "MMRV": 2.476734442187096, "PNC": 3.7202356557377048, "PNC13": 2.0600198053614203, "PPV": 0.7025629195898624, "RV1": 2.791161519829049, "SMALL": 6.965905415923288, "UNK": 1.8822693056567288, "VARCEL": 1.118787229696531, "VARZOS": 0.3073039156472283, "YF": 7.445014249721201}