{"COVID19": 0.6374316614344927, "COVID19-2": 0.2427473116836485, "DTAPHEPBIP": 2.2744472968808056, "FLU3": 0.1046510743450251, "FLU4": 0.2503645721641121, "FLUN(H1N1)": 3.3313278750277124, "FLUN3": 3.419320039999926, "FLUX": 0.2721794747065779, "HEP": 0.0510671333001167, "HEPA": 0.2162488528197917, "HEPAB": 1.732591141474037, "HIBV": 1.434019020104794, "HPV2": 1.8759194177272065, "HPV4": 0.7668332300279078, "HPV9": 0.1979836510962039, "IPV": 0.9692952103696358, "MENB": 0.2494288918609364, "MMR": 0.0846594373233035, "MMRV": 0.3466881211137483, "PNC": 0.520761697166431, "PNC13": 0.5106046420634652, "PPV": 0.1741372407059081, "RV1": 0.3907030296930899, "SMALL": 1.7266963904167136, "UNK": 0.4665457266712239, "VARCEL": 0.2773039519492923, "VARZOS": 0.0761679929359725, "YF": 1.0422244822347504}