{"COVID19": 0.4504823675579838, "DTP": 1.7389252848254202, "HEP": 1.9086268871891536, "VARCEL": 0.5889791521028853}