{"COVID19": 2.4683913172707834, "FLU4": 0.5449458153275278, "FLUX": 0.1654598550169205, "UNK": 0.283615727133361}