{"COVID19": 0.0333410353838127, "DTAPIPV": 1.7153916015153288, "DTP": 10.611590411195866, "FLU3": 0.2017058810004399, "HEP": 1.9413814819408457, "HIBV": 0.3529670458703483, "IPV": 22.20185124887662, "MMRV": 1.3399689750374204}