{"COVID19": 12.338829428706442, "HPV4": 1.820821011653168}