{"6VAX-F": 1.864652449410008, "BCG": 0.3776642581210506, "CEE": 27.571059757633066, "COVID19": 2.036887900618994, "COVID19-2": 0.29196703917084, "DF": 7.655053872860034, "DTAP": 0.1493482397127118, "DTAPIPV": 0.3430450468318684, "DTAPIPVHIB": 0.1573979208886977, "DTPHEP": 1.186800661964101, "FLU3": 0.005862818718201, "FLU4": 0.2423178056365345, "FLUA3": 1.1705671302713632, "FLUX": 0.6223301835169072, "FLUX(H1N1)": 0.1777473686846152, "HEP": 0.1491045588548435, "HEPA": 0.0532610066524597, "HEPAB": 0.2598513550495814, "HIBV": 0.1096234308309089, "HPV4": 0.0110062040011274, "HPV9": 0.2260565798834401, "HPVX": 0.6206707732129462, "IPV": 0.0504941394219217, "MEN": 0.5761290718138219, "MENB": 0.4519889459197868, "MMR": 0.501098937881867, "MMRV": 0.0389477866789542, "MNQ": 0.1435255818720534, "OPV": 0.0267537443805826, "PNC": 0.0761126429506057, "PNC13": 0.8153059218105962, "PPV": 0.4081674296939769, "RV1": 0.6264310099720019, "RV5": 0.4032106371369117, "RVX": 0.7531329794263755, "TDAP": 0.0118571283366271, "TYP": 0.0518210706946938, "UNK": 1.7116589898658916, "VARCEL": 0.171795069384898, "VARZOS": 0.1223610043795227, "YF": 0.7069700499001575}