{"ANTH": 3.277821836051275, "FLU(H1N1)": 3.2039426611709843, "FLU3": 1.3101861027812465, "HEP": 4.668901996308501, "MMR": 3.778057274178916, "PPV": 2.180122262840876, "UNK": 1.570445845257209, "VARZOS": 0.2563916060557464}