{"COVID19": 0.0116941185936838, "FLUX": 1.250918762351351, "HPV4": 3.668265962123456, "HPV9": 2.884430430181504, "UNK": 16.779231637086298}