{"COVID19": 0.179502262403699, "FLU3": 0.4453552256011615, "FLU4": 1.0654491701671724, "HPV4": 0.7732253611129891, "MMR": 116.47457135108914, "MMRV": 10.66371773719444, "MNQ": 8.240631966, "MU": 344.1833479604685, "TYP": 9.766793670482564, "VARCEL": 1.1800906395429165}