{"DTP": 5.770352393440881, "DTPHIB": 5.858510686676154, "LYME": 2.1304411998294377, "RAB": 2.900726400783027, "TD": 2.3977743623740437}