{"6VAX-F": 1.1017430811806144, "ADEN_4_7": 2.142589136916356, "ANTH": 2.0105749873913856, "CHOL": 2.807215955022435, "COVID19": 1.2663594245138492, "COVID19-2": 0.6244832363314555, "DPP": 2.2010248501766645, "DT": 0.8859735093331108, "DTAP": 0.6350671594881447, "DTAPHEPBIP": 0.4055546061927169, "DTAPIPV": 0.1265498906200843, "DTAPIPVHIB": 0.6182251150277449, "DTIPV": 1.723210649105124, "DTP": 0.8232492490123764, "DTPHIB": 0.792121063, "DTPIPV": 1.913927650245582, "DTPPHIB": 4.568222517532949, "FLU(H1N1)": 1.4835232251713466, "FLU3": 0.9853432025302176, "FLU4": 1.0665507392063611, "FLUA3": 0.9495920766765952, "FLUA4": 2.1018871188915447, "FLUC3": 1.174087755565021, "FLUC4": 0.9565023182393824, "FLUN(H1N1)": 0.4445530956660008, "FLUN3": 0.3817400499744091, "FLUN4": 0.264939202069024, "FLUR4": 0.5714096120356799, "FLUX": 0.7972101925553965, "FLUX(H1N1)": 1.6226752160375644, "HBPV": 9.136498718, "HEP": 0.7131321745505234, "HEPA": 0.5281824644954444, "HEPAB": 1.0710849051483768, "HEPATYP": 6.288742125385888, "HIBV": 0.2871341207261801, "HPV2": 1.0177177398495334, "HPV4": 1.627245021846334, "HPV9": 0.981153801, "HPVX": 1.381779607, "IPV": 0.2304939523783262, "JEV": 0.4851540099739956, "JEV1": 0.5876129159361312, "LYME": 2.0493233567273696, "MEN": 0.6374110084491195, "MENB": 0.9372300530502206, "MM": 1.960421123918632, "MMR": 0.4347901101255631, "MMRV": 0.0206084302415181, "MNQ": 0.4944910890714708, "OPV": 0.7152155599375665, "PNC": 0.4026791387146258, "PNC13": 0.6927077596527484, "PNC20": 0.5529242914957533, "PPV": 0.4302732218827861, "RAB": 2.2332408176244285, "RSV": 0.8309990144432833, "RUB": 0.3164045726019331, "RV": 1.054929492136606, "RV1": 0.2323594369050446, "RV5": 0.3124543666894934, "RVX": 0.240740587, "SMALL": 0.3745633498785567, "SMALLMNK": 0.3926591145730544, "TBE": 2.034556725846877, "TD": 1.637299134788625, "TDAP": 1.235540242602478, "TTOX": 2.2109702624894885, "TYP": 1.7264268837459764, "UNK": 1.13695827730239, "VARCEL": 0.1111270518935334, "VARZOS": 0.705032306, "YF": 0.557776309}