{"ANTH": 0.998355221, "COVID19": 0.7882490653379828, "DTAPIPVHIB": 3.1654282086005296, "DTP": 9.545144272342624, "DTPIPV": 236.1102269455278, "FLU3": 1.2205469152141046, "FLU4": 1.037037192296048, "FLUC4": 1.544409813999336, "FLUN(H1N1)": 3.415026070295627, "FLUX": 1.4139578387354248, "FLUX(H1N1)": 3.0178286146049147, "HEP": 3.982361770035812, "HEPA": 1.5858271119433562, "HEPAB": 3.5642760974617187, "HPV4": 1.3303641734974323, "HPV9": 1.4518852942232214, "HPVX": 6.079111276629047, "LYME": 13.68483318713954, "MENB": 0.9115518447760697, "MMR": 0.6208465279576711, "MNQ": 0.9790849861121276, "PNC": 5.747207906704428, "PNC13": 2.114953666837725, "PPV": 0.1785390917769617, "RAB": 3.046508574, "RV1": 4.3119272648521845, "TD": 1.3093857427327462, "TTOX": 3.3081796055022634, "UNK": 0.4783324638137561, "VARCEL": 0.5705073952757146, "VARZOS": 0.6395243649955833}