{"6VAX-F": 1.1770690766175689, "ANTH": 1.1389447844699017, "BCG": 0.0917248603007423, "COVID19": 0.4824919385756274, "COVID19-2": 0.2549461496028775, "DPP": 1.0871213153242232, "DT": 1.828598517705259, "DTAP": 1.6018039652412337, "DTAPH": 0.1936743242282614, "DTAPHEPBIP": 1.855364685522304, "DTAPIPV": 0.5895995093821063, "DTAPIPVHIB": 1.351807780343812, "DTIPV": 0.3349414362782649, "DTOX": 0.1818809657658772, "DTP": 6.055643150898531, "DTPHEP": 0.0811635700240235, "DTPHIB": 7.444553323640221, "DTPIHI": 0.9105324342290284, "DTPIPV": 1.617519303644785, "DTPPHIB": 0.1289898784159426, "DTPPVHBHPB": 0.2759514014564821, "FLU(H1N1)": 1.1932624317578129, "FLU3": 0.6918805321641734, "FLU4": 0.552049696494597, "FLUA3": 0.4447648611893371, "FLUA4": 0.1342490955611459, "FLUC3": 0.036074678586759, "FLUC4": 0.2885890425538792, "FLUN(H1N1)": 0.4467068114434869, "FLUN3": 0.6801291425282052, "FLUN4": 0.8557989706750512, "FLUR4": 0.2469004146124613, "FLUX": 0.4785913267392954, "FLUX(H1N1)": 0.9801030522062112, "HBHEPB": 1.2948865121245796, "HBPV": 1.8526286424395992, "HEP": 1.815095832752923, "HEPA": 1.030799870576247, "HEPAB": 0.6586823060851932, "HIBV": 3.266287972522317, "HPV2": 0.7320383344673846, "HPV4": 1.499412372669641, "HPV9": 1.5422127811559303, "HPVX": 0.3973497724706473, "IPV": 1.201048721187265, "JEV": 0.262322791242511, "JEV1": 0.3305044415900273, "JEVX": 0.1714581165475179, "LYME": 1.6223236770862322, "MEA": 0.5450359295656416, "MEN": 0.7211174076780169, "MENB": 0.7812671596094088, "MENHIB": 0.6881543688811477, "MER": 0.1239598248264077, "MMR": 1.8685125751021825, "MMRV": 0.3508199439194502, "MNQ": 1.215103893931404, "MU": 0.553181585325425, "OPV": 7.11958685771225, "PLAGUE": 0.9082769741727348, "PNC": 1.5422028509241332, "PNC10": 0.4747396537862252, "PNC13": 0.988357635755014, "PNC20": 0.0207146485048543, "PPV": 0.2693441267994741, "RAB": 1.811669094989199, "RSV": 0.0630761942393612, "RV": 1.0821181996909068, "RV1": 0.5514273235884358, "RV5": 0.9733788593797909, "RVX": 0.7775026266715632, "SMALL": 0.2064643978915778, "SMALLMNK": 0.0292854707982154, "TBE": 0.1025482869902256, "TD": 1.806367473902415, "TDAP": 1.0132876858043176, "TTOX": 1.1927707421435392, "TYP": 0.6976813460361007, "UNK": 0.3339690981245591, "VARCEL": 0.6351943973949262, "VARZOS": 0.1997491733358686, "YF": 0.6446747579240197}