{"FLU(H1N1)": 2.6872880301372044, "FLU3": 2.035799820355328, "FLU4": 2.180030942406627, "FLUA3": 1.8171686043768889, "FLUA4": 1.165577848395604, "FLUC3": 1.2888838464446617, "FLUC4": 1.5401242957028365, "FLUX": 1.9325750869724592, "FLUX(H1N1)": 1.5877735554628978, "HEPAB": 1.2859268607251884, "HPV2": 3.4815381520874205, "HPV4": 2.116138743961465, "HPVX": 2.1583536115011444, "LYME": 1.3356493951292665, "MNQ": 1.1649582340993911, "RAB": 1.495803080544457, "TD": 1.2163843412424582, "TDAP": 1.4687326787382786, "TTOX": 1.1398459948493351}