{"6VAX-F": 24.531359103380435, "ANTH": 0.7224205138705377, "BCG": 12.521434716450472, "COVID19": 0.3229902532363183, "FLU3": 0.2784945743428508, "FLU4": 0.6662632965992982, "FLUX": 4.115016164940243, "HPV4": 0.1347968637477938, "HPV9": 0.5235615036070637, "PPV": 2.003771413363993, "TDAP": 1.6795573431874724, "VARCEL": 0.2057266018124014, "VARZOS": 0.0565077642128781}