{"COVID19": 0.3013841338335704, "FLU3": 0.3505238093065296, "FLUX": 0.9116521295964908, "FLUX(H1N1)": 9.860135699349437, "HEP": 1.1972202105916716, "HPV2": 0.8991695747793577, "HPV4": 5.411065071981909, "TD": 0.5927563924788954, "TDAP": 0.3002777839040771}