{"ANTH": 0.1684368398945144, "COVID19": 0.5481197402547622, "COVID19-2": 0.1494527904694254, "FLU(H1N1)": 0.5860150671446062, "FLU3": 1.2160358475082311, "FLU4": 2.169022045627229, "FLUC3": 1.3528424910466026, "FLUC4": 1.7990126904234929, "FLUX": 3.1627424686141192, "FLUX(H1N1)": 0.5091847390519645, "HEPAB": 0.2996875821931169, "HPV2": 1.1529767122680448, "HPV4": 0.4695254891452304, "HPVX": 1.8194484720240676, "LYME": 0.3784701621697663, "MENB": 0.5473990864257431, "MMR": 0.0521988262071759, "PNC13": 0.088321148692361, "PPV": 0.4499931762330942, "RAB": 1.7685109500571674, "TD": 0.3918495968642453, "TDAP": 0.0557693906842456, "TYP": 0.3970119378238111, "UNK": 0.0807001661287309, "VARZOS": 0.5173625424002661}