{"ANTH": 2.0340608850772672, "COVID19": 0.3210979817488206, "DTAP": 1.6192035596213263, "FLU(H1N1)": 0.5554696089556556, "FLU3": 0.2185988469927628, "FLU4": 0.1461094358575672, "FLUX": 0.5685380335818285, "HEPA": 0.4498451384424138, "HPV9": 0.4118495078987771, "IPV": 2.0163464221782084, "PNC13": 0.2979810031755388, "PPV": 1.559612274160564, "TD": 0.3714264644235954, "TDAP": 1.3149476632732209, "UNK": 0.272269065608231, "VARZOS": 1.608029272869999}