{"6VAX-F": 0.5832925640467628, "ANTH": 0.4994462266119214, "BCG": 0.2234092559241972, "COVID19": 1.499366665590678, "COVID19-2": 0.561658526520172, "DT": 0.5227680512097207, "DTAP": 0.1827486622451014, "DTAPH": 0.1328076454658518, "DTAPHEPBIP": 0.1276237922076312, "DTAPIPV": 0.3176916698567434, "DTAPIPVHIB": 0.2455721897670585, "DTP": 0.4286850597735763, "DTPIHI": 0.3226048120594031, "DTPPVHBHPB": 0.1892155721159887, "FLU(H1N1)": 0.9253994973049968, "FLU3": 0.9533035962226876, "FLU4": 1.3049858197596504, "FLUA3": 0.1947037023902239, "FLUA4": 1.647197217932349, "FLUC3": 0.0878586562630417, "FLUC4": 1.172198296738904, "FLUN(H1N1)": 0.4081967906474825, "FLUN3": 0.3258475577141442, "FLUN4": 0.4101648356953863, "FLUR4": 0.6015258028772429, "FLUX": 0.5561034866847843, "HEP": 0.3830965863019076, "HEPA": 0.4933590240605885, "HEPAB": 0.180051281591031, "HIBV": 0.2862590491878142, "HPV2": 0.4978478533594086, "HPV4": 0.8132492804654683, "HPV9": 0.6908560709181777, "HPVX": 0.8272462880050411, "IPV": 0.2850352310523589, "LYME": 0.0978487124361393, "MEN": 0.2061896329850047, "MENB": 0.4915496871501433, "MMR": 0.2549942674669115, "MMRV": 0.0064870628775549, "MNC": 0.6374804453415127, "MNQ": 0.8355782417862764, "PER": 1.555360339285427, "PNC": 0.0845944771751371, "PNC10": 1.4984028582705935, "PNC13": 0.412119450027437, "PNC20": 0.5379858036345673, "PPV": 0.572355754700286, "RAB": 1.0587533452411502, "RSV": 0.1536199302539873, "RV1": 0.4151427283003687, "RV5": 0.1507749524056101, "RVX": 0.2425398858015952, "SMALL": 0.3119673117791749, "SMALLMNK": 2.028694525558357, "TBE": 0.2497528685319529, "TD": 0.488542700658257, "TDAP": 1.6417905810901117, "TTOX": 0.3574047981104264, "TYP": 0.4183649566991642, "UNK": 0.6434708804793741, "VARCEL": 0.2493521598726707, "VARZOS": 0.746390761886728, "YF": 0.4866627968889985}