{"6VAX-F": 1.0931044012931015, "ADEN_4_7": 10.179626219200571, "BCG": 2.1032145373733027, "CEE": 12.135602759045884, "COVID19": 0.6257971919448581, "COVID19-2": 0.1638265864587579, "DTAP": 0.3040868220115241, "DTAPIPV": 2.2414131961510866, "DTAPIPVHIB": 1.6580810335063072, "DTP": 0.2846070555067416, "DTPIHI": 3.0338651954869302, "FLU(H1N1)": 0.0946840125406732, "FLU3": 0.2194708413079305, "FLU4": 0.1359678515778675, "FLUC3": 0.8262476423636348, "FLUC4": 0.4853048819449654, "FLUN3": 1.1018709081719056, "FLUN4": 0.2609026208525077, "FLUX": 0.5334104643965106, "HEP": 0.2903545834629913, "HEPA": 1.2820970214508494, "HEPAB": 0.1145350111917343, "HIBV": 1.0550761619922255, "HPV2": 0.1080751958575903, "HPV4": 1.4271276928650376, "HPV9": 0.5507149702450888, "HPVX": 0.2735688006609748, "IPV": 0.6387429037712057, "MEN": 0.466304791969067, "MENB": 0.2355546908018737, "MMR": 0.919455721323738, "MMRV": 0.2168871655657213, "MNC": 5.995038644720449, "MNQ": 0.7809236567283311, "OPV": 0.1489823037097623, "PNC": 0.3589947183959148, "PNC13": 1.5100884330094395, "PPV": 0.9076912956213448, "RAB": 0.1323333807307326, "RV1": 0.0661772643690733, "RV5": 0.45581233271074, "RVX": 0.3319510126102534, "TDAP": 1.3241055367821908, "TYP": 0.0811703586301297, "UNK": 0.9569145808362048, "VARCEL": 0.6148036717307491, "VARZOS": 0.0080450830918559, "YF": 1.7223216293393269}