{"COVID19": 0.084686544, "DTP": 17.10171682128054, "FLU(H1N1)": 5.280066532599095, "FLU3": 1.806162859382488, "FLU4": 1.3888890968250642, "FLUX": 4.697482153132134, "HIBV": 42.83314042916103, "HPV2": 22.635456793107444, "HPV4": 10.58352213023404, "HPV9": 7.972170161007506, "IPV": 39.02681693678478, "LYME": 12.137143719546374, "MMRV": 6.855247116767855, "MNQ": 10.78773639243544, "PNC": 55.44581986916771, "PNC13": 2.8325272323719526, "PPV": 3.005408044912189, "RV1": 7.725536349526831, "TDAP": 1.7885786299851163, "VARZOS": 0.422542884}