{"HEP": 2.0331974997138893, "HPV4": 3.084481730160139, "HPV9": 2.7729489480359844, "MNQ": 3.75241973818418}