{"ANTH": 17.794213637812046, "COVID19": 0.3980267557647239, "COVID19-2": 4.435967810249894, "FLUX": 4.973804632728141, "HEPA": 29.93248673793085, "HPV4": 11.289090272249643, "PNC": 33.919795684667314}