{"COVID19": 0.7792755735929295, "COVID19-2": 0.375562468793115, "DTP": 0.6524419534406193, "FLUA4": 4.553355929703947, "HPV9": 5.814134636569819, "IPV": 0.3513592581333302, "UNK": 2.461357800226948}