{"BCG": 29.852511678938647, "COVID19": 0.0105294440647353, "DTP": 2.085627339337393, "HIBV": 3.05843467100484, "PNC": 1.6930177295759348, "PPV": 2.243439099921104, "RV1": 3.339611596617832, "RVX": 16.751724398142347}