{"6VAX-F": 10.82203390718022, "BCG": 5.631121355307905, "COVID19": 0.0912835488394306, "COVID19-2": 0.063569022812283, "DTAP": 2.1371220656949617, "DTAPH": 3.337369657031707, "DTAPHEPBIP": 3.2532782909213074, "DTAPIPVHIB": 2.780067309382684, "DTP": 1.1897323547379175, "DTPIHI": 8.106838556318424, "DTPIPV": 24.63565721601917, "FLU(H1N1)": 0.253006973897504, "FLU3": 0.3679844557798425, "FLU4": 0.3648764385352488, "HBHEPB": 0.5526442040115742, "HEP": 0.3497399189247726, "HEPA": 0.4338418897098849, "HEPAB": 0.3060512069767163, "HIBV": 1.4747989638106382, "HPV2": 1.0287266009937162, "HPV4": 1.8263188411336448, "IPV": 1.1601011986533891, "MEN": 0.3504791602596313, "MENB": 0.6306717380783343, "MMR": 1.3384544099882485, "MMRV": 0.5806914995191363, "MNC": 57.10290870646852, "MNQ": 0.3110246726450599, "PER": 76.13977562948548, "PNC": 4.042823757132072, "PNC13": 5.583173534261397, "PPV": 0.0314980913720909, "RV1": 2.651850945340805, "RV5": 0.7871853464578215, "TDAP": 0.0496279641139897, "UNK": 0.0582181873893806, "VARCEL": 0.4029627245071658}