{"COVID19": 0.2815311199311462, "DTAP": 14.594369602089952, "DTAPH": 331.78761127050683, "DTP": 42.88191680559896, "DTPIPV": 1596.3870568108075, "FLU(H1N1)": 4.285271388776077, "FLU3": 0.9562038667319056, "FLU4": 1.127214339452226, "HEP": 0.8195585091957757, "HEPA": 7.042938056, "HEPAB": 7.800082474155355, "HPV2": 8.821170662019812, "HPV4": 7.283284046612672, "MENB": 4.002901579234045, "MMR": 5.6816864073702025, "MNQ": 4.299460156405429, "PER": 1036.318474264706, "PNC": 16.959897842333657, "PNC13": 2.2988626813453528, "RV5": 4.213379209945495}