{"COVID19": 0.727269079513795, "UNK": 3.750211461291646}