{"COVID19": 4.945805740689455, "COVID19-2": 0.5368891452737751, "DTAPHEPBIP": 0.2645290216426873, "FLU4": 0.0643334034602329, "FLUA4": 0.939797170120633, "HIBV": 0.0523609843865867, "PNC13": 0.0638975665089138, "RV5": 0.4947443805562596, "UNK": 0.2530530602902321}