{"6VAX-F": 16.98854997777426, "ANTH": 1.5074832151634787, "COVID19": 0.5317268629134922, "COVID19-2": 0.2501209047238746, "DT": 3.4142617378501363, "DTAP": 2.006725820287369, "DTAPHEPBIP": 4.168796961890478, "DTAPIPV": 3.9154788416772286, "DTAPIPVHIB": 1.587954879480067, "DTIPV": 53.14564233697061, "DTP": 9.592949669366044, "DTPHIB": 6.106479638131611, "FLU3": 0.7139224815802403, "FLU4": 1.7079582136632545, "FLUA3": 1.6255388280930934, "FLUN(H1N1)": 1.713167051820489, "FLUN3": 1.8131069703593825, "FLUN4": 1.361468753, "FLUR4": 2.20203195068634, "FLUX": 1.133061021861017, "FLUX(H1N1)": 3.032842687314392, "HEP": 2.5393574533630767, "HEPA": 1.9954991158620563, "HIBV": 2.9648230313695483, "HPV2": 7.625079724796786, "HPV4": 3.361025124837897, "HPV9": 2.196006805619764, "HPVX": 4.574480744705911, "IPV": 3.559659919607236, "LYME": 2.254328518, "MEA": 21.648205403952144, "MEN": 2.1833320414500745, "MENB": 7.985380191227101, "MMR": 4.549287903301617, "MMRV": 1.2732797298142615, "MNQ": 1.4783858012889104, "PNC": 3.8378470990971336, "PNC13": 1.321846041773578, "PPV": 0.6332465111353441, "RAB": 3.061715771339566, "RUB": 4.878864216768385, "RV1": 0.7162748933336136, "RV5": 0.4813297441825151, "TD": 0.3273464356831865, "TDAP": 1.1724461922310463, "UNK": 1.207789471129734, "VARCEL": 0.1426268488189286, "VARZOS": 0.07848226, "YF": 3.8274534285465545}