{"COVID19": 0.436545474, "COVID19-2": 1.178303949597628, "DTAP": 3.762610913038817, "FLU3": 1.5731095872041028, "FLU4": 1.2152779597219312, "FLUX": 7.04622323, "HEP": 0.8835865177266956, "HEPAB": 17.08589494338792, "HPV4": 1.7919190908332765, "HPV9": 3.425541866057913, "MENB": 4.315628265111705, "PPV": 0.8452710126315531, "SMALL": 75.28066203874992, "TYP": 11.140249030394177, "UNK": 4.601102747160892, "VARZOS": 0.3697250235130716}