{"COVID19": 0.4249486736562079, "COVID19-2": 0.3929220071476779, "DT": 1.553873323093586, "FLU3": 0.3673348145002533, "FLU4": 0.6313018140752878, "FLUR4": 1.0020928380906582, "FLUX": 0.2269109415297842, "FLUX(H1N1)": 0.6889140547003302, "HEP": 0.0426006799403279, "HEPA": 0.1803968162820229, "HEPAB": 2.8044961583181567, "HPV2": 0.804891291779769, "HPV4": 0.15147636646194, "HPV9": 0.5883503090568092, "MENB": 6.07987871396312, "MMRV": 0.2892104767225542, "PNC13": 0.8264905883737057, "PPV": 1.1907425225366517, "RAB": 0.3465658884025196, "TD": 0.1489493710610677, "TDAP": 2.592441061745812, "TTOX": 2.690360143556134, "UNK": 0.3889504573024377, "VARZOS": 1.1107637930575884}