{"COVID19": 0.150971080851374, "COVID19-2": 1.9927346884841493, "DTIPV": 93.51671830005188, "HPV4": 1.444070879558444}