{"6VAX-F": 1.911284497193492, "COVID19": 0.064377698164332, "DTAPIPVHIB": 1.2980771476558255, "DTP": 5.576895140924205, "FLU3": 0.6238287754063324, "HEP": 1.6394177754616954, "HEPA": 0.4392515401015344, "HIBV": 2.1684743485138527, "HPV4": 1.1711077379159345, "IPV": 1.5119148203075892, "PNC13": 0.3669236931110232, "RAB": 2.476026195035899, "RV1": 4.495512119004725}