{"FLU(H1N1)": 9.044728299215036, "FLU3": 1.2654853135578945, "FLUN4": 39.15564983862387, "FLUX": 6.786327222260539, "FLUX(H1N1)": 18.930404447012297, "HPV2": 14.276806164978469, "HPV4": 6.717625520677056}