{"ANTH": 0.7144299352565301, "COVID19": 0.1752900558447183, "COVID19-2": 0.0919131940410385, "DTAP": 0.2935086093906194, "DTAPHEPBIP": 0.8632328643356635, "DTAPIPV": 0.2693138951369203, "FLU(H1N1)": 9.044728299215036, "FLU3": 1.2654853135578945, "FLU4": 0.2855181685393433, "FLUA3": 0.3365442479085309, "FLUC3": 0.832748425141659, "FLUN(H1N1)": 1.2613658359218312, "FLUN3": 5.3906986002106905, "FLUN4": 39.15564983862387, "FLUX": 6.786327222260539, "FLUX(H1N1)": 18.930404447012297, "H5N1": 123.51535778244288, "HEP": 0.5575689598692288, "HEPAB": 0.1844740424222999, "HPV2": 14.276806164978469, "HPV4": 6.717625520677056, "HPV9": 2.161724206684887, "HPVX": 9.053164851023409, "LYME": 0.2329690174595325, "MMR": 0.0321312216403281, "MNQ": 0.1016807206420736, "PNC13": 0.0543664795855512, "RAB": 0.1576749299377494, "TDAP": 0.1220782409044417, "UNK": 0.1766516359621447}