{"COVID19": 0.2757892303689728, "HPV4": 2.274751679769603, "MMRV": 4.159800030535641, "SMALL": 5.812146102251386}