{"COVID19": 1.7213860140730333, "COVID19-2": 1.2604107318036428, "DTAP": 0.0428399129044696, "FLU3": 0.0888256034351304, "FLU4": 0.1909778647592929, "FLUN3": 12.696409691705956, "FLUN4": 4.9000542067726505, "FLUR4": 1.0388700959428228, "FLUX": 0.6529840251535763, "HEP": 0.0329878631154053, "HEPA": 0.2270745983461423, "IPV": 0.0604316227681337, "PPV": 0.1140168734446699, "TD": 0.1278840652085645, "UNK": 0.4091705188331119, "VARZOS": 0.4262361101882144, "YF": 0.4370088967440055}