{"COVID19": 0.0570719480494643, "FLUN3": 9.60832029707105, "HPV4": 0.9920739430693069, "LYME": 11.94667697644743, "SMALL": 36.08795186945968}