{"COVID19": 0.2220195687090186, "COVID19-2": 0.3542207037099103, "FLU3": 0.152708797519746, "FLU4": 1.323443847236366, "FLUC3": 11.412572580525714, "FLUN3": 9.30231182559132, "HPV4": 0.265133560889392, "PPV": 0.2541040548264885, "TDAP": 0.470472070336549, "UNK": 0.6807887091920494, "VARZOS": 0.7975979355522677}