{"COVID19": 1.2829151827609848, "UNK": 2.3815582371340174}