{"COVID19": 0.215471309855074, "DTAPHEPBIP": 3.153653040252648, "DTP": 1.6054056832951022, "HIBV": 0.624235802545169, "PNC13": 0.7617722957766164, "RV1": 19.587829097039087}