{"ANTH": 1.2710152598437174, "BCG": 44.222405283945896, "COVID19": 0.2718915162618185, "COVID19-2": 0.6363835677151746, "DT": 8.664765083, "DTAP": 2.032127412949234, "DTP": 4.023933369713068, "DTPHIB": 15.497116392569298, "FLU3": 1.718639549015936, "FLU4": 0.3267974345470739, "FLUX": 3.6923440504968736, "FLUX(H1N1)": 7.716473166458137, "HEP": 6.021478491174518, "HEPA": 2.020758598341323, "HEPAB": 4.541820174824637, "HIBV": 1.871700254047372, "HPV2": 2.5309687975415494, "HPV4": 1.4535309363411557, "HPV9": 0.921154115242464, "IPV": 4.509401116645301, "MEA": 18.252408477842003, "MENB": 1.1605050796939038, "MMR": 2.0031586692651357, "MMRV": 1.6129993215924363, "MNQ": 1.2464821461847675, "PNC": 14.849009269682684, "PNC13": 1.3385782701504587, "PPV": 4.940396786157024, "RAB": 1.932868885057856, "RUB": 12.381655407260942, "RV1": 3.650886376147701, "RV5": 2.4533600462973766, "SMALL": 9.129782417465414, "SMALLMNK": 15.428852339500294, "TDAP": 1.704857928156026, "TTOX": 8.458889624195661, "TYP": 2.995697218257257, "UNK": 0.6089694812418828, "VARCEL": 2.2183678116729504, "VARZOS": 0.5056068697614654, "YF": 4.848643734062127}