{"CEE": 9.80555362724957, "COVID19": 0.3206914486265813, "COVID19-2": 1.1084208666543007, "DTAP": 0.1646899881962569, "DTAPHEPBIP": 1.722651227911015, "DTAPIPV": 0.5373958932647348, "DTAPIPVHIB": 0.6560257387241833, "FLU(H1N1)": 0.3915477924219845, "FLU3": 1.5751208405444008, "FLU4": 3.268949200452421, "FLUA3": 2.019664580798282, "FLUA4": 1.9919339609417688, "FLUC3": 0.4675582986957258, "FLUC4": 5.872078803649531, "FLUR4": 3.797112890881051, "FLUX": 0.2413235028431021, "HEP": 0.4196278659572881, "HEPA": 1.0983569870110474, "HEPAB": 0.3681001692894602, "HIBV": 0.0857270273781237, "HPV4": 0.4188554788771017, "HPV9": 2.519108864206598, "HPVX": 0.1766622784576193, "JEV1": 2.1089065614760862, "MEN": 0.2538063084430818, "MENB": 0.1888966582571024, "MMR": 0.5160793351485584, "MMRV": 0.7895867035935751, "MNQ": 1.360757880189822, "PNC13": 1.990182283954408, "PNC15": 95.2050973919912, "PNC20": 0.3303151477826363, "PPV": 0.6215624327546676, "RAB": 2.110170214954673, "RSV": 0.9934034432021738, "SMALLMNK": 15.38833996977912, "TDAP": 0.8424949615105679, "TYP": 2.638947906962987, "UNK": 2.4490572330080638, "VARCEL": 0.5557189795240165, "VARZOS": 1.7542395946422982}