{"COVID19": 0.0203314158584346, "DTAP": 1.537423724812048, "DTAPIPVHIB": 1.8445526646752737, "FLU4": 0.5249507592275476, "FLUN(H1N1)": 9.57136089007857, "HBPV": 105.7136677210498, "HEP": 0.3230171038476477, "HEPA": 4.598077222240704, "HPV9": 1.3683190931749307, "MMR": 1.082303747735032, "MNQ": 0.8687629249668644, "OPV": 4.083448624939075, "TDAP": 0.4937956766954393}