{"COVID19": 0.0675010215710169, "HEP": 3.9304473546319647, "HIBV": 2.524558994288485, "HPV4": 0.725371151683085, "JEV1": 46.352888950366, "RAB": 5.568015818776709, "TDAP": 0.7814518703766257}