{"BCG": 96.14388680115368, "COVID19": 0.0339121833488998, "HEP": 1.9746331625438325}