{"COVID19": 0.232498832283711, "HIBV": 10.40880371626739}