{"COVID19": 0.0138003554169446, "HEP": 1.960691435065579, "HPV4": 1.9570825431456855, "RV1": 15.000724372681178}