{"COVID19": 0.5749275361046013, "FLUX": 4.026413274113257, "HEP": 5.654953713450852, "HIBV": 21.21260287920355, "HPV2": 14.281895357555886, "HPV9": 10.439746639414592, "MENB": 13.152390903197578, "PPV": 2.576064038496162, "YF": 54.95129565}