{"FLUX": 2.7972275433973564, "HPV2": 12.782026305748058, "HPV4": 6.123240922850684}