{"DTAP": 3.235750651096223, "HEP": 4.7374132857055855, "HEPAB": 3.014964388565281, "HIBV": 2.772984925372377, "HPV2": 3.4245342534746825, "HPV4": 2.9928018842137423, "HPVX": 4.020811945893214, "LYME": 23.25587477259811, "PNC": 2.181251073267222, "RAB": 3.4464300364930063}