{"COVID19": 0.2060868783218298, "DTAP": 0.2656855855322572, "DTIPV": 18.80024785601928, "FLU4": 0.3324808697878711, "FLUX": 4.296190173600867, "HEP": 0.741115564667966, "HIBV": 0.2706063248464425, "HPV2": 1.8199130048046617, "HPV4": 1.0516373060573243, "HPVX": 4.606709695949516, "IPV": 0.3747862584131019, "MMR": 0.1870353850633605, "PPV": 0.1984966430227467, "UNK": 0.3668830014035331, "VARZOS": 0.1354738034173392}