{"COVID19": 1.545529423980045, "COVID19-2": 0.998827189, "FLU(H1N1)": 1.2940206819498876, "FLU3": 0.7982594780306533, "FLU4": 2.991453439315523, "FLUA3": 2.143723694690455, "FLUX": 1.8831777005874923, "FLUX(H1N1)": 1.9965110703608933, "HEP": 0.2474815629518972, "HEPA": 0.5228381962957354, "HPV4": 0.4962237482307534, "HPV9": 0.4786783393618044, "LYME": 2.974529751836311, "MMR": 0.2046895758113719, "MNQ": 0.647735264, "PER": 76.93193913755458, "PNC13": 1.043562664558088, "PPV": 0.3559035842659171, "TD": 0.4316970461848137, "TDAP": 0.658950022, "UNK": 0.6342876872453747, "VARCEL": 0.18809305, "VARZOS": 1.0217855195270344, "YF": 2.519600892372895}