{"FLUN3": 35.87625612643225, "VARZOS": 1.8039276069457395}