{"COVID19": 1.0234973719664329, "FLUC4": 19.498173901741616, "FLUX": 3.523111615, "TDAP": 4.173350136631939, "TYP": 29.7073307477178, "VARZOS": 3.226691114295898}