{"6VAX-F": 0.874539071931545, "BCG": 5.064496444331982, "CHOL": 18.877502101859847, "COVID19": 0.4644761150420493, "DTAP": 0.1350775172579715, "DTIPV": 9.558280329147768, "FLUX": 1.3417264152365629, "HEP": 0.3731008613474424, "HEPA": 0.2009865870378988, "HEPAB": 0.980568694327632, "HIBV": 0.1375792761439199, "HPV4": 0.5294272806168642, "HPV9": 0.4406062281378305, "IPV": 0.6834973066995347, "JEV1": 9.43169001810166, "LYME": 2.2182338299821214, "MMR": 0.341095802064004, "PPV": 0.1009179079891681, "RV1": 0.5665635307271145, "TDAP": 0.1590048806816565, "TTOX": 1.9463686652788312, "TYP": 0.6949239132288371, "UNK": 0.1865274156560294, "VARCEL": 0.1198417449164454}