{"ANTH": 3.416875738934201, "DTP": 8.605409311618898, "FLU3": 7.21438126334568, "FLUX": 4.568019965131441, "HEP": 30.176615326098524, "HEPA": 3.857213706990201, "LYME": 20.87840026212367, "MMR": 3.3009743365681445, "RAB": 5.19651373544719, "RUB": 17.788062635532345, "TD": 7.86967548982644, "TTOX": 12.11416953946416}