{"COVID19": 0.2653511705098159, "FLUX": 21.13866969, "VARZOS": 15.774934336557722}