{"ANTH": 0.6857719613564842, "CEE": 12.73887561362776, "COVID19": 1.0603051606144995, "COVID19-2": 0.4768048354466881, "DT": 1.296500748, "DTAP": 0.2423216084875313, "FLU(H1N1)": 0.7823306340350932, "FLU3": 0.9502677847863376, "FLU4": 1.2613688234733569, "FLUA3": 1.6065111237491465, "FLUA4": 2.271180820891367, "FLUC3": 0.3052729812830169, "FLUC4": 1.5930925089305974, "FLUN(H1N1)": 0.1300430940429276, "FLUN3": 0.2061540232168524, "FLUR4": 1.673411296193444, "FLUX": 0.8044654201101585, "FLUX(H1N1)": 0.4598451446946388, "HEP": 0.6832259987000265, "HEPA": 0.5730870366753356, "HEPAB": 1.3560234082053906, "HPV2": 0.3773525446762376, "HPV4": 0.9080856577524612, "HPV9": 0.5523675470589732, "HPVX": 0.923719047, "JEV": 1.135785961768957, "JEV1": 1.3756507977954318, "LYME": 1.1978248585252214, "MEN": 0.165732380675612, "MENB": 0.1388987724250184, "MMR": 0.2480413682945413, "MNQ": 0.1118778444218634, "PNC13": 0.3595953967545249, "PNC20": 1.0789543862405606, "PPV": 0.3695921836607601, "RAB": 1.0428728342050195, "RSV": 1.2969823733048933, "RUB": 0.7407828021438171, "SMALL": 0.2697383540488273, "SMALLMNK": 0.2297749154493885, "TBE": 4.763066820293531, "TD": 0.5481072879735613, "TDAP": 0.8120427932438127, "TTOX": 1.134910779, "TYP": 0.2688784178297525, "UNK": 0.916380479, "VARCEL": 0.2497003382221244, "VARZOS": 3.196162348463877, "YF": 0.4351893936040676}