{"COVID19": 2.421202734119275, "HEP": 0.1532285444034768, "SMALLMNK": 4.955019725653898}