{"COVID19": 0.0180450703317701, "HPVX": 41.61966736634324, "UNK": 6.570891096876195}