{"6VAX-F": 2.5873369987595924, "ADEN_4_7": 1.220847720963422, "ANTH": 2.0176445506354934, "BCG": 1.7351558646955343, "COVID19": 0.5749394649637606, "COVID19-2": 0.3390535847006919, "DF": 0.7430566186660571, "DTAP": 0.5104702532161536, "DTAPHEPBIP": 1.6875958934477215, "DTAPIPV": 0.9503020750034732, "DTAPIPVHIB": 1.7571839889444971, "DTP": 0.5028755164343398, "DTPIPV": 1.2965943586609494, "DTPPHIB": 1.2600665868410457, "FLU(H1N1)": 0.2776987853649728, "FLU3": 0.1705039700824333, "FLU4": 0.3665909994228578, "FLUA3": 0.7815980972283274, "FLUC4": 0.2068481418249011, "FLUN3": 1.30996012375687, "FLUN4": 0.3953533784369424, "FLUX": 0.4639293598766626, "FLUX(H1N1)": 0.1187474833263164, "HEP": 0.8197005127599245, "HEPA": 0.7039599261181002, "HEPAB": 0.9377010371438104, "HIBV": 1.8236777863774687, "HPV2": 1.31507918974105, "HPV4": 0.4765565270909223, "HPV9": 0.7334933390926494, "HPVX": 1.2457768684121646, "IPV": 0.6673891796924617, "MEN": 0.5972590858912177, "MENB": 1.0858008359554665, "MMR": 0.3070312958257667, "MMRV": 0.0924423127083396, "MNQ": 0.6792035366171808, "MU": 1.521099469578135, "OPV": 0.0178733434651549, "PNC": 1.3282842191037798, "PNC10": 0.3137376754235234, "PNC13": 2.225497546479537, "PNC20": 0.2023557479018148, "PPV": 1.3706594142546906, "RAB": 0.6025955860589867, "RV1": 4.292738763232202, "RV5": 2.3245975441183746, "RVX": 0.1415807345025824, "SMALL": 2.571731379456895, "TBE": 1.0017660290635797, "TD": 0.0713686222749688, "TDAP": 0.7353281619972739, "TYP": 0.9876825401001218, "UNK": 1.816218345712402, "VARCEL": 0.2599001698500924, "VARZOS": 0.097889079144529, "YF": 0.4720501829017017}