{"ANTH": 1.981451736961603, "BCG": 22.83379096360605, "COVID19": 0.4927030229126437, "COVID19-2": 1.5015554755934375, "DF": 5.1864705828226505, "DPP": 44.51757970585332, "DTAP": 1.0492684027646373, "DTAPIPV": 1.708056712093979, "DTAPIPVHIB": 4.179192798283053, "DTP": 2.081948134764587, "FLU(H1N1)": 0.965235231, "FLU3": 0.8317590920849278, "FLU4": 0.8528266384013552, "FLUA3": 1.0660428362304324, "FLUA4": 1.6328992764027148, "FLUC4": 0.5080957368532018, "FLUN(H1N1)": 2.2494628245642936, "FLUN3": 2.9806529529081454, "FLUN4": 0.8928633297378638, "FLUX": 1.398368446908132, "HEP": 1.189857370493535, "HEPA": 1.3056700867145408, "HEPAB": 0.5843709996924208, "HIBV": 6.868397848552692, "HPV4": 1.3155987553676052, "HPV9": 0.955270934325518, "IPV": 7.029939732, "MEN": 7.190471935855207, "MENB": 3.0285110632362846, "MMR": 0.3060320752609629, "MMRV": 1.2531898972981494, "MNQ": 0.9684311777757606, "PNC": 5.047146841482226, "PNC13": 4.058170272853254, "PNC20": 1.863392884640864, "PPV": 7.027351163838795, "RAB": 1.5017066201646458, "RV1": 7.154851745978543, "RV5": 2.224111648528605, "SMALL": 1.1660319935349852, "TD": 0.2146767070061288, "TDAP": 0.8766774904084598, "TYP": 1.5499476911852763, "UNK": 1.4287104368237815, "VARCEL": 0.1872752536665932, "VARZOS": 0.6866321865242759, "YF": 1.2529611386610051}