{"BCG": 4.25375977621331, "COVID19": 0.6322881947645508, "COVID19-2": 0.3318042246030614, "DT": 0.6717163329126792, "DTAP": 0.0318721154290801, "DTAPIPV": 0.1577647997366914, "DTAPIPVHIB": 2.094015257195583, "FLU3": 0.1993244146306434, "FLU4": 0.1419676502792467, "FLUA3": 3.716930675804615, "FLUN(H1N1)": 0.7272198276456427, "FLUX": 0.6736557055358517, "HEP": 0.2637012101239494, "HEPA": 0.0474236417856982, "HIBV": 0.2241324392957062, "HPV4": 0.2404475165303179, "IPV": 0.1600318852518923, "MEN": 11.825989791280998, "MENB": 1.9998450427420216, "MMR": 0.2410805481597241, "MMRV": 1.32416781017619, "MNQ": 0.4557405327742289, "PNC13": 1.9849417857660727, "PPV": 2.3269455831026176, "RAB": 0.9515300790590095, "RV1": 0.9230065179622636, "RV5": 0.9245662293211504, "TD": 0.0951434173464204, "UNK": 1.2767015840359468, "VARCEL": 0.100650395010469}