{"COVID19": 0.1870717754135258, "PNC13": 1.2356452556221045, "PPV": 2.8430422373136954, "TDAP": 1.1702394498584696}