{"CEE": 2307.78932912126, "COVID19": 0.0180450703317701, "VARCEL": 3.9055998474246487}