{"COVID19": 0.4817110305941066, "COVID19-2": 0.7871142584356443, "FLU3": 0.1741266264232382, "FLUX": 1.3803822757562565, "HEP": 0.3028770829348556, "HPV2": 3.1305717786927385, "HPV4": 2.102771706985856, "PNC13": 0.2377416795230346, "VARZOS": 1.6720432087408523}