{"COVID19": 2.738424079661301, "COVID19-2": 1.5629316637149886, "FLU4": 0.7977209171508061, "HEPAB": 2.745947401615916, "HPV4": 0.2879869967410623, "MEN": 6.728227311407373, "PPV": 0.2760068612674459, "UNK": 1.486510118313519, "VARCEL": 0.8835550429398248, "VARZOS": 1.399389336}