{"COVID19": 0.1242031987525019, "MNQ": 10.286154127542687}