{"COVID19": 1.194080267294172, "MNQ": 98.88758359732488}