{"COVID19": 0.1341852790524417, "DTIPV": 156.51358087355771, "FLU(H1N1)": 1.4368090246183904, "FLU3": 0.1579751722615793, "FLU4": 0.3779350046025036, "FLUX": 14.267870071751174, "HEPAB": 2.6153580576092645, "PNC13": 0.7707745948029593, "PPV": 0.2628671853262079, "RV1": 2.102299764518002, "TTOX": 4.871201543928248}