{"COVID19": 0.083323400571905, "FLU4": 1.9778058846338848, "HEPA": 2.35162979123317, "TDAP": 1.860425960565813}