{"HEP": 2.563760393145586, "HPV2": 13.597619874365328, "HPV4": 2.5590414806269965}