{"PNC13": 7.191416335336609, "RV5": 13.180656411837038, "VARCEL": 3.9055998474246487}