{"DTAPHEPBIP": 3.4159383285733127, "FLU3": 0.3863929805382187, "HEPA": 3.68807589164129, "HIBV": 0.6761527367943188, "JEV1": 46.352888950366, "PNC13": 3.080790501491113, "RAB": 5.568015818776709, "RV5": 6.69182187892695, "VARCEL": 0.5889791521028853}