{"ANTH": 0.8379239063350508, "DTAP": 0.181137484832053, "FLU(H1N1)": 1.0870303482257089, "FLU3": 0.7459582783713836, "FLUX": 1.8129996210461168, "FLUX(H1N1)": 22.616911665127112, "HEP": 0.1394806432291861, "HEPA": 1.9069767044680257, "HEPAB": 4.7331506384034485, "HIBV": 0.6640803729806457, "HPV2": 1.2407692706636582, "HPV4": 4.125276776128116, "IPV": 0.2555194732365134, "JEV1": 12.6477827293329, "MER": 32.59492693829853, "MMR": 0.1275158338702147, "MNQ": 0.3751368604699218, "PNC13": 0.2251411063739622, "RAB": 10.749703464600488, "SMALL": 1.420326385128042, "TD": 1.946345791100922, "TDAP": 1.5086495283253147, "VARCEL": 0.1607064796888971, "VARZOS": 0.092362495603584}