{"ANTH": 1.8096696482233472, "FLU(H1N1)": 9.00661125101064, "FLU3": 4.679156698219558, "FLU4": 2.2737449203266853, "FLUN3": 7.3502560695972035, "FLUX": 2.730949914135393, "FLUX(H1N1)": 3.677371353956634, "HEP": 2.3224246782136126, "HEPA": 1.676065570550718, "HEPAB": 6.640843801572411, "HPV2": 13.85985945170846, "HPV4": 20.59675666894857, "HPV9": 1.64762827825422, "HPVX": 5.492886024522719, "MENB": 1.243045511107151, "MMR": 1.3649469060242354, "MNQ": 1.335147903257529, "PNC13": 1.1102088866391646, "RAB": 2.522023365863129, "SMALL": 2.156798722973708, "TDAP": 2.445301535955547, "VARZOS": 1.0931933159681753}