{"BCG": 1.9539841974002272, "COVID19": 7.289821330507857, "HEPA": 0.089239564333657, "HPV2": 0.1117719032104899, "HPV9": 0.2905801917721228, "MMRV": 0.1430680320398687, "PNC13": 0.2102397538965598, "RV5": 0.1083444601448255, "VARZOS": 0.0313619139251064}