{"6VAX-F": 3.078493191629048, "ANTH": 1.8330666626837333, "BCG": 0.6800433350345877, "CHOL": 0.3688257496355764, "DT": 0.1975516366433461, "DTAP": 1.303248012446125, "DTAPHEPBIP": 3.196836994503668, "DTAPIPV": 0.6338558751061691, "DTAPIPVHIB": 3.535141166520181, "DTIPV": 4.432981702879768, "DTP": 0.2997418132505195, "DTPHEP": 0.3109448042539292, "DTPIHI": 0.5074706351722922, "DTPIPV": 4.769580903787358, "FLU(H1N1)": 6.254796191840806, "FLU3": 3.0997580603199366, "FLU4": 1.282576468986061, "FLUA3": 0.6592316389212591, "FLUC4": 0.8742407611470231, "FLUN(H1N1)": 2.305881571795405, "FLUN3": 5.310979311715718, "FLUN4": 1.2418161677314543, "FLUR3": 0.5383136430035332, "FLUX": 2.018632696638537, "FLUX(H1N1)": 3.001534243569788, "HBHEPB": 0.5116205654187942, "HEP": 1.6870203750976562, "HEPA": 1.9653784010878912, "HEPAB": 4.629483516009063, "HIBV": 1.6353336163669787, "HPV2": 9.412426728796513, "HPV4": 11.118707727568896, "HPV9": 1.1905704480185662, "HPVX": 3.702014448370344, "IPV": 1.616444839319611, "JEV": 0.2829468174570107, "JEV1": 7.059674422117762, "JEVX": 0.6568711392256307, "LYME": 1.02837382063218, "MEA": 0.695585454573234, "MEN": 1.2959816646584166, "MENB": 1.0205478534447794, "MENHIB": 0.3835901293569894, "MMR": 1.1050116952147793, "MMRV": 0.5485855617803749, "MNC": 3.564021870663042, "MNQ": 1.98069987725846, "MU": 0.5965432259513209, "OPV": 0.0248956424595797, "PER": 0.6885943111042991, "PNC": 2.733861098513415, "PNC10": 0.8456467200967057, "PNC13": 3.049014012702721, "PPV": 0.550581500713618, "RAB": 2.672766858441696, "RUB": 0.1653470939449441, "RV1": 1.794211764288885, "RV5": 2.30689142235113, "RVX": 0.3815842958710024, "SMALL": 2.2593687417066146, "SSEV": 6.958414599779458, "TBE": 4.192718642609244, "TD": 0.8600817995212517, "TDAP": 2.102767320345665, "TDAPIPV": 0.9221163126939508, "TTOX": 1.2669098020907126, "TYP": 2.200750482749674, "UNK": 0.0864646609094727, "VARCEL": 1.109513627123006, "VARZOS": 0.7185548595247202, "YF": 2.3279564015007463}