{"HPV4": 3.865599784002454, "VARZOS": 1.8039276069457395}