{"ANTH": 3.372347495917866, "BCG": 1.992762794614839, "DT": 0.2206148240029572, "DTAP": 0.3813558762767833, "DTAPHEPBIP": 0.2693829604122045, "DTAPIPVHIB": 2.926067790773712, "DTIPV": 12.257279993700031, "DTP": 1.5169260148364336, "FLU(H1N1)": 5.380046897981031, "FLU3": 5.321737734022732, "FLU4": 3.8953123262580864, "FLUA3": 0.7221531751074819, "FLUC3": 1.7871085649993423, "FLUC4": 1.6718322334155422, "FLUN(H1N1)": 2.631505048638005, "FLUN3": 3.786561280932576, "FLUN4": 0.9389904188563232, "FLUR3": 3.8828954043249992, "FLUR4": 0.1422744643379063, "FLUX": 6.681685903912401, "FLUX(H1N1)": 2.325357692546267, "HEP": 5.693910005170029, "HEPA": 1.7989202693669777, "HEPAB": 7.697171473319936, "HIBV": 2.073014250460212, "HPV2": 5.260101820929682, "HPV4": 8.96632291381937, "HPV9": 0.7831801567651262, "HPVX": 4.272476968925867, "IPV": 0.7894021904550188, "JEV": 0.9675554976734764, "LYME": 13.721422732661413, "MEA": 1.6517040722752747, "MENB": 0.8424466420195867, "MER": 2.048166207166504, "MMR": 0.9295471361920298, "MNQ": 1.2184999764133904, "PNC": 2.3686793797852617, "PNC13": 1.866939370928845, "PPV": 1.421679822097391, "RAB": 3.18638208154936, "RUB": 0.3152813927969252, "RV1": 0.1643958693619707, "RV5": 0.2138051967008033, "SMALL": 1.636143234216482, "TD": 0.4058017161373248, "TDAP": 4.199097368764956, "TTOX": 3.581744783301082, "TYP": 0.2709366774345377, "UNK": 0.6743955194424346, "VARCEL": 0.4008401864508147, "VARZOS": 0.4304717415950012, "YF": 1.8279089876150747}