{"COVID19": 1.0683275557269891, "COVID19-2": 0.5060259847776094}