{"ANTH": 1.288996683969832, "CHOL": 31.302937656237876, "COVID19": 0.1450905368848809, "DTAP": 0.2875065253225795, "DTAPHEPBIP": 3.006997713791744, "DTAPIPVHIB": 4.087357448847911, "FLU3": 0.9551888662377388, "FLUX": 0.7010493926463841, "HEP": 0.2409555097909916, "HEPAB": 0.6425999382340468, "HIBV": 0.5318648543081056, "HPV2": 1.2779946887599276, "HPV4": 0.7307662425170488, "IPV": 25.296204644734257, "MENB": 0.329764641239493, "MMR": 1.2137079318989217, "MMRV": 0.4583489973524607, "PNC13": 0.1893811201247003, "PPV": 1.589419002083964, "RAB": 0.549247479567769, "RV1": 18.103854956931126, "RV5": 24.634310990926902, "TDAP": 0.1195825686708513, "VARZOS": 0.1008241227637495, "YF": 4.917876823482326}