{"COVID19": 0.941909727570646, "FLU(H1N1)": 0.6829812061799382, "FLU3": 0.0750928227671878, "HEPAB": 1.2431998974152898, "HPV4": 1.4372435787235165, "HPVX": 2.120447337855339, "UNK": 1.2004441782585482, "VARZOS": 0.0546546884466544}