{"COVID19": 3.231646776131906, "HPV2": 0.92526428409941, "HPV4": 0.1475939291052751, "PPV": 0.3619976877064562, "UNK": 0.1865274156560294}