{"DTAPHEPBIP": 13.195163626480504, "HIBV": 2.6118647627182807, "RV1": 10.755861824765477}