{"COVID19": 4.378611780752819, "FLUX": 0.1113301795257305, "HPV2": 0.394903079689145, "VARZOS": 0.031155248994743}