{"COVID19": 0.1320641770279268, "DTAP": 0.8361357584530703, "DTAPIPV": 2.7281461373723275, "FLU(H1N1)": 6.268912915029313, "FLU3": 17.201551041737982, "FLU4": 0.2700617688270958, "FLUC4": 1.6248478251451348, "FLUN3": 5.7341092821330815, "FLUN4": 5.730502625007475, "FLUX": 7.311118839837229, "FLUX(H1N1)": 6.3721398621971375, "HEP": 0.593176963, "HEPA": 2.5118170689172743, "HEPAB": 9.475452301350696, "HIBV": 1.5467522932752589, "HPV2": 7.444817792768493, "HPV4": 3.7491443708578154, "JEV": 31.38003089512358, "MMR": 3.013322969623125, "MNQ": 1.0300789958054677, "PNC": 2.0022101619421675, "PNC13": 0.5507691840723241, "PPV": 0.95241804240175, "RAB": 1.5973013702908674, "TD": 2.073957137964804, "TDAP": 1.40576004602339, "TTOX": 3.480480626622173, "VARCEL": 1.2090753219176549, "VARZOS": 0.673662676, "YF": 4.006865308009674}