{"ANTH": 5.707577959298203, "COVID19": 0.9453135449412194, "COVID19-2": 7.695046201453898, "FLUR4": 25.09485468329338, "FLUX": 1.5953712972901586, "HEPA": 4.518111205725412, "HPV4": 1.0650085162499665, "PPV": 1.0207046190267812, "TDAP": 1.889818929795595, "VARZOS": 1.8929921203869269}