{"COVID19": 0.1336007138635097, "COVID19-2": 1.178958721231464, "FLUX": 1.3219022525001027, "TDAP": 1.565879928502645, "VARZOS": 0.3699285162171076}