{"6VAX-F": 5.9306664917794745, "ANTH": 0.1746501344585673, "COVID19": 1.9375797829601733, "FLU(H1N1)": 0.6076847144933423, "FLU3": 0.0187697247306144, "FLU4": 0.671117832387334, "FLUN3": 1.1235135449683922, "FLUX": 0.1737698812817809, "HEPAB": 0.3107424507635209, "HPV2": 0.1731594598453252, "HPV4": 0.6329200717603045, "HPV9": 0.4505625216794637, "SMALL": 1.1023897944904848, "TDAP": 0.2058419853202588, "UNK": 0.0836770322434325, "VARZOS": 0.0136611384882365}