{"COVID19": 0.1326755852549079, "FLUX": 84.55467876, "HPV4": 18.815150453749403}