{"ANTH": 0.7611295907953246, "COVID19": 0.4795831931254333, "COVID19-2": 1.3338925474279135, "DTAPIPV": 1.9770315407489976, "FLUX": 0.2127444982856402, "HEP": 0.142281501329656, "HEPAB": 1.3542230197902323, "HPV4": 0.9984147338427436, "RV5": 0.731492660101689, "RVX": 11.288649940189456, "TDAP": 0.2520098338347975, "UNK": 2.563666633996452, "VARZOS": 0.0595355907300382}