{"COVID19": 0.7327351616076869, "MEN": 12.387834729181613}