{"COVID19": 0.7255591899900259, "FLU3": 0.2209129802641628, "FLUX": 0.5369122305744407, "HPV4": 1.5153381511551065, "MNQ": 2.8721439977944234}