{"ANTH": 3.025016318428048, "COVID19": 7.642113711, "HPV4": 0.5644545136124821, "HPV9": 4.428983422781948, "PPV": 0.540973448}