{"6VAX-F": 0.0067861534851414, "BCG": 0.0393012098118326, "COVID19": 14.858227754624602, "COVID19-2": 0.1614000903370925, "DTAP": 0.0189573567395535, "DTAPHEPBIP": 0.0224424842006059, "DTAPIPV": 0.1176997593384923, "DTAPIPVHIB": 0.0764320416399649, "DTPPVHBHPB": 1.786896142318276, "FLU(H1N1)": 0.0589035439731005, "FLU3": 0.0296616712802032, "FLU4": 0.0297544539085159, "FLUA3": 0.1905085013893971, "FLUA4": 0.0370678772706623, "FLUC3": 0.4392972171054772, "FLUC4": 0.097579845658274, "FLUN(H1N1)": 0.0067347560840614, "FLUN3": 0.30807707114852, "FLUN4": 0.2874771435804445, "FLUR3": 0.4138476244042079, "FLUR4": 0.3097208586570327, "FLUX": 0.5646120395326432, "HEP": 0.0145976221394221, "HEPA": 0.1210515321406309, "HEPAB": 0.0507739610389586, "HIBV": 0.0177033840958666, "HPV2": 0.0215508349961053, "HPV4": 0.0576018055847296, "HPV9": 0.1045458477334807, "HPVX": 0.005117882906653, "IPV": 0.0098660469936709, "JEV1": 0.0206098361096777, "MEN": 0.0168558429411364, "MENB": 0.072994709487449, "MMR": 0.0100562854259464, "MMRV": 0.0493739188461537, "MNQ": 0.0594584979732951, "PNC": 0.0271512695911573, "PNC13": 0.025541579766024, "PNC20": 0.0088758340667254, "PPV": 0.0341637566729803, "RAB": 0.0263882405552356, "RV1": 0.0182935827235259, "RV5": 0.0188824974568542, "RVX": 0.2687040377158608, "SMALL": 0.0158988832208316, "SMALLMNK": 0.2402262042110506, "TD": 0.0008811195363223, "TDAP": 0.0279885392532933, "TTOX": 0.0042531355063262, "TYP": 0.0015185224637242, "UNK": 0.7139564498948755, "VARCEL": 0.0087078990835223, "VARZOS": 0.1007946869101728}