{"COVID19": 0.2412283368271054, "FLU3": 0.6252102205554767, "FLU4": 1.4957267196577615, "FLUC4": 28.07737041850793, "FLUX": 5.073280725382704, "FLUX(H1N1)": 17.584655196640178, "HPV4": 10.034746908666348, "MMR": 3.676385322416013, "TDAP": 17.806293916296273, "TTOX": 19.27650808590742, "UNK": 15.097368389121678}