{"COVID19": 1.55995775134107, "FLU(H1N1)": 1.1957558772641477, "FLUC3": 10.43458235160919, "PPV": 0.1488656063207342, "RAB": 1.671226157033995, "VARZOS": 0.7210355211569437}