{"COVID19": 1.7413420559760622, "HEPAB": 1.653128265779778, "MMRV": 0.8805261188384673, "TDAP": 0.2680643444394699, "UNK": 1.1358973045326692}