{"COVID19": 1.6844661240377004, "COVID19-2": 0.2414984182859532, "DTAP": 0.771176847094597, "FLUX": 0.2707790458376855}