{"COVID19": 0.7960535115294479, "HPV9": 27.404334928463303, "VARZOS": 6.760686144239024}