{"COVID19": 0.040379526, "DT": 9.084643566790673, "DTAP": 16.958246368625648, "DTAPH": 100.8517408707708, "DTAPHEPBIP": 11.092305572607264, "DTAPIPV": 6.953151217, "DTAPIPVHIB": 25.922290465025963, "DTP": 21.47300766797556, "DTPHIB": 16.248077979874417, "DTPPVHBHPB": 68.15566604453646, "FLU(H1N1)": 2.616670140049109, "FLU3": 1.648019567547155, "FLU4": 2.1021024168163134, "FLUN(H1N1)": 4.558382816297688, "FLUX": 0.7482714934192778, "HEP": 9.569921668916828, "HEPA": 4.276069533990121, "HEPAB": 4.762882218732031, "HIBV": 20.434158736847458, "HPV2": 1.3212326101703684, "HPV4": 3.41298078, "HPV9": 1.94012990643988, "HPVX": 4.043814109123287, "IPV": 4.7279183513726055, "MEN": 11.670199584388008, "MENB": 11.35069351919791, "MM": 160.8754391909968, "MMR": 10.011903717841667, "MMRV": 1.6911622843127747, "MNQ": 3.955503343892996, "PNC": 7.688487021857924, "PNC13": 4.287068243589983, "PPV": 0.2383142943102176, "RV": 173.90465999575838, "RV1": 13.703213796445784, "RV5": 3.876308873149856, "RVX": 39.685979326095854, "TD": 4.433122133, "TDAP": 2.245748952, "TTOX": 13.365045606229144, "UNK": 1.2826082879253815, "VARCEL": 2.7286258679024, "VARZOS": 0.1042396542063285}