{"COVID19": 0.4369361117036234, "VARCEL": 1.172541359930975}