{"COVID19": 0.1053640533107351, "HPVX": 34.00413218985475, "YF": 20.005614702580505}