{"COVID19": 13.214488291388834, "FLU3": 0.095339975, "FLU4": 0.2280873590093947, "FLUX": 0.2479609347694381, "HEP": 0.1658344197492918, "HPV4": 0.1655291828775607, "HPVX": 2.691923175281484, "UNK": 0.425028552890229, "VARZOS": 0.2094017832286423}