{"COVID19": 0.1436719871063901, "COVID19-2": 0.4617335581549259, "FLU3": 0.1782373010461696, "FLU4": 0.1072296674025067, "FLUC4": 0.7413510105746309, "FLUX": 13.367543686008217, "FLUX(H1N1)": 1.51205357801262, "HEP": 2.3466807271528127, "HEPA": 0.4556474793006044, "HIBV": 0.0872742720133246, "HPV2": 2.097644520037326, "HPV4": 0.3346031934124808, "HPV9": 0.2795013178836746, "HPVX": 5.309828396954145, "JEV1": 5.983057076999967, "MEN": 7.760965610672375, "MER": 15.419135980355508, "MMR": 0.2155758629474957, "MNQ": 0.1774588664648274, "RAB": 2.5684815440271453, "SMALL": 2.4012080971642096, "TDAP": 0.1008657381211308, "TTOX": 1.2346913320421642, "TYP": 0.4408293442515963, "UNK": 0.8241401741988472, "VARZOS": 0.1561462375393518, "YF": 9.523526846089757}