{"COVID19": 4.350554941262974, "FLU3": 0.0539337578411755, "FLU4": 0.1159591484861031, "HPV4": 0.1012492391309282, "VARZOS": 0.3294677641999351}