{"6VAX-F": 3.463072624561476, "ANTH": 0.1020930245841393, "COVID19": 0.9866578734449496, "COVID19-2": 0.667357989, "DTAP": 0.1625976356748712, "DTAPIPV": 0.2651724898964666, "FLU(H1N1)": 0.3995726024669585, "FLU3": 0.7633782250981235, "FLU4": 0.5017921898206683, "FLUA3": 0.331361948, "FLUA4": 0.5075599843290247, "FLUC3": 0.8197965278666774, "FLUC4": 0.6323732076240524, "FLUN(H1N1)": 2.4495334105840465, "FLUN3": 0.5538518252921517, "FLUN4": 0.2775319361081919, "FLUR4": 0.8980602958909853, "FLUX": 0.7773157393334071, "FLUX(H1N1)": 2.1646312112198256, "HEP": 0.095555149, "HEPAB": 0.7273049874550264, "HIBV": 0.1503424436258098, "HPV2": 0.1012216680758263, "HPV4": 0.6940014511628879, "HPV9": 0.3704540037642894, "HPVX": 1.240467301041873, "JEV1": 7.390988114826638, "MENB": 0.3732435256312826, "MMR": 0.2537153605456247, "MNQ": 0.1001224268619556, "PNC13": 0.3754990446702081, "PPV": 0.1280627033002826, "RAB": 0.3106163366939701, "RSV": 3.4837244301194223, "SMALL": 0.181024204193754, "SMALLMNK": 0.6170499501285134, "TD": 0.066728737, "TDAP": 0.4071561108909208, "TTOX": 0.338298488, "TYP": 0.4814152180588975, "UNK": 1.4320638362969251, "VARCEL": 0.5557846237847284, "VARZOS": 5.022816515750588, "YF": 0.7791878519289575}