{"BCG": 1746.785008715863, "COVID19": 1.194080267294172}