{"ANTH": 0.041273591524851, "CHOL": 1.2469226522306611, "COVID19": 1.8046045207318004, "COVID19-2": 0.1993866236166505, "DTAPIPV": 0.1569328508181879, "DTAPIPVHIB": 0.1394073011535243, "FLU(H1N1)": 1.7922637336922431, "FLU3": 1.4680466363114064, "FLU4": 0.7876343621184541, "FLUA3": 0.5354905164226836, "FLUA4": 0.1631068901996232, "FLUC3": 0.4672432065267973, "FLUC4": 0.2742996424198558, "FLUN(H1N1)": 3.017552320536543, "FLUN3": 0.6224194719545831, "FLUN4": 0.5242748999546003, "FLUR4": 1.48845249076708, "FLUX": 0.6165814899700562, "HEP": 0.1635720667559368, "HEPA": 0.3160747524295928, "HEPAB": 0.2301502840557856, "HIBV": 0.0090875306510776, "HPV2": 0.0611165395121255, "HPV4": 0.4762532645708002, "HPV9": 0.200198301640767, "IPV": 0.0447226471742565, "JEV1": 2.2139796845062154, "MENB": 0.037468320751006, "MMR": 0.0670942631258711, "MMRV": 0.1225870017771494, "MNQ": 0.4399355466487434, "PNC": 0.0189717274534307, "PNC13": 0.1184614680710366, "PPV": 0.0987945350205814, "RV5": 0.0240881693507409, "TD": 0.0266344541119879, "TDAP": 0.5130743741400636, "TTOX": 0.1285636451190958, "TYP": 0.6803186864631279, "UNK": 0.4742870659246401, "VARCEL": 0.1884642402312277, "VARZOS": 0.3463588206744882, "YF": 0.6261007974499663}