{"ANTH": 0.1689252796804289, "COVID19": 2.7232468978367805, "COVID19-2": 0.3897202359565566, "DTAP": 0.0365168436401819, "DTAPIPV": 0.1807582006989304, "FLU(H1N1)": 0.3401975534144218, "FLU3": 0.8163829951780868, "FLU4": 0.8079999255020418, "FLUA4": 0.0971021088705214, "FLUC3": 0.2781630022146952, "FLUC4": 1.0920061013065654, "FLUN(H1N1)": 0.1211956903000248, "FLUN3": 0.3703282149207997, "FLUN4": 0.0878349843577173, "FLUR4": 0.1288086582093012, "FLUX": 0.4453707876949096, "FLUX(H1N1)": 0.0937310198743891, "HEP": 0.014529688265142, "HEPA": 0.2252625570559024, "HEPAB": 0.4115240371448351, "HIBV": 0.0054100619188533, "HPV4": 0.0619403652363816, "HPV9": 0.119114327808701, "HPVX": 0.0920991567826296, "IPV": 0.0074928659684111, "MEN": 0.0441565816221702, "MMR": 0.1625526749741006, "MMRV": 0.0729598286637406, "MNQ": 0.1174009577588249, "PNC": 0.0112944015580838, "PNC13": 0.1266428236281755, "PPV": 0.1324627848821951, "RAB": 0.0445511053632, "RV1": 0.0222791122340919, "SMALL": 0.0416497359640964, "TDAP": 0.4732024101719184, "TYP": 0.0970752283611507, "UNK": 0.637339626456714, "VARCEL": 0.180841167133866, "VARZOS": 0.8031383434105711, "YF": 0.1924863456708697}