{"COVID19": 0.155742911207756, "HEP": 0.6231336268412662, "HEPA": 0.7335139128939417, "HPV4": 22.08683110379077, "HPV9": 0.6715585455097887, "TDAP": 0.30680690804025, "UNK": 3.137124994413839}