{"COVID19": 0.0248948517120857, "FLUN4": 51.43624221245527}