{"COVID19": 2.327896304951393, "DTAPIPV": 0.2215861238892308, "FLU3": 0.0260553961824013, "FLU4": 0.1995907068826425, "FLUX": 0.2256203145802745, "HEPA": 0.0666081477746683, "HPV2": 0.3066381165180935, "HPV4": 0.3384232315235213, "MENB": 0.187988647579976, "MMR": 0.1122785996983649, "PNC": 0.0951862637134615, "PNC13": 0.0556403448159773, "PPV": 0.5020050097007525, "RV5": 0.1208568293382799, "TDAP": 0.1877452549979937, "TTOX": 0.6450383371979543, "UNK": 0.927863223707962, "VARZOS": 0.0813258059101618}