{"COVID19": 0.4739869492889983, "HPV4": 0.3314200585141291, "JEV1": 64.34436731129858, "PNC13": 0.9313580644234926, "RAB": 9.83446253444019, "TYP": 4.186537998930907}