{"COVID19": 4.133910662841747, "COVID19-2": 0.0318672971937396, "DF": 2.3337112679448304, "DT": 0.4454242019385857, "DTOX": 5.580203114074483, "FLU3": 0.1831016116418846, "FLU4": 0.0264482805077683, "FLUA3": 2.460471363714753, "FLUC3": 1.1067913283478976, "FLUC4": 0.1828548252145573, "FLUX": 1.1632956827666507, "HEP": 0.0162743769016029, "HPV4": 0.0821326145772273, "MENB": 0.088753819623982, "MMR": 0.0148783421638962, "PNC13": 0.0262691023911946, "PPV": 0.1088311706345765, "RAB": 0.177265798198454, "SMALL": 0.5894073067606919, "TBE": 3.146237112390645, "TDAP": 0.0248786123888279, "TTOX": 0.3045376452719147, "UNK": 0.1037982565617681, "VARCEL": 0.0187509734263147, "VARZOS": 0.010776707167152}