{"COVID19": 0.8807409476097751, "HEP": 0.3794579861758689, "HPV4": 0.3787595469629555}