{"COVID19": 0.0174774444681449, "MMR": 0.9303769127291014, "PNC": 2.8101781419026204, "PNC13": 14.189467034342576}