{"COVID19": 0.3478782723252281, "DTPIPV": 12.005982605267668, "FLU3": 0.4652531951686306, "FLUX": 0.313192637689694, "HEP": 0.6155180170012478, "HEPA": 0.3294269476314042, "HEPAB": 11.44836073337192, "HIBV": 0.2254992344544858, "HPV2": 1.516553685337209, "HPV4": 0.2419137452707502, "MMR": 0.1558586481898742, "MNQ": 1.6554555792101786, "TD": 0.6609109274571986, "TDAP": 0.2606168584068219, "UNK": 0.3057276520490202}