{"COVID19": 0.1187745635522363, "FLU3": 0.6523190014375372, "HPV4": 1.1325584164632627, "VARZOS": 0.474776319959765}