{"COVID19": 0.1874776512867863, "DTAPIPV": 7.8231827137528835, "MMR": 1.112604658837956}