{"COVID19": 0.1874776512867863, "FLU4": 1.9778058846338848, "HPV4": 1.7269129482651422}