{"COVID19": 0.3380852934081232, "MMR": 4.976919957252795}