{"COVID19": 1.5740148977968629, "COVID19-2": 1.4095598649392185, "FLU3": 0.3010271432304147, "HEP": 0.5236068253195234, "HPV4": 7.643654871835695, "HPV9": 4.097844475284233, "HPVX": 8.499498173805426, "MMR": 0.8680354233482254, "UNK": 1.341988301}