{"COVID19": 0.9859974429661796, "COVID19-2": 0.3480070137919236, "FLU3": 0.042020223194642, "HEP": 0.0730901957748833, "HPV4": 4.2829958189118384, "HPV9": 1.0117412362303628, "HPVX": 1.186554164104597, "MMR": 0.1211694178542828, "UNK": 0.1873297297781327}