{"COVID19": 0.5546812645415922, "COVID19-2": 1.411287437569279, "DTAP": 0.6401979808441906, "FLU4": 0.7425585389629358, "FLUX": 0.2247891560993274, "HEPAB": 1.4308931351391465, "HPV4": 1.0563445923102228, "HPVX": 2.440583681831105, "MMR": 0.2492294428365279, "TDAP": 0.2662775220227257, "VARZOS": 0.0629062342437215}