{"COVID19": 0.7484235899957675, "RV5": 2.3873736216744867}