{"6VAX-F": 0.1924908995039954, "COVID19": 1.945736631490004, "COVID19-2": 0.6693015889930668, "DTAPHEPBIP": 0.5444561643380271, "DTAPIPV": 0.5237529742510445, "DTAPIPVHIB": 0.4652626195968846, "DTP": 0.0778789652368045, "FLU(H1N1)": 1.2314810987677751, "FLU3": 0.2583613603619846, "FLU4": 0.132410686716953, "FLUX": 0.0420581743451278, "HEP": 0.0228938898328494, "HIBV": 0.3251937693141665, "HPV4": 0.1156137963595721, "IPV": 0.041940119384665, "MMR": 0.1444583765913934, "MNQ": 0.0615737225574636, "PNC": 0.678899207207098, "PNC10": 1.386140244572213, "PNC13": 0.551723191613565, "PNC20": 0.8940382285383048, "PPV": 0.1533105986454791, "RV1": 0.1247037666457516, "TD": 0.0887527547227366, "TYP": 0.1529566010375346, "UNK": 0.4408923470185091, "VARCEL": 0.0938748220969176, "VARZOS": 0.0151600733036123}