{"6VAX-F": 6.053338937445606, "ANTH": 0.3623425486308633, "BCG": 2.9371274854622738, "COVID19": 0.0884516113925502, "DTAP": 1.7568657998303516, "DTAPH": 0.9010263448811366, "DTAPHEPBIP": 1.1265997825669285, "DTAPIPV": 0.0563418610767574, "DTAPIPVHIB": 1.678443648702752, "DTIPV": 0.8054335137230952, "DTP": 0.0298152290043279, "FLU(H1N1)": 2.290735704448286, "FLU3": 1.762492079371896, "FLU4": 0.5495001303003392, "FLUC4": 0.0984780921176898, "FLUN(H1N1)": 1.7873243301451998, "FLUN3": 2.22038722120614, "FLUR4": 0.2760226442814832, "FLUX": 0.3097136051869255, "HBHEPB": 1.0267896574861206, "HEP": 0.924353726243356, "HEPA": 2.82792808125702, "HEPAB": 0.5686194989323717, "HIBV": 1.3613372742707608, "HPV4": 4.178882122924871, "HPV9": 0.5507478125214008, "HPVX": 0.1973582633407929, "IPV": 2.5793687846254536, "JEV": 1.2203351122569843, "JEV1": 0.7947662889706147, "JEVX": 2.8330505603639584, "MEN": 1.0114280518077203, "MMR": 0.9893845451120592, "MMRV": 0.8465668957696022, "MNQ": 5.159950689006429, "PNC": 6.273720487294752, "PNC10": 1.8861520821767372, "PNC13": 0.8452496022801562, "PPV": 0.4619577196424517, "RAB": 0.339296422776328, "RV1": 2.593580274032796, "RV5": 2.176022593376939, "RVX": 0.2394764150762076, "SMALL": 0.614196698981561, "TD": 0.2338237253655736, "TDAP": 3.201016397965169, "TTOX": 0.1640114594575109, "TYP": 1.126389039085418, "UNK": 0.374725434074507, "VARCEL": 1.2469119137868845, "VARZOS": 0.0399396783989295}