{"BCG": 19.44283834908576, "COVID19": 1.7250041453661855, "FLU4": 0.2884125514918724}