{"COVID19": 1.7058289532773885, "COVID19-2": 4.309225872814182, "DTAP": 6.6890860676245625, "FLU4": 2.1604941506167665, "UNK": 4.0259649037657805, "VARZOS": 1.3521372288478046}