{"6VAX-F": 1.0247452984284144, "COVID19": 2.730596496601546, "COVID19-2": 1.0074369135209245, "DF": 0.9222774189262896, "DTAP": 0.1294816527582336, "DTAPHEPBIP": 0.4859516443965085, "DTAPIPVHIB": 0.2871770264109684, "DTP": 0.0955057177475886, "FLU(H1N1)": 0.6703190784495111, "FLU3": 0.2877679146273808, "FLU4": 0.4182083103984427, "FLUA3": 0.6538269476755714, "FLUA4": 0.1499882043576849, "FLUC3": 0.2422911432261521, "FLUC4": 0.2516346079441756, "FLUN(H1N1)": 0.1996460922294573, "FLUN3": 0.3639862442136007, "FLUN4": 0.4422325921851764, "FLUR4": 0.1326438235724948, "FLUX": 0.5706652335231978, "FLUX(H1N1)": 0.02567561635274, "HEP": 0.1370077007486155, "HEPA": 0.071686848716408, "HEPAB": 0.1611325098358244, "HIBV": 0.2395387877608975, "HPV2": 0.0897878451072382, "HPV4": 0.1635496874669271, "HPV9": 0.0656317598715097, "HPVX": 0.1771053407431642, "IPV": 0.0301360963875442, "MENB": 0.5833857238327552, "MMR": 0.141322687956863, "MMRV": 0.0740597297817928, "MNQ": 0.0888127094302196, "PNC": 0.78479126426691, "PNC13": 0.4850409251217186, "PNC20": 0.0481931784185967, "PPV": 0.4311415835917365, "RAB": 0.0458720113150218, "RSV": 0.1449381905721143, "RV1": 0.5887693063909611, "RV5": 0.4382922520799049, "RVX": 0.4474582687080184, "TD": 0.0197149411954115, "TDAP": 0.136291971593446, "TYP": 0.0710984577783079, "UNK": 0.3511612223588552, "VARCEL": 0.0805072474678851, "VARZOS": 0.1033516273615565}