{"COVID19": 0.6549960592427407, "HEP": 0.4090901335664682, "HIBV": 2.0000753375056632, "UNK": 0.7336230562524898}