{"COVID19": 0.727269079513795, "HPV4": 0.7911451943281131, "MNQ": 1.499519475503825}