{"6VAX-F": 0.1155845465711477, "ADEN_4_7": 0.587113904646655, "ANTH": 1.2572210426956132, "BCG": 0.2351064093532099, "CEE": 0.4153200441331766, "CHOL": 0.8681488367914204, "COVID19": 0.7822012964227577, "COVID19-2": 0.8430070317346207, "DF": 0.2533382948814688, "DPP": 1.3688958939594689, "DT": 1.356097086297524, "DTAP": 0.6888912904970298, "DTAPH": 0.4980275341635363, "DTAPHEPBIP": 0.1972018890209922, "DTAPIPV": 0.3722359748980086, "DTAPIPVHIB": 0.1785868583130135, "DTIPV": 0.1687059649132742, "DTOX": 0.0591265908477438, "DTP": 0.5718079745663975, "DTPHEP": 0.1923892126279328, "DTPHIB": 0.2417771686470594, "DTPIHI": 0.0952473334263851, "DTPIPV": 0.096811526670639, "DTPPVHBHPB": 0.1744962165509654, "EBZR": 1.5803839632721086, "FLU(H1N1)": 0.8090168358200133, "FLU3": 1.478095419415375, "FLU4": 1.3916622636288989, "FLUA3": 1.2342482394217884, "FLUA4": 1.4945754900409065, "FLUC3": 0.635448509356073, "FLUC4": 1.1883480895652023, "FLUN(H1N1)": 0.7156043796297017, "FLUN3": 0.6255001076117577, "FLUN4": 0.450251860504242, "FLUR3": 0.6277338196812502, "FLUR4": 1.0532675213032114, "FLUX": 1.1697487091476917, "FLUX(H1N1)": 0.8801525643140097, "H5N1": 0.2740843732469259, "HBHEPB": 0.2440805295914058, "HBPV": 0.9184444781529674, "HEP": 0.8071666272251079, "HEPA": 0.3568494363222353, "HEPAB": 0.5503691936280378, "HEPATYP": 0.0902360045890324, "HIBV": 0.0932748851081701, "HPV2": 0.7363788641126319, "HPV4": 0.5371534303945158, "HPV9": 0.4938309961572094, "HPVX": 0.6805518267048842, "IPV": 0.3213258450944619, "JEV": 0.4060912977790686, "JEV1": 0.319194346775845, "JEVX": 0.4697814634929129, "LYME": 1.726920254532023, "MEA": 0.2665395357054396, "MEN": 0.6445514430564847, "MENB": 1.0620905504588771, "MENHIB": 0.3261939420307196, "MER": 0.6329199498115401, "MM": 0.0278833446110014, "MMR": 0.4893062170049733, "MMRV": 0.1112005809281573, "MNC": 0.5262157510704443, "MNQ": 0.7576648904184012, "MNQHIB": 1.6650574835440846, "MU": 0.4560000418504545, "OPV": 0.2889746391079601, "PER": 0.9012464329765082, "PLAGUE": 0.0714416580851954, "PNC": 0.1919152159785817, "PNC10": 0.2878812646938378, "PNC13": 1.0479825527325377, "PNC15": 0.2082709737503212, "PNC20": 1.3684437032891146, "PPV": 1.5129169721128854, "RAB": 0.8702682586780878, "RSV": 0.98771263107509, "RUB": 1.2118273248094942, "RV": 0.2218661301238878, "RV1": 0.0845387009747226, "RV5": 0.0514170992949276, "RVX": 0.1135508687933065, "SMALL": 1.089671934558404, "SMALLMNK": 0.6092282640968784, "SSEV": 0.4562866052276852, "TBE": 0.1029489472675279, "TD": 2.0993185408070247, "TDAP": 1.5899262720352472, "TDAPIPV": 0.0750398339698715, "TTOX": 1.945152979502804, "TYP": 0.6644719633866152, "UNK": 1.287843008657827, "VARCEL": 0.354617479780668, "VARZOS": 2.168210590290216, "YF": 0.7177896540195615}