{"6VAX-F": 0.1464358580744913, "ADEN_4_7": 0.2374838895319984, "ANTH": 1.2536913050609435, "BCG": 0.1613172912057942, "CEE": 0.2813925915435083, "CHOL": 0.6301439184305253, "COVID19": 1.0021004242323353, "COVID19-2": 0.9689107105061152, "DF": 0.2632576202428465, "DPP": 0.6779966585894539, "DT": 1.1234817798772094, "DTAP": 0.5250731417219602, "DTAPH": 0.4039260285492486, "DTAPHEPBIP": 0.2178259768197615, "DTAPIPV": 0.404761414730528, "DTAPIPVHIB": 0.2050929659155952, "DTIPV": 0.3186499241889321, "DTOX": 0.2570909772433918, "DTP": 0.4555662706328189, "DTPHEP": 0.2809318309034913, "DTPHIB": 0.2098870721094045, "DTPIHI": 0.1560612021247267, "DTPIPV": 0.1092738364342761, "DTPPHIB": 0.0440263984708952, "DTPPVHBHPB": 0.1868971031921429, "EBZR": 1.491634804327132, "FLU(H1N1)": 0.9041557840686268, "FLU3": 1.6569130473422695, "FLU4": 1.4618278656298225, "FLUA3": 1.4843151236044645, "FLUA4": 1.3610879895614518, "FLUC3": 0.7509208398851052, "FLUC4": 1.3751946854405233, "FLUN(H1N1)": 0.7761142169802766, "FLUN3": 0.6634230320778838, "FLUN4": 0.5140407102583091, "FLUR3": 0.6022199768578163, "FLUR4": 1.226472932855595, "FLUX": 1.3088463318427217, "FLUX(H1N1)": 1.0334088910387222, "H5N1": 0.2803961047723475, "HBHEPB": 0.2475562286505686, "HBPV": 0.0592663430977738, "HEP": 0.744705700198235, "HEPA": 0.5201059311376991, "HEPAB": 0.7150055991049846, "HEPATYP": 0.5718395437837591, "HIBV": 0.2240734672929828, "HPV2": 0.813645865341228, "HPV4": 0.5981211345384012, "HPV9": 0.5581120251036581, "HPVX": 0.801480467428033, "IPV": 0.4995088016720846, "JEV": 0.7660198183348298, "JEV1": 0.5563131820197192, "JEVX": 0.2423283579974841, "LYME": 1.890996138722004, "MEA": 0.2902747073803257, "MEN": 0.6395842624500313, "MENB": 1.1060002996473393, "MENHIB": 0.5978913568525344, "MER": 0.6001301805019188, "MM": 0.2494783736064307, "MMR": 0.5549705813535567, "MMRV": 0.2581715579939014, "MNC": 0.0461889204408417, "MNQ": 0.778678295102058, "MNQHIB": 1.1936592376186024, "MU": 0.4154818146894345, "MUR": 0.0664660238559752, "OPV": 0.4500348495046259, "PER": 0.7213757288337056, "PLAGUE": 0.3111514444651248, "PNC": 0.2157662778849545, "PNC10": 0.1110597963202413, "PNC13": 0.614727938192467, "PNC15": 0.2118033842337891, "PNC20": 1.5626700984634945, "PPV": 1.771805659454204, "RAB": 0.9043578220510246, "RSV": 1.1763923262059417, "RUB": 1.2543931290869013, "RV": 0.374418826300425, "RV1": 0.1378241901978248, "RV5": 0.1173309396338034, "RVX": 0.1981955597063421, "SMALL": 1.065561576621173, "SMALLMNK": 0.6461870220464259, "SSEV": 0.0901971052747376, "TBE": 0.2205812888032294, "TD": 2.04726255726337, "TDAP": 1.424751202991768, "TDAPIPV": 0.17693550008959, "TTOX": 1.803969594503055, "TYP": 0.9229453003265778, "UNK": 1.0078389388148266, "VARCEL": 0.3922474351587424, "VARZOS": 2.371070159785781, "YF": 0.924381740897388}