{"COVID19": 2.454761929511476, "COVID19-2": 0.274533053027581, "FLU3": 0.0297302788886708, "FLU4": 0.6902082306453118, "FLUA4": 0.9337721765773884, "FLUC3": 2.6749239782291, "FLUR4": 1.2386747661887223, "FLUX": 0.2575636287520285, "HEP": 0.0393323823560972, "HEPAB": 1.3217450918197395, "HPV4": 0.0558123196848691, "HPV9": 0.1666142846097498, "IPV": 0.0720543698544176, "PNC13": 0.0634879222461189, "TDAP": 0.0601273460462108, "UNK": 0.2514245517740092, "VARZOS": 0.2812337155431726}