{"COVID19": 0.4480531453808666, "FLU(H1N1)": 0.3821806751246481, "FLU3": 1.037397081567975, "FLU4": 0.3589272582488397, "FLUR3": 13.201897771389202, "FLUX": 0.7596325633947303, "HEP": 0.5080339407417223, "HEPA": 0.3095076917680954, "HPV2": 0.3876561173455778, "HPV4": 0.5070988374331024, "HPV9": 1.0117412362303628, "HPVX": 1.186554164104597, "MEN": 1.7046926115109744, "MMRV": 0.4961998012656679, "MNQ": 0.3834461368122738, "PNC": 0.7453438044045063, "PNC13": 0.2050203568032043, "PPV": 0.249646355547488, "RAB": 0.5946047465779112, "TDAP": 0.462219634668134, "VARZOS": 0.6051867905244216}