{"ANTH": 0.8698860795321679, "COVID19": 0.200911848576703, "FLU(H1N1)": 0.8502796064448921, "FLU3": 0.3360387535785588, "FLU4": 0.2236555917885703, "FLUN4": 2.364849744400851, "FLUX": 9.231869140061464, "FLUX(H1N1)": 2.629665059626661, "HEP": 1.1470284339485834, "HPV4": 0.1623125569663234, "MENB": 5.602560098859331, "MMRV": 1.1039505038252897, "UNK": 0.4167732018945055, "VARZOS": 0.0680425308113547}