{"COVID19": 0.6075091941391526, "HEPAB": 4.819138473787266, "HPV4": 0.725371151683085, "UNK": 0.9167152149160344}