{"COVID19": 2.2112597542484664, "COVID19-2": 4.039899255763297, "FLU3": 0.5605333011876688, "FLU4": 1.3409963693483378, "FLUX": 2.966830833557137, "HEPAB": 9.279408460633094, "HPV4": 0.9731974372629}