{"COVID19": 0.3741435508270517, "FLU4": 1.1066017881111838, "HPV4": 0.9662246969727768, "UNK": 1.221102965264112}