{"COVID19": 0.5614759984072658, "COVID19-2": 0.6676320675315585, "DF": 48.89151154347719, "FLU4": 2.0343778093680176, "FLUX": 0.6263645371729376, "VARCEL": 0.3928400957004317}