{"ANTH": 0.4221934847771176, "COVID19": 2.538571673656248, "COVID19-2": 0.3166331117183269, "DTAP": 0.1679268468859722, "DTAPIPVHIB": 0.3343062904168563, "DTP": 0.3338083450650785, "FLU(H1N1)": 1.0338591812082143, "FLU3": 0.3665785084581794, "FLU4": 0.5458090485768673, "FLUA3": 1.0273722903748466, "FLUA4": 1.0487449327523712, "FLUC3": 1.6939031464916077, "FLUC4": 0.3263292703220354, "FLUN(H1N1)": 1.0827550393786975, "FLUN3": 0.1905373829081051, "FLUX": 0.3550231438336392, "FLUX(H1N1)": 0.3187180446933737, "HEP": 0.25731326, "HEPA": 0.3342078072623123, "HEPAB": 1.3159063342707078, "HPV2": 1.998764029345773, "HPV4": 2.058862617365861, "HPV9": 1.6159804380420622, "HPVX": 3.5317956734805342, "JEV1": 3.815285255510021, "LYME": 0.2369048617269421, "MEN": 0.4596488508315946, "MENB": 0.5786317226965415, "MMR": 0.1636087708928592, "MMRV": 0.1338075421885673, "MNQ": 0.725336799, "PNC13": 0.2768263961829483, "PNC20": 0.5981822400677016, "PPV": 0.1133324262746216, "RAB": 1.2858778326869875, "SMALLMNK": 0.6372669927608173, "TDAP": 0.4557526225513352, "TDAPIPV": 9.644075552713906, "TYP": 0.4971938200454862, "UNK": 1.0683150113186837, "VARCEL": 0.030026705, "VARZOS": 0.1995423879536465}