{"COVID19": 0.5151946609200824, "COVID19-2": 0.0282525923248531, "DTAP": 0.6218399461616742, "DTAPIPV": 0.2943842581690984, "DTP": 0.3588312908337459, "FLU(H1N1)": 0.1107793458529637, "FLU3": 0.4739389283463738, "FLU4": 0.2008406684839439, "FLUA3": 0.3678730667493848, "FLUX": 2.648062345668061, "FLUX(H1N1)": 0.3426081817256705, "HEP": 2.0249281200152014, "HEPA": 0.0897142665182815, "HEPAB": 0.7171895791809105, "HIBV": 0.1668982137060764, "HPV2": 0.7744961897063312, "HPV4": 2.1501375842105768, "HPV9": 1.968979220425355, "HPVX": 3.685782953472082, "MEN": 0.4941244109344729, "MENB": 1.1088593831570348, "MMR": 0.6785899879455212, "MMRV": 0.143829070111349, "MNQ": 1.1910154991305453, "PPV": 0.0202673020991705, "RAB": 1.1879728863107268, "RUB": 1.10436333194881, "SMALL": 0.2009606442614294, "TD": 0.2634556885247091, "TDAP": 0.4020980933653152, "TTOX": 0.3755747471268991, "UNK": 0.8082607062315561, "VARCEL": 0.0322745151604105, "VARZOS": 0.3449455033165192, "YF": 0.4323834379484674}