{"HPV4": 3.865599784002454, "HPV9": 11.539788277988835}