{"ANTH": 0.0706678216031464, "COVID19": 0.0186576997453729, "FLUX": 0.1359681349081596, "HPV2": 6.589523553354751, "HPV4": 180.70373996552388, "HPV9": 11.997405476861704, "HPVX": 14.03227233652204, "UNK": 0.3620697009284953, "VARZOS": 0.0055276388125794}