{"COVID19": 0.0580484035364683, "HEPA": 1.6886820555183468, "MMR": 0.7989502959977272, "VARCEL": 1.006906194249996, "YF": 44.77763678612828}