{"FLU(H1N1)": 8.184800702882306, "FLU3": 3.1955117764691225, "FLUN3": 0.987458838634909, "FLUX": 4.650051450452636, "FLUX(H1N1)": 41.48289257307857, "HEP": 4.28189367048565, "HEPA": 1.5477304374592564, "HEPAB": 3.478808327435783, "HIBV": 0.8046680731068457, "HPV2": 0.5417536325687903, "HPV4": 1.562374777306614, "IPV": 13.541253912696764, "JEV": 16.340007884052454, "MMR": 0.6059184049251444, "OPV": 871.16228579809, "PNC": 1.041626001050214, "PNC13": 0.2865181824937883, "PPV": 0.3496441602758169, "RAB": 2.9734210913884973, "RV5": 0.5251409653565785, "TTOX": 1.810761829599365, "YF": 2.08465389485565}