{"COVID19": 0.3628025221029269, "FLU(H1N1)": 6.810777259582865, "VARZOS": 0.5786971306518768}