{"COVID19": 0.9575148819756218, "HEPA": 1.077344866776218}