{"6VAX-F": 2.457326510268816, "COVID19": 0.4202396919448337, "DTAP": 0.3795481529092609, "FLUX": 0.5369122305744407, "HEP": 0.2922620971327033, "HEPAB": 2.755254047096236, "HPV2": 2.5998568485024074, "IPV": 0.5354051479597711, "JEV1": 26.50154969775446, "PNC13": 0.4717515537115948}