{"COVID19": 0.7926675385806325, "HEP": 0.360998974265784, "HIBV": 0.4774966192855456, "PNC13": 0.5827023983556283, "RVX": 9.863476629278392}