{"HEP": 1.134646873300884, "HPV4": 4.3803906807355375, "LYME": 13.638399499428385, "SMALL": 10.7626923056546, "TDAP": 2.009692609342568, "VARZOS": 0.474776319959765}