{"6VAX-F": 8.997946017362747, "ANTH": 0.1288775275211965, "BCG": 1.0445627994695004, "COVID19": 0.1426335128440534, "COVID19-2": 0.0420075491877443, "DTAP": 0.2990414325066548, "DTAPHEPBIP": 0.1433561620939808, "DTAPIPV": 0.4907188025343345, "DTAPIPVHIB": 2.374106142736811, "DTIPV": 7.015894393363807, "DTP": 0.0729771785394724, "FLU(H1N1)": 0.1671915442554789, "FLU3": 0.3142481296420386, "FLU4": 0.3742230359841003, "FLUC4": 0.2410396750978805, "FLUX": 3.5752896531293623, "FLUX(H1N1)": 1.7494217170792576, "HEP": 0.7286092067687874, "HEPA": 1.19927612605873, "HEPAB": 0.7196649224111075, "HIBV": 0.1957910129600595, "HPV2": 0.6790750604705581, "HPV4": 1.8591167687218093, "HPV9": 0.3233700059836716, "HPVX": 1.7189632154650405, "IPV": 0.4218400613714559, "MEN": 5.572845089593657, "MENB": 0.8072638688726352, "MMR": 2.401420013945475, "MMRV": 0.3833215759218511, "MNQ": 0.0576982055356093, "MU": 6.297447591478278, "OPV": 0.5105726176702409, "PNC": 2.011986572923224, "PNC13": 3.1413780663643034, "PPV": 0.310554554338749, "RAB": 0.2336722062144667, "RUB": 6.211805754066647, "RV1": 0.8062928553679406, "RV5": 1.1222384895019883, "RVX": 2.085820497430995, "SMALL": 1.5073435609520665, "TDAP": 0.6355465768401443, "TTOX": 0.4014422599740652, "TYP": 0.1433293465499047, "UNK": 1.7101191568302283, "VARCEL": 0.5947245194404274, "YF": 1.0112984422505658}