{"6VAX-F": 0.5318887464132127, "COVID19": 1.4346030652838015, "COVID19-2": 1.348330087867062, "DT": 1.7314083816756172, "DTAP": 0.0821532254112583, "EBZR": 81.97215021972858, "FLUX": 1.2649868828562851, "HEP": 0.4403559887442307, "HEPA": 0.4367393358829599, "IPV": 0.1158884873548548, "PNC13": 1.1114648694287184, "UNK": 0.4053198031748306}