{"COVID19": 2.68138901894021, "FLU4": 0.3116982787995173, "UNK": 0.3439500149304562}