{"ANTH": 0.2857495299293708, "COVID19": 0.732251590508213, "COVID19-2": 2.757089976761779, "DTAP": 0.0617716531158323, "DTAPHEPBIP": 0.3178518126301261, "DTPIPV": 3.34975346694596, "FLU3": 0.0359536974986711, "FLU4": 0.8369920411239956, "FLUA4": 1.129237997584551, "FLUX": 0.0873827392807034, "HEP": 0.515023871131876, "HEPA": 0.0919122153814962, "HEPAB": 0.448419235354408, "HIBV": 0.2244448861288555, "MEA": 4.583438464984965, "MEN": 0.513514054394308, "MMR": 1.287234181665041, "MMRV": 0.8520647989113733, "PNC13": 0.076777804719326, "SMALL": 5.244630391329663, "TD": 0.1843983681773777, "TYP": 0.3177923567354307, "VARCEL": 0.3802291011984423, "VARZOS": 0.3410425656427255, "YF": 0.6301310819444822}