{"COVID19": 3.309455874362208, "COVID19-2": 0.5991374282639776, "FLU4": 0.0573655893220713, "HPV4": 0.6242140207412912, "HPV9": 0.1617006531500337, "TDAP": 0.0738742324415261}