{"COVID19": 0.3427844212355647, "HPV9": 3.853288539462811}