{"COVID19": 0.1779437428434439, "MMR": 2.61948255032256}