{"COVID19": 0.0209006553503986, "DTAP": 1.5804655670068424, "FLU3": 0.919897537375399, "IPV": 2.2294648756935143, "MMR": 1.112604658837956}