{"ADEN_4_7": 3.623107338641783, "ANTH": 0.3573719750960071, "COVID19": 7.891313070813657, "COVID19-2": 0.3161905776698037, "DT": 0.1872017147477743, "DTAP": 0.065591184, "FLU(H1N1)": 0.080538513, "FLU3": 0.1095541406510689, "FLU4": 0.120202038, "FLUA3": 0.267430212139521, "FLUC4": 0.084967076, "FLUN(H1N1)": 0.093931817, "FLUN3": 0.3475533388686173, "FLUN4": 0.074648432, "FLUX": 0.3313150343105769, "HEP": 0.1698957324689349, "HEPA": 0.19577934639635, "HEPAB": 0.1954801382790227, "HIBV": 0.040437968, "HPV2": 0.1361786244590781, "HPV4": 0.071820078, "HPV9": 0.0597152749485309, "IPV": 0.097425333, "LYME": 0.2468646320873865, "MEN": 0.5987706833617167, "MENB": 0.2007086630699603, "MMR": 0.051084094, "MNQ": 0.08080518, "PNC13": 0.057612467, "PNC20": 0.1557902, "PPV": 0.0294781644583159, "RAB": 0.083526608, "RSV": 0.9367945312767798, "RUB": 0.2675049007741562, "SMALL": 6.704067780125785, "SMALLMNK": 0.8301484754044609, "TBE": 3.4404250807076644, "TD": 0.089773541, "TDAP": 0.054578369, "TTOX": 0.090992958, "UNK": 0.5944279205341383, "VARCEL": 0.0156416916362474, "VARZOS": 0.071090609, "YF": 0.5239634983230957}