{"6VAX-F": 10.525252284534176, "COVID19": 0.1845257351369258, "FLU3": 0.257718209485315, "FLUX(H1N1)": 7.813415452125263, "HEP": 0.3409544519672633, "HPV4": 0.4838114818762644, "MENB": 6.826893303623905, "PNC13": 2.0205955653858925, "TDAP": 0.521216467705345}