{"DTAP": 120.40354921724212, "RV5": 145.36158274311956, "TYP": 356.4879689726136}