{"COVID19": 0.1946530506899216, "FLUX(H1N1)": 10.043651743182105, "HEP": 0.4382756674486918, "HEPAB": 4.131772107377504, "HPV4": 0.6219094557476109, "IPV": 0.802892481505382, "TTOX": 30.40231869593785, "UNK": 0.7859615916138906}