{"COVID19": 12.751780371406326, "VARZOS": 0.0330342007842584}