{"COVID19": 0.2401561569533295, "FLUX(H1N1)": 12.872829480699345, "HEP": 0.7960263997955664, "HPV4": 0.7945612152965688}