{"COVID19": 0.0721802813270804, "HEPA": 10.856459367876706}