{"COVID19": 0.0997590621125989, "TDAP": 2.7986632231385307, "VARZOS": 0.6611654768712584}