{"COVID19": 1.0359459275597, "FLU3": 0.1065345857770226, "FLU4": 0.9176979465061532, "HEP": 0.1853068116961788, "HPV4": 0.6659961595962622}