{"BCG": 18.675055676183465, "COVID19": 0.1631151764637047, "DTAP": 1.836444793278915, "FLUX": 2.5978529734844837, "HEP": 0.3835446694079029, "IPV": 0.7026288664704584, "MEN": 4.140693195193678, "MMR": 1.2928063284022142}