{"COVID19": 1.4689447957719042, "FLU4": 0.5249507592275476, "HPV4": 0.4583585376795945}