{"COVID19": 0.083323400571905, "DTAP": 1.5804655670068424, "HEP": 1.2170003088872623, "HPVX": 27.40344128486502}