{"COVID19": 4.931653644979461, "COVID19-2": 0.0681005499036588, "FLU3": 0.0293589626989006, "MMRV": 0.3466881211137483, "RV5": 0.2625445915659837, "VARZOS": 0.0213682865094321}