{"FLU3": 0.6605692251067157, "FLUX": 38.80901126322103, "HIBV": 1.1559362738241783}