{"COVID19": 1.6203643711669442, "COVID19-2": 0.1897394222309233, "VARZOS": 0.6583288609795067}