{"COVID19": 0.55434116306298, "COVID19-2": 0.2870881689077948, "FLU(H1N1)": 0.3155805222377746, "FLU3": 0.0346976300454967, "FLU4": 0.5757864210800826, "FLUN4": 0.8777122109391214, "FLUX": 2.2116714021560133, "HEP": 0.0603532391181219, "HEPA": 1.7727670482960385, "HEPAB": 2.049070588280701, "HPV2": 2.220388201436384, "HPV4": 0.2148847930520107, "HPV9": 0.8346353313404942, "HPVX": 0.9797811021452012, "MENB": 1.0515145499931842, "MMR": 1.0829603481914445, "PNC": 0.6154575783483156, "PNC13": 0.6038730089717839, "PPV": 0.0577360892073638, "RAB": 0.4909868325449766, "RV1": 1.6470937147701012, "TDAP": 0.1068980154987551, "VARZOS": 0.025253920175269}