{"ANTH": 1.5680510886837613, "FLU(H1N1)": 5.708814687097298, "FLU3": 13.114917484623762, "FLU4": 3.2968001203254937, "FLUC4": 1.729714564469289, "FLUN(H1N1)": 4.587062524827177, "FLUX": 5.430932484093402, "FLUX(H1N1)": 2.4064735231723517, "HEP": 2.0733502003315727, "HEPA": 1.1507515475058234, "HEPAB": 4.04595887129766, "HPV2": 1.2181610386938384, "HPV4": 2.5836367809012666, "MENB": 1.2240067887759618, "MMR": 1.933754532180466, "MNQ": 2.229881680272909, "PPV": 1.0442730101674431, "RAB": 2.560197046292541, "TDAP": 2.5595068554785265, "TYP": 2.3784586257382245}