{"HEPA": 14.977452639032371, "HPV9": 13.712408673799414}