{"COVID19": 1.0123616600725889, "HPVX": 6.468079407943638}