{"COVID19": 0.0327785466736167, "DTAPIPVHIB": 10.899053675564245, "FLUX": 7.220602431063296, "HEP": 1.9086268871891536, "MNQ": 1.3748528024630453, "PNC": 1.4115806913072897, "UNK": 0.9167152149160344}