{"COVID19": 1.525769230431442, "COVID19-2": 4.113351969504447, "FLU(H1N1)": 5.187433786413146, "FLUX": 1.4834154167785685, "HEP": 0.9920971427106758, "HEPAB": 19.22163181131141, "HPV4": 0.9902710765131264, "PNC13": 2.782833772154901, "SMALLMNK": 32.07577196896114, "TYP": 12.508349788512758}