{"COVID19": 0.0570719480494643, "FLU4": 1.3670098053429498, "HEP": 0.993903344274402, "HEPA": 4.208777387681973, "MMRV": 6.747465710786364, "SMALLMNK": 32.13995553027855}