{"COVID19": 0.7960535115294479, "COVID19-2": 1.1601761965268953, "FLU(H1N1)": 2.2571276780576284, "FLU3": 0.2481750493807999, "FLU4": 1.8087858005163624, "FLUN4": 6.277306310599791, "FLUX": 4.73506201, "HEP": 0.4316758559886147, "HEPA": 5.568834741940624, "HEPAB": 8.280087549487993, "HPV2": 6.974879128108688, "HPV4": 0.8683915594038185, "HPV9": 3.372841221964714, "HPVX": 7.007219868, "MENB": 4.249233984109987, "MMR": 2.9296195538002605, "PNC": 4.401805546865224, "PNC13": 2.440331154043528, "PPV": 0.4129568305986214, "RAB": 3.5116243865936627, "RV1": 6.655846701130808, "TDAP": 0.7645832311386758, "VARZOS": 0.1806290191208899}