{"ANTH": 9.558407725670374, "BCG": 0.5024343868054546, "DTAP": 0.246280117625582, "DTAPH": 2.1991820843682053, "DTP": 0.0917792168086152, "FLU3": 7.894095069704841, "FLUN3": 43.92234378820486, "FLUX": 4.629410281885276, "HEP": 5.001542054525262, "HEPA": 5.328441792837709, "HEPAB": 1.9795979226350475, "HIBV": 0.455609332778107, "HPV4": 2.8976386304303023, "HPVX": 0.3125151016286386, "IPV": 0.7071670823739481, "JEV": 12.8471425502539, "JEVX": 8.556028762817085, "LYME": 7.158480320388036, "MEA": 0.4164601916295523, "MEN": 11.707106683249224, "MMR": 7.666143715107848, "MMRV": 0.0367875347863089, "MNQ": 5.175299694095477, "MU": 8.585848183674713, "OPV": 1.278507440006814, "PNC": 2.120979980164283, "PPV": 0.7227088678732405, "RAB": 5.361049284671719, "RUB": 9.43523527446841, "RV1": 0.1472781334695434, "RV5": 0.0278589528350579, "SMALL": 13.58513991503497, "TD": 4.159338825046032, "TDAP": 1.338119464946883, "TTOX": 2.283031503188972, "TYP": 3.325681292459892, "UNK": 1.2070678655906235, "VARCEL": 5.253202315434147, "VARZOS": 0.1590916055931351, "YF": 3.152976555053154}