{"ANTH": 0.0672123501760337, "COVID19": 2.781024564628459, "COVID19-2": 0.0167551361420978, "DF": 1.0618517322890593, "FLU3": 0.1071930130281912, "FLU4": 0.0172809001466952, "FLUC4": 0.103976295789717, "FLUX": 0.0667733648232412, "HEP": 0.5500919249363815, "HEPA": 0.0532048438823257, "HEPAB": 0.4250540186239369, "HPV4": 0.0125411889124958, "HPVX": 1.4039983377294951, "LYME": 0.1510231985274609, "MNQ": 0.0659149768225518, "PNC13": 0.2425770785893736, "PPV": 0.719234565282857, "RAB": 0.102213471400759, "SMALLMNK": 0.406298550223827, "TDAP": 0.0222539898048603, "TYP": 1.6939632493085284, "VARCEL": 0.2046484066783061, "VARZOS": 0.0361855734331921}