{"6VAX-F": 0.0568597303850814, "BCG": 0.0479265155543899, "COVID19": 13.261231305522063, "COVID19-2": 0.01324183110665, "DF": 0.1411466850302824, "DT": 0.0269399730037732, "DTAP": 0.0244756881025683, "DTAPH": 0.1011876919969524, "DTAPHEPBIP": 0.070125644671086, "DTAPIPV": 0.0063273418480188, "DTAPIPVHIB": 0.0599254439502332, "FLU(H1N1)": 0.0527037284140789, "FLU3": 0.0284509898672985, "FLU4": 0.0306291036038482, "FLUA3": 0.0766743930298093, "FLUC4": 0.0110593535238867, "FLUR4": 0.0309980836515545, "FLUX": 0.1459108754480799, "FLUX(H1N1)": 0.0801077116293607, "HBHEPB": 0.0167559351460551, "HEP": 0.0067624823535106, "HEPA": 0.020277684377794, "HIBV": 0.0192442132808812, "HPV4": 0.0676682074241483, "IPV": 0.0192242708319094, "MEN": 0.0106263771821758, "MMR": 0.0031956967339609, "MMRV": 0.0049425687251362, "MNQ": 0.0282238915312771, "PNC": 0.0520437981792449, "PNC13": 0.0528707111346622, "PPV": 0.0317798575815695, "RV1": 0.0053615166775643, "RV5": 0.0237099759353037, "RVX": 0.0268938437987747, "TDAP": 0.0356733964345078, "TTOX": 0.0184189265084863, "TYP": 0.006576219753624, "UNK": 1.4700940631893762, "VARCEL": 0.0268869294945844, "VARZOS": 0.024924707130976, "YF": 0.0463083261058882}