{"COVID19": 0.995066889, "PPV": 9.016224134736566, "VARZOS": 3.943733584139431}