{"FLU3": 0.5082633528530927, "HPV4": 3.350211774448093, "LYME": 10.626559891799992, "PPV": 3.210843381116651, "SMALL": 8.38590804837205, "TD": 3.091087419155822, "TDAP": 1.565879928502645}