{"COVID19": 1.0031467529052929, "FLUX": 0.663188156208442, "HPV4": 0.5122544881531432, "HPV9": 1.5292124344974007}