{"COVID19": 0.150971080851374, "HEP": 1.0176741462271908, "HIBV": 1.34608674378201, "PNC13": 1.6426669796905078}