{"ANTH": 5.250005461536327, "COVID19": 0.0580484035364683, "FLUX(H1N1)": 20.02684978466916, "PPV": 0.8479088056447178, "UNK": 1.567196667776551, "VARZOS": 0.5786971306518768}