{"COVID19": 0.1326755852549079, "FLU3": 10.83697715629493, "HEP": 18.84984571150284, "PPV": 18.03244826947313}