{"COVID19": 0.7463001670588575, "FLU4": 3.5353540646456176, "HEP": 5.385670203286527, "HPV4": 2.565702334602191, "HPV9": 32.88520191415597, "PPV": 2.4589702185645184}