{"COVID19": 0.0560654502112883, "HPV2": 10.39908870146578, "HPV9": 7.601443957817539}