{"COVID19": 0.4586436311191099, "DTAPIPV": 1.9726497071333255, "FLU3": 0.2319558242006974, "HEPAB": 2.8929816598913995, "HIBV": 0.4059017075098557, "IPV": 0.5621686044540148, "MEN": 3.312941274327943, "PNC13": 0.4953331394921529, "TDAP": 0.4691139074066712}