{"COVID19": 0.0174774444681449, "OPV": 87.75568776362694}