{"ANTH": 0.7429430172152388, "BCG": 2.140667902838067, "COVID19": 1.8073296353389163, "COVID19-2": 2.056100851646868, "DF": 1.951282437409992, "DTAPIPV": 0.3209583691026267, "DTAPIPVHIB": 0.3917993248390362, "DTP": 0.3912157442776593, "DTPHIB": 1.506664093722015, "FLU(H1N1)": 0.4837361567698148, "FLU3": 0.7052851215611218, "FLU4": 0.2229502563290029, "FLUA3": 2.008644542079027, "FLUA4": 1.2291787769243157, "FLUC3": 0.9922618921850348, "FLUC4": 0.1911585676641335, "FLUN3": 0.8943177939686769, "FLUN4": 1.0085778332239237, "FLUX": 1.1194661647513895, "FLUX(H1N1)": 0.3735302574449711, "HEP": 0.4656199023014288, "HEPA": 0.195717118, "HEPAB": 1.1010754720063818, "HIBV": 0.1819708580323834, "HPV2": 0.3678493080646037, "HPV4": 0.1154776009845503, "HPV9": 0.3586661422130167, "HPVX": 0.7502622008753462, "JEV": 3.691768340602774, "LYME": 0.8336222996254257, "MEN": 1.0778361692160563, "MENB": 0.3387574108346064, "MMR": 0.2687284111594014, "MNQ": 0.1211857642124079, "OPV": 10.889281120161003, "PNC": 13.247706334654945, "PNC13": 2.70078178, "PNC20": 0.7010559014518937, "PPV": 0.9439503456392252, "RAB": 0.1879178082695138, "RUB": 1.2037720534837029, "RV1": 0.1767279557081301, "RV5": 0.1187594630254244, "RVX": 1.8319099934023, "SMALL": 0.6578594239894846, "TD": 0.2424986678078225, "TDAP": 0.1638616004567141, "TYP": 0.5827347265592376, "UNK": 0.653930313, "VARCEL": 0.1056581561978327, "VARZOS": 0.1948324537244675, "YF": 0.9431771219507856}