{"COVID19": 1.127742474666718, "FLU3": 3.096279187512837, "FLUX": 3.843394488926291, "PNC13": 7.210069318764971, "UNK": 6.587942569798551, "VARZOS": 1.075563704765299}