{"PNC": 181.1555579511118, "PNC13": 43.14643777542154, "PPV": 12.61023031478562}