{"COVID19": 0.1768556548412403, "COVID19-2": 11.354063968746487, "RV1": 5.077807858793458}