{"COVID19": 0.3980267557647239, "FLUX": 12.079239822339773, "MMR": 13.392546531658336, "PPV": 7.728192115488486, "VARZOS": 3.380343072119512}