{"COVID19": 0.0130757260786673, "FLU3": 0.0432096492752604, "FLUN4": 1.093032397686043, "MENB": 1.3109244093186023, "MMR": 0.1245992440253558, "PNC": 181.1555579511118, "PNC13": 43.14643777542154, "PPV": 12.61023031478562, "RV1": 0.5750250764331402}