{"ANTH": 0.341320134363447, "COVID19": 0.3103405402400158, "COVID19-2": 0.1112530879545037, "DT": 1.5550362932480772, "DTAP": 0.0737845805118198, "DTAPIPVHIB": 0.3244418820003944, "FLU3": 0.2985385131033531, "FLUN3": 0.7482492252076336, "FLUN4": 1.220114890466652, "FLUX": 0.3726863113473619, "HEP": 0.2028673304848129, "HPV2": 12.483114146730555, "HPV4": 1.9911698373671292, "HPV9": 0.8593617705974292, "MEA": 5.4747927974273365, "MENB": 0.3098516969101351, "MMR": 0.0519423256641223, "MNQ": 0.1528083311968263, "PNC": 10.2170513822137, "PNC13": 1.3909484212274903, "PPV": 1.6453396413874886, "TDAP": 0.0868546349840977, "UNK": 1.1066434403895644, "VARCEL": 0.0654622104321566}