{"COVID19": 1.7098243218476312, "COVID19-2": 3.8887401861699473, "PNC13": 1.778825832643942, "PPV": 1.1421911647752083}