{"BCG": 9.961405335136584, "COVID19": 0.1468250083552366, "DTAP": 0.962455132158594, "DTP": 0.6959437428130612, "FLUX": 0.375841223764469, "HEP": 0.2045849129671978, "HIBV": 3.093259522061888, "IPV": 0.3747862584131019, "MMR": 0.1870353850633605, "PNC": 4.054075239968439, "PNC13": 3.774793924499692, "PPV": 0.7190605789824398}