{"COVID19": 0.0617577167677011, "DTAPIPVHIB": 2.694944327892145, "FLUX": 0.866992073684185, "MEN": 5.094966561285268, "MENB": 2.5737524797729048, "PNC": 1.30319552398951, "PNC13": 9.62238429661608, "TDAP": 0.7214497702268101}