{"COVID19": 0.7033819499771244, "FLUX": 1.7867814130213888, "MMR": 0.2439607716170499, "PPV": 0.2589103346997491, "UNK": 3.4814936770451728}