{"DTAP": 0.4427828076364997, "DTAPHEPBIP": 8.365095930528515, "DTAPIPVHIB": 7.148357709590179, "HEP": 1.2518094563394633, "HIBV": 3.3356393618677647, "PNC": 11.31113720343816, "RV5": 14.361639838352252}