{"COVID19": 14.81681042694708, "FLU3": 0.0044076446587824, "FLUX": 0.0114635006390623, "HPV4": 0.0526300405489917, "HPV9": 0.0297231765145628, "MENB": 0.2575411850758088, "MMR": 0.0127098742327194, "PNC": 0.0781816751103012, "PPV": 0.0260584956424994, "RV1": 0.2084084345594071, "RV5": 0.039415675790672, "VARZOS": 0.0032080089007162}