{"COVID19": 0.2397069909270719, "FLU3": 0.3815671117683006, "HEP": 0.6636997620592261, "HPV2": 3.5201303237190693, "MMR": 1.1002857579765692}