{"COVID19": 0.5838214724396339, "MENB": 2.594269888108192, "VARZOS": 0.2222483070109297}