{"COVID19": 0.2510763974325906, "FLUN3": 8.967522159039033, "HIBV": 0.9006637151639432, "IPV": 1.2474075040440722, "VARZOS": 0.4508998458996356}