{"COVID19": 1.0348695649882824, "FLU3": 0.9288837562538512, "FLU4": 2.2222225549201027, "FLUA3": 28.052155776235097, "HEP": 3.3264433608534425, "HPV2": 8.569137214533532, "HPV9": 6.263847983648755, "MMR": 5.514577984, "RV5": 8.306376156749689}