{"6VAX-F": 0.0527993103314518, "ANTH": 1.0772668832683594, "BCG": 0.3057635976433079, "CEE": 6.272647145496154, "COVID19": 0.9989389081932368, "DT": 0.1718727770837247, "DTAP": 0.0870966766100448, "DTAPIPV": 0.0403674438838755, "DTIPV": 8.553625021236824, "DTP": 0.0213618179840246, "DTPIHI": 1.568141526463381, "FLU(H1N1)": 0.5226904891125974, "FLU3": 0.308261074279641, "FLU4": 0.1512121527281193, "FLUN3": 0.0827013794890167, "FLUN4": 0.1348550629415798, "FLUX": 0.8771771092268962, "FLUX(H1N1)": 0.9898431562107746, "HEP": 2.7258662726011784, "HEPA": 0.9226464274283752, "HEPAB": 1.6905624967775832, "HIBV": 0.0571297031107575, "HPV2": 4.562534073040815, "HPV4": 1.5269570102220582, "HPV9": 0.2841014890963336, "HPVX": 2.0953155050781525, "IPV": 0.0408750905873178, "LYME": 21.291382043570067, "MEN": 0.2408860704308731, "MENB": 0.1216840217321017, "MMR": 0.4688579083744691, "MNQ": 0.1803786210186251, "OPV": 0.0216602996035426, "PNC": 0.0173405535558668, "PNC13": 0.2894420609722084, "PPV": 0.3956857597759229, "RAB": 0.4704663276933455, "RUB": 0.5109412797454945, "RV1": 0.0342056315471672, "RV5": 0.0220170878885787, "SMALL": 0.0639457938607667, "TDAP": 0.4685691118164869, "TTOX": 2.2571961941589707, "TYP": 0.9984887584273722, "UNK": 0.6699751084561245, "VARCEL": 0.1072043013164453, "VARZOS": 0.3396030576951724, "YF": 1.2326816192218433}