{"COVID19": 0.1930514909995218, "HPV4": 1.1325584164632627, "RV1": 8.680900158609768}