{"COVID19": 0.0997590621125989, "HEP": 1.5800898769489746, "HEPAB": 15.039082717229942}