{"COVID19": 0.1053640533107351, "UNK": 2.708145744472897, "VARZOS": 0.999999913749761}