{"COVID19": 8.148348115414088, "COVID19-2": 0.1133525103532661, "UNK": 0.3707071338275022}