{"COVID19": 5.787114130654847, "COVID19-2": 0.3761727690805553, "HEP": 0.0262905426701429, "HEPAB": 0.2502312063531793, "HIBV": 0.2071104784048997, "HPV4": 0.0933681025709057, "UNK": 0.2397441135919352}