{"DTAP": 13.378172135249123, "FLU(H1N1)": 16.42687365697496, "FLU3": 1.806162859382488, "FLUX": 15.85400226682095, "HEP": 41.126936097824384, "HEPAB": 29.90031615092886, "HPV4": 10.58352213023404, "RAB": 25.55682192465388}