{"DTAP": 0.284664973373277, "FLU(H1N1)": 6.1973587539931785, "FLU3": 0.1656869792570537, "FLUN3": 2.8867851394655912, "FLUX": 2.899026243964583, "HEP": 7.673845215148618, "HEPA": 0.4235630135566637, "HEPAB": 7.496682620979135, "HPV4": 2.239240525540219, "MMR": 0.726984708221159, "MNQ": 0.5895429163223246, "RAB": 2.387591260662796, "TDAP": 0.3350899595071987, "VARCEL": 0.252556813154101}