{"COVID19": 0.1874776512867863, "TBE": 235.2600124440188, "UNK": 2.182451347426233}