{"COVID19": 0.1871663050955879, "FLU4": 0.2382449043687168, "FLUC4": 1.433479262561014, "FLUN3": 1.6745597568540216, "FLUX": 0.2590037100747239, "HEP": 0.6231336268412662, "HEPA": 0.7335139128939417, "HEPAB": 1.6486854199688976, "HPV2": 3.3050128842293143, "HPV4": 7.781403238137146, "MENB": 3.0436202876257514, "MMR": 0.2871639868272553, "TDAP": 0.30680690804025, "TYP": 2.184100113179753}