{"COVID19-2": 0.375562468793115, "DTAP": 0.2490782091239843, "DTAPHEPBIP": 9.171815984939796, "HPV9": 0.8124623883678086, "MMR": 0.6343937383075209, "MMRV": 0.9630887319484168, "MNQ": 0.5158425135292244, "PNC13": 2.2154473675044084, "RV5": 2.432945539354308, "UNK": 34.41926944767368, "VARCEL": 0.7995180894224565}