{"COVID19": 1.3305030909980096, "DTAP": 0.1423153063960604, "FLU4": 0.178094408743724, "FLUX": 1.4153071788358145, "HEP": 0.1095865411084101, "HIBV": 0.1449511157363252, "PPV": 0.3816019118600585, "RV1": 0.5969214091527673, "RVX": 2.9942088164540803, "UNK": 0.7053187991592421}