{"ANTH": 33.61129243, "FLU(H1N1)": 21.12026613039638, "FLU3": 8.992385299904303, "FLUN(H1N1)": 114.97254436661946, "FLUN3": 122.71774014687534, "FLUX": 7.686788977852582, "FLUX(H1N1)": 15.498340173309987, "HEP": 1.9499840391209835, "LYME": 35.77263412076827, "MMR": 3.2326836455727013, "MNQ": 5.028182216813129, "PPV": 1.8654256830489448, "TDAP": 3.453807009626432, "UNK": 2.456520958229968, "VARZOS": 0.4010576526243489}