{"COVID19": 0.346049867893194, "COVID19-2": 0.8581993298211407, "HEP": 1.6246579957323302, "UNK": 5.942835582469975}