{"BCG": 1.2767057994261457, "COVID19": 0.0277326322865646, "DTAP": 11.874898161882394, "DTAPH": 2.6955196448541265, "DTAPIPVHIB": 179.7625703723937, "DTP": 0.089195587578847, "DTPIPV": 1.846549623672307, "DTPPHIB": 6.376123283059432, "FLU(H1N1)": 0.7274864273647164, "FLU3": 0.0198194463440065, "FLU4": 0.0426123867244293, "FLUN3": 2.3851059992291725, "FLUN4": 0.563082944588314, "FLUX": 0.3326988412278474, "HEP": 0.3920736700965153, "HEPA": 0.180373164363633, "HIBV": 0.0346822396054772, "IPV": 0.5164068155557033, "MMR": 0.5787785689155097, "MMRV": 0.1316642366935812, "OPV": 0.0904418880082095, "PNC13": 0.2923217195358037, "PPV": 0.0905675240570899, "RV1": 0.1428245185897595, "TDAP": 0.5993636642786443, "UNK": 0.3247688871965486, "VARCEL": 0.3247882807352653}