{"COVID19": 0.1912181137184438, "COVID19-2": 0.0092128345934442, "FLU3": 0.0244521682326734, "FLU4": 0.0076461970356936, "FLUA3": 0.1031987619413526, "FLUA4": 0.111697430746567, "FLUX": 0.2464809279504385, "FLUX(H1N1)": 0.741375181938785, "HEP": 0.0167146267281694, "HEPAB": 0.0443549261066972, "HPV4": 0.0459038576385231, "HPVX": 0.3763809280107785, "IPV": 0.0086191112681824, "MEN": 0.0507937138134017, "MMR": 0.0043013282264734, "PNC13": 0.0075943966477436, "PPV": 0.0875968859410956, "TDAP": 0.0494528431140902, "TTOX": 0.0880418281914445, "UNK": 0.2818054765096344, "VARCEL": 0.0578649485218635, "VARZOS": 70.35253978236643}