{"COVID19": 0.6182700288729616, "COVID19-2": 0.5070591040937156, "FLU(H1N1)": 0.5554696089556556, "FLU4": 0.1461094358575672, "FLUX": 1.1100659914773252, "HEP": 0.3802323734363345, "HPV2": 2.016699534713614, "HPV4": 2.131255401960471, "TDAP": 1.3149476632732209, "VARCEL": 0.1618308391710052}