{"HPV2": 10.234607139931502, "HPV4": 7.92628188944744, "HPVX": 17.638961220310822}