{"COVID19": 0.0997590621125989, "FLUX": 2.362607409901127, "UNK": 4.049756873208247}