{"COVID19": 0.1606888943568579, "FLUX": 17.1889332715898, "UNK": 1.221102965264112}