{"COVID19": 0.2653511705098159, "FLUX": 56.36978584, "UNK": 36.23368413389203}