{"FLU3": 1.6255465734442394, "FLUN(H1N1)": 51.73764496497876, "HPV4": 338.6727081674893, "VARCEL": 4.307330834331646}