{"FLU3": 0.2181538839064971, "FLUN(H1N1)": 6.9441059386401545, "HPV4": 99.76023103958084, "VARCEL": 0.5780617472492487}