{"ANTH": 1.383321506837598, "COVID19": 1.2504867656745011, "COVID19-2": 0.607725711113769, "FLU(H1N1)": 0.4317532346383747, "FLU3": 0.065035605966118, "FLU4": 0.3117962677426267, "FLUA4": 0.1911482894549189, "FLUC3": 0.5475718302317224, "FLUC4": 2.155773553207844, "FLUN3": 0.1060363531342515, "FLUX": 0.1017729042612279, "FLUX(H1N1)": 0.1845122041375099, "HEP": 0.2302602496481603, "HEPA": 0.8442341369294746, "HEPAB": 0.5222746802742186, "HPV2": 0.2545345656026843, "HPV4": 5.14478355651196, "HPV9": 2.035305903037352, "HPVX": 1.2475024442141696, "IPV": 0.1576210152022727, "MENB": 1.2557801393952928, "MMR": 0.3994209076379433, "MNQ": 1.5312117973091075, "PPV": 0.0078119456871824, "RAB": 0.3116673905178257, "RUB": 0.6551081552272106, "SMALL": 1.5764564012026732, "TD": 0.0312134599036162, "TDAP": 0.7344777424237579, "TYP": 1.034305389237896, "UNK": 0.2141120194666415, "VARCEL": 0.8138923092306762, "VARZOS": 0.0053316467235646}