{"COVID19": 20.32779502655555, "COVID19-2": 0.103587160404187, "FLU4": 0.1068376228326972, "HEP": 0.077677936, "HPV2": 0.8250888652233112, "HPV4": 0.3898166530472943, "MENB": 0.3793958914383916, "TDAP": 0.1375829715373166, "UNK": 0.398720045}