{"COVID19": 0.1990861951608058, "FLUX": 1.3219022525001027, "LYME": 10.626559891799992, "PNC13": 2.479859718854523}