{"COVID19": 0.0180450703317701, "DTAP": 10.91753925660588, "FLUX": 3.833426157906533}