{"COVID19": 1.194080267294172, "SMALL": 76.62495957515617, "UNK": 20.704962362224016}