{"ANTH": 4.09061538468471, "COVID19": 0.0443965842774189, "COVID19-2": 1.3333345361517677, "FLU3": 0.5146916195769038, "FLUC4": 7.650671523087905, "HEP": 0.6809235373943066, "TDAP": 1.04092655294867, "UNK": 1.221102965264112}