{"6VAX-F": 0.5797069340554563, "BCG": 3.3571111450954145, "COVID19": 1.041774161335529, "COVID19-2": 0.482628354836798, "FLUA4": 1.6368486268273137, "FLUN3": 0.9080148748529532, "FLUX": 0.4527961547520187, "HEPAB": 0.6499909441922866, "HPV4": 0.6818611293794646, "MMR": 0.4393046078112708, "PNC13": 0.3978438352784335, "RV1": 2.6174614386638004, "RV5": 0.2417353470739423, "TYP": 1.6467338174927382, "UNK": 0.1236436800925645, "VARCEL": 0.2839820859899078, "VARZOS": 0.1632123128942991}