{"6VAX-F": 0.0913535117914171, "ANTH": 0.0094991475204754, "COVID19": 0.4022193120624829, "COVID19-2": 4.088380277114074, "DTAP": 0.1888661577878107, "DTAPHEPBIP": 0.9718902116374027, "DTAPIPV": 0.6544764453781479, "DTAPIPVHIB": 14.5978578348381, "DTP": 0.0053789127393648, "DTPPVHBHPB": 0.2315942227596931, "FLU3": 0.0042447817607039, "FLU4": 0.5086344017531822, "FLUA4": 0.0375391720159041, "FLUC4": 0.4214054675954516, "FLUR3": 0.4188573632876809, "FLUR4": 0.0497967599263514, "FLUX": 0.0556403842915034, "HEP": 0.312973747244056, "HEPA": 0.5677019278908824, "HEPAB": 0.0529421285797283, "HIBV": 3.984149503189516, "HPV2": 0.0499561361799612, "HPV4": 0.1205351063480365, "HPV9": 1.0835453941783209, "HPVX": 0.035605056638338, "IPV": 0.0554842034093539, "MEN": 0.4855350732157812, "MENB": 0.1651770578786133, "MMR": 0.8540208990068798, "MMRV": 1.4273768717012625, "MNQ": 17.60504843102934, "PNC": 0.0836347198089226, "PNC13": 1.3715825654765144, "PNC15": 1.5875790324741852, "PNC20": 0.2193141676022417, "PPV": 0.1154901079036986, "RAB": 0.4898734546028397, "RSV": 2.005806516054985, "RV1": 2.4515483054986267, "RV5": 0.9632329781463626, "RVX": 3.491854637512371, "SMALLMNK": 0.0872981714816261, "TD": 0.0061299392322813, "TDAP": 0.7031755667934364, "TYP": 0.4042720271948192, "UNK": 1.8663285311416733, "VARCEL": 0.7870929310016997, "VARZOS": 1.7949037549384217, "YF": 6.492244260072781}