{"FLU3": 0.4634309676576011, "HEP": 0.6131070399694094, "HEPA": 4.468003556662924, "HPV4": 0.8699936723261216, "PNC13": 13.226142943550611, "RV5": 2.1496035420857558}