{"DTAPIPV": 2.2453531289404287, "FLU4": 11.562515418069134, "FLUA3": 4.680198734869423, "FLUA4": 12.797743785068194, "FLUC4": 8.602207653080214, "FLUR4": 5.476465842400016, "FLUX": 1.6179838659997918, "HPV9": 2.5667679856531573, "MENB": 1.407047627434882, "PNC13": 1.020574525554877, "PPV": 1.0146089779634326, "RAB": 7.762570103356258, "SMALLMNK": 16.20329067139361, "TDAP": 1.954732767918289, "UNK": 2.445077018516657, "VARZOS": 2.5233104087085687}