{"COVID19": 0.1421524127731157, "COVID19-2": 14.139647395171536, "FLUA4": 83.55001297593891, "HPV9": 12.179704412650358, "MNQ": 16.48126393288748, "PPV": 3.005408044912189, "TDAP": 5.564466848842585, "UNK": 8.051929807531561, "VARCEL": 4.785923149257384, "VARZOS": 6.309973734623089}