{"CHOL": 1.747875305991588, "COVID19": 0.8946707527977276, "COVID19-2": 4.694345501025466, "DF": 1.131893623323941, "DTAP": 0.0570217759785648, "DTAPHEPBIP": 1.1542306401345932, "DTAPIPV": 1.0042350030467977, "DTAPIPVHIB": 0.9461253852053996, "DTPPVHBHPB": 3.6721124198695545, "FLU3": 0.0076981607671927, "FLU4": 1.590372150852314, "FLUA3": 0.2325172439861682, "FLUA4": 2.855850773181829, "FLUC3": 1.1134619482877317, "FLUC4": 1.195688728878416, "FLUN4": 0.1947398622266576, "FLUR4": 0.3149957262926355, "FLUX": 0.1879322767327784, "HEP": 0.2229975904177394, "HEPA": 0.7755349292593862, "HEPAB": 0.0358807221035465, "HIBV": 0.7050900747605705, "HPV9": 0.7100264606227717, "IPV": 0.4918387286536606, "MENB": 0.6139242732076349, "MMR": 0.0666717156146176, "MMRV": 0.3786379249349989, "MNQ": 0.6594117962389534, "PNC13": 0.0105744333525305, "PNC15": 6.074279740399545, "PNC20": 2.194051064141809, "PPV": 0.1202362380796916, "RAB": 1.1754147194724742, "RV1": 0.1024473941362196, "RV5": 0.0688421495991926, "RVX": 0.2990987618348436, "SMALLMNK": 63.46364426422692, "TDAP": 0.1279947544933459, "TYP": 29.329224872678957, "UNK": 0.7294114434805897, "VARCEL": 0.0612657755890698, "VARZOS": 0.1909918255348359, "YF": 0.0769376946686748}