{"COVID19": 0.3246722110235084, "COVID19-2": 0.7068817809883421, "DTAPIPVHIB": 2.0614437376822248, "FLUC4": 4.05609007843479, "RV5": 1.2656922287817018, "UNK": 4.809914164470902, "VARZOS": 0.2390494201063688}