{"COVID19": 0.0116941185936838, "COVID19-2": 1.3333345361517677, "FLU4": 4.20120760026956, "HEP": 0.6809235373943066, "HIBV": 0.9006637151639432, "IPV": 1.2474075040440722, "MNQ": 1.8313612904663648, "TTOX": 12.74187964594896}