{"COVID19": 6.6476957360184485, "COVID19-2": 4.469682271775046, "DTAP": 0.0013145434500505, "DTAPIPV": 0.0447055117931744, "DTAPIPVHIB": 0.3408451605781157, "FLU3": 0.0007651195141465, "FLU4": 0.1510812685553835, "FLUA3": 0.0222025385989847, "FLUC3": 0.2444961602949069, "FLUR4": 0.1132127533827258, "FLUX": 0.0066039053355206, "HEP": 0.0193820557644399, "HEPA": 0.2128805714735306, "HIBV": 0.0047548195645241, "HPV9": 0.5159682819697267, "IPV": 0.0018543453727219, "MENB": 0.0588551842270103, "MMR": 0.0219398127786393, "MMRV": 0.9112595239083796, "MNQ": 0.0645450421559339, "PNC13": 0.0876961747027291, "PPV": 0.0104706819134937, "RAB": 0.0110255724669084, "RV1": 0.1055770105984217, "RV5": 0.3061004139680529, "SMALLMNK": 0.0558845542249118, "TDAP": 0.0296293931236321, "TYP": 0.0067628413529688, "UNK": 0.0124714350246554, "VARCEL": 0.1202856551443301}