{"COVID19": 1.058557879545024, "FLU4": 0.2810159926394369, "FLUX": 0.305501537466287, "HPV4": 0.2039404614422651, "RAB": 1.6621591139174108, "UNK": 0.5236619922509446}