{"COVID19": 0.3628025221029269, "FLUN4": 18.76709202287481, "UNK": 1.567196667776551}