{"FLU4": 1.1813853468542643, "FLUX": 0.1832821539834785, "HEP": 0.1225773646178845, "HEPA": 0.5190659900178358, "HPV9": 23.35384633586053, "IPV": 8.338254005932846, "MENB": 0.5987086205215764, "MNQ": 0.6430659077362079, "RAB": 69.91625694441896, "TYP": 352.29735131900844, "VARZOS": 0.0512906858022723}