{"COVID19": 0.083323400571905, "HPV9": 5.1552790583183, "RAB": 13.255916015841718, "VARCEL": 1.4022004871333404}