{"COVID19": 0.3025541981563849, "FLU4": 3.1550374984865224, "FLUR4": 8.403805929448867, "MMR": 0.2439607716170499, "PNC15": 75.40789593476048, "RV5": 0.935603845343161, "TYP": 1.7828643043592187, "UNK": 5.5941221966751895}