{"COVID19": 0.0988869139446865, "FLU3": 0.4128004928293712, "HEPA": 0.8435644628639589, "MMR": 0.33024777904045, "PNC13": 0.5587838489507351, "PPV": 6.2323167951598855, "TDAP": 0.3528377669413725, "TTOX": 12.72933107291616, "UNK": 1.8403083224388608, "VARZOS": 3.270671467477812}