{"COVID19": 0.3776955297421542, "COVID19-2": 2.464159155797541, "DTAP": 0.1475873335177021, "DTAPIPVHIB": 0.6489636257233677, "FLU3": 0.6044255918891605, "FLU4": 1.299535257869754, "FLUC4": 1.2768992399551156, "HEP": 1.2584228107704616, "HEPA": 0.2196003821007177, "HPV4": 0.5790027675321712, "MNQ": 1.0974313744427198, "PNC13": 0.1834406371584327, "TDAP": 0.1737306608673718, "VARCEL": 0.9213273510256758, "VARZOS": 0.2701979779376179}