{"COVID19": 0.0457222655339577, "COVID19-2": 0.0903383386150844, "DT": 1.2627011836441882, "DTAP": 0.2137055397409124, "DTAPIPV": 0.2965683796517864, "DTAPIPVHIB": 0.2634492351026656, "FLU4": 0.0749763531052246, "FLUA3": 1.0119363872646945, "FLUX": 0.3023100155334459, "HIBV": 0.4232486384994128, "HPV4": 6.337914963917335, "HPV9": 11.27809361429092, "HPVX": 11.243569584339715, "IPV": 0.084516462934471, "MENB": 0.8974423405440178, "MMR": 1.4691244569472128, "MMRV": 0.2316627833982496, "MNQ": 0.1240815068662357, "PNC": 0.1273962278654368, "PPV": 2.315781188064997, "RV5": 0.161753424617888, "RVX": 1.2605390663413378, "TDAP": 0.2515609962767222, "TTOX": 0.863312031844824, "UNK": 4.774401560659877, "VARZOS": 4.565600768340776}