{"HEPAB": 18.661569370555117, "MNQ": 10.286154127542687, "PPV": 1.8756683349885896, "VARZOS": 0.8204227101426941}