{"COVID19": 1.7255417959093526, "FLUX(H1N1)": 1.6105172646627903, "HPV4": 1.5218900825075328, "HPV9": 0.3861044815409955, "UNK": 0.2552493181229528}