{"COVID19": 0.4071487896142654, "FLU4": 0.7826472294771709, "MMR": 0.9433489852382578, "TDAP": 1.0078770093390386}