{"COVID19": 0.1990861951608058, "FLUX": 5.018600299229584, "HIBV": 6.964517112079526}