{"COVID19": 24.87667223529525, "COVID19-2": 0.397949618861468, "FLU3": 0.1715616436352759, "FLU4": 0.2046783932163252, "VARZOS": 0.062269478}