{"DTAPH": 42.05464147350635, "DTP": 1.391616198624804, "FLUN3": 19.91419229334985, "HEP": 1.5121046752968894, "HEPA": 0.7904917995940157, "HIBV": 0.5411072297058919, "IPV": 0.7494264892841166, "MMR": 1.3823944716431171, "OPV": 1.4110607840083869, "PNC": 4.175495479026694, "YF": 5.419441523252521}