{"6VAX-F": 3.685000872178257, "COVID19": 0.0938388903085334, "FLUX": 2.9846483207756727, "HEP": 1.6246579957323302, "HEPA": 0.8468874948048982, "HPV4": 0.6219094557476109, "MMR": 0.4006798815449844, "PNC13": 2.622425130182827}