{"BCG": 0.6083859966325648, "COVID19": 5.326179790944325, "COVID19-2": 0.0310865114690291, "FLU3": 0.0259388379796795, "FLU4": 0.096344346811462, "FLUC3": 0.281918519096134, "FLUX": 0.1047391206344612, "HEP": 0.2520677136373161, "HEPA": 0.0277853190695445, "HIBV": 0.3554414447325537, "HPV2": 0.2393029598050921, "HPV4": 0.045035190749304, "HPV9": 0.0254384650401815, "HPVX": 0.3784494660977131, "IPV": 0.4424834547682231, "MENB": 0.2203763549230945, "MNQ": 0.0344229685330563, "PNC": 0.0669114828107822, "PNC13": 0.1265591403970594, "PPV": 0.0223002231969941, "RAB": 0.1896442483187368, "RV1": 0.0502005390431851, "RVX": 0.5205930741189924, "TDAP": 0.0799139667114263, "UNK": 0.0168170815388143, "VARCEL": 0.0099957088501817, "VARZOS": 0.0526958229043217, "YF": 0.4757774194553208}