{"COVID19": 0.4541614614967194, "FLUX": 1.6652638817302003, "HEPA": 1.297864465826561, "HPV4": 0.3059264587615735, "PNC13": 0.8597158570862817, "PPV": 0.2931999760461303, "TDAP": 0.5428579171821543}