{"COVID19": 0.6983666329126523, "COVID19-2": 0.2530006953237259, "DTAP": 0.8079070579332702, "FLU3": 0.1090716343800129, "HEP": 0.1897197670714533, "HEPAB": 6.504112174050302, "HPV4": 0.1893705644206638, "PNC13": 0.5321700228437053, "VARZOS": 0.0793854325509626}