{"ANTH": 3.569328568385817, "COVID19": 0.3303224399830918, "COVID19-2": 0.247115801152178, "FLU3": 0.3835929605162768, "FLU4": 0.2548701148228278, "HEP": 0.1853068116961788, "HPV4": 2.923307541157159, "MMR": 0.307202869216392, "PPV": 0.1772711918973741, "RAB": 1.5075110191482712, "VARCEL": 1.0164427796907831}