{"6VAX-F": 5.083677207099198, "BCG": 4.20837552058321, "COVID19": 0.0539666284128643, "DTAP": 0.4019336177932248, "DTAPIPVHIB": 0.4935514898329461, "DTP": 0.2940135564848937, "DTPIPV": 6.086736194484566, "FLU3": 0.2339420810477112, "HBHEPB": 1.4713216602641552, "HEP": 3.142380427916506, "HEPA": 0.5980516809253519, "HEPAB": 0.8148096337221328, "HIBV": 1.2541886660068575, "HPV9": 2.5612091171692266, "IPV": 0.1583349748550723, "MEN": 3.341358193834392, "MENB": 0.4713564291360602, "MER": 20.197813678777667, "MMR": 0.0790163497855055, "MNQ": 0.232456984096301, "MU": 25.37129102860697, "OPV": 0.2981217103792301, "PNC": 0.8546457261830376, "PNC13": 4.2780629458725805, "PPV": 0.0838583576052051, "RV1": 1.6858632719896844, "RV5": 1.0851342688432488, "TYP": 2.0678152079740104, "UNK": 1.084262750925156, "VARCEL": 0.0995832366174307, "YF": 1.144992931446825}