{"6VAX-F": 7.4281419529975645, "COVID19": 0.6648178798017794, "COVID19-2": 2.726526762667038, "DTAPIPVHIB": 0.7151986159997065, "DTP": 0.4260509760151413, "HEP": 0.1252451768939042, "HIBV": 0.1656629356310694, "IPV": 0.2294410248670844, "MMRV": 0.6289063793412946, "PNC13": 3.167948933192992, "TDAP": 0.1914620865832744}