{"FLU4": 4.427209259546297, "IPV": 4.990533356236709}