{"FLU4": 4.864692246089459, "IPV": 67.13188043530798}