{"BCG": 149.72442931850253, "FLU3": 1.912407733463811, "FLUX": 2.4158479644679542, "HEP": 100.04918108413048, "HEPA": 14.08587611196746, "HIBV": 12.727561727522133, "LYME": 19.41942995, "MMR": 2.6785093063316667, "PPV": 4.917940437129037, "UNK": 4.140992472444803}