{"COVID19": 0.3232628116657904, "HPV2": 3.5201303237190693, "HPV4": 0.6624781409474967, "RAB": 5.39933390124902}