{"COVID19": 0.8768811519150005, "DTAP": 0.3795481529092609, "FLUC4": 3.283781159896744, "HPV4": 0.414717444855696, "HPV9": 1.2380391449515662, "MEN": 3.155220453822201}