{"6VAX-F": 4.332421943392754, "BCG": 0.2544548855639388, "CHOL": 0.9484635351008552, "COVID19": 0.1969660264813932, "COVID19-2": 0.109250397822861, "DPP": 5.537176201685429, "DT": 0.9836134210231868, "DTAP": 3.1031090776400414, "DTAPH": 0.537232900181394, "DTAPHEPBIP": 0.8304636816744666, "DTAPIPV": 1.2908313961361986, "DTAPIPVHIB": 1.2992010259795466, "DTIPV": 0.4802360999776752, "DTOX": 6.369187563144779, "DTP": 1.5489858942680594, "DTPHEP": 0.7996182913006539, "DTPHIB": 1.7335764463573553, "DTPIHI": 8.97930947524705, "DTPIPV": 5.451973724255282, "DTPPHIB": 1.2707998677595094, "FLU(H1N1)": 0.1446974278383587, "FLU3": 0.3894473477553016, "FLU4": 0.369734346287372, "FLUA3": 0.4072524406816965, "FLUN(H1N1)": 0.5501683636115703, "FLUN3": 1.0193097078256528, "FLUN4": 0.3987227148190078, "FLUX": 0.3208193845318324, "FLUX(H1N1)": 0.8235606917814252, "HBHEPB": 0.3160673344310161, "HBPV": 6.079203553894523, "HEP": 2.0239619563860334, "HEPA": 1.3526883350644987, "HEPAB": 0.1750344040008535, "HIBV": 2.487297928074519, "HPV2": 0.8923719655465832, "HPV4": 1.173283996198741, "IPV": 2.5480946417882846, "LYME": 0.3959680461049634, "MEA": 3.46359080419723, "MEN": 1.885444214603773, "MENB": 0.6777514611182653, "MMR": 7.0670817375473085, "MMRV": 1.142439823758252, "MNC": 2.578731978738408, "MNQ": 0.2081554351229205, "OPV": 1.0704970167501204, "PNC": 1.5064213739999752, "PNC10": 0.3164101020496238, "PNC13": 1.49081479457334, "PPV": 0.1948220459642674, "RAB": 0.8430386208746083, "RUB": 0.425202696176532, "RV1": 0.8121297520187973, "RV5": 0.2713536528882128, "RVX": 0.5073061360572605, "SMALL": 0.0532153585357687, "TD": 0.1393130654680126, "TDAP": 0.3069602201572706, "TTOX": 0.0977910859611119, "TYP": 0.3727672746171937, "UNK": 0.6589382272244435, "VARCEL": 1.2531759579152149, "VARZOS": 0.0822920487690146, "YF": 0.0692307067960424}