{"COVID19": 13.196117825738156, "COVID19-2": 0.6855586615840745, "FLU3": 0.073388107, "HEP": 0.1276513253600643, "HEPAB": 1.214911265726229, "PPV": 0.4917940437129037, "RAB": 1.0384261730107671, "UNK": 0.3271664481615532}