{"COVID19": 0.099506689, "FLUN4": 205.58178167214317, "FLUX(H1N1)": 609.6013801501929, "HPV2": 74.97995063}