{"COVID19": 1.3771141375181355, "DTAP": 1.094640360817992, "HEP": 0.2570529989239486}