{"COVID19": 2.8290988886468957, "COVID19-2": 0.6625082182764376, "FLUC4": 1.0607694833448356, "FLUR4": 2.9732121114584458, "FLUX": 0.173440245583673, "HPV9": 0.3999272690209319, "PPV": 0.0916006638261691}