{"COVID19": 0.1990133778823619, "FLUX": 16.91093575127568, "MENB": 55.24004179342983, "TDAP": 50.08020163958327}