{"COVID19": 0.5403078187131218, "HIBV": 1.1559362738241783}