{"6VAX-F": 1.4334125799141308, "COVID19": 0.020855172406218, "DTP": 0.5799376066018269, "HIBV": 0.8141516284575454, "IPV": 0.3123135234095406, "MEN": 13.110303529747352, "MENB": 10.500607237031945, "MMR": 1.110185969404698, "MNQ": 1.6554555792101786, "PNC": 1.6996796785621109, "PNC13": 3.107903731302275, "PPV": 1.86812276026944, "UNK": 6.502076207397418}