{"6VAX-F": 7.15784505577847, "ANTH": 0.1088281268549201, "CEE": 5.160019752498018, "COVID19": 0.3578044281921604, "COVID19-2": 0.1130551397512541, "DT": 0.2088781408200992, "DTAP": 1.187226872561981, "DTAPH": 2.324083368228695, "DTAPHEPBIP": 0.2550518182543924, "DTAPIPV": 0.0795717938719596, "DTIPV": 3.261984917314164, "DTP": 1.4360635900775751, "DTPHIB": 0.3736489828764566, "FLU(H1N1)": 0.5745176291756926, "FLU3": 1.332126579845564, "FLU4": 0.509758987403736, "FLUA3": 0.0994357532100625, "FLUC4": 0.1683564061031064, "FLUN(H1N1)": 0.720562726605654, "FLUN3": 0.5909137772341634, "FLUN4": 0.8889635815848206, "FLUX": 2.321703347003988, "FLUX(H1N1)": 0.3289966202360417, "HEP": 4.602656988533619, "HEPA": 1.8366141771342528, "HEPAB": 1.820109518629111, "HIBV": 4.180019631473821, "HPV2": 0.5827490411983113, "HPV4": 0.5952898987749377, "HPV9": 0.4259674109418512, "HPVX": 0.092965606904541, "IPV": 2.583742565642514, "LYME": 0.2445361695487891, "MEA": 3.026931239718915, "MEN": 3.1749780343829808, "MENB": 2.432485074826149, "MMR": 4.037083437195271, "MMRV": 0.414962809408177, "MNQ": 1.0031783907465053, "MU": 2.5512944131791127, "PNC": 5.079134616707666, "PNC13": 1.5802517421360196, "PPV": 1.032316918976734, "RAB": 0.4972611840760125, "RUB": 0.2985084596565578, "RV1": 0.3012330701384249, "RV5": 0.5648784466627502, "SMALL": 0.3734760432889438, "SMALLMNK": 0.1851826025808771, "TD": 0.213710098360767, "TDAP": 0.2891728878567733, "TTOX": 0.1015175105865575, "TYP": 0.7707329388808277, "UNK": 0.6383171223771607, "VARCEL": 1.010249254802531, "VARZOS": 0.363257631463755, "YF": 0.4152096550287896}