{"COVID19": 0.2875041314001436, "FLU3": 0.6523190014375372}