{"6VAX-F": 1.789011781144591, "ANTH": 0.3578915592119995, "COVID19": 0.0010231276954646, "DTAP": 0.5381333294789212, "DTAPIPV": 1.3677761505238184, "FLU(H1N1)": 7.051148196672392, "FLU3": 1.5907220931993524, "FLUN3": 11.91561701234702, "FLUX": 1.6620819132169666, "FLUX(H1N1)": 1.365230790908477, "HEP": 1.181212018817143, "HEPA": 2.2824862316125314, "HIBV": 1.5624022720398116, "HPV4": 1.2838097961709725, "HPV9": 0.9013263989570566, "IPV": 0.3897882538321574, "MMR": 1.9239606809326188, "MMRV": 0.2991477833264889, "PNC": 1.1442537915636155, "PNC13": 1.045410846476794, "PPV": 0.2064418409583917, "RAB": 0.6489052629937602, "RV1": 8.031317527139835, "RV5": 1.4528475924583026, "SMALL": 2.166696026271981, "TDAP": 0.0910715123920183, "TYP": 2.768533430198856, "VARCEL": 0.7462166404202487, "YF": 2.8187825676529963}