{"MMRV": 2.5485298360425523, "SMALL": 3.959989841909045, "VARCEL": 23.213397003679848, "VARZOS": 29.358127013497345}