{"FLU(H1N1)": 2.6854767725877573, "FLUN(H1N1)": 2.173278274373528, "SMALL": 4.483401943810469}