{"MMR": 2.2660644243346666, "SMALL": 15.141985465014455, "VARCEL": 8.58139770205835}