{"ANTH": 1.6030991534447807, "COVID19": 0.134631701362809, "DTAPHEPBIP": 6.499396161660777, "FLU3": 0.2017058810004399, "HEPAB": 2.515700883985956, "HIBV": 0.3529670458703483, "HPVX": 6.008788250889962, "MENB": 1.4552994659574374, "PNC": 0.7368771725326166, "PNC13": 0.4307355015093114, "RV1": 1.4535489901112326, "SMALL": 2.71733944657106, "TD": 1.0345035626873955, "TDAP": 0.4079355848926413, "TYP": 1.7828643043592187, "VARCEL": 0.307460456193356}