{"COVID19": 1.7911204009412578, "HPV4": 5.644545136124821, "HPVX": 91.79458027709862}