{"ANTH": 3.349398180786402, "COVID19": 0.3831944227868202, "COVID19-2": 1.091734908709145, "FLU(H1N1)": 4.345140012923513, "LYME": 11.890329907364038}