{"COVID19": 0.2232135579125523, "FLUX": 1.60546306643798, "MMR": 0.7989502959977272, "RV5": 3.0640197593879317}