{"ANTH": 2.3381768644854475, "COVID19": 1.4069380540726983, "COVID19-2": 0.7300237441843969, "DF": 4.584202885585087, "DT": 1.9790922165657217, "DTAP": 0.2311008622211941, "DTAPIPVHIB": 1.8426988418942567, "FLU(H1N1)": 0.2837655718095482, "FLU3": 0.093781533, "FLU4": 0.1494289902443873, "FLUA3": 0.9422509137890868, "FLUC3": 2.331148859951022, "FLUN3": 1.0502435188537056, "FLUX": 0.7359691574539705, "HEP": 0.5474301755518733, "HEPA": 0.460057433, "HEPAB": 2.0720142087265425, "HPV2": 0.5762147982875574, "HPV4": 1.103527885850405, "HPV9": 0.2103979649018295, "HPVX": 0.8809460679184128, "LYME": 0.6522841154458704, "MENB": 0.530644013, "MMR": 0.5424175065859691, "PNC": 1.107851155887309, "PNC13": 0.7640728565165191, "PPV": 0.3130029593544035, "RAB": 0.4414806090631188, "RV1": 28.753529971654057, "RV5": 7.43245064173276, "RVX": 17.26473787814757, "SMALLMNK": 1.754624762217644, "TD": 0.1897478379583922, "TDAP": 0.1924311302193401, "TYP": 2.744854429048035, "UNK": 1.1202684949609127, "VARCEL": 0.082674296, "VARZOS": 0.2754110747410659, "YF": 1.107463731964286}