{"COVID19": 0.2528119822924483, "COVID19-2": 0.3542207037099103, "FLU4": 0.3653358906537544, "HEPA": 4.074676473082961, "HPV4": 0.9604560553110382, "HPV9": 1.0297992220874046, "MEN": 6.19513878899712, "MMR": 0.4403506975281643, "PNC13": 0.7450795007142551, "PPV": 0.2541040548264885, "RV5": 1.3656086555977591, "TDAP": 0.470472070336549}