{"COVID19": 14.22945651858888, "FLU(H1N1)": 2.025230998805132, "FLU3": 0.2226776128005807, "FLUX(H1N1)": 6.263027878255405, "PNC13": 1.0864488014577351}