{"COVID19": 1.064488270966358, "COVID19-2": 1.436368759254154, "FLU4": 1.1103378370225432}