{"COVID19": 0.398026756, "FLU3": 1.711101656257094, "FLUX": 36.23771946701931, "HPV4": 2.970813229539379, "HPV9": 11.53866733830034, "RV5": 15.301219236117849}