{"6VAX-F": 0.0640809262603964, "COVID19": 3.422978020886402, "COVID19-2": 0.3555032496344891, "DTAPIPV": 0.0489927459376464, "DTAPIPVHIB": 0.1546584784252444, "DTP": 0.0921312977634742, "FLU3": 0.0615528280610527, "FLU4": 0.1323407631528236, "FLUA3": 0.1671707233931647, "FLUC4": 0.3043080587589362, "FLUX": 0.1496000378494237, "HEP": 0.0814328511933959, "HEPA": 0.2183428404170857, "HIBV": 0.3376756834352007, "HPV2": 0.0677977634628098, "HPV4": 0.1155526953655113, "HPV9": 0.3449581416104041, "HPVX": 0.1716152629530551, "IPV": 0.1491801162366648, "MEN": 0.0822802696358404, "MENB": 0.0415643354438517, "MMR": 0.1339328072724213, "MMRV": 0.0382704175425022, "MNQ": 0.0728420215703651, "PNC": 0.0747879354283683, "PNC10": 1.6399447420943096, "PNC13": 0.1314441945250012, "PPV": 0.1761488801188645, "RV1": 0.1475257533902395, "RV5": 0.0949574226031033, "SMALL": 0.0776090761909585, "TD": 0.0295461169128851, "TDAP": 0.0414025643275977, "TYP": 0.3503277934667005, "UNK": 1.5175517811444728, "VARCEL": 0.0312050350511463, "VARZOS": 0.0050468438250226}