{"COVID19": 0.8443283882772599, "COVID19-2": 0.8010503602301194, "TDAP": 0.6253753572052579, "VARZOS": 0.2708948407807821}