{"6VAX-F": 3.188078103506833, "ANTH": 0.2408545010105759, "BCG": 13.11927969982893, "COVID19": 0.4116279817470684, "COVID19-2": 0.968873789376269, "DTAP": 0.7987875490009163, "DTAPHEPBIP": 0.0753650533791753, "DTAPIPVHIB": 1.240643922131765, "DTP": 0.0383654865248019, "DTPIPV": 0.7942522309612949, "FLU3": 0.2865924141978227, "FLU4": 1.09979065929361, "FLUA4": 0.9518436677110316, "FLUN3": 0.1485303647708478, "FLUR4": 0.3551789869019731, "FLUX": 1.9540840101469987, "FLUX(H1N1)": 0.2584553687082251, "HBHEPB": 0.1919911044453237, "HEP": 1.5448278840788172, "HEPA": 0.7326521152687346, "HEPAB": 1.5790321709113204, "HIBV": 0.6544681953081097, "HPV2": 1.073285243287306, "HPV4": 0.7867090812090852, "HPV9": 1.606157477923068, "HPVX": 0.2539556442982448, "IPV": 0.6945910454329725, "JEV1": 1.022685201824988, "MEN": 0.1217580463278532, "MENB": 0.913433658889183, "MMR": 0.1531215303411916, "MMRV": 0.8410437466441406, "MNQ": 0.4504692326070974, "OPV": 0.1382895375650956, "PNC": 0.4625032345324077, "PNC10": 0.6828538941711345, "PNC13": 2.2670868242444007, "PPV": 1.0320188201641345, "RAB": 0.8458351751773213, "RV1": 3.6863127238336872, "RV5": 1.3293711569404842, "TD": 0.0437222375800969, "TDAP": 0.4944284775657515, "TYP": 0.5188111034226477, "UNK": 1.3257458646743585, "VARCEL": 0.1929771858403226, "VARZOS": 0.2141712086288826, "YF": 0.1494088247644326}