{"COVID19": 1.8981315213438368, "FLUX": 0.2431431985266278, "MNQ": 0.853095018472521, "RVX": 12.90165802267416}