{"COVID19": 1.432896320753006, "COVID19-2": 3.4277933079203726, "FLUX": 8.052826548226514, "TDAP": 4.552745603598478, "VARZOS": 1.075563704765299}