{"COVID19": 0.0550158438422335, "FLU(H1N1)": 1.0416349214737648, "FLU3": 0.1145263084299078, "FLUX": 11.687545946811127, "FLUX(H1N1)": 11.611955208200516, "HEP": 3.1650249788567018, "HPV4": 3.159199320268862, "IPV": 3.781117397084294, "MMR": 0.33024777904045, "MNQ": 1.045083941354484, "PPV": 0.1905692410487155, "RAB": 1.6205973262320708, "TDAP": 0.3528377669413725, "UNK": 0.5105679762868511, "VARCEL": 0.3034705649718368}