{"BCG": 7.537745074891569, "COVID19": 0.003982542406857, "DPP": 59.204224279833525, "DTAP": 6.877001589808423, "DTAPHEPBIP": 3.620767144370988, "DTAPIPV": 7.862691757604804, "DTAPIPVHIB": 20.974218712963857, "DTP": 1.3769158628728988, "FLU(H1N1)": 0.4250852252918706, "FLU3": 0.3252969108137861, "FLU4": 0.778233215590405, "FLUN4": 1.1822734245470976, "FLUX": 0.84604284384935, "HEP": 2.439172016529806, "HEPA": 3.74642880869672, "HIBV": 4.457558065905866, "HPV2": 4.692404342300113, "HPV4": 1.2340900753536936, "HPV9": 0.3151768084882091, "HPVX": 1.31975963033868, "IPV": 1.543053253125074, "MEA": 6.2479247072284565, "MMR": 13.66480652630747, "MMRV": 3.841403609710656, "PNC": 2.961830471450458, "PNC13": 4.52983890448206, "RAB": 0.6613565435803512, "RV1": 0.6219732177137044, "TDAP": 0.1439910421388204, "UNK": 0.7443925565023408, "VARCEL": 0.8619718167625865}