{"COVID19": 0.2740084557509656, "HPV4": 1.444070879558444, "VARZOS": 0.673892304062245}