{"ANTH": 0.8009751946411422, "BCG": 4.617052886473646, "COVID19": 1.4550814186153025, "COVID19-2": 1.6969273801586002, "DTAP": 0.2121648444356689, "DTP": 1.6890584514844975, "FLU(H1N1)": 1.0448188191715524, "FLU3": 0.6718341633282571, "FLU4": 0.6211181054124509, "FLUA3": 2.59971434819478, "FLUC4": 0.4122961882306597, "FLUN(H1N1)": 0.9116765632595376, "FLUR4": 1.1718302186912328, "FLUX": 1.9026705390724208, "HEP": 1.744722561318775, "HEPA": 0.634050911, "HEPAB": 0.4741900358737617, "HIBV": 0.3924798770601538, "HPV2": 1.0597872880165145, "HPV4": 0.5012917527641937, "HPV9": 0.1931583078658206, "IPV": 0.9455836702745212, "LYME": 0.598837047, "MEN": 1.1618789013531674, "MENB": 0.243348201733171, "MMR": 0.1653400806377572, "MNQ": 0.261376872944471, "PNC": 0.5080498032064708, "PNC13": 0.7012445844952669, "PPV": 1.719715775017874, "RV1": 1.1455340747753815, "RV5": 0.2561437581376556, "RVX": 3.951115122333772, "TD": 0.3487076669358812, "TDAP": 0.1766497412330979, "TYP": 1.2574531533425524, "UNK": 0.7695649727552288, "VARCEL": 0.4574156638228296, "VARZOS": 0.3809688972156158, "YF": 2.035233172322374}