{"COVID19": 0.7828450234731149, "COVID19-2": 0.9133035515498352, "FLU3": 0.1296892380710711, "FLU4": 1.3139746680649969, "FLUA3": 3.9171630930550263, "FLUA4": 6.000548606490272, "HEP": 0.2255823782801802, "HEPA": 0.267743446739787, "HEPAB": 0.6017947428083226, "HPV2": 1.19645775030641, "HPV4": 0.4379677685387945, "PNC13": 0.1773553877419711, "PPV": 0.2158002303675076, "SMALLMNK": 2.0446204977732547, "VARZOS": 0.28657074698251}