{"COVID19": 1.4081023644805333, "COVID19-2": 1.1721542944154444, "DTPIHI": 41.42115616504219, "FLUX": 0.3047264929305536, "HEP": 0.5986092013602832, "UNK": 0.2974632988908476}