{"COVID19": 3.316889631, "FLUX": 3.131654768754756, "HEPA": 8.868884959, "PPV": 2.0036053632747928}