{"COVID19": 0.2875041314001436, "VARZOS": 0.474776319959765}