{"COVID19": 0.2979321132155789, "COVID19-2": 1.4989728648666747, "MNQ": 2.058868764872293, "TDAP": 1.1702394498584696}