{"COVID19": 0.3481084363703313, "DTAP": 2.2145546612420635, "DTAPIPVHIB": 2.457330679068421, "FLU4": 0.1992520948661408, "FLUN3": 1.4004898486875277, "HPV4": 1.6000736768437738, "HPV9": 0.5616466428411032, "MEA": 11.133812900990913, "MMR": 8.97844860232734, "MNQ": 0.760012180937858, "TDAP": 0.2565927677465398}