{"COVID19": 0.4071487896142654, "PPV": 2.0179030767275457, "TDAP": 1.0078770093390386}