{"6VAX-F": 2.715913041204724, "DTAP": 3.0902363339691856, "DTAPHEPBIP": 2.1585155954927915, "FLU3": 0.2441598549379059, "HBHEPB": 5.498774281486378, "HEP": 0.3230171038476477, "HIBV": 1.565898259590785, "IPV": 0.5917463150914055, "PNC": 10.644645850410122, "RV5": 13.515402764940076}