{"COVID19": 0.1705828953277388, "FLU3": 3.612325718764976, "MMR": 23.436956430402084, "PNC13": 17.62461389031437, "PPV": 6.010816089824378, "RV1": 48.07000395, "RV5": 32.30257394291546}