{"COVID19": 0.3064305815042151, "COVID19-2": 0.068264926008376, "DTAP": 1.3252149106114628, "DTP": 7.417261380318999, "DTPHIB": 0.4862855360134168, "FLU3": 0.1823358360892141, "FLUX": 0.6905205351789597, "HEP": 1.200287273545981, "HIBV": 5.587060568372425, "HPV2": 0.3101229831287099, "HPV4": 0.0494693935214625, "IPV": 1.5518192247475988, "MENB": 0.190125092293521, "MMR": 1.2671203923473728, "OPV": 8.246185065720441, "PPV": 0.2340470073492637, "RAB": 0.3797321111147447, "RV": 17.140316090323363, "TBE": 6.73974419335119, "TD": 0.1351509223492349, "TDAP": 0.0532940282747916, "TYP": 0.2329192550831208, "UNK": 0.9385783416397684}