{"COVID19": 0.5095049091264724, "HEP": 0.7238816613478548}