{"IPV": 4.369320812810121, "MENB": 3.3926888290510355, "MMR": 2.1868581280365578, "PNC": 6.37052410021972, "PNC13": 2.449270451841484, "RV1": 4.514248602767752, "RV5": 4.675972348816255}