{"6VAX-F": 7.347835098295825, "COVID19": 0.1255576263258107, "COVID19-2": 1.7112376937916842, "IPV": 1.6009566227733665, "RV5": 3.0640197593879317}