{"COVID19": 0.1458031222157927, "FLUC4": 10.934368664680276, "HEP": 1.321295227076222}