{"6VAX-F": 1.1446874646140948, "ANTH": 1.175434745271294, "BCG": 2.400778613849783, "COVID19": 0.4271693598837411, "COVID19-2": 0.9895861781554802, "DT": 1.964938603691394, "DTAP": 2.336124221254294, "DTAPH": 1.0460187999511104, "DTAPHEPBIP": 1.423701832754611, "DTAPIPV": 0.2257150668790224, "DTAPIPVHIB": 1.0188943936478607, "DTIPV": 0.1360498166350625, "DTP": 3.548095553072089, "DTPHEP": 0.2265300939012237, "DTPHIB": 6.004434781716325, "DTPIHI": 3.9455111841446806, "DTPIPV": 1.54190128241146, "DTPPHIB": 0.3600148264370668, "FLU(H1N1)": 0.8053174699876443, "FLU3": 1.2955645307730617, "FLU4": 0.5053076040949672, "FLUA3": 0.1153318585720043, "FLUA4": 0.1248300355459082, "FLUC4": 0.2459416530072659, "FLUN(H1N1)": 0.1558049381700195, "FLUN3": 0.4624432564528322, "FLUN4": 0.4700871356878907, "FLUR4": 0.1655923381678722, "FLUX": 1.423574287928144, "FLUX(H1N1)": 0.2331301621081394, "HBHEPB": 3.627412872626828, "HBPV": 1.7216016524129076, "HEP": 2.240864989122758, "HEPA": 0.548583359967873, "HEPAB": 0.3310271863498453, "HIBV": 3.3428999873422387, "HPV2": 0.5039320853455732, "HPV4": 0.364823500066869, "HPV9": 0.1783536367873256, "HPVX": 0.7907219909022459, "IPV": 2.357362044606621, "JEV": 0.2061329474411023, "LYME": 0.2169552599743253, "MEA": 3.3851882317354662, "MEN": 0.4545642255594257, "MENB": 0.3498456035614056, "MER": 0.3459757887957535, "MMR": 1.0922754119003528, "MMRV": 0.1423893300333509, "MNC": 5.025814158292883, "MNQ": 0.2563257281404868, "MU": 0.4345948028399196, "OPV": 4.474238671662612, "PER": 0.5016560375303866, "PNC": 2.7692407078366057, "PNC10": 0.3183747325626466, "PNC13": 0.7853101785426666, "PNC15": 0.4183712663433279, "PNC20": 0.0578152416234079, "PPV": 0.770849578315927, "RAB": 0.617052003337334, "RSV": 0.1760476569503344, "RV": 2.1789910972513407, "RV1": 1.1130298721305167, "RV5": 0.6859849508952176, "RVX": 0.431371801860428, "SMALL": 0.3575612241813347, "SMALLMNK": 0.0817366784013814, "TBE": 0.2862155130372593, "TD": 0.9280404098414486, "TDAP": 0.2727473739422362, "TTOX": 0.6571029834224082, "TYP": 0.4795709365725264, "UNK": 0.6228250749661756, "VARCEL": 0.5605511951220284, "VARZOS": 0.1643698959728109, "YF": 0.7504898653736104}