{"COVID19": 1.5921070230588958, "FLU4": 4.093567864326505, "FLUX": 9.394964306264267, "HPV4": 2.970813229539379}