{"COVID19": 0.8768811519150005, "FLUX": 0.5369122305744407, "HPV9": 1.2380391449515662, "HPVX": 24.046854988826304, "UNK": 0.5241148612826703}