{"COVID19": 0.3980267557647239, "HPV9": 219.2346794277064}