{"6VAX-F": 4.687772470674287, "COVID19": 0.1251247094814107, "DTAPHEPBIP": 3.725683044364658, "HIBV": 0.7374638318614509, "PNC13": 3.375534423627356, "PPV": 0.5409485542550359, "RV1": 3.036939144356192}