{"COVID19": 0.6298221084030812, "COVID19-2": 0.4622392044283636, "FLU4": 1.3940373736669558, "PNC13": 0.3810366839050428, "VARZOS": 2.589387405457278}