{"COVID19": 0.1788153816235521, "FLU3": 0.6949817172766697, "FLUX": 5.780218338367044, "HEP": 0.3320312028958284, "HEPAB": 3.1602422638558867, "HPV4": 0.3314200585141291, "MEN": 7.7439915833107165, "VARCEL": 0.5058123590977756, "VARZOS": 0.1389335540704788}