{"COVID19": 0.4183970525407006, "FLU3": 0.5268964401590469, "FLUX": 0.7003307024048221, "HEP": 3.335744199078986, "MEA": 10.03847946081934, "MEN": 10.924542188022054, "MMR": 0.216537483814449, "VARZOS": 0.6025002865205943, "YF": 9.559450691609934}