{"COVID19": 0.7994515608140756, "FLUX(H1N1)": 4.018484303938128, "HEP": 3.74134292476857, "MEN": 13.499222154421682, "YF": 2.3230211332976123}