{"6VAX-F": 0.7587702630946545, "COVID19": 0.4383450810776352, "DTAP": 0.117196365252861, "DTAPHEPBIP": 4.22203250092326, "FLU3": 0.0682132091166444, "FLUX": 0.5938892618484539, "HEP": 3.83843600162757, "HIBV": 0.4276009785754552, "HPV2": 0.8027806282527082, "HPV4": 0.1280558925250736, "HPV9": 0.3822801164682198, "IPV": 0.1653216823817536, "PNC": 2.73742703148508, "PNC13": 0.1456668092486329, "PPV": 0.0875587013323087, "SMALL": 3.2919548190579118, "TD": 0.3498500809896596, "VARZOS": 0.2140699317784857}