{"COVID19": 0.2653511705098159, "FLUX": 21.13866969, "MENB": 69.05005224178728, "TYP": 178.2439844863068}