{"COVID19": 0.2740084557509656, "FLU4": 1.6538713913002216, "HEP": 1.0176741462271908}