{"COVID19": 2.114257123261164, "FLU4": 0.2168192988093868, "FLUX": 0.2450956982819624, "HEPA": 0.2578002102420787, "MENB": 0.727591289814922, "UNK": 0.8606844324790792}