{"COVID19": 1.627029051723779, "COVID19-2": 2.9785281529231225, "UNK": 0.3795354701415036}