{"COVID19": 0.7237366062505581, "FLU4": 0.6233170343817788, "HPV4": 2.006611795462455, "UNK": 0.6878122719916028}