{"ANTH": 2.6329209169578065, "FLU3": 0.3312806751573752, "FLUX": 0.8051524993852989, "HIBV": 0.5797111984835899, "HPV4": 11.507033094286095, "MNQ": 1.1787537718546373, "SMALL": 4.462941912972019, "TDAP": 0.6699912277961312, "VARCEL": 0.5049714218972904, "YF": 5.806077711009457}