{"DT": 92.51211222383884, "MEN": 36.49067350730594, "MMR": 3.090093611819571, "RAB": 9.518951084669045}