{"COVID19": 0.2410004671798771, "HEPAB": 9.459858508685054, "TDAP": 1.7604069981369972}