{"COVID19": 0.4529132425541223, "COVID19-2": 1.4989728648666747, "VARCEL": 0.882007817136237}