{"ANTH": 0.0819479082885873, "COVID19": 0.9602882323172496, "COVID19-2": 0.4881014829988906, "DT": 0.5587619891185927, "FLU(H1N1)": 0.5515794939437657, "FLU3": 0.480704140307947, "FLU4": 0.3129733607638703, "FLUA3": 0.2659968293720621, "FLUA4": 0.4074607793617085, "FLUC4": 0.4506863663832274, "FLUN(H1N1)": 0.280337580419812, "FLUN3": 0.526484057225052, "FLUR4": 0.3603455331560485, "FLUX": 0.8866976488231805, "FLUX(H1N1)": 0.2477286272003535, "HEP": 0.1054848910747868, "HEPA": 0.064869412551799, "HEPAB": 0.1458040364288195, "HIBV": 0.1206785675073034, "HPV2": 0.0812484661083186, "HPV4": 1.1765512359066708, "HPV9": 0.6354557116672883, "IPV": 0.2907651202443482, "LYME": 1.267991974753871, "MEN": 0.3572849993049928, "MENB": 0.074822620433311, "MMR": 0.0902829043016322, "MNQ": 3.9538323032463314, "PNC": 0.1562158953286352, "PNC13": 0.1527603900510114, "PPV": 0.3501435473262856, "RAB": 0.1246226345822276, "SMALL": 0.1453079827794753, "TDAP": 0.0271329289594086, "TTOX": 0.9654650175953666, "UNK": 0.2703590371833488, "VARCEL": 0.0829625394039321, "VARZOS": 0.4205714360151369}