{"COVID19": 0.0248948517120857, "RAB": 28.773446162096626}