{"COVID19": 0.3090420618814116, "DTAPIPVHIB": 1.0557344323915618, "FLU4": 0.0856039416854497, "FLUX": 0.0930628030295354, "HEP": 0.0622395184650314, "HEPAB": 0.5923905086299158, "HPV4": 1.2231403309690867, "HPV9": 0.2412981923720298, "HPVX": 1.010403156674269, "IPV": 1.181355963340175, "MEA": 4.783390494445256, "MENB": 0.303998537940164, "MMR": 23.92049072625664, "MMRV": 0.4225359792355987, "MNQ": 1.164883815429447, "RUB": 3.24435738754757, "RV5": 0.3199836686763746, "TDAP": 0.7648964536266479, "VARCEL": 0.3382547320943691}