{"COVID19": 2.4661945396325176, "FLU3": 0.113145580410058, "HPV9": 0.6340898443298497, "PNC13": 0.2416182387081114, "UNK": 0.2684372941256835}