{"6VAX-F": 3.4396105118712543, "COVID19": 0.1774956326807951, "DTAPIPVHIB": 2.336062701837489, "FLUX": 2.77787742720999, "HPV4": 0.5804954326913612, "HPVX": 9.211613386281796, "PNC13": 4.959803603831478}