{"COVID19": 4.378294313411963, "HEP": 2.4586755275873267, "VARZOS": 1.0288000654276774}