{"HEP": 1.45825911774697, "MMR": 69.4405700086909}