{"COVID19": 0.7543863347141136, "COVID19-2": 0.6325084676362446, "DTAPIPVHIB": 1.8445526646752737, "FLUX": 0.593411989343547, "RV1": 6.448537791878499}