{"COVID19-2": 5.33430317042643, "MMR": 2.4905052208051}