{"COVID19": 0.995066889, "TDAP": 7.704646406089732, "UNK": 24.155789422594683, "VARZOS": 1.8201847311412755}