{"BCG": 17.1816473480025, "COVID19": 0.1138890720897989, "COVID19-2": 0.247115801152178, "FLU4": 1.804581310080701, "HEPA": 0.7846999841614216, "HPV4": 0.1849657316339182, "HPV9": 0.7184212482543104, "HPVX": 3.008288877148161, "MENB": 3.258975497948472, "OPV": 43.72042430520727, "PPV": 0.1772711918973741, "RV1": 54.93440862328575, "RV5": 6.745548707710386, "RVX": 14.702269539203442, "TYP": 2.336510905193012, "VARZOS": 0.0775388965182815}