{"BCG": 105.2007531313447, "COVID19": 0.0668106919981329, "RV1": 8.680900158609768, "TYP": 14.306559779262294, "UNK": 2.9080911319461293}