{"COVID19-2": 1.7620122819471045, "RV1": 10.108894800335753, "RVX": 1643.6687988569029}