{"ANTH": 1.3656062448538302, "COVID19": 0.0862590719263442, "DTAP": 0.2952087980936099, "FLU(H1N1)": 1.7715873184428712, "FLU3": 0.1718239286257148, "FLUX(H1N1)": 5.209304776920996, "HBHEPB": 3.8696837265660498, "HEPAB": 2.143009658219864, "HPV9": 0.9629346499039528, "IPV": 0.4164328308879245, "MENB": 1.23970249890517, "MMR": 0.754513354045907, "PNC": 0.6277116607303308, "PPV": 2.541664925156255, "UNK": 0.4076513572400683, "VARCEL": 1.8889011500256891}