{"COVID19": 0.2361739709208825, "FLU3": 0.257718209485315, "FLUC4": 3.8308752920175855, "FLUN3": 4.490254944585556, "FLUX": 0.6263645371729376, "HEPA": 0.6588320790619194, "HPV4": 0.4838114818762644, "MEN": 3.680895760907575, "MMR": 0.3117069900196743, "MNQ": 0.9170058826027088, "VARCEL": 0.3928400957004317}