{"COVID19": 0.3209584669410693, "COVID19-2": 1.4275549850990477, "DTAP": 0.2323621183184708, "FLU3": 0.6154320322332045, "FLU4": 0.2675848281994735, "FLUA4": 1.4513577084254083, "FLUC4": 1.6100409713781252, "FLUX": 1.228940451040141, "HEP": 0.0545652856841363, "HEPAB": 0.5193478187935573, "HPV2": 4.359339240277312, "HPV4": 6.363846466134148, "MNQ": 1.0206654508457438, "PNC13": 0.1530573884255294, "PPV": 0.3617319897462666, "RAB": 0.4439005694563293, "RV1": 0.4174665947217593, "RV5": 0.280529170869176, "TDAP": 0.0966463581749714, "UNK": 0.4986350763212562, "VARZOS": 0.343910712871428}