{"COVID19": 0.0359145224451256, "FLUX": 1.024252832122938, "HEP": 0.5575404746063254, "HEPA": 1.077344866776218, "HIBV": 0.7374638318614509, "IPV": 20.292409849311667}