{"DTAP": 1.134916589131266, "DTAPHEPBIP": 5.83981182056252, "HEP": 0.8739157779045127, "HEPA": 1.6886820555183468, "HIBV": 1.1559362738241783, "IPV": 1.6009566227733665, "MMR": 0.7989502959977272}