{"COVID19": 0.0699314952066705, "FLUN3": 0.7482492252076336, "FLUN4": 1.220114890466652, "FLUX": 3.67644577392706, "TYP": 0.3795944292158305, "UNK": 151.5884103469941}