{"COVID19": 1.0696980194890089, "FLU3": 0.2209129802641628, "HPV4": 0.414717444855696, "VARZOS": 0.7071492093364045}