{"COVID19": 0.3980267557647239, "FLUX": 28.18489292, "VARZOS": 7.887467168278861}