{"COVID19": 0.0150085505198089, "COVID19-2": 6.618546556048022, "FLU4": 1.420242765016353, "MNQ": 2.3504186335810293, "TDAP": 1.335953393416984, "VARCEL": 1.006906194249996}