{"ANTH": 2.944328050326711, "COVID19": 0.3931305004180822, "DTAPHEPBIP": 6.824539086005054, "DTPHIB": 9.997886264049, "FLU3": 0.31642458776449, "HEP": 3.1502988200677624, "HPV4": 0.1529465083485761, "LYME": 1.8418075971557464, "PNC": 1.5625613303735248, "TDAP": 0.2713993001632746, "UNK": 0.3927238136024272, "VARZOS": 0.230302711572639}