{"COVID19": 0.3628025221029269, "FLU3": 0.6605692251067157, "FLUX": 1.60546306643798}