{"COVID19": 0.4504823675579838, "FLU4": 0.8307560593820131, "HPV9": 2.1654206553642634, "MNQ": 1.3748528024630453, "TDAP": 0.7814518703766257}