{"6VAX-F": 1.19389112777672, "ANTH": 0.1249090692075475, "COVID19": 0.6573680005608392, "COVID19-2": 5.202006114081164, "DTAP": 0.4144708831909192, "DTAPIPV": 0.9750227109529316, "DTAPIPVHIB": 0.1114827622227545, "DTPHEP": 8.253266382824513, "DTPPVHBHPB": 1.8011306093521695, "FLU3": 0.7143476000365673, "FLU4": 1.319155897315248, "FLUA3": 0.1141216339169147, "FLUA4": 1.8665572668366264, "FLUC3": 0.2823837386509528, "FLUC4": 0.0543894464846679, "FLUN3": 0.0635365915988188, "FLUN4": 1.8347304636734725, "FLUX": 1.3747046584603193, "FLUX(H1N1)": 0.3776106635584018, "HEP": 0.0451927694327533, "HEPA": 0.1913760629757393, "HPV2": 0.034858337785436, "HPV4": 0.2191874202323869, "HPV9": 0.175211429550992, "HPVX": 0.7337147590461667, "MEA": 0.5051140283807503, "MEN": 0.1532873486161668, "MENB": 0.6161531667229029, "MMR": 0.4185767146862552, "MMRV": 0.306815828902557, "MNQ": 0.1224979667968071, "PNC": 0.0670218995827326, "PNC13": 1.398171307928244, "PNC20": 1.3719536709697968, "PPV": 0.2736592105294385, "RSV": 2.132008926521884, "RV1": 0.5368315271048957, "RV5": 0.8034596739790604, "SMALL": 1.196638521580201, "TD": 0.0229795366456226, "TDAP": 0.4472093534071474, "TTOX": 0.4139468899878865, "TYP": 0.0828697230469174, "UNK": 0.6471336038917213, "VARCEL": 0.2380659073394763, "VARZOS": 1.2939270077211875}