{"COVID19": 0.0720687834959992, "DTAP": 1.060428381686344, "DTAPIPVHIB": 30.229312291467917, "FLU4": 0.3424996112766342, "HEP": 1.7820176532738314, "MENB": 4.400576553554634, "MMR": 0.4128254213840359, "PPV": 0.2382206128423661, "RV1": 64.7944321556198, "RV5": 9.16179993479517}