{"COVID19": 0.083323400571905, "HPV4": 6.884587686677749, "PNC": 3.360591699249763}