{"COVID19": 3.4813220341071167, "FLUR4": 5.52234851804273}