{"ANTH": 0.8242551276370702, "BCG": 1.2948739871874446, "CEE": 12.521682033855011, "COVID19": 0.8052684700273617, "COVID19-2": 0.7716170610791555, "DTAP": 0.7159774978230454, "DTAPIPV": 0.1941453144460663, "DTP": 0.4734039258485962, "EBZR": 11.669404134922516, "FLU(H1N1)": 1.0997411077072252, "FLU3": 1.1991737017211603, "FLU4": 1.209790001047823, "FLUA3": 1.214228855018833, "FLUA4": 0.3716086566757846, "FLUC3": 0.6002117894907254, "FLUC4": 1.2750849418032664, "FLUN(H1N1)": 1.2796845155819627, "FLUN3": 0.6760471822450579, "FLUN4": 0.8133799472686176, "FLUX": 1.336748999159809, "FLUX(H1N1)": 1.3573509206708894, "HEP": 2.3422885203642583, "HEPA": 1.2487354785131322, "HEPAB": 4.423608416849748, "HIBV": 0.1100728096029835, "HPV2": 8.926638741672555, "HPV4": 3.874291804098346, "HPV9": 0.7608541179940232, "HPVX": 2.5012147214468285, "IPV": 0.7959733985870815, "JEV1": 2.7047327398216585, "LYME": 2.189799412101552, "MEA": 1.0734057864409183, "MEN": 1.630883691609999, "MENB": 0.3415782945426034, "MMR": 0.65296993, "MMRV": 0.094858868, "MNQ": 0.2200218176454694, "PNC": 0.2850402998711538, "PNC13": 0.3928220034988345, "PNC15": 6.313926799202852, "PNC20": 1.2728194166286049, "PPV": 0.3091276846195395, "RAB": 1.9400614013753628, "RSV": 3.826498799263435, "RV5": 0.07183671, "SMALL": 0.132536376828785, "SMALLMNK": 1.355984426870792, "TD": 0.6370072398969965, "TDAP": 0.9491509537676628, "TTOX": 0.9914722259813904, "TYP": 0.5287831430990559, "UNK": 1.3734463811350597, "VARCEL": 0.2347319255766564, "VARZOS": 0.5747951782551397, "YF": 0.5704286745955442}