{"6VAX-F": 5.654445098086872, "BCG": 32.74685842986805, "COVID19": 0.036270930403401, "DTPHEP": 28.45720231231818, "FLUX": 0.341669537585321, "HEP": 3.9961837547551697, "HIBV": 0.2460026516050606, "HPV4": 0.9542789592889304, "HPV9": 0.787838809782936, "MENB": 3.667587039316547, "MMR": 0.1700300264494186, "MNQ": 0.5002086948063544, "OPV": 0.6415082302532364, "PNC13": 2.145583645867383, "RV5": 0.6520751469240338, "RVX": 5.081595223694879, "TDAP": 0.2843133295708472, "UNK": 1.2060067457510724}