{"COVID19": 0.121499108632163, "DT": 6.719363220576143, "DTAP": 0.3188260517796586, "HEP": 0.2455044753354207, "HEPA": 1.7254269087049143, "HIBV": 1.1810877967986086, "HPV4": 0.3483687767812211, "IPV": 0.4497482317482357, "MMR": 0.816333824824015, "PNC13": 0.3962782713271808, "PPV": 0.8663576429340315, "TDAP": 0.3753022626277246, "UNK": 0.4402642239662314, "VARCEL": 0.2828647680869606, "YF": 3.25233438607234}