{"6VAX-F": 1.795699383874271, "ADEN_4_7": 0.9331686019845984, "BCG": 0.1928526988036067, "COVID19": 2.1880848367662225, "COVID19-2": 0.027550657207643, "DT": 0.1084044298008365, "DTAP": 0.2235672125243234, "DTAPIPV": 0.0254607492354865, "DTAPIPVHIB": 0.0226174309703021, "FLU3": 0.1148686812686715, "FLU4": 0.0686923618774522, "FLUX": 0.1076975394528113, "HBHEPB": 0.2395197430731873, "HEP": 0.8434474834972209, "HEPA": 0.1467998454850718, "HEPAB": 2.212867604592605, "HIBV": 0.2010106447803613, "HPV2": 0.0352334172242642, "HPV4": 0.425230596134049, "HPV9": 0.0167779750250334, "IPV": 0.2421648038762273, "JEV1": 0.3591529827384267, "MEN": 0.4563378251536225, "MENB": 0.2305174015570991, "MENHIB": 0.747621485075336, "MMR": 0.3350729787413993, "MMRV": 0.0198885260285979, "MNC": 1.9544348624535337, "MNQ": 0.1136822792039507, "PNC": 1.9888071374344307, "PNC13": 1.2416596743779411, "PNC15": 1.1192666636085762, "PPV": 0.1282560827872759, "RAB": 0.6385752185011879, "RUB": 0.322263368045375, "RV1": 0.5125878294218771, "RV5": 0.3299330662912309, "TD": 0.0153546460246862, "TDAP": 0.3915431623230104, "TYP": 0.282404417897687, "UNK": 1.3794852013762506, "VARCEL": 0.1084219780957995, "VARZOS": 0.0503067413121212, "YF": 0.3607246262381909}