{"6VAX-F": 1.226167683136517, "COVID19": 0.0320386539184131, "DTAPIPVHIB": 0.2335883481259252, "FLU3": 0.3340397548355565, "FLUN3": 0.5387168426122674, "HEP": 0.9983774354452276, "HEPA": 0.0790430842853017, "HEPAB": 4.166307904648055, "HIBV": 0.1928942745225693, "HPV4": 0.6270904739940177, "IPV": 0.0749368691357269, "MENB": 1.5455856240388672, "MMR": 0.1333229508924521, "MNQ": 0.762225164147945, "PNC": 13.97042253318878, "PNC13": 30.98827096693833, "PPV": 2.270461470324509, "RV1": 0.2228155238862459, "RV5": 0.1434193389256921, "TBE": 7.908096860099731, "TD": 0.56535180064791, "TDAP": 0.0625327106717558, "TYP": 0.9743317373387712, "VARCEL": 0.0471308118306672, "VARZOS": 0.0270873915612667, "YF": 0.5419030001577043}