{"COVID19": 0.1768556548412403, "FLUX": 7.630348833841455, "HEP": 0.6636997620592261, "YF": 13.545324547746151}