{"ANTH": 11.862488149151549, "COVID19": 0.1356487333955995}