{"COVID19": 0.5717682641069254, "FLU3": 0.2899109989065311, "HEPA": 0.7411298712466409, "HPV4": 2.006611795462455, "TDAP": 0.5863240540029021}