{"ANTH": 5.041693864046746, "COVID19": 0.3160800707543396, "FLU3": 4.214380005225806, "FLU4": 6.944445484125321, "FLUC4": 7.799269560696646, "FLUX": 2.8662602968263866, "FLUX(H1N1)": 15.24003450375482, "HEPAB": 8.970094845278657, "HPV2": 4.998663375, "MENB": 4.603336816119152, "PNC13": 8.204561638594623, "PPV": 3.7963048988364494, "TDAP": 5.180710514439648, "UNK": 4.913041916459936, "VARZOS": 0.8021153052486978}