{"COVID19": 0.1874776512867863, "COVID19-2": 2.383040381311797, "HPV4": 1.7269129482651422}