{"BCG": 0.7543929154671664, "COVID19": 2.9197278758056693, "COVID19-2": 0.8731876231091479, "DTAP": 0.0201207373654932, "DTAPIPVHIB": 0.0884739085601426, "FLU(H1N1)": 1.2935382655744252, "FLU3": 0.0807042141391102, "FLU4": 0.1735167839474073, "FLUC4": 0.174081072052388, "FLUN(H1N1)": 1.632730528782699, "FLUN3": 2.1859209511842117, "FLUX": 0.4235121891820084, "FLUX(H1N1)": 0.3550544173153154, "HEP": 0.0154934985631257, "HEPA": 0.1064698874984045, "HPV4": 0.0781858020687474, "HPV9": 0.2334058730983878, "MENB": 0.0844952274645712, "MMR": 0.0141644484656752, "MNQ": 0.1481919699275122, "PPV": 0.103592252179237, "TD": 0.0600636543613613, "TDAP": 0.3524165631268919, "UNK": 0.2976436751640793, "VARCEL": 0.0178512628534977, "VARZOS": 0.1526562791074914, "YF": 0.2052511583892644}