{"6VAX-F": 0.2437820168286748, "COVID19": 3.712225572633368, "COVID19-2": 1.9685788167367573, "DT": 0.2232988042628852, "FLU(H1N1)": 0.4375045923966294, "FLU3": 0.0659027937288173, "FLU4": 0.2549452923886041, "FLUA4": 0.6883529362233315, "FLUX": 0.1031286148305626, "HEPA": 0.0560254679301441, "HEPAB": 0.2733386888352295, "HPV2": 0.0725761864176387, "HPV4": 0.0115770191897893, "MENB": 0.1581218625596412, "MNQ": 0.077980025057073, "PNC13": 0.0468002047185439, "PNC15": 2.3055407767440736, "PPV": 0.0544661881323828, "RV1": 0.0444402938064106, "RV5": 0.0286048177234172, "SMALL": 0.295247672911381, "SMALLMNK": 0.4504308484217152, "TDAP": 0.0858163041298167, "UNK": 1.802872424912932, "VARCEL": 0.0094001845411695, "VARZOS": 0.208273650795508}