{"COVID19": 2.9968803810327844, "COVID19-2": 1.532827388229862, "FLU(H1N1)": 0.469253939737517, "FLU3": 0.0801484886725633, "FLU4": 0.1917457631374534, "FLUX": 0.0692894535931311, "HEPAB": 0.4410704875198338, "HPV2": 0.0691472515776879, "HPV4": 0.0130132943588473, "MENB": 0.2263425801135116, "MNQ": 0.0683963060733987, "PPV": 0.0443305800379065, "RV1": 0.0997453607035744, "SMALL": 0.4395698439533898, "SMALLMNK": 0.4215934101848091, "UNK": 0.1187697931647165, "VARCEL": 0.0198608544652566, "VARZOS": 0.1562767610977135}