{"ANTH": 0.4005069748365745, "COVID19": 1.077986545206031, "COVID19-2": 5.30102568158761, "FLU(H1N1)": 0.3914796051855276, "FLU3": 0.7888016080091074, "FLU4": 0.8957816725296379, "FLUA3": 0.121756663321022, "FLUC4": 0.0580282397540958, "FLUN3": 2.605449824640564, "FLUN4": 3.4088642204401225, "FLUX": 1.217993254170185, "FLUX(H1N1)": 1.2108133788779172, "HEP": 0.0748666237490017, "HEPA": 0.0296931467572071, "HEPAB": 0.0667399403584537, "HIBV": 0.1962583047142303, "HPV4": 0.199710810821632, "HPV9": 0.0271851503260615, "IPV": 0.1330940339331932, "LYME": 0.0842846956253141, "MENB": 0.0342491008707417, "MMR": 0.0116245933969701, "MNQ": 0.03678655817242, "PNC": 0.071505836294731, "PNC13": 0.3775931588377654, "PNC20": 0.2128419118614729, "PPV": 0.159536965440901, "RAB": 0.6090831057232419, "SMALLMNK": 0.8056732855418405, "TD": 0.0871049477429456, "TDAP": 0.0854073146394068, "UNK": 0.5128104619952736, "VARZOS": 0.1902392984646332, "YF": 0.1431079639017174}