{"COVID19": 0.1219012324909788, "FLU3": 3.946583536670917, "FLU4": 3.8548095228081887, "FLUA3": 8.558257922164046, "FLUC3": 5.90235127320602, "FLUC4": 4.078707585966574, "FLUX": 2.268409519768754, "HEP": 0.1373742711968571, "HPV2": 2.6140356910112224, "HPV4": 0.9631999528065742, "PNC13": 0.38533924460997, "TTOX": 2.4352990342238474, "UNK": 0.3520894126177772, "VARZOS": 0.4037789874845521}