{"6VAX-F": 0.8679809489910143, "ANTH": 1.9053793762770108, "BCG": 1.3301934475201034, "COVID19": 0.5240677687405646, "COVID19-2": 0.564552883165918, "DF": 0.781172076237221, "DT": 1.6331729444566647, "DTAP": 1.8029980913008368, "DTAPH": 0.5457989173529713, "DTAPHEPBIP": 3.217269839235215, "DTAPIPV": 1.1021644585601809, "DTAPIPVHIB": 1.841537316955536, "DTP": 2.48018320054428, "DTPHIB": 2.496327014310476, "DTPPHIB": 7.281984904523843, "FLU(H1N1)": 1.010265002979257, "FLU3": 1.5558571040804563, "FLU4": 1.21888408254998, "FLUA3": 0.7772841024014832, "FLUA4": 0.6851073074087831, "FLUC3": 0.6162066660777952, "FLUC4": 0.7159448656406984, "FLUN(H1N1)": 0.1691009062436814, "FLUN3": 0.2489658052100744, "FLUN4": 0.4637641920574158, "FLUR3": 0.2429146831957552, "FLUR4": 0.7501990648422013, "FLUX": 0.6964895992759157, "FLUX(H1N1)": 0.5157049357718271, "HBHEPB": 2.862044587960048, "HEP": 1.5000769925402209, "HEPA": 1.0553749199254292, "HEPAB": 1.1042563500816314, "HIBV": 1.0929268594051906, "HPV2": 1.1512323541240514, "HPV4": 1.1830748508409263, "HPV9": 1.0924213453054, "HPVX": 1.1721538359304702, "IPV": 0.4888612663111784, "JEV1": 0.2606254273703225, "LYME": 0.3095628594210535, "MEA": 0.3671292624045862, "MEN": 0.891895523899291, "MENB": 1.536932731352418, "MMR": 0.9431352034390788, "MMRV": 0.4901036292638102, "MNQ": 0.5694242434393487, "PNC": 1.5716703015094875, "PNC13": 1.5958830077791275, "PNC20": 1.5617316953424014, "PPV": 1.381441844338141, "RAB": 0.8227676336180755, "RSV": 0.8438112359031594, "RUB": 1.036633282110241, "RV1": 0.8304563068763149, "RV5": 0.29942866607499, "RVX": 0.7333424292696673, "SMALL": 0.4245714318411145, "SMALLMNK": 1.0314071603710726, "TD": 2.019580706159235, "TDAP": 1.069119195745274, "TTOX": 0.9119427509761996, "TYP": 0.4020812511031265, "UNK": 1.1502831382772507, "VARCEL": 0.8009258163603996, "VARZOS": 1.2916450944153648, "YF": 0.4057677506512877}