{"COVID19": 1.4539087255741825, "COVID19-2": 0.1650975394729623, "DTPPHIB": 5.760625404101972, "FLU3": 0.1923430890997549, "FLU4": 0.7470736881450134, "FLUA3": 0.5196102039709285, "FLUA4": 0.5624013614925815, "FLUX": 0.1548925378281981, "FLUX(H1N1)": 0.5428765043441416, "HEP": 0.163531461613322, "HEPA": 0.3159953736528925, "HPV4": 0.1196407797541569, "HPVX": 0.5334249906044494, "MENB": 0.1291928034348617, "MMRV": 0.1189544470682131, "MNQ": 0.0637135003263308, "PNC13": 0.4107428113000801, "PPV": 0.0818047841019341, "TDAP": 0.249990593756498, "UNK": 0.8243748364607032, "VARZOS": 2.3617667679335845}