{"COVID19": 3.224016721694264, "FLU3": 0.7305827296378603, "HPV4": 2.595193166, "TD": 2.196858301696052, "VARZOS": 0.8066727785739745}