{"6VAX-F": 1.2286038426474963, "COVID19": 0.5940330698127103, "DTAP": 0.1897648441471306, "FLU4": 0.8553407433460931, "FLUX": 0.9668899267079248, "HEPA": 0.2823577813236501, "HPV9": 0.6189895329073313, "MENB": 0.796900279985666, "MMRV": 2.6428532345360853, "PNC13": 0.2358643048215471, "PPV": 0.1417754156589967, "SMALLMNK": 29.05945514434701, "TYP": 0.9762699403005228, "VARCEL": 0.1683607349864752}