{"ANTH": 2.043929944883816, "BCG": 35.407804230726946, "COVID19": 0.260928651001319, "DTAP": 1.6270749894221908, "DTAPIPV": 5.308824915967773, "DTAPIPVHIB": 13.04931628851647, "FLU3": 2.5914510591140045, "FLU4": 1.0582012166286203, "FLUX": 5.435657920052897, "HEP": 4.507571800576766, "HEPA": 3.25795774, "HEPAB": 3.636524937275132, "HIBV": 3.0098963544815853, "HPV4": 1.5571158996206402, "HPV9": 1.481315401538557, "MMR": 0.633431255, "PNC": 3.896192747563137, "PNC13": 1.0717670608974956, "PPV": 5.171069724334208, "SMALL": 7.297615198, "SMALLMNK": 12.353506771829627, "TD": 2.6900305735053696, "TDAP": 1.3627265752267554, "VARCEL": 4.246664202862186, "VARZOS": 1.7023310435134231, "YF": 15.700370186486886}