{"COVID19": 1.0123616600725889, "VARZOS": 0.166715506475069}