{"ANTH": 2.153022104959124, "PNC13": 2.078991923738136, "VARZOS": 2.5277413499869503}