{"ANTH": 2.153022104959124, "FLU3": 1.068165551097792, "FLU4": 1.1961451451062235, "PNC13": 2.078991923738136, "PPV": 1.1482968657143169, "UNK": 1.261645720268654, "VARZOS": 2.5277413499869503}