{"COVID19": 1.290241432991259, "COVID19-2": 0.3417799102803462, "DTAPIPV": 0.239583224762103, "FLU3": 0.0682789593427919, "FLU4": 0.6812548306319653, "FLUA3": 1.0645436006089792, "FLUC3": 0.7408179136096704, "FLUC4": 0.5073411993527601, "FLUN4": 0.8915858418447878, "FLUX": 0.025781066856542, "HEP": 0.0613051010173616, "HEPA": 0.7816041958456781, "HEPAB": 0.1641091923094701, "HPV2": 0.3251538516273274, "HPV4": 0.0172103961408388, "HPV9": 0.9936503025527847, "HPVX": 0.2799107394575693, "MENB": 0.2994374977076603, "MMR": 0.0285841234237461, "MNQ": 0.3216226040405108, "PNC13": 0.1719635786083644, "PNC20": 0.5233644379136114, "PPV": 0.245178812765507, "RAB": 0.1402685441822112, "RV1": 0.1319156475714489, "SMALL": 0.1635508609686055, "SMALLMNK": 0.5575674406902509, "TDAP": 0.3269166747260346, "TYP": 0.2174041015797492, "UNK": 0.0441914826067295, "VARCEL": 0.1809256218041437, "VARZOS": 0.8597077772992163}