{"COVID19": 0.5536935116175296, "DTAP": 1.556438307389463, "DTAPIPV": 1.4193175819562018, "FLU4": 0.1404888548802763, "HEP": 0.3654934053863201, "HEPAB": 0.9722011870240982, "HPV2": 0.5417536325687903, "HPV4": 2.045297290922582, "HPVX": 18.145533026566017, "PNC13": 1.025225345403911, "PPV": 0.0977149731067805, "SMALL": 0.9688935708233828, "VARCEL": 0.1556054826393733, "VARZOS": 0.0427407915246029}