{"ADEN_4_7": 4.095007183502186, "ANTH": 3.531881671737179, "BCG": 3.0104222091557995, "COVID19": 0.2592889695185981, "COVID19-2": 0.0340340270832621, "DTAP": 1.496607272583898, "DTAPHEPBIP": 0.1161454934575122, "DTAPIPV": 0.3974176961831661, "DTAPIPVHIB": 0.0992517552258527, "DTP": 0.2103063193445253, "DTPIPV": 1.224026298487367, "FLU(H1N1)": 0.9338515660968116, "FLU3": 0.1956503552217814, "FLU4": 0.4206554823137255, "FLUA3": 0.3812365430159828, "FLUC4": 0.195287539387636, "FLUN3": 0.228900950061615, "FLUX": 1.411880353438089, "HBHEPB": 2.0398625739773366, "HEP": 0.5878965221172776, "HEPA": 2.036609272674242, "HEPAB": 1.1296429956283225, "HIBV": 0.8956552979450703, "HPV2": 0.5499614989469344, "HPV4": 0.960852392794379, "HPV9": 0.2618871769851607, "HPVX": 0.3913724134558266, "IPV": 1.7533391344064932, "MEN": 0.1876419857804251, "MENB": 0.0947883932300254, "MMR": 1.8186019496111905, "MMRV": 0.6016890222123652, "MNQ": 0.5010883641011711, "OPV": 0.0599513978745643, "PNC": 0.3308795690755224, "PNC13": 0.3007307128208498, "PNC20": 0.6787486915621983, "PPV": 0.32602026622476, "RAB": 0.6734058391799224, "RV1": 0.0946743789944437, "RV5": 0.0609389168190565, "RVX": 0.4748950455344997, "SMALL": 5.102617576411893, "TBE": 3.3601567193164312, "TD": 0.7222748431310696, "TDAP": 1.9145282496559937, "TYP": 1.2447810852947878, "UNK": 0.214880785643804, "VARCEL": 1.4429717318147357, "VARZOS": 0.5707425143176208, "YF": 0.2302547494878486}