{"ANTH": 1.9773750182204288, "BCG": 3.13225207819553, "COVID19": 0.1950885329229054, "COVID19-2": 0.4566097239165134, "DT": 0.0832751578227021, "DTAP": 0.8946645576322971, "DTAPHEPBIP": 1.9486301694933177, "DTAPIPV": 1.873341708701166, "DTAPIPVHIB": 0.7419535667744399, "DTOX": 3.13879021212257, "DTP": 0.1373395996820053, "DTPIPV": 1.4449731974855315, "FLU(H1N1)": 0.579033452036923, "FLU3": 0.812937081259315, "FLU4": 0.8948992858199649, "FLUA3": 0.2724247990520904, "FLUA4": 0.2156867701570067, "FLUC4": 0.448208390932491, "FLUN(H1N1)": 0.61785827789108, "FLUN3": 0.5235948442645704, "FLUN4": 0.4909920192322198, "FLUR3": 0.4123780297055661, "FLUR4": 0.0537041348085209, "FLUX": 1.0376155863147674, "FLUX(H1N1)": 0.7073488713239525, "HEP": 0.4107541067924134, "HEPA": 0.8896587417044212, "HEPAB": 0.2317414241302973, "HIBV": 0.265952044566042, "HPV2": 0.4634795830417156, "HPV4": 0.9864758670753776, "HPV9": 0.42931198278787, "HPVX": 1.4188439026935324, "IPV": 0.1539116778939926, "JEV1": 1.5721440730422998, "LYME": 0.0974661953312946, "MEA": 0.1754633916717522, "MEN": 0.7874788420174381, "MENB": 0.5408751838393376, "MMR": 0.842664866305641, "MMRV": 3.6429393801087873, "MNQ": 1.034979845052282, "PNC": 0.1599857857174098, "PNC13": 1.0367766347582834, "PNC20": 0.0692993963504464, "PPV": 0.5949495293087776, "RAB": 0.355814248177217, "RV1": 0.0620368414432704, "RV5": 0.0117375586602249, "RVX": 0.1811388290108924, "SMALL": 16.383062639186665, "SMALLMNK": 5.563157921297787, "TD": 0.1180343765247455, "TDAP": 0.7520099822883889, "TTOX": 0.1437483037660655, "TYP": 0.6829363638023652, "UNK": 1.2667980666914949, "VARCEL": 17.348586135391873, "VARZOS": 4.97533037647836, "YF": 0.6890679059269538}