{"6VAX-F": 3.1323020950560143, "ANTH": 0.3988794907759564, "BCG": 1.6695873901210865, "COVID19": 0.0945436523953914, "COVID19-2": 0.3635277560324237, "DPP": 2.8757910017487567, "DT": 0.2640274930903979, "DTAP": 0.8886617298872449, "DTAPH": 0.9916983880511888, "DTAPHEPBIP": 0.0644628614636676, "DTAPIPV": 8.443275669437671, "DTAPIPVHIB": 7.500301534409144, "DTIPV": 3.151225816055537, "DTP": 0.2258649110074796, "DTPIPV": 131.62883803244162, "DTPPHIB": 262.8896808892132, "FLU3": 0.6422366183645829, "FLU4": 0.9380686320744576, "FLUC4": 0.1083881375468553, "FLUN4": 0.2071616284989755, "FLUX": 0.8691567782819556, "FLUX(H1N1)": 0.2210676169277988, "HEP": 0.9059244205816004, "HEPA": 0.8160899706565028, "HEPAB": 1.750257931689323, "HIBV": 5.656508630862118, "HPV2": 0.3050098947937488, "HPV4": 0.8945493721137137, "HPV9": 0.9748665737782004, "IPV": 0.7736942451415652, "MEN": 0.3701650633895484, "MMR": 1.2006991046986892, "MMRV": 0.0484400671039582, "MNQ": 0.1785760596740532, "OPV": 0.0332741160577344, "PNC": 1.7408263144584246, "PNC10": 0.5840733215307613, "PNC13": 10.059930603122083, "PPV": 0.3141448058396983, "RAB": 0.7232306837490459, "RV1": 0.1867646166470427, "RV5": 0.5019134011391584, "RVX": 0.2635753999293621, "TD": 0.0373974463501408, "TDAP": 0.1015004446065257, "TYP": 0.443609010772215, "UNK": 0.3329280358756064, "VARCEL": 0.6650573540437578, "VARZOS": 0.0947944879175684, "YF": 0.1277955759208717}