{"COVID19": 2.309671975692694, "FLUA4": 2.428166632481337, "FLUC4": 1.1491849566674852, "PNC13": 0.1650930689076477, "PPV": 0.6965463798320597, "VARCEL": 0.117843987820576, "VARZOS": 0.0677282258468718}