{"ANTH": 2.6321501930798643, "COVID19": 0.4524614004838038, "COVID19-2": 0.3031389069616028, "DF": 2.7820067429246818, "DTAP": 0.1401787903634436, "FLU(H1N1)": 2.572821493592416, "FLU3": 0.6452881919034091, "FLU4": 0.0452752589466892, "FLUN(H1N1)": 2.144470813330092, "FLUN3": 3.42038421432714, "FLUN4": 1.7041742053732498, "FLUX": 0.529003501729358, "FLUX(H1N1)": 1.89501516700985, "H5N1": 209.7715977358629, "HEP": 0.7942916965616731, "HEPA": 0.49620761220746, "HPV2": 3.3914165968602945, "HPV4": 2.211953313889432, "HPV9": 1.9075832683637604, "HPVX": 3.690539386725253, "MENB": 0.5723439295487944, "MMR": 0.5865201908058058, "MMRV": 0.2234760067327403, "PNC13": 0.0923360462538607, "PPV": 0.0314905453852849, "RAB": 0.9532891402334492, "RV5": 0.1692368808186248, "TDAP": 0.2075474705302448, "VARZOS": 0.2675489751472642}