{"COVID19": 3.58992880983144, "HPV4": 0.1204975769990067}