{"COVID19": 0.4520826392680032, "DTAP": 0.6283400695034833, "FLU(H1N1)": 0.7715346906965757, "FLU3": 0.3045727631386944, "FLUN(H1N1)": 2.700220538861924, "FLUN4": 2.145839676592852, "FLUX": 1.5523771281535772, "HPV4": 0.1472806878824095, "HPV9": 0.5720496395568281, "MEN": 3.4413796523600912, "MMRV": 1.0017129798785236, "PPV": 0.1411538388100729, "RV5": 0.758590575710262, "TDAP": 0.2613454607018254, "VARZOS": 0.2216766201653941}