{"6VAX-F": 8.008223538976884, "ANTH": 0.0647763991204349, "COVID19": 0.3662106487807854, "DTAP": 0.613944344394653, "DTAPHEPBIP": 0.7706894183863773, "DTAPIPV": 1.0291467273585229, "DTAPIPVHIB": 3.691607269293204, "DTPHEP": 5.865957004130857, "FLU3": 0.233630558749965, "FLU4": 0.7682963737115569, "FLUC4": 0.4306598724987913, "FLUN3": 0.1420042066709121, "FLUN4": 0.2315558234694895, "FLUR4": 0.3395730594632135, "FLUX": 0.136372589878371, "FLUX(H1N1)": 2.6431317584872183, "HEP": 0.4727522424029881, "HEPA": 0.5972586863264611, "HIBV": 1.0140161207277147, "HPV2": 3.7090161126322503, "HPV4": 1.0020033069659542, "HPV9": 1.5348274742989805, "HPVX": 0.2427972886232445, "IPV": 1.6300306559737865, "MEN": 2.241863998928421, "MENB": 1.6856840453361783, "MMR": 0.7568320758615, "MMRV": 0.579124730127919, "MNQ": 2.061874793327446, "OPV": 0.0371922901148389, "PNC": 1.1512972462182394, "PNC10": 4.495181105460494, "PNC13": 3.045584336197451, "PPV": 0.4586834378892489, "RV1": 4.509515441734203, "RV5": 1.2703333251442153, "RVX": 1.0472909361788254, "TD": 0.1485901806714163, "TDAP": 1.6501856411546263, "TDAPIPV": 4.892695141853822, "TYP": 0.2560815024581673, "UNK": 0.4616719008885477, "VARCEL": 0.4174534004907764, "VARZOS": 0.1375029065072894}