{"COVID19": 0.0997590621125989, "HEPA": 6.691034059422049, "VARZOS": 0.6611654768712584}