{"FLU3": 0.6523190014375372, "HEPAB": 10.799433920502638, "HPV4": 16.8439302748959, "HPVX": 18.419860428218616}