{"BCG": 142.68154699020852, "HEP": 2.930243827097778, "MEN": 8.264367583202906, "MMR": 0.6998471209335616, "PNC": 2.1138694801125397, "PNC13": 1.2356452556221045}