{"6VAX-F": 1.323130815768489, "BCG": 7.662307480475317, "COVID19": 0.5680806255691752, "DTAP": 0.736900822240363, "DTAPIPVHIB": 0.8986238241688314, "HEP": 0.157366502228849, "IPV": 0.2882852032773766, "MEN": 1.6989072374907734, "MMR": 1.0218628011712356, "PNC13": 0.9159160837387004, "PPV": 0.1526834112606883, "RAB": 1.7140863773104913, "VARCEL": 0.1813141665347345}