{"COVID19": 0.5307023410196319, "FLUX": 14.09244646, "HPV2": 49.98663375, "VARZOS": 3.943733584139431}