{"COVID19": 0.358163331054255, "DTAP": 0.4980928800794529, "FLU3": 0.2899109989065311, "HIBV": 0.5073180137923479, "HPV4": 0.544246637208241, "IPV": 0.7026288664704584, "JEV1": 34.77872927661663, "PPV": 0.3721307125624998}