{"6VAX-F": 0.0239927258497055, "ANTH": 0.1178238920134335, "CEE": 2.8503789931871424, "CHOL": 1.8400257719011093, "COVID19": 2.10868072698761, "COVID19-2": 0.6115118346366627, "DTAP": 0.0037058117749054, "DTAPIPV": 0.0183435163538121, "DTIPV": 0.2622292665053362, "DTP": 0.0097071010375598, "DTPIPV": 0.2009589493753942, "FLU(H1N1)": 0.0222390791481369, "FLU3": 0.4967895558326667, "FLU4": 0.7823661166613224, "FLUA3": 0.4302114326374553, "FLUA4": 1.929096081171623, "FLUC3": 0.194066443510944, "FLUC4": 0.7611864431458953, "FLUN4": 0.0612799783655205, "FLUR4": 0.6176996818636054, "FLUX": 0.6653428989843329, "HEP": 0.3122904194584817, "HEPA": 0.2113025967574456, "HEPAB": 0.8969103173419499, "HIBV": 0.0134066384615289, "HPV2": 0.2708047169551171, "HPV4": 0.806861137412978, "HPV9": 0.4632290247763438, "HPVX": 0.9506549816968572, "IPV": 0.0557671756133687, "JEV1": 0.2587562809749623, "MENB": 1.0043518195620087, "MMR": 0.0385936543438347, "MNQ": 0.7518129153034725, "PNC13": 0.1765087642657713, "PPV": 0.3840753547001743, "RAB": 0.213633089789389, "RSV": 0.3393231142714368, "RUB": 0.2321786937013415, "SMALL": 0.1997199842786264, "TBE": 0.5516661690619403, "TD": 0.1180140877749166, "TDAP": 0.709560305619903, "TTOX": 0.053398075461948, "TYP": 0.4526125167038805, "UNK": 0.894376072040219, "VARCEL": 0.0350741390344738, "VARZOS": 0.9556989059216188, "YF": 0.0378028984557965}