{"ANTH": 56.20977496022703, "DTAP": 0.8842859362516438, "HPV4": 0.9662246969727768, "MNQ": 1.8313612904663648, "SMALL": 6.9338100236753455, "VARCEL": 0.784544862311595}