{"COVID19": 0.5113389918492441, "HPV4": 2.145664792734237, "HPV9": 1.732929276110202, "MNQ": 1.100258537335336, "TD": 1.585919437515085}