{"COVID19": 4.577307691294325, "FLUX": 7.352580761424209}