{"COVID19": 0.6467934781176765, "FLUA3": 49.09127260841142, "FLUX": 4.227733938, "HEP": 9.424922856, "HPV4": 2.8222725680624103, "TDAP": 5.008020163958326, "UNK": 7.246736826778405}