{"COVID19": 0.0769188072289897, "COVID19-2": 0.4087203617660626, "FLU3": 1.2732273993998258, "FLUN4": 16.19710267024297, "FLUX": 13.095836612662325, "FLUX(H1N1)": 4.956384443320883, "HEPAB": 2.917149347309297, "HPV4": 0.3059264587615735, "PPV": 1.0654164948541562}