{"COVID19": 0.995066889, "FLUX": 19.895218530912565, "HEP": 2.827476856725426, "VARZOS": 1.1831200752418292}