{"COVID19": 1.2695404465116085, "COVID19-2": 3.286383232122099, "FLUX": 0.2749917570738578, "PPV": 0.5232921765198858, "VARZOS": 0.3571463523586751}