{"COVID19": 0.841799581672795, "COVID19-2": 3.80099539236736, "FLU(H1N1)": 0.0739828370275493, "FLU3": 0.9123040509093242, "FLU4": 0.7525595255202744, "FLUC3": 0.6079136042275743, "FLUC4": 0.4162269748284953, "FLUN(H1N1)": 0.9204484054068224, "FLUN3": 0.4862291898970722, "FLUN4": 0.7314645175424562, "FLUR4": 0.3328226515117535, "FLUX": 2.762015269443902, "FLUX(H1N1)": 0.2288073271349979, "HEP": 0.0502952177804425, "HPV9": 0.0548541145429102, "HPVX": 0.2296941501129701, "JEV1": 9.751714371230095, "MMR": 0.0833798903654786, "MNQ": 0.0742278061300877, "PNC": 0.1442842588426884, "PNC13": 0.764367157239617, "PPV": 0.5935290931027812, "TDAP": 0.5983884335406788, "TYP": 0.1784013368835503, "UNK": 1.4023863551861415, "VARZOS": 0.1140205694864092}