{"COVID19": 0.0395974408353373, "DTAP": 3.08259232943825, "FLUX": 1.0823741795157125, "HIBV": 5.70255223457518, "MMR": 4.5011904318521125, "UNK": 1.855303573464565, "VARCEL": 1.10275256555574, "VARZOS": 0.3028976198934447}