{"6VAX-F": 4.129544150435048, "ANTH": 0.2137164927040337, "BCG": 5.21193609104944, "COVID19": 0.4355174744122759, "COVID19-2": 1.614360110896842, "DTAP": 0.7782175012382423, "DTAPHEPBIP": 1.5959873136049918, "DTAPIPV": 0.6879904341340399, "DTAPIPVHIB": 3.1109370559979066, "DTIPV": 0.9197481982015392, "DTP": 0.655374938079593, "DTPIPV": 2.5055610064943323, "FLU3": 0.7111276670335692, "FLU4": 0.973869968898694, "FLUA4": 1.6356520776035333, "FLUC3": 0.6806725755711668, "FLUC4": 0.1124550304510541, "FLUN4": 0.7639877392634673, "FLUX": 1.6209383749772628, "HEP": 0.9998317500315336, "HEPA": 0.6493594466868491, "HEPAB": 0.649492569206311, "HIBV": 1.2444173048069602, "HPV2": 0.6128601485274197, "HPV4": 0.0977588162791611, "HPV9": 0.2918375293491165, "IPV": 0.1960613949582834, "JEVX": 3.235143429805363, "MEN": 0.3840677076910545, "MENB": 0.3757189903950787, "MMR": 0.3534883934269397, "MMRV": 0.7459389565890465, "MNQ": 0.3995304020586004, "PNC": 0.9279712365011809, "PNC10": 0.605988665543164, "PNC13": 3.238984352130251, "PPV": 0.9700772765090014, "RAB": 0.10901779977109, "RV1": 2.675228174371056, "RV5": 1.7219324604084694, "RVX": 0.2734651618535826, "SMALL": 0.7015520787212306, "TD": 0.0388006572157467, "TDAP": 0.294514744232391, "TYP": 0.0668690985861752, "UNK": 0.1919269500040567, "VARCEL": 0.2751728920291922, "VARZOS": 0.2902919842163917, "YF": 0.471289614111979}