{"COVID19": 0.0560654502112883, "HEP": 7.965529188503195}