{"BCG": 146.498182879222, "COVID19": 0.0997590621125989, "PNC13": 4.432198110960125}