{"6VAX-F": 0.4500644647299667, "ANTH": 0.7281115923738746, "COVID19": 0.9057332043901112, "COVID19-2": 0.6299898852745476, "DTAP": 0.5461649457016414, "DTAPH": 0.2870762596701505, "DTAPHEPBIP": 0.1282555116339658, "DTAPIPV": 0.1233785038426603, "DTAPIPVHIB": 0.3785564004591459, "DTOX": 0.9575103372016878, "DTP": 0.2704547105077553, "DTPHIB": 0.038952193157555, "FLU(H1N1)": 1.287207913887498, "FLU3": 0.9667692901930516, "FLU4": 0.6294232102755642, "FLUA3": 0.4210025434583189, "FLUA4": 0.2354863836170295, "FLUC4": 0.1114472714924075, "FLUN(H1N1)": 1.2242318920749786, "FLUN3": 0.1306302293789629, "FLUN4": 0.6397743283555187, "FLUX": 0.5318013299929496, "FLUX(H1N1)": 0.9467767753642377, "HBHEPB": 0.3267370082730159, "HEP": 0.6604309122020278, "HEPA": 0.812665826516014, "HEPAB": 0.6249760099582273, "HIBV": 0.6678596860195302, "HPV2": 1.469273114133311, "HPV4": 0.9869841872961074, "HPV9": 0.1749967713906271, "IPV": 0.4431218036467891, "JEV": 0.3888113402298055, "MEN": 0.4460027872117431, "MENB": 0.104671272618672, "MM": 1.785241581722805, "MMR": 1.3773936275310412, "MMRV": 0.537328403404548, "MNQ": 0.1439619375280541, "OPV": 0.5184236454826472, "PNC": 0.5819924635241887, "PNC10": 1.8040252627762725, "PNC13": 0.4672596120055849, "PNC20": 0.3873655448300017, "PPV": 0.3121523568394525, "RAB": 0.1080407909747282, "RUB": 0.2272116949852831, "RV": 0.3852676658053309, "RV1": 0.225024727967576, "RV5": 0.0347764215966337, "RVX": 0.5244374214108891, "SMALL": 0.5450825219924027, "SMALLMNK": 0.5476530583732732, "TD": 0.4148330589762745, "TDAP": 0.2297589167537057, "TDAPIPV": 1.2671259525506118, "TTOX": 0.0522557303961081, "TYP": 1.4081816937244982, "UNK": 0.6945519663159372, "VARCEL": 1.216592579275286, "VARZOS": 1.3995354068446957, "YF": 1.0533111026068112}