{"HPV4": 2.473097052707886, "HPVX": 33.825617356189994}