{"COVID19": 4.358392975623727, "COVID19-2": 0.3168548435892781, "FLU(H1N1)": 1.2423685959056692, "FLU3": 0.5533775569171878, "FLU4": 0.3267974345470739, "FLUR4": 5.588349992498106, "FLUX": 2.5512187555803827, "HPV4": 0.2371657620220513, "HPV9": 0.921154115242464, "PPV": 0.4565176777081806, "UNK": 0.6089694812418828}