{"HPV9": 2.473381434347527, "MNQ": 3.347027997312047}