{"COVID19": 1.250941232403418, "COVID19-2": 2.6932661705088643, "FLU(H1N1)": 10.56013306519819, "HPV4": 4.181144545277645, "LYME": 24.27428743909275, "MENB": 9.864293177398183, "UNK": 5.176240590556004}