{"6VAX-F": 0.4302073477941266, "ADEN_4_7": 0.4237667233820016, "ANTH": 0.359868022531584, "BCG": 0.0875774719865681, "CEE": 1.7966273057817466, "CHOL": 0.3264391995755745, "COVID19": 0.3959088899035471, "COVID19-2": 3.8345143608152874, "DT": 0.17484446027832, "DTAP": 1.0575649168494323, "DTAPHEPBIP": 1.0386584899878273, "DTAPIPV": 3.22350244215282, "DTAPIPVHIB": 2.098156695169527, "DTIPV": 0.5871027517747099, "DTP": 0.0652492865681443, "DTPPVHBHPB": 0.263437762856783, "FLU(H1N1)": 0.0963234099758317, "FLU3": 0.5621101811821003, "FLU4": 2.537723653070726, "FLUA4": 1.214840832142816, "FLUC4": 1.1933150441819662, "FLUN3": 1.6544332546921177, "FLUN4": 5.338669187357558, "FLUR3": 0.4764490436643782, "FLUR4": 0.3892573562400627, "FLUX": 1.323162127991071, "FLUX(H1N1)": 1.5778974514761477, "HEP": 0.5354621986070993, "HEPA": 2.51006564724534, "HEPAB": 0.1808312705199374, "HEPATYP": 2.626467260114681, "HIBV": 0.983656051353723, "HPV2": 0.1706320136057351, "HPV4": 1.122036767655587, "HPV9": 3.0511957593840084, "HPVX": 0.9608624312652424, "IPV": 0.6529363660603416, "JEV": 0.250429728540788, "JEV1": 0.163097074982845, "JEVX": 0.5813815632313181, "MEN": 0.7432795312206936, "MENB": 2.858421871190259, "MMR": 2.3210080852083577, "MMRV": 3.499629576013775, "MNQ": 2.3179109327226497, "OPV": 0.0062039895840626, "PNC": 0.293254103349158, "PNC13": 2.2169595255362635, "PNC15": 1.805904539347649, "PPV": 0.5195269750180233, "RAB": 0.4647675267034649, "RV1": 0.6310724975419956, "RV5": 0.6159932151025189, "RVX": 0.1745450632955934, "SMALL": 0.5210343449427696, "SMALLMNK": 0.3527042356627639, "TD": 0.10310510329433, "TDAP": 1.4269220498867006, "TTOX": 0.1195401331563695, "TYP": 0.7740573524958976, "UNK": 0.3518818094445112, "VARCEL": 1.712098064383715, "VARZOS": 0.1506135120440869, "YF": 0.7936153480493642}