{"COVID19": 5.970401336, "VARZOS": 1.5774934336557722}