{"COVID19": 0.2388160534588344, "FLUX": 28.18489292, "HPVX": 131.13511468156943, "RAB": 65.71754209196712, "VARZOS": 3.380343072119512}