{"COVID19": 0.9037024842636008, "FLU4": 1.3412514720844144, "FLUC4": 2.5540929639213785, "FLUX": 0.4176050248857418, "UNK": 2.93998008510174}