{"COVID19": 0.0675010215710169, "FLUX": 0.9390987469457268, "HEPA": 0.9877768300838392, "HIBV": 2.524558994288485, "MENB": 2.7878082194424163, "MMRV": 2.5668783113237947, "PNC13": 3.080790501491113, "UNK": 0.9167152149160344}