{"COVID19": 0.6078045501113699, "COVID19-2": 0.0758844022889255, "FLU(H1N1)": 1.0610862681817366, "FLU3": 0.1166635671757484, "FLU4": 0.279102953468128, "FLUN(H1N1)": 1.0413505860027596, "FLUN3": 0.5501081879638937, "FLUX": 0.5898521321526405, "FLUX(H1N1)": 3.2817195530204435, "HEP": 0.0569040763325485, "HEPAB": 0.5416082281153468, "HPV2": 7.38244827267851, "HPV4": 1.115524765482725, "HPVX": 0.9237870340339972, "MEN": 1.327181724285405, "MMR": 0.0943359606314604, "MMRV": 0.386314362579088, "PNC13": 0.1596177714604122, "RV1": 1.552562214520894, "RV5": 0.2925532798497166, "TD": 0.1989598822218969, "TDAP": 1.0899447031711451, "TYP": 0.7174969482565308, "VARZOS": 0.0238106690085411}