{"6VAX-F": 3.7426019875375913, "BCG": 3.785683184834194, "COVID19": 1.707973394894461, "COVID19-2": 0.0079349479432141, "DF": 0.5810937214202433, "DTAP": 0.1499873462969142, "DTAPHEPBIP": 0.4008274563554708, "DTAPIPV": 0.3855855375453463, "DTAPIPVHIB": 2.0106082981070514, "DTP": 0.0947684094742883, "DTPIPV": 3.046310013605962, "FLU(H1N1)": 0.3370474928502288, "FLU3": 0.1815401864984277, "FLU4": 0.1564754820335836, "FLUA3": 0.0888843491617519, "FLUA4": 0.0962041913239278, "FLUN4": 0.3091449839846114, "FLUX": 1.2172919497740498, "FLUX(H1N1)": 3.564014182888436, "HEP": 0.2842599130383012, "HEPA": 0.1502015906623504, "HEPAB": 0.1357108722661371, "HIBV": 0.5267675387461364, "HPV2": 0.0360479387766915, "HPV4": 0.403364141411668, "HPV9": 0.0609795212900452, "HPVX": 0.0912475022719568, "IPV": 0.1423986864032684, "JEV1": 0.3674558338719846, "JEVX": 1.3098457839222537, "MEN": 0.839213817480701, "MENB": 0.3271206932996788, "MMR": 0.0710630950553788, "MMRV": 0.0722848935233332, "MNQ": 0.0749269506829878, "OPV": 0.206894293427725, "PNC": 0.4864297146490141, "PNC10": 0.245352755153451, "PNC13": 1.5591870234940206, "PPV": 0.2975312038372336, "RAB": 0.0441391347039691, "RV1": 1.3082867645586147, "RV5": 1.315081303769137, "RVX": 0.7612267850319161, "SMALL": 0.1465885400043674, "SMALLMNK": 0.2237249613967414, "TD": 0.0157096127345011, "TDAP": 0.0916937968799685, "UNK": 1.9653943963538751, "VARCEL": 0.0046689870405624, "VARZOS": 0.0895662126823544, "YF": 0.053683318837718}