{"COVID19": 1.4203631616646448, "FLU3": 0.0610316162089739, "FLU4": 0.131219750180214, "FLUX": 0.1483327202693454, "HEP": 0.2889737917260109, "HPV4": 0.4100516127430664, "MEN": 0.8716930928933817, "MENB": 0.4403406578474017, "MER": 18.868782173162685, "MNQ": 0.2171610580049672, "TDAP": 0.1234320434248406, "TYP": 0.5394543937403113, "VARCEL": 0.0930305495214648, "VARZOS": 0.5854361359462926}