{"COVID19": 0.8311803311797692, "FLU4": 0.547993314120933, "HPV4": 0.3976927131968856}