{"COVID19": 14.812281410958656, "COVID19-2": 1.1447658865161017, "RSV": 9.661790039338698, "UNK": 0.8173011458772638, "VARZOS": 0.088789499}