{"COVID19": 8.711423434476108, "COVID19-2": 0.5695089590998257, "RSV": 1.359211691131488, "UNK": 0.2627603862271472, "VARZOS": 0.0221479564443002}