{"COVID19": 0.0248948517120857, "UNK": 9.065139694376423}