{"ANTH": 1.8435167153049137, "COVID19": 0.2536097673566189, "FLU4": 0.4987117416957337, "FLUX": 2.062861311977148, "HEPAB": 2.8929816598913995, "HPV2": 9.988953434426335, "MMR": 0.280547703768175, "PPV": 0.2977392609235453, "RAB": 3.3425412280754903, "TTOX": 5.742387954037588}