{"ADEN_4_7": 0.1727105092019384, "ANTH": 2.2270714130140323, "BCG": 0.02259104911621, "COVID19": 0.4789540354786862, "COVID19-2": 0.3628063478294058, "DF": 3.075774186542131, "DPP": 0.6312701515989859, "DT": 1.588657271813588, "DTAP": 3.107279688765903, "DTAPH": 1.899335179448404, "DTAPHEPBIP": 1.6191367669730932, "DTAPIPV": 3.155119084648056, "DTAPIPVHIB": 0.64045842410765, "DTIPV": 0.1387870360286988, "DTOX": 1.1936621634358249, "DTP": 0.3098348883667995, "DTPHIB": 0.0158975534524469, "DTPIPV": 0.5484757772071623, "DTPPVHBHPB": 0.7128762235816098, "EBZR": 0.7278190177311025, "FLU(H1N1)": 0.5988043590097386, "FLU3": 1.4910244904763057, "FLU4": 2.0732777791702284, "FLUA3": 1.0367411402733029, "FLUA4": 1.00456541693876, "FLUC3": 0.6168512012253387, "FLUC4": 1.5867133649991707, "FLUN(H1N1)": 0.4338043992337431, "FLUN3": 0.2827151456578858, "FLUN4": 0.1899826969868265, "FLUR3": 0.8436208313490025, "FLUR4": 1.6867397721239878, "FLUX": 0.7462964412723665, "FLUX(H1N1)": 0.2320663638443189, "HBHEPB": 0.3339703418684887, "HBPV": 0.747038264991672, "HEP": 0.3273966817718424, "HEPA": 0.4195049314178914, "HEPAB": 0.48369848308842, "HIBV": 0.3428132221634042, "HPV2": 0.1850432538801957, "HPV4": 0.4005512328507551, "HPV9": 0.5894761338178851, "HPVX": 0.1315456384315553, "IPV": 0.3472329255856408, "JEV": 0.576603568272282, "LYME": 0.4883535357708372, "MEA": 0.1996784312193714, "MEN": 1.1858135909696337, "MENB": 1.6076228573910225, "MER": 0.5676195566663756, "MMR": 0.5726329792742014, "MMRV": 0.5894222459641195, "MNC": 2.9811744045788235, "MNQ": 1.6068450126196734, "MNQHIB": 2.585004557956577, "MU": 0.3858989640204056, "OPV": 0.0574857800027871, "PER": 0.542013214237896, "PNC": 0.7616194651385676, "PNC10": 3.1666695565544702, "PNC13": 3.0513937089289205, "PNC15": 0.392484239323321, "PNC20": 2.8705693879000567, "PPV": 4.405974536644268, "RAB": 0.4734805231785324, "RSV": 1.794743095989621, "RUB": 0.087262976104179, "RV1": 0.0356782244203677, "RV5": 0.0239745135095748, "SMALL": 1.0570830378794378, "SMALLMNK": 1.5024437110078028, "TD": 1.6640057807835031, "TDAP": 2.974854409762587, "TTOX": 2.1692729957920696, "TYP": 0.3336275135608204, "UNK": 1.4420677882130986, "VARCEL": 1.3630352410997095, "VARZOS": 2.115568737545032, "YF": 0.7999767758340852}