{"6VAX-F": 0.2702250175354504, "ADEN_4_7": 0.3260085007937404, "ANTH": 0.4047763556671763, "BCG": 0.2442639088780869, "CHOL": 0.4828651929291826, "COVID19": 0.8506878203475909, "COVID19-2": 0.5560739431029499, "DF": 0.4464920623909953, "DPP": 0.0990821893160499, "DT": 1.2028075977302102, "DTAP": 0.3671096623251296, "DTAPH": 0.1841577827429991, "DTAPHEPBIP": 0.0822178291968313, "DTAPIPV": 0.5194274319734595, "DTAPIPVHIB": 0.114575069450463, "DTIPV": 0.4611796378609714, "DTOX": 0.474667099919578, "DTP": 0.5608043823152075, "DTPHEP": 1.154752229896474, "DTPHIB": 0.3835625715081592, "DTPIHI": 0.1605831937463549, "DTPIPV": 0.2518334580195273, "DTPPHIB": 0.1563723131393282, "FLU(H1N1)": 1.015961070758573, "FLU3": 0.6868456838346398, "FLU4": 1.3674361798882906, "FLUA3": 0.3664070475451833, "FLUA4": 0.3571140022736754, "FLUC3": 0.6912010974345993, "FLUC4": 1.9666051901525632, "FLUN(H1N1)": 0.478572307747793, "FLUN3": 0.6965833885770896, "FLUN4": 0.9691547949564094, "FLUR3": 0.0880378760682827, "FLUR4": 0.7575965229799911, "FLUX": 0.5476985627802733, "FLUX(H1N1)": 0.4729049054093072, "H5N1": 0.9958925843946111, "HBHEPB": 0.0770758856790887, "HEP": 0.9384250611867618, "HEPA": 2.0193057866322808, "HEPAB": 1.293942999882082, "HEPATYP": 0.4861366053711701, "HIBV": 0.2138685349384639, "HPV2": 3.7847565351281114, "HPV4": 5.303406362838401, "HPV9": 4.734352488548176, "HPVX": 3.972203020312189, "IPV": 0.6111712264479173, "JEV": 1.3423452373959592, "JEV1": 1.2158560892940182, "JEVX": 0.4474287737483225, "LYME": 0.1174916492038743, "MEA": 0.82697214851975, "MEN": 1.481877378983609, "MENB": 2.1170696472434947, "MENHIB": 0.1213641798331177, "MER": 0.2332132213106003, "MM": 0.0598115640942518, "MMR": 0.8603889395240223, "MMRV": 0.2115971971744678, "MNC": 1.7701038088478398, "MNQ": 4.569078268921392, "MNQHIB": 1.0102083431775728, "MU": 0.0274640175138237, "OPV": 0.7698468205543847, "PER": 0.2179461645903051, "PLAGUE": 0.1602000567041568, "PNC": 0.1576353032215271, "PNC10": 0.4564690249803858, "PNC13": 0.2204527413663924, "PNC15": 0.0264387785187284, "PNC20": 0.3554054208244847, "PPV": 0.3004951941538234, "RAB": 0.6482440885333228, "RSV": 0.4253778599818144, "RUB": 0.180439398823496, "RV": 0.0129077505652929, "RV1": 0.1529027316929959, "RV5": 0.0546596479080484, "RVX": 0.4261250453424495, "SMALL": 0.2332263295144451, "SMALLMNK": 1.3287728857267638, "TBE": 0.4290010866356329, "TD": 1.6537380761050289, "TDAP": 2.380912807552426, "TDAPIPV": 0.6284472264232153, "TTOX": 0.777730581091342, "TYP": 1.257891042382989, "UNK": 0.5357971529263358, "VARCEL": 0.7225321879021981, "VARZOS": 0.262557275957349, "YF": 0.8044857937314338}