{"PPV": 9.81034377026748, "TYP": 32.32574487786481}