{"ANTH": 2.157301653395596, "COVID19": 0.3814678614571006, "COVID19-2": 0.238078778, "DF": 3.761212131322568, "DTAP": 0.3795226137659326, "FLU(H1N1)": 0.4660106001978712, "FLU3": 0.4407383053995545, "FLU4": 0.1840168519452766, "FLUA3": 2.3229308805242, "FLUA4": 1.184173412257402, "FLUC4": 0.7375195802077207, "FLUN3": 0.4304344500498848, "FLUN4": 0.6475016745579311, "FLUX": 3.462517557591253, "FLUX(H1N1)": 1.441138014539463, "HEP": 10.18626759897368, "HEPA": 0.5665454903078395, "HEPAB": 6.427615733081841, "HPV2": 10.24949691242009, "HPV4": 7.438937490173406, "HPV9": 2.441754583920358, "HPVX": 15.421489486552566, "LYME": 5.933714707333785, "MEN": 2.0783806982440427, "MENB": 0.2174804795016922, "MMR": 1.4226906459349509, "MNQ": 1.171653834091527, "PNC": 0.4540445091648381, "PNC13": 0.6264673183761034, "PPV": 0.4722784070576297, "RUB": 2.320341721990633, "SMALL": 1.269025355739968, "TD": 0.4677852850614621, "TDAP": 0.475069106, "TTOX": 0.7892743468245558, "UNK": 0.6874374855441965, "VARCEL": 0.4086005534543854, "VARZOS": 0.5915600376209146, "YF": 1.8187190050540365}