{"COVID19": 0.013146863610546, "MEN": 67.42394888704001, "PNC": 2.1138694801125397, "PNC13": 1.2356452556221045, "PPV": 2.8430422373136954}