{"ANTH": 0.8014852148023168, "COVID19": 0.5428504407112317, "FLUN3": 1.7570325878966615, "HEP": 2.769957232717719, "HPV4": 0.6810351885444185, "JEVX": 43.12377463105148, "RAB": 5.227760689203701, "RUB": 10.855179349445706, "SMALL": 1.3585608399007554, "UNK": 0.8606844324790792, "VARZOS": 0.6242675111780799}