{"COVID19": 0.6416922681502677, "COVID19-2": 0.3220147678309689, "HPV4": 0.2410274749301053, "HPV9": 0.9361693484270612, "TDAP": 4.856842537076486}