{"COVID19": 2.913836322348949, "COVID19-2": 0.050347762170966, "FLU3": 0.233572231709523, "FLU4": 0.0519276383643245, "FLUA3": 0.6555711263772015, "FLUX": 0.2010261728733774, "FLUX(H1N1)": 0.6105476416060993, "HEPAB": 0.359346098659457, "HPV4": 0.0376852084884485, "MENB": 0.1844065396425851, "PPV": 0.0361175107991645, "TD": 0.1320058495547233, "TDAP": 0.0668713504789164}