{"COVID19": 0.4538301038294994, "TDAP": 1.4099263686550516}