{"ANTH": 30.297112571634457, "COVID19": 0.3099952100602601, "HPV9": 1.732929276110202, "TDAP": 0.6253753572052579, "UNK": 0.7336230562524898}