{"ANTH": 3.1607248274174786, "COVID19": 0.5278509699265411, "COVID19-2": 0.5661782334799709, "DTAP": 0.5981112102173274, "FLU(H1N1)": 0.2062117284917789, "FLU3": 1.678318326906737, "FLU4": 2.145194032616775, "FLUA3": 0.6847822929928864, "FLUA4": 1.0489670251048058, "FLUC4": 0.3263617326163192, "FLUX": 1.4280983296882546, "HPV4": 0.039364399554704, "LYME": 1.6882871686722372, "PNC13": 0.1106220266221158, "PPV": 0.7350056080531443, "TD": 0.4910823796652356, "TDAP": 0.4828714365926664, "TTOX": 0.6991186882507251, "UNK": 0.6987335052815984, "VARCEL": 0.0600778392406497, "VARZOS": 0.2472229222402922}