{"COVID19": 0.0560654502112883, "COVID19-2": 2.6146783756786847, "FLU4": 2.6967249920124607}