{"ANTH": 3.830678835241196, "BCG": 1.2524749106471291, "COVID19": 0.3563853696317298, "COVID19-2": 0.6237857079784423, "DPP": 3.265946384346894, "DT": 2.137520584085414, "DTAP": 3.4237054143686265, "DTAPH": 3.6474699558137456, "DTAPHEPBIP": 2.007136998789836, "DTAPIPV": 2.2593992453292038, "DTAPIPVHIB": 0.917603202301804, "DTOX": 6.141165889851568, "DTP": 0.6106295637151257, "FLU(H1N1)": 0.7555601075155776, "FLU3": 1.9895118234699167, "FLU4": 2.5132931461047536, "FLUA3": 1.880441373556578, "FLUA4": 2.399521713, "FLUC3": 2.517759723879489, "FLUC4": 2.134221627266965, "FLUN(H1N1)": 0.7422904586080166, "FLUN3": 0.6538896549800881, "FLUN4": 0.3276203691986344, "FLUR4": 2.547335021718074, "FLUX": 1.036226007495728, "FLUX(H1N1)": 0.8748166182494994, "HBHEPB": 0.8969562103448434, "HEP": 0.3626423223054654, "HEPA": 0.5735566321040643, "HEPAB": 0.4719597096527355, "HIBV": 0.1419694559678988, "HPV2": 0.4785317949879116, "HPV4": 0.6733236722386343, "HPV9": 1.1232903277058053, "HPVX": 0.3657154592713092, "IPV": 0.4275846477137774, "JEV": 0.7198860042851355, "JEV1": 1.7439740935327412, "LYME": 0.5960204505134381, "MEA": 0.3460310034830649, "MEN": 1.1564140691481422, "MENB": 2.016545171374404, "MMR": 0.69961064, "MMRV": 0.8887850325427907, "MNQ": 2.261874905717303, "MU": 2.001384769883241, "PNC": 1.0583019560090103, "PNC13": 2.6460469797265245, "PNC20": 4.385364137677517, "PPV": 5.480915197695124, "RAB": 0.6604778099695187, "RSV": 3.289644301271613, "RUB": 0.4695027462643359, "RV1": 0.1034010601275101, "RV5": 0.1158259623451151, "SMALL": 4.132913783971823, "SMALLMNK": 2.0410227279508004, "TD": 3.477439020272645, "TDAP": 4.093772078977707, "TTOX": 2.641629761652861, "TYP": 0.7959224249448354, "UNK": 1.6934356807137287, "VARCEL": 1.9004992772775575, "VARZOS": 2.429417474016684, "YF": 1.3803555128071603}