{"COVID19": 0.0443965842774189, "FLU4": 4.20120760026956, "FLUX": 17.1889332715898, "UNK": 1.221102965264112}