{"HEP": 6.024690224289496, "MMR": 2.1734354049367246}