{"ANTH": 0.1099350789552064, "COVID19": 3.344331715346097, "COVID19-2": 0.2199405861218525, "FLU3": 0.0948182153618606, "FLU4": 0.1891003179163334, "FLUA3": 0.100446733868337, "FLUA4": 0.1538668936519745, "FLUC3": 0.2485464279829563, "FLUN3": 0.0559231661277377, "FLUN4": 0.08412762472427, "FLUX": 0.2055772967653548, "HEP": 0.0617441643424321, "HEPAB": 0.055059072906728, "HPV2": 0.1089967478788073, "HPV4": 0.9812355371354234, "HPV9": 0.0796732021705332, "HPVX": 0.0939108044584193, "LYME": 0.2470234843901243, "MMR": 0.0095900495196051, "MNQ": 0.2086580898471995, "PNC20": 0.1755901847596307, "PPV": 0.0380476954462372, "RAB": 0.6967468066992287, "TD": 0.0202259581545793, "TDAP": 0.196586685876333, "UNK": 0.3523850787766123, "VARCEL": 0.0088124671872802, "VARZOS": 0.1435597759735738}