{"HPV4": 11.392431024424956, "HPVX": 21.44988431601758, "TDAP": 9.17267337841432}