{"COVID19": 0.8443283882772599, "DTP": 1.391616198624804, "FLU4": 0.6648322034403477, "IPV": 0.7494264892841166}