{"COVID19": 2.4508380995547703, "COVID19-2": 0.3295783545704496, "DT": 0.6065911070526959, "DTAP": 0.0708183361516089, "FLU3": 0.0658490937055457, "FLUA4": 0.4423387619099675, "FLUC4": 0.1376234123508147, "FLUX": 0.3695387429532122, "HPV4": 0.059017728249871, "HPV9": 0.44406327050971, "MEN": 0.3878680170178333, "MENB": 0.2887966646504846, "MMR": 1.0684874361942094, "MNQ": 0.0872453092271587, "MU": 7.409055991646829, "PNC13": 0.0466481775579722, "TDAP": 0.0294554640878873, "UNK": 0.1515416163525169, "VARCEL": 0.0253342102484706, "VARZOS": 0.2342956605367418, "YF": 0.3394038062027501}