{"COVID19": 0.4953786433343936, "FLUX": 0.6270852597007686, "MENB": 7.507571643009436, "RV5": 2.1561454540129987}