{"COVID19": 3.2684120136834065, "COVID19-2": 0.7954794596439684, "DT": 4.314255417701846, "DTAP": 0.5037805406579168, "FLU3": 0.2049008285854083, "FLUA4": 3.146234798257113, "FLUC4": 0.9789878109661062, "FLUX": 0.8919269911010379, "HPV4": 0.2366685591666591, "HPV9": 1.3817311728636965, "MEN": 2.758854713464111, "MENB": 1.158072154998529, "MMR": 1.9988875420385568, "MNQ": 0.6206333698576876, "MU": 52.56356569270754, "PNC13": 0.3318441945875091, "TDAP": 0.2095405926342395, "UNK": 0.6076928156627593, "VARCEL": 0.1802230474615751, "VARZOS": 0.4531098160500623, "YF": 2.414178260892858}