{"DTAP": 1.961157718085204, "HIBV": 1.997480128172248, "PNC": 4.170068335182771, "TD": 5.854366066457646}