{"ANTH": 10.488610754333733, "COVID19": 0.0560654502112883, "TTOX": 34.75766187038199}