{"ANTH": 7.574008942582161, "FLU3": 1.511816839459165, "FLUX": 1.4961339449904518, "HEP": 1.5596000241253996, "PPV": 1.0867795204232822}