{"COVID19": 0.1053640533107351, "HPV2": 54.57586450254957}