{"COVID19": 0.6303546874668605, "COVID19-2": 0.4087203617660626, "HPV4": 0.3059264587615735, "MMRV": 2.080723540499705, "UNK": 2.854445627249228}