{"COVID19": 0.0680223827631108, "HIBV": 4.184197002499612, "HPV4": 6.535776933066558, "IPV": 10.081457176523298, "MEN": 45.79093949485468, "MENB": 2.594269888108192, "MNQ": 2.786474699385044}