{"COVID19": 1.1686290305619658, "DTAP": 0.1804467118826852, "DTP": 0.7176970510193014, "FLU3": 0.0867800580837149, "FLUX": 0.950220130529852, "HEP": 0.2930651312172842, "HEPA": 0.1794371696518442, "HPV4": 0.2925257062519838, "IPV": 2.865203185011453, "MEN": 0.988296235822602, "MENB": 2.229883860460717, "MMR": 0.2502394580964519, "MMRV": 0.2876719803482488, "PNC": 1.5393195542056894, "PNC13": 0.1188606063731672, "RV1": 2.242240798304211, "RV5": 0.7760457036015753, "UNK": 0.1086044603388891, "VARZOS": 0.0177307983482282}