{"6VAX-F": 0.029123156911969, "ADEN_4_7": 1.2672928663246772, "ANTH": 0.2275104223340397, "CHOL": 0.0915088350201458, "COVID19": 1.6089990596716484, "COVID19-2": 3.248055115233925, "DF": 0.0723016051643427, "DT": 0.049007002808467, "DTAP": 0.1170995570229989, "DTAPH": 0.0518328327236799, "DTAPHEPBIP": 0.0033692622071861, "DTAPIPV": 0.3707621703951903, "DTAPIPVHIB": 0.0425492587996947, "DTIPV": 0.0463337168548967, "DTOX": 0.6142261011143816, "DTP": 0.0487368222405889, "EBZR": 0.6533574200027334, "FLU(H1N1)": 3.188915481499928, "FLU3": 1.806704187130554, "FLU4": 1.92589143890092, "FLUA3": 0.2621334747077018, "FLUA4": 0.7053558185023779, "FLUC3": 1.4846834624428695, "FLUC4": 1.7759679294149269, "FLUN(H1N1)": 1.881641109998472, "FLUN3": 1.1481484852353143, "FLUN4": 0.8729457557768785, "FLUR3": 1.4249839707355625, "FLUR4": 1.6359305783084357, "FLUX": 1.181797122872264, "FLUX(H1N1)": 1.8609936466609605, "HEP": 0.2637796616264735, "HEPA": 0.4908757452437913, "HEPAB": 0.5437615803130602, "HIBV": 0.0254893045399479, "HPV2": 0.171433254509375, "HPV4": 0.4346301737177056, "HPV9": 0.5503931300815269, "HPVX": 0.3226458486461885, "IPV": 0.2041383755175244, "JEV": 0.0702015333790611, "JEV1": 1.0841010476270896, "LYME": 0.0107528556841079, "MEN": 0.2355775105948617, "MENB": 0.4103283806580098, "MMR": 0.2740139186313068, "MMRV": 0.1763664550369157, "MNQ": 0.7797166249795903, "OPV": 0.0061759082619774, "PNC": 0.0148414075467291, "PNC13": 0.1848172082880371, "PNC20": 0.4667439226460093, "PPV": 0.2307511760534201, "RAB": 0.6282725848584464, "RSV": 0.411995050416008, "RUB": 0.0410240318450274, "RV1": 0.0097529324317091, "SMALL": 0.0758767668595911, "SMALLMNK": 0.296782696387577, "TBE": 0.0974748017530572, "TD": 0.1792889908634082, "TDAP": 0.8161261196364673, "TTOX": 0.1394397809266833, "TYP": 0.8061597096282082, "UNK": 0.811832133109425, "VARCEL": 0.4329071807542669, "VARZOS": 0.3310489787213575, "YF": 0.9968655295649104}