{"ANTH": 0.3762458107497572, "COVID19": 9.937829321351495, "FLU3": 0.2031933216805299, "FLUX": 0.210596958297331, "HEP": 0.2823946923071586, "HEPAB": 0.6694100630804968, "HPV2": 0.3730345802346686, "HPV4": 0.2111425861393324, "HPVX": 1.141723635287296, "JEV1": 13.614494276191856, "LYME": 1.6928519260139403, "PPV": 0.3381084050526213, "RAB": 0.5721676550295643, "TDAP": 0.249465513, "VARCEL": 0.1071475331923294, "VARZOS": 0.029430848}