{"COVID19": 1.6259816405707874, "COVID19-2": 0.3168548435892781, "DTAPIPVHIB": 4.029935912630086, "FLU(H1N1)": 1.2423685959056692, "FLU3": 0.5533775569171878, "FLU4": 0.3267974345470739, "FLUX": 6.474907832695643, "HEP": 0.9625453129278044, "HPV4": 0.7175269240836637, "MMR": 1.1917096490034955, "MNQ": 1.2464821461847675, "PNC": 4.866131026492357, "PPV": 0.4565176777081806, "RAB": 1.932868885057856, "SMALL": 6.818322674060505, "TDAP": 0.4208420305847333, "UNK": 0.6089694812418828, "VARZOS": 0.099421855}