{"COVID19": 6.184088711853956, "COVID19-2": 0.0632344182045846, "FLU4": 0.0524814396003907, "FLUA4": 0.7666609876320502, "HEP": 0.0322933179161716, "HPV9": 0.1367963945757777, "PPV": 0.4698231040614009, "UNK": 0.0579117476657637, "VARZOS": 0.021384267629158}