{"BCG": 61.53717057112252, "COVID19": 0.2397069909270719, "HPV4": 0.6624781409474967, "RV5": 3.412187001626429, "VARZOS": 0.2777153865615703}