{"COVID19": 0.8129861216090282, "COVID19-2": 0.2184866939539768, "HEP": 0.4005367808093342, "HEPAB": 1.0518976445573074, "HPV2": 0.9925702582220688, "HPV4": 3.24196788732565, "HPV9": 3.324272951748225, "MMR": 0.1020080197369538, "MNQ": 0.3000958205480154, "PNC13": 0.1801046807383781, "PNC20": 4.357327821549678, "UNK": 0.2000958764861727}