{"ANTH": 0.7893253968463407, "COVID19": 1.0802115881822256, "COVID19-2": 0.7064830815472054, "FLU3": 0.3045727631386944, "FLUC3": 6.339653067753537, "PNC13": 0.4138888723327633, "UNK": 0.3781755741899583}