{"COVID19": 0.2232135579125523, "HPV4": 1.2400790115887077, "HPV9": 3.7019557303869592, "VARZOS": 0.5786971306518768}