{"COVID19": 0.043685863, "HPV2": 3.3324422500963733, "HPV4": 371.5992214615507, "HPV9": 2.435940882530072, "PPV": 0.6010816089824378}