{"CEE": 184.09037893710405, "COVID19": 0.70896985537043, "COVID19-2": 0.2724662019613234, "FLU4": 0.2810159926394369, "FLUC4": 1.6908255194258823, "MENB": 0.9979497750077968, "TDAP": 0.3618866377272796, "UNK": 0.5236619922509446, "VARZOS": 0.0854932330650048}