{"COVID19": 0.1048930856326286, "FLU3": 1.0589779711225369, "FLUR4": 6.046628491163004, "FLUX": 0.384355025528277, "HEP": 0.9305810040133868, "HPV4": 0.9288681508139394, "LYME": 3.089776494402011, "PPV": 0.2459061873567541, "RV5": 1.321551609508835, "TTOX": 4.556897193762734, "VARCEL": 1.4176377320987372, "VARZOS": 1.747379050716305}