{"COVID19": 0.0259350708871736, "FLUX": 2.7742707867554324, "HIBV": 1.997480128172248, "VARZOS": 0.999999913749761}