{"COVID19": 0.014215241, "DTAP": 27.785434434748183, "DTAPIPV": 28.0609317, "DTAPIPVHIB": 34.25445525735574, "FLU4": 2.7777781936501285, "FLUN4": 29.368825953163302, "FLUX": 3.019809955584943, "HEP": 6.524946592, "HEPA": 17.73776991877384, "HIBV": 15.909452159402663, "HPV4": 2.015908977187436, "MENB": 9.864293177398183, "MMR": 29.828853638693563, "PNC13": 11.749742593542916, "RV1": 15.451072699053665, "UNK": 5.176240590556004, "VARCEL": 3.076664881665461}