{"HIBV": 890.9293209265492, "HPV4": 28.222725680624105}