{"ANTH": 0.5888417220214462, "BCG": 0.6889758912262823, "COVID19": 0.6578135445351375, "COVID19-2": 0.1467858717378229, "DF": 0.6279903829256973, "DTAP": 0.7527703061224577, "DTAPHEPBIP": 0.330950146673816, "DTPHIB": 0.484839452823411, "FLU(H1N1)": 1.8951298489029187, "FLU3": 2.91929826064276, "FLU4": 0.7761761021172524, "FLUC3": 2.1960394142683484, "FLUC4": 0.6566490498974705, "FLUN(H1N1)": 2.014580350434028, "FLUN3": 0.4940370154073024, "FLUN4": 0.1080636264360327, "FLUX": 0.4840049322042242, "HEP": 2.3315776312263283, "HEPA": 1.53474135656301, "HEPAB": 0.4864031082256788, "HIBV": 0.0585369921951854, "HPV2": 0.0394108157515346, "HPV4": 0.2479754876002096, "HPV9": 0.102354399610565, "IPV": 0.141040091055021, "LYME": 0.0893167094542347, "MEA": 0.5710816034012239, "MER": 2.516271999468921, "MMR": 0.7992037809422227, "MNQ": 0.1385049971286709, "PNC13": 0.0208432645154212, "PPV": 0.1052981293078118, "RAB": 1.7254768982576354, "RUB": 0.3873386149138306, "RV5": 0.0382022979851136, "SMALL": 0.0704838686038744, "SMALLMNK": 0.2402892494418209, "TD": 0.4988581296944557, "TDAP": 0.7115917824161742, "TYP": 0.3328932975706316, "UNK": 0.3656780573333535, "VARCEL": 0.4351950464438097, "VARZOS": 0.454914179280777, "YF": 0.5388362582889585}