{"COVID19": 1.791120400941258, "COVID19-2": 0.691848191, "FLU3": 0.9115214430528444, "FLU4": 2.180685685, "FLUX": 0.7757309977649395, "HPV2": 5.5540704168272885, "HPV4": 0.5178481776261303, "HPV9": 2.0113273341991413, "MENB": 2.533946871258249, "PPV": 0.4963059156735725, "TDAP": 0.9189027823776744, "UNK": 4.063590744, "VARCEL": 0.7903359329048891, "VARZOS": 0.2170862523379503}