{"COVID19": 0.1213316196177413, "DTAPHEPBIP": 1.171782622096402, "DTAPIPVHIB": 1.0013430871808522, "FLU4": 0.28497734659154, "HIBV": 0.2319431860327049, "HPV4": 0.2488267640976038, "HPV9": 5.296717509255454, "HPVX": 3.948522308861099, "MEN": 1.8931046879624744, "MENB": 3.4543773307118157, "MNQ": 3.3629401704716004, "PNC13": 2.0182879880521525, "RV1": 3.4502222763331787, "RV5": 0.614807958824504, "TDAP": 0.9682927981910112, "UNK": 1.1358973045326692, "VARCEL": 0.2020397040135867}