{"COVID19": 0.0668839016948387, "DT": 8.548651385721273, "FLUN3": 8.188426824811849, "FLUX": 1.2664774405765764, "HIBV": 1.8462986643929664, "HPV2": 4.4924049497598615, "HPV4": 11.247047475593169, "HPV9": 0.9086307636826272, "MEN": 5.466206332290708, "MMR": 0.3885380481301089, "PNC": 2.3899947431688, "PPV": 0.2242056006525419, "TDAP": 0.4151152733221204, "VARZOS": 0.098068134257542}