{"COVID19": 0.1262914706348436, "DTAPIPV": 7.380308151918911, "DTAPIPVHIB": 9.0094313303109, "FLUN3": 5.134689945647165, "FLUX": 0.794182037886532, "HEP": 0.5311414497795708, "HPV4": 0.5301638185072338, "PNC13": 1.4898684153314403, "TDAP": 0.9407607555228376}