{"ANTH": 2.7322591556661133, "COVID19": 0.5448630282139648, "COVID19-2": 0.1319134200755899, "DTAP": 0.0245922700193189, "DTAPIPV": 0.1217300619508799, "FLU3": 0.413197738663153, "FLU4": 0.8883918901840172, "FLUC4": 0.756930173399619, "FLUN3": 0.2493901729051502, "FLUN4": 1.4467370385689928, "FLUX": 0.3730987531224188, "HEP": 0.0189366966724901, "HEPA": 1.0563084080132572, "HPV2": 0.1684540379291204, "HPV4": 5.270537963155722, "HPV9": 4.428255566255957, "HPVX": 1.5169747726411655, "IPV": 0.034690798537111, "MENB": 1.5390930042721849, "MMR": 0.0615882206550741, "MNQ": 4.283804473316371, "PNC13": 0.0305664558847489, "PPV": 0.12670560679802, "SMALL": 0.1928317623422781, "TD": 0.2611629355671575, "TDAP": 1.7601806307684729, "TTOX": 0.3543568502281125, "UNK": 1.5046190010890477, "VARCEL": 0.2339976067057624, "VARZOS": 0.5555849433472908}