{"DTP": 59.90414448945857, "MMR": 5.863561869014082}