{"COVID19": 0.9839956620036746, "COVID19-2": 1.284423841327664, "FLU(H1N1)": 1.1890408953738856, "FLU3": 0.0366409504944127, "FLU4": 0.087658702989067, "FLUX": 0.0952966002372462, "HEP": 0.0637334608322148, "HPV2": 0.3380298286861668, "MMR": 0.1056577600238512, "RAB": 0.5184856724556229, "TD": 0.2228381970916734, "TTOX": 1.1298339087118332, "UNK": 0.1633484756272211, "VARCEL": 0.0970907964750919, "VARZOS": 0.6548513952199639, "YF": 1.3007302859172307}