{"COVID19": 0.2739386986637862, "HPV4": 0.7911451943281131, "HPV9": 8.858593126012165, "MNQ": 1.499519475503825, "VARCEL": 0.642385661937123}