{"COVID19": 0.1107509881067436, "HEP": 0.346466323080887, "HIBV": 2.729374786516032, "IPV": 47.84616304029215, "MMR": 0.5743741589426691, "PNC13": 7.070395458782993, "PPV": 3.874502026898804, "RV5": 1.7812399085077883}