{"COVID19": 0.2623705290400644, "HEP": 0.4382756674486918, "IPV": 6.070854374785122, "MMR": 0.4006798815449844, "PPV": 1.5763095278181645}