{"COVID19": 1.410678848276893, "COVID19-2": 1.196306363531916, "FLU(H1N1)": 0.3108697886565534, "FLU3": 0.0341796915257634, "FLU4": 0.0817704614989223, "FLUX": 0.9619566912828508, "HEP": 0.0594523341576564, "HPV4": 0.4115643234881254, "PPV": 0.0568742509700677, "UNK": 0.5434932080466058, "VARZOS": 0.0248769498155378}