{"COVID19": 1.272904258562446, "FLU3": 0.0909561533241123, "FLUN4": 2.584120155242838, "FLUX": 1.557678339152916, "HPV4": 0.1707509656910991, "PNC": 0.3322834133791872, "PNC13": 0.6978370432297373, "PPV": 0.4194617348573079, "TDAP": 0.1839522606178223}