{"COVID19": 0.28334795278143, "DT": 2.4015572131665177, "DTAPIPV": 0.9148698615492852, "FLU(H1N1)": 6.789788500507066, "FLU3": 0.4102833911160811, "FLU4": 0.0905568973480923, "FLUC4": 0.5448656798354123, "FLUN(H1N1)": 1.2048904371536169, "FLUN3": 2.271390066052784, "FLUX": 1.0670800373466955, "HEP": 0.4571034681825772, "HIBV": 1.8509195312971376, "HPV4": 2.300076948173331, "HPV9": 2.7668212482558525, "HPVX": 1.0688640177367266, "MENB": 2.232683643408251, "MMR": 2.152619525022508, "MMRV": 0.4469834712679112, "MNQ": 1.2326150163651317, "PNC13": 0.659048568622072, "RAB": 0.535627974828531, "SMALL": 0.6245335668841725, "TYP": 0.8301769262706571, "UNK": 0.1687491443588651, "VARZOS": 0.0983116966197369}