{"COVID19": 0.4046605350274694, "DT": 17.185117413845685, "DTAPIPV": 6.547550729693587, "FLU(H1N1)": 15.426976999593874, "FLU3": 1.1114848365430696, "FLU4": 0.6481482451850299, "FLUC4": 3.899634780348323, "FLUN(H1N1)": 8.622940827, "FLUN3": 9.187424396022752, "FLUX": 2.8907582480813128, "HEP": 1.437700096640047, "HIBV": 7.486801016189489, "HPV4": 4.535795198671731, "HPV9": 7.495202715477143, "HPVX": 7.649548356424884, "MENB": 7.022039211029215, "MMR": 4.891190907214347, "MMRV": 3.1991153211583323, "MNQ": 4.985928585, "PNC13": 2.6659079834088963, "RAB": 3.8335232886980815, "SMALL": 4.4697893085507765, "TYP": 5.94146615, "UNK": 1.207789471129734, "VARZOS": 0.3976874202493543}