{"ANTH": 0.1096982703801218, "CHOL": 3.314109027986714, "COVID19": 0.542407486040247, "COVID19-2": 0.8583292086799731, "DF": 2.6184952236985684, "DTAP": 0.3532963121912177, "FLU(H1N1)": 0.9812837406721728, "FLU3": 2.503383745609931, "FLU4": 0.3181948811672781, "FLUA3": 0.4005263638947152, "FLUA4": 1.542156590755523, "FLUN(H1N1)": 0.5410760439359852, "FLUN3": 0.8554732210077665, "FLUN4": 0.3921377671422311, "FLUX": 4.718063643733732, "FLUX(H1N1)": 1.488615903602042, "HEP": 0.1957939199948205, "HEPA": 0.1255170931199511, "HEPAB": 2.564772352535026, "HIBV": 0.0859188469532004, "HPV2": 0.5778377444643313, "HPV4": 0.7475525046027647, "HPV9": 0.0773519123954048, "HPVX": 2.835308459670883, "IPV": 0.3586827519709927, "JEVX": 5.902356829223406, "MENB": 0.0995845003011889, "MER": 4.267254626899273, "MMR": 0.0166939550285426, "MU": 5.360277296983536, "OPV": 0.0629848212336859, "PNC": 0.0504236639520776, "PNC13": 0.8503608568729625, "PNC20": 0.7130920402894544, "PPV": 0.342694168216589, "RAB": 2.132722058065588, "RV1": 0.0994647171687229, "SMALL": 0.1859445334738828, "SMALLMNK": 1.0081384898044363, "TBE": 3.530173906935377, "TD": 0.2518186564676111, "TDAP": 0.9450275528316314, "TTOX": 1.215545697249369, "TYP": 0.4339862737874635, "UNK": 0.4878649365100843, "VARCEL": 0.1450704952922773, "VARZOS": 0.0430135615564578}