{"COVID19": 0.1152273610630585, "FLU3": 0.4576429261496395, "FLUX": 4.488865030817516, "HEP": 0.7960263997955664, "MNQ": 4.176112439954951}