{"COVID19": 0.2083359408362387, "HEPA": 9.65048328122074, "HEPAB": 21.691166096055152, "SMALL": 5.812146102251386}