{"COVID19": 0.099506689, "FLU3": 8.127732867221196, "FLUX": 56.36978584, "LYME": 169.92001207364925}