{"ADEN_4_7": 27.80531279479527, "ANTH": 0.7089883679674275, "COVID19": 0.2449136478922892, "FLU4": 0.1917968729303932, "FLUC4": 1.3260209523717474, "FLUN3": 1.5542591210208463, "FLUX": 1.5269580262857123, "HEP": 0.1180180561486059, "HEPA": 1.6061081093935958, "HEPAB": 1.1125967574373714, "HPV4": 0.6015334723625811, "HPV9": 0.4999313903739079, "HPVX": 2.6574550410763416, "MENB": 0.6436223031352827, "MMR": 0.1078943320403137, "MNQ": 1.1401356598494008, "PNC13": 0.1904975143247652, "RV5": 0.4137811265935295, "SMALL": 1.2017736974266089, "SMALLMNK": 45.89457118893981, "TDAP": 0.6480400156223036, "UNK": 1.4905626364329674, "YF": 1.5634515438696246}