{"COVID19": 0.4776321069176688, "FLU4": 7.777778942220359, "HPVX": 91.79458027709862, "SMALLMNK": 406.2931116068411, "UNK": 14.49347365355681}