{"COVID19": 0.1845176898708588, "FLUC4": 2.5363682576999693, "FLUX": 0.4582759153482054, "HPV4": 1.1116615055882355, "HPV9": 1.1882419322638371, "HPVX": 4.975594612608978, "MMR": 0.5081021339985416, "SMALLMNK": 71.62532180023676, "TDAP": 0.5428579171821543, "UNK": 0.785533423385431, "YF": 6.255126557257197}