{"COVID19": 2.042292634890124, "HEPA": 0.3953229167160962, "PPV": 0.1984966430227467, "TDAP": 0.3127486010209159}