{"COVID19": 1.2720470709464662, "HEP": 0.4382756674486918}