{"FLUN4": 82.23271266885725, "HEP": 5.654953713450852, "HEPA": 136.83422508768388, "HPV2": 29.99198025086736, "HPVX": 203.98795617133027, "MMR": 9.374782572160834, "TDAP": 10.016040327916652}