{"ANTH": 0.0366374024502988, "CHOL": 3.933736028948605, "COVID19": 2.263379103171284, "COVID19-2": 0.8411200866865932, "DTIPV": 1.9915196727754283, "FLU(H1N1)": 0.1688763568240141, "FLU3": 0.3503711462538911, "FLU4": 0.2358387643810624, "FLUA3": 0.133769168145184, "FLUC4": 0.0685229453878137, "FLUN3": 0.2853773057625444, "FLUN4": 0.1309675156397107, "FLUR4": 0.1920618531175898, "FLUX": 0.2151680386679061, "HEP": 0.2039736942427077, "HEPA": 0.1745955111451981, "HEPAB": 0.0574941160682517, "HPV2": 0.054251427441522, "HPV4": 0.0924182146788704, "IPV": 0.0396960637645888, "LYME": 0.1300627232424864, "MEN": 0.2339378013999397, "MENB": 0.033259570965662, "MMR": 0.05954251581555, "PPV": 0.0876662590546847, "RAB": 0.0664285155342975, "TD": 0.0840041763660685, "TDAP": 0.0995633953364264, "TTOX": 0.7849335823203201, "TYP": 0.1447734690243266, "UNK": 0.6504610341478367, "VARCEL": 0.0750406881096677, "VARZOS": 2.5583528794251262}