{"6VAX-F": 0.475300495760575, "ANTH": 2.749330170218533, "BCG": 0.7739377206585015, "CHOL": 2.8847998573915814, "COVID19": 2.5251232938077126, "COVID19-2": 0.0311242412020585, "DTAP": 0.0206420253659261, "FLU3": 0.0427289003529866, "FLU4": 0.3844289460473006, "FLUA3": 0.3486422041311507, "FLUC3": 1.0809840663417478, "FLUX": 1.1356773410009138, "HEP": 0.0158949040757381, "HPV4": 0.0225547352312989, "IPV": 0.1035580146575298, "MENB": 0.0866843295120067, "MNQ": 0.0427497652866974, "PPV": 0.1062850702488292, "RV1": 0.086580063079676, "RV5": 0.0557288604795713, "RVX": 0.4342932460376946, "SMALL": 7.143681055104791, "TBE": 3.07287574925874, "TD": 0.061619783312076, "TDAP": 0.3616134854330547, "TYP": 1.5804501230293555, "UNK": 0.3053956230935616}