{"FLU3": 3.014975581033727, "HEP": 1.0176741462271908, "MNQ": 2.7370602047296937, "TDAP": 1.5557165023509831, "VARCEL": 1.172541359930975}