{"ANTH": 0.2289487128907952, "BCG": 27.905669016564676, "CHOL": 6.916793295999654, "COVID19": 0.0372697142564747, "DTAP": 0.5341964597755743, "DTAPIPV": 0.8731639904764604, "DTP": 0.4620627512830328, "FLU(H1N1)": 1.0585974546170955, "FLU3": 0.4331195534635819, "FLU4": 1.2122344511686345, "FLUN3": 0.501906234586685, "FLUX": 2.794160757750832, "HEP": 1.1187251327464058, "HEPA": 2.1617438309393293, "HIBV": 0.7579218283704309, "HPV2": 0.3390195083494752, "HPV4": 2.158236860862348, "HPV9": 0.5753907359997399, "IPV": 1.0497141422405758, "JEV1": 3.455803685205418, "MEN": 0.4114385886003306, "MENB": 0.2078404988388551, "MMR": 1.78098568389457, "MMRV": 0.1913694184451961, "MNC": 18.8056836675173, "MNQ": 0.7097236514334645, "PNC10": 2.307464242462596, "PNC13": 0.425944659969832, "PPV": 1.4756979573464564, "RAB": 0.4151146493027457, "RV1": 0.7398805161946109, "SMALL": 0.3880805091893272, "TD": 1.59467647667419, "TDAP": 2.325098750003681, "TYP": 0.2546221202469134, "UNK": 0.473223724248297, "VARCEL": 2.5004055881629488, "YF": 0.5048746815080081}