{"COVID19": 0.0339121833488998, "HPV4": 2.801987125591488, "SMALL": 20.107510419715112}