{"COVID19": 0.2888572410269065, "FLU3": 0.7036875525206148, "FLU4": 0.8570558316558773, "HEP": 0.6231336268412662, "HIBV": 4.908974434972361, "HPV4": 0.1729003928017481, "MENB": 0.8460602423304291, "MMR": 0.2871639868272553, "PPV": 0.1657077688647604, "RV1": 1.3252604946797837, "RV5": 0.8905485503309907, "SMALL": 1.6430762752278258, "VARCEL": 0.2638801007428995, "VARZOS": 0.2607406886788999, "YF": 3.535212149049457}