{"ANTH": 0.3251170687157769, "COVID19": 3.3560046610818537, "COVID19-2": 1.350687201587219, "FLU(H1N1)": 0.2178457100351747, "FLU3": 0.2291291542464109, "FLU4": 0.4282884608478342, "FLUA3": 0.1725288924435478, "FLUA4": 0.1867370656625638, "FLUN3": 0.1035892996139872, "FLUX": 0.5568854586752152, "FLUX(H1N1)": 0.6405836660476933, "HEP": 0.2249106646515079, "HEPA": 0.0540127145415843, "HEPAB": 0.0741530829989061, "HPV4": 0.1654967484689353, "HPVX": 0.629430710111466, "IPV": 0.0144095308821013, "JEV": 1.0951694678968906, "MMR": 0.0768398187744531, "MNQ": 0.0211551248044327, "PNC13": 0.04511887523933, "PPV": 0.2556942380060852, "RAB": 0.3044694062828167, "SMALL": 0.0800966084113787, "TD": 0.1083630052785594, "TDAP": 0.0427306139606368, "TYP": 0.3615750240949528, "UNK": 0.4726044419046535, "VARZOS": 0.1240964203593529, "YF": 0.1042019625988088}