{"COVID19": 0.099506689, "TYP": 2851.903751780909}