{"COVID19": 0.3919960473440463, "FLU3": 0.2500840882221907, "FLU4": 2.766798833200918, "FLUC4": 16.6466623, "FLUX": 3.705583531156025, "HEP": 0.4349964394962193, "HEPA": 2.773666724750349, "HEPAB": 4.140043774743996, "HPV4": 10.47178056928134, "HPV9": 7.798862114029083, "HPVX": 7.061121559776816, "JEV1": 41.938901908269166, "MMR": 3.7201518143495367, "RAB": 1.7625394430795778, "TDAP": 1.5528744694444423, "UNK": 8.801704647908993, "VARCEL": 3.775349735270765}