{"COVID19": 2.510630305592874, "COVID19-2": 2.4590691122037454, "DTAPIPV": 8.358575399608833, "FLU4": 1.6726406327355612, "FLUC4": 4.9782571664021145, "FLUX": 2.7572177855340785, "HPV4": 0.6004835251196617, "TDAP": 1.065536205097516, "UNK": 1.541858899314554}