{"COVID19": 0.080333489059959, "HEP": 1.321295227076222, "RV5": 6.792983132368764, "RVX": 104.82795116589162}