{"COVID19": 0.9618582419249736, "COVID19-2": 2.65166708226247, "FLU(H1N1)": 2.4092108293396555, "FLU3": 0.0738814112689391, "HEPAB": 1.22314437250316, "HPV2": 0.6815903378759959, "UNK": 0.3293696026568047}