{"COVID19": 1.6136155455850352, "COVID19-2": 0.1539851108598128, "FLU4": 1.1115873907274625, "HPV4": 0.115257576806387, "TDAP": 0.7325528931016358}