{"COVID19": 1.3985322129432851, "COVID19-2": 0.7787140117829401, "DTAPIPV": 1.165296060573317, "FLU4": 0.4121628414786443, "FLUC4": 0.6940111176978808, "FLUX": 0.8731303025522826, "HPV4": 0.0837087551038734, "TDAP": 0.1485388471504293, "UNK": 0.2149406565535421}