{"6VAX-F": 29.53881713324, "BCG": 167.71064913485495, "COVID19": 0.0011445451650775, "DTAP": 2.4891028847094394, "DTAPIPVHIB": 2.7582931484765547, "HEP": 7.238537692446424, "HPV4": 0.1623125569663234, "IPV": 3.086501399727489, "MENB": 16.404977885455704, "PNC": 1.6582484893896343, "PNC13": 0.456131495735498, "PPV": 0.155560384989121, "RV1": 39.57961950663688, "RV5": 21.769791082821456, "RVX": 46.38381955510377, "TDAP": 0.2880190905933759, "UNK": 0.4167732018945055}