{"COVID19": 0.3557042291501309, "FLU4": 2.1602184445680184, "HEPA": 0.3593799447166741, "HPV4": 7.222486066350669, "MMR": 0.1700300264494186, "PPV": 0.1804492206742401, "TDAP": 1.0280574172304942, "UNK": 0.333525801542277, "VARCEL": 0.214286540563427}