{"COVID19": 0.1356487333955995, "FLUN(H1N1)": 58.50971153466567}