{"ANTH": 5.316841011916915, "COVID19": 0.2410004671798771, "HPV4": 0.9920739430693069}