{"COVID19": 0.995066889, "COVID19-2": 12.56857546, "FLU4": 12.962964903700598}