{"BCG": 209.61420104590357, "COVID19": 1.0803583370756793, "HEP": 10.281734024456096, "HEPA": 19.95499115862057}