{"COVID19": 0.5182918701535467, "DT": 12.91672184218173, "FLU4": 0.7669682440259684, "HEP": 0.4719373449742192, "OPV": 1.6278374758847751}