{"COVID19": 1.891078613751752, "FLU3": 0.3978270660625183, "FLUC3": 9.937604059493278, "HPV4": 0.2073486356760573, "LYME": 3.116304667528095, "UNK": 0.2620446871768422}