{"COVID19": 0.2039022787642133, "FLUX": 1.0823741795157125, "PNC": 7.381830450536604, "RV5": 13.959109381067243}