{"ANTH": 1.216047495685916, "COVID19": 0.5847423632311228, "COVID19-2": 0.6561400420235202, "DTAP": 0.1401787903634436, "DTAPIPV": 0.4574027788069095, "FLU(H1N1)": 0.1721246337442122, "FLU3": 0.2828682280130458, "FLU4": 2.0228196982235005, "FLUA4": 0.8755713171432464, "FLUN4": 0.4787238030325887, "FLUX": 0.7356950485186046, "HEP": 0.0329179970892425, "HEPAB": 0.3133107614434786, "HPV4": 0.0328574074484374, "HPVX": 0.5343944608812474, "IPV": 4.315004405323952, "MEN": 0.7677512051357986, "MENB": 1.110311102560124, "MMR": 0.194259451541531, "PNC13": 0.992407310843135, "PNC20": 0.9991865023784904, "PPV": 1.0737501850121984, "RV1": 1.7392021041013572, "RV5": 1.1686958395602576, "SMALL": 0.3122448174519395, "TDAP": 0.6266404533522811, "UNK": 0.5826161302117474, "VARCEL": 0.0501468857011273, "VARZOS": 0.3323576997289981}