{"COVID19": 1.3000802755360317, "FLUA4": 6.055719814317479, "TDAP": 0.4032529272702803, "VARZOS": 0.0952657360802939}