{"COVID19": 10.348695649882824, "COVID19-2": 1.4228575995141168, "FLUA3": 18.525008531476008}