{"ANTH": 11.203764142326104, "COVID19": 0.132675585, "FLU3": 2.500840882221907, "FLU4": 2.880658867489022, "FLUN4": 30.45656024772491, "HEPAB": 19.93354410061924, "HIBV": 16.498691128269428, "HPV2": 11.108140833654575, "IPV": 82.55672813550626, "MENB": 10.229637369153672, "MMR": 3.472141693392901, "PNC13": 19.034583001539524, "PPV": 4.161334216032262, "RV5": 10.767524647638483, "TDAP": 7.704646406089732, "UNK": 5.367953205}