{"6VAX-F": 0.0344586285585481, "ADEN_4_7": 0.9655836938802188, "ANTH": 0.2627617083881196, "BCG": 0.7089301752082252, "CHOL": 0.7438157874347596, "COVID19": 1.051142397628103, "COVID19-2": 0.6521452007175709, "DPP": 1.2217579892813026, "DT": 0.7711994481463788, "DTAP": 0.1264635321168016, "DTAPH": 0.4213154096616313, "DTAPHEPBIP": 0.027386545334934, "DTAPIPV": 0.281167815081528, "DTAPIPVHIB": 0.0234030835239385, "DTIPV": 1.338054841666109, "DTP": 0.148788065963811, "DTPIPV": 1.0253850240656632, "FLU(H1N1)": 0.2195856266508786, "FLU3": 1.2704760491618847, "FLU4": 0.7316491092581641, "FLUA3": 0.6180355147793246, "FLUA4": 0.668935248824305, "FLUC3": 0.2787204503882327, "FLUC4": 0.0460478575745147, "FLUN3": 0.0539737376761569, "FLUN4": 0.0880110086808871, "FLUX": 2.630797272922801, "FLUX(H1N1)": 0.3336452720505665, "HEP": 1.2422075012232845, "HEPA": 0.3039010699134085, "HEPAB": 0.741169301860021, "HIBV": 0.1039860299518666, "HPV2": 1.5849747947427428, "HPV4": 0.672780661251954, "HPV9": 0.6662284082195578, "HPVX": 0.3278363021019985, "IPV": 0.2506108812057204, "JEV1": 1.320331272022024, "MEN": 0.4722108688195132, "MENB": 0.4287480612002017, "MER": 0.9577391646955024, "MMR": 0.3682656343226672, "MNQ": 0.7129814358339509, "MU": 1.203056568783517, "OPV": 0.1508670567860981, "PNC": 0.0402024504258686, "PNC13": 0.1571855216269415, "PPV": 0.4137402696523289, "RAB": 1.9407631942725987, "RV": 2.0089779956105023, "RV1": 0.0793028554317122, "RV5": 0.0143691015370836, "SMALL": 0.4454017117603621, "TD": 0.69070132444144, "TDAP": 0.7247965008925001, "TTOX": 0.52725962276004, "TYP": 1.3324543810922365, "UNK": 0.7223865365260412, "VARCEL": 0.3312680236939629, "VARZOS": 0.4604277043938726, "YF": 1.0415311857236436}