{"6VAX-F": 0.8706226500907498, "ANTH": 0.2802977839108637, "BCG": 0.4165241904055252, "COVID19": 1.21919721881374, "COVID19-2": 0.7411403692973431, "DT": 0.108822093503976, "DTAP": 0.6407526933924244, "DTAPH": 0.2113053533754749, "DTAPHEPBIP": 2.352384970770258, "DTAPIPV": 0.8000372177781914, "DTAPIPVHIB": 1.967022926684431, "DTIPV": 0.0531826056326158, "DTP": 0.1371578013594567, "DTPHEP": 0.0885518343951657, "DTPHIB": 0.0286675564110173, "DTPIHI": 0.5133910513897088, "DTPIPV": 1.5586258464861378, "DTPPHIB": 0.4999322419428637, "DTPPVHBHPB": 0.904022654176301, "FLU(H1N1)": 0.9153608418461232, "FLU3": 0.6014720530973677, "FLU4": 0.8521550297507204, "FLUA3": 0.1876139832924802, "FLUA4": 0.5947366135496199, "FLUC3": 0.0393585319961564, "FLUC4": 0.4885146631617237, "FLUN(H1N1)": 0.8305387219126715, "FLUN3": 0.7421372867513896, "FLUN4": 0.601880826013465, "FLUR3": 0.1533026507186599, "FLUR4": 0.0647252838646339, "FLUX": 0.4951306251555341, "FLUX(H1N1)": 0.1413865691768605, "HBHEPB": 0.2335205336844452, "HEP": 0.4089323776724879, "HEPA": 0.8789936549466684, "HEPAB": 0.2641961084757392, "HIBV": 1.0789281566953637, "HPV2": 0.0985555119679638, "HPV4": 0.9380803171466566, "HPV9": 0.9851867012332964, "HPVX": 0.6311061810253709, "IPV": 0.527836011146056, "JEV": 0.0805784796531575, "JEV1": 0.0524782508789773, "MEA": 0.0557666432466555, "MEN": 0.4015730601921762, "MENB": 1.4699896846381892, "MENHIB": 0.1092399989824136, "MMR": 0.6223738383739658, "MMRV": 0.893316241780382, "MNC": 0.2855756926470801, "MNQ": 1.0691362175258483, "OPV": 0.0295009612743892, "PER": 0.6967154471457755, "PNC": 1.0556805105956186, "PNC10": 0.8307641940953239, "PNC13": 1.6480524618236834, "PNC15": 0.163543587769404, "PNC20": 0.3340496460939838, "PPV": 0.3893631005950919, "RAB": 0.2728415307796438, "RSV": 0.7338870494933534, "RV1": 1.407605980264729, "RV5": 1.906608557164632, "RVX": 1.016488416008176, "SMALL": 0.1960424665916176, "SMALLMNK": 0.3406604402889996, "TBE": 0.1118831874875944, "TD": 0.1086373102424752, "TDAP": 0.7130128753306243, "TTOX": 0.0108296403960958, "TYP": 0.2693910211584107, "UNK": 1.0729962577583028, "VARCEL": 0.6758648773688898, "VARZOS": 0.3806792669366407, "YF": 0.2930736026648795}