{"HPV4": 18.4430164527697, "IPV": 1.6009566227733665, "MMR": 0.7989502959977272, "VARCEL": 1.006906194249996}