{"COVID19": 0.1349487710984155, "FLU3": 0.2290588077742243, "FLUX": 7.067081293486513, "HEP": 1.457909020742402, "HPV2": 2.1131728453548995, "HPV4": 0.3976927131968856, "RAB": 3.241280338499071, "SMALLMNK": 12.88404239627959}