{"COVID19": 0.0685021139377414, "COVID19-2": 1.9927346884841493, "DTAPIPVHIB": 5.811307559625537, "PNC13": 1.6426669796905078, "RV5": 3.568047890734844}