{"DTAPIPVHIB": 15.556107392733432, "MMR": 2.4905052208051}