{"COVID19": 4.077879411592618, "HEP": 0.0958856787572377, "HPV4": 0.1360609706316851, "UNK": 0.6163132268179183}