{"ANTH": 0.0743103894982698, "COVID19": 1.2670606713653227, "COVID19-2": 0.6952635563244263, "DTAPIPV": 0.0795156192357556, "FLU(H1N1)": 13.259895650173892, "FLU3": 0.2234889151762138, "FLU4": 0.1384415029807834, "FLUX": 1.118822740316506, "FLUX(H1N1)": 0.2834681393186467, "HEP": 0.3550635118579272, "HEPA": 0.1646083919425754, "HEPAB": 3.3474801222583763, "HPV2": 4.26261378403719, "HPV4": 3.924264872927047, "HPV9": 0.1862900241194192, "HPVX": 0.2785329410149359, "IPV": 0.0805631087526884, "MMR": 0.2179811212738084, "MNQ": 0.0332686091458554, "PPV": 0.0120015788497767, "SMALL": 0.1259601519157294, "TD": 0.0479535846640948, "TDAP": 0.2023598579515146, "TYP": 0.2938175563148352, "UNK": 0.2373870236161901, "VARCEL": 0.211758798248016, "VARZOS": 0.0564097153851031, "YF": 0.1638682991559615}