{"COVID19": 0.1874776512867863, "COVID19-2": 2.383040381311797, "UNK": 2.182451347426233}