{"COVID19": 0.0443373609389328, "HPV4": 1.5771815281488912, "HPVX": 25.65110799738276, "PLAGUE": 2621.9896302959346}