{"COVID19": 1.0855275157219746, "COVID19-2": 1.8852863193562048, "HPV2": 7.497995063, "HPV4": 7.839646022395585, "HPV9": 5.480866985692661, "HPVX": 22.94864506927465, "PPV": 2.774222810688175}