{"COVID19": 0.0580484035364683, "HEPA": 1.6886820555183468, "HPV4": 1.2400790115887077, "HPVX": 19.67818301508428, "PLAGUE": 1495.7518701864503, "TYP": 5.838719454033843}