{"COVID19": 1.256437446315306, "HEPA": 1.260591275288633, "HPV4": 0.2561464120211227, "MNQ": 0.4854944312155188, "TDAP": 0.2759498973393903, "UNK": 0.3237147230208183, "VARCEL": 0.2079830338051515}