{"6VAX-F": 4.744464375318533, "ANTH": 1.4990721690080122, "COVID19": 0.5821872283866789, "COVID19-2": 0.0348298262195259, "DT": 0.9526674887022224, "DTAP": 2.1537723113927267, "DTAPIPVHIB": 3.0562027084048884, "DTP": 6.596929330861867, "DTPPVHBHPB": 7.157599097165239, "FLU3": 0.8304479140000277, "FLU4": 0.5356456796652679, "FLUA3": 1.6136243521439757, "FLUR4": 0.6143751711116822, "FLUX": 0.0390527907761944, "HEP": 0.1801617996294588, "HIBV": 0.2057522948846204, "HPV4": 0.2797053050877937, "HPV9": 3.95746306356477, "IPV": 0.4957432726359151, "MENB": 0.8799855101345458, "MMR": 0.2986743211526068, "MMRV": 0.1773126305594919, "PNC13": 1.092427415165147, "PPV": 0.1723492536983102, "SMALL": 0.2477444946443985, "SMALLMNK": 3.0052211269115454, "TD": 0.0913196663844746, "TDAP": 1.1119975245960394, "TTOX": 0.463008937941616, "UNK": 0.4617568310978464, "VARCEL": 0.2744569854613598, "VARZOS": 0.4849525736207065}