{"6VAX-F": 2.6185366221263155, "BCG": 1.4092052530457442, "COVID19": 0.5607730975021618, "DTAPIPV": 2.7854762736634098, "DTAPIPVHIB": 0.5885178451391905, "DTPPHIB": 7.037850933289829, "FLU3": 0.077900393761688, "FLU4": 0.1674883178997878, "FLUA3": 0.6348165492793119, "FLUN4": 0.6215209957675909, "FLUX": 0.1893312950197985, "HEP": 0.1030602212105728, "HEPA": 0.0559248248985918, "HIBV": 0.1363187553691074, "HPV4": 0.0410682358172246, "HPV9": 0.1225993620269806, "IPV": 0.0530195819325185, "MENB": 5.40163040947053, "MMR": 0.5150440418122899, "MNQ": 0.5379342981536773, "PNC": 0.079919278880476, "PNC13": 5.54977467280251, "PPV": 1.9034964162820984, "SMALL": 4.41252234983604, "SMALLMNK": 1.5978547025363592, "TD": 0.1121988683774333, "TDAP": 0.3057552748303698, "VARCEL": 0.2304470861623316, "VARZOS": 0.5580704265660897}