{"COVID19": 0.30360321489118, "FLU3": 0.1308903809770427, "HPV9": 0.8826657095789976, "MMR": 0.377435173521618, "PNC13": 0.6386255705095787, "SMALL": 58.58190796564333, "VARCEL": 0.3468319025576833, "VARZOS": 0.3441152697496296}