{"COVID19": 0.8570251037343655, "FLUA4": 5.169368629358598, "FLUC3": 8.350247015842731, "MNQ": 1.0195892098077022, "PNC20": 5.899190669551914, "PPV": 0.6698894278057823, "UNK": 0.4981127125267897}