{"6VAX-F": 144.5934290614186, "COVID19": 0.2401561569533295, "HEP": 3.002107828353484}