{"ANTH": 0.0647763991204349, "COVID19": 0.4013352956710737, "COVID19-2": 0.0211138263739021, "DTAP": 0.613944344394653, "DTAPHEPBIP": 0.0720536479040725, "DTAPIPV": 6.939529109650628, "DTAPIPVHIB": 0.9142144653715626, "DTIPV": 0.9908734622142936, "DTPIPV": 0.7593542170132833, "DTPPVHBHPB": 1.579282182002628, "FLU3": 0.7676744151012717, "FLU4": 0.6775660162960044, "FLUR4": 0.3395730594632135, "FLUX": 0.6656123733043887, "HEP": 0.0107826642985306, "HEPA": 0.1434414843167193, "HIBV": 0.5514700541545409, "HPV2": 0.0959187024344017, "HPV4": 0.1636521034491252, "HPV9": 0.3144566873314881, "HPVX": 0.2427972886232445, "IPV": 0.2932819958805338, "JEVX": 3.4853208931645394, "MENB": 1.6856840453361783, "MMR": 0.5909909291007502, "MMRV": 2.3739536605168583, "MNQ": 1.7386555323187087, "PNC": 0.029774975921899, "PNC13": 8.372309796491365, "PNC15": 3.0470660766271984, "PNC20": 6.252870839937412, "PPV": 2.3882244660541447, "RV1": 0.0587335259516221, "RV5": 0.0378049212229643, "SMALL": 2.621645878485801, "TD": 0.0418011607463164, "TDAP": 1.748688545414174, "UNK": 0.2068218054626127, "VARCEL": 1.1701721938832643, "VARZOS": 0.276081441816217}