{"COVID19": 0.044225195, "FLU3": 3.612325718764976, "FLU4": 8.641976602467066, "MENB": 30.68891210746101, "SMALL": 536.3747170260932, "VARZOS": 2.629155723}