{"COVID19": 3.647488190946576, "HEPAB": 1.1571099142561396, "HPV9": 0.51993282234189, "PNC13": 0.1981190069731186}