{"BCG": 135.20424083788075, "COVID19": 0.2949180149496752, "HPV2": 2.1131728453548995, "HPV4": 0.3976927131968856, "PPV": 1.3946883177067844, "VARZOS": 0.166715506475069}