{"6VAX-F": 1.122677040230626, "ANTH": 0.1198084271100577, "COVID19": 0.8796207965065729, "COVID19-2": 0.0109913734400821, "DT": 0.1536316080239396, "DTAP": 0.9778479059812696, "DTAPHEPBIP": 0.0375094756952734, "DTAPIPV": 3.982223473366484, "DTAPIPVHIB": 0.7624711215213955, "DTP": 2.7926265203541267, "DTPHEP": 12.73008026392766, "DTPHIB": 0.2781865539723978, "DTPIHI": 4.981880985811612, "DTPPVHBHPB": 0.8221382294130026, "FLU3": 0.2293560386944905, "FLU4": 0.21699056593957, "FLUA4": 0.1332606327005512, "FLUC4": 0.2240793888873828, "FLUX": 0.2942920648456144, "HEP": 0.4261937136074393, "HEPA": 0.1158149167615365, "HIBV": 1.407593093863732, "HPV4": 0.0850482056434089, "HPV9": 0.4565283002679366, "IPV": 1.5038770319200816, "JEV1": 0.5089944088376214, "MEN": 0.4167525778402347, "MENB": 4.106624577972902, "MMR": 0.2502444406807427, "MMRV": 0.1001431136867539, "MNQ": 2.025168858092712, "OPV": 0.0193614526983417, "PNC": 0.0550706238642213, "PNC10": 8.08682951837801, "PNC13": 2.718773402407447, "PPV": 1.311040592989525, "RSV": 0.6674758331141593, "RV1": 0.5870408032790975, "RV5": 0.1353427887254348, "RVX": 1.63775422755446, "SMALL": 0.0571591107832025, "TD": 0.0217607249922855, "TDAP": 0.463859213803973, "TDAPIPV": 2.547026453471265, "UNK": 0.3869488710650852, "VARCEL": 0.2486090820497086, "VARZOS": 0.0550573227174835, "YF": 0.0743613450502313}