{"COVID19": 0.1695742750065967, "DTAP": 0.663857492116889, "FLU4": 3.101804205137264, "HPV9": 16.649698466550067, "PNC13": 0.8251279705442928}