{"FLUN(H1N1)": 24.179627005230746, "HPV4": 11.392431024424956, "VARZOS": 2.166978079064468}