{"HPV4": 56.44545136124821, "VARCEL": 28.715538895544302, "VARZOS": 7.887467168278861}