{"COVID19": 0.3742778930908358, "COVID19-2": 0.4620299729552385, "FLU4": 0.4765281353857, "HEP": 0.346466323080887, "HPV2": 1.837588837241316, "HPV4": 0.3458286090836769, "HPVX": 5.624562709193365, "RAB": 2.8185772534040905}