{"COVID19": 0.2740084557509656, "HIBV": 1.34608674378201, "PNC": 2.8101781419026204}