{"FLU(H1N1)": 4.224053226079276, "FLU3": 0.4644418781269255, "HEPAB": 7.688652724524564, "HPV4": 3.3698776932088483, "MMR": 2.717328281785749, "TDAP": 1.4308629039880931, "VARCEL": 179.7842435199296, "VARZOS": 4.338106942553373, "YF": 33.44861474512423}