{"DTAP": 2.646231850928398, "DTAPH": 251.5752217325821, "FLU3": 0.357262983174558, "FLUX": 0.9291722940261362, "HBHEPB": 123.74053038097982, "HEP": 0.6214234849945991, "HEPA": 5.321330975632152, "HEPAB": 5.91434825, "HPV4": 3.938054746133597, "MEA": 47.737068326663696, "MMR": 2.083285016035741, "SMALL": 5.894227659627397, "TDAP": 1.1006637722985333, "UNK": 1.5926894124787705, "VARCEL": 93.97812729450864, "VARZOS": 7.887467168}