{"BCG": 21.345641654369, "COVID19": 0.1012790727136702, "COVID19-2": 0.1532753105167646, "DTAP": 0.4894453220213094, "DTAPIPV": 1.596963592608192, "DTAPIPVHIB": 1.949440543101546, "FLU3": 0.5362627871156253, "FLU4": 0.6362191363779435, "FLUA4": 3.056707791802643, "FLUN4": 1.671396598960513, "FLUX": 0.6916538139581054, "HEP": 0.5794009952306202, "HEPA": 1.4660809830823274, "HEPAB": 2.1922838725731952, "HPV4": 0.8130003282484309, "HPV9": 0.4455989419262325, "MMR": 2.3388230949257798, "MMRV": 10.39712479376458, "MNQ": 0.6029730707153955, "PNC": 1.1720254606490736, "PNC13": 0.6461161914982866, "PPV": 0.3312082335209351, "RAB": 0.9350056801702638, "RUB": 5.989499973431107, "TDAP": 0.4079853494059736, "UNK": 1.1855602170598618, "VARCEL": 53.55825840057113, "VARZOS": 7.781167072}