{"CHOL": 1.7798848717978764, "COVID19": 0.0268750708368559, "COVID19-2": 0.0051192912254482, "DF": 2.230731698454067, "DTAP": 0.1744024804432499, "DTAPH": 1.5579690671965107, "FLU(H1N1)": 0.0200729101759472, "FLU3": 0.0151690231937451, "FLU4": 0.0187542579251799, "FLUN(H1N1)": 0.2495426422297958, "FLUN4": 0.1983072376582938, "FLUX": 0.1362768321622582, "FLUX(H1N1)": 0.0620796567099721, "HBHEPB": 0.7653386988597579, "HEP": 0.0567936147625268, "HEPA": 0.1117320808795901, "HEPAB": 0.0365378210986695, "HIBV": 0.0302414938981712, "HPV2": 0.020360491633176, "HPV4": 0.0408784991944511, "IPV": 0.0728644052026583, "MMR": 0.7336031183349316, "MMRV": 8.505583685052146, "PNC": 0.2690758911626428, "RV1": 0.0293701420176813, "RV5": 0.1356528512640242, "SMALL": 0.129343072621043, "TD": 0.0134221736445295, "TDAP": 0.0725381003045472, "UNK": 0.7974991917861943, "VARCEL": 154.85753065778627, "VARZOS": 4.84190092089, "YF": 0.0783466875226284}