{"COVID19": 0.1930514909995218, "VARCEL": 6.685344574365656}