{"COVID19": 1.2922717025744033, "TDAP": 0.5645724025135315}