{"COVID19": 0.0359145224451256, "DTAP": 2.715788486574522, "HIBV": 0.7374638318614509, "IPV": 1.0213778120873995, "MNQ": 1.499519475503825, "PNC13": 0.8999475997456233, "PPV": 0.5409485542550359, "RV5": 1.954782688546528, "RVX": 15.233503719002533}