{"COVID19": 0.0248948517120857, "FLU4": 4.864692246089459}