{"ANTH": 4.275107809784454, "COVID19": 0.7223544789359987, "COVID19-2": 1.0657170921292434, "HPV4": 0.7976866876453351, "VARZOS": 0.0926190198001513}