{"COVID19": 1.171526022760173, "COVID19-2": 0.1221210894443348, "FLU3": 0.0526478649213642, "FLUX": 0.9546346191281267, "HEP": 0.9992468822243342, "HIBV": 2.579362455834525, "PNC": 0.9338540884866036, "PNC13": 0.2568735494026054, "VARCEL": 0.1395057447112415}