{"COVID19": 4.662599138958194, "COVID19-2": 0.8569483269800932, "FLU4": 0.8838385161614044, "FLUA3": 11.157107411002595, "FLUX": 0.9608486222315727, "HPV4": 0.6414255836505478, "PNC13": 1.802517329691243, "PPV": 0.6147425546411296}