{"COVID19": 0.3628025221029269, "FLU3": 0.6605692251067157, "TD": 3.3879073543154457}