{"COVID19": 2.685475121375032, "COVID19-2": 1.6149877018765044}