{"ANTH": 0.9241667534568732, "COVID19": 1.8378356356763328, "COVID19-2": 0.8013486133210089, "DF": 0.0376002107621873, "DT": 0.1730132567088626, "DTAP": 0.0917114782391586, "DTAPHEPBIP": 0.019815261928956, "DTAPIPV": 0.0061820215597719, "DTIPV": 0.2534275390366996, "DTP": 0.0075353989512153, "EBZR": 0.3734619344800129, "FLU(H1N1)": 0.8155069343391896, "FLU3": 0.6746859078734465, "FLU4": 0.6534102894457167, "FLUA3": 0.9724485300751468, "FLUA4": 0.6347651398694176, "FLUC3": 0.5433482810937733, "FLUC4": 0.5925122924305066, "FLUN(H1N1)": 0.4796793479756481, "FLUN3": 0.4918251108748897, "FLUN4": 0.0229769828207773, "FLUR3": 0.5524800016804756, "FLUR4": 0.348136469369847, "FLUX": 0.7103497066805565, "FLUX(H1N1)": 0.5011513424645219, "HEP": 0.9833919145092797, "HEPA": 0.4619216614773063, "HEPAB": 1.0903205082687866, "HIBV": 0.0035048351842752, "HPV2": 0.5067986838144349, "HPV4": 0.8890051555447854, "HPV9": 0.3082591322961641, "HPVX": 0.3125647547771102, "IPV": 0.0299889286570358, "JEV": 0.4892573919448033, "JEV1": 0.5927960869195817, "JEVX": 0.7024823830201555, "LYME": 0.9241128764292628, "MEA": 0.3646348945277445, "MEN": 0.110619624618626, "MENB": 0.1165223215578147, "MM": 0.2884520914085026, "MMR": 0.1989201842831073, "MMRV": 0.0207488957905269, "MNQ": 0.3072308650906457, "MU": 0.1982130873217187, "PNC": 0.0483623690657981, "PNC13": 0.1570349745281982, "PNC15": 0.2015916487136028, "PNC20": 0.1995986177901418, "PPV": 0.1332229876775123, "RAB": 0.5398306633925845, "RSV": 0.9633158996321244, "RUB": 0.6592731790402069, "SMALL": 0.1612825833002092, "SMALLMNK": 0.2126460276933253, "TD": 0.2595070105255477, "TDAP": 0.3258765971078111, "TDAPIPV": 0.2183388128550262, "TTOX": 0.1869313423090007, "TYP": 0.4212857656929802, "UNK": 0.698464202637588, "VARCEL": 0.0508883310686105, "VARZOS": 0.5291861359301591, "YF": 0.392967961592309}