{"COVID19": 0.8570251037343655, "COVID19-2": 0.9338257993634188, "HPV4": 0.1939902787059721, "MMRV": 1.3194028519774414, "PNC13": 0.5451523631956133, "UNK": 1.7947566468743243}