{"COVID19": 0.3377225050913671, "FLUN3": 4.25402639485802, "HEPAB": 3.045191715571584, "HPV9": 1.3683190931749307, "MENB": 1.7616029739429406, "PPV": 0.3134043947172253, "RV5": 1.132524683906991, "SMALL": 3.2892700097481566, "VARZOS": 0.7839359409070997}