{"COVID19": 0.2922060093488077, "COVID19-2": 0.4830287902152255, "FLU3": 0.2082395158546812, "FLUX": 0.5415939133385667, "HEP": 0.3622128845110347, "HPV2": 1.921105432626769, "MMR": 0.600478910040786, "TYP": 4.567094243077404, "UNK": 0.928349268665729}