{"6VAX-F": 0.0489419837716331, "ANTH": 0.3734155682805998, "CHOL": 3.754486359952317, "DT": 0.1593163742922712, "DTAP": 0.290652559858319, "DTAPH": 0.5983990621201136, "DTAPHEPBIP": 0.2675130106799088, "DTAPIPV": 0.7185164053848272, "DTAPIPVHIB": 0.4924127122927312, "DTIPV": 3.679588284351977, "DTOX": 1.9958918677858093, "DTP": 0.2114454998059355, "DTPIPV": 1.4566089654873913, "FLU(H1N1)": 2.9438318093055, "FLU3": 9.077012426053424, "FLU4": 1.2699334205773831, "FLUA3": 0.1276771008817197, "FLUC3": 7.603893396127006, "FLUN(H1N1)": 0.6128426053675424, "FLUN3": 15.522446359420552, "FLUN4": 8.112830665357091, "FLUX": 4.542454432290499, "FLUX(H1N1)": 4.460889851169482, "HBHEPB": 0.0990904806053161, "HEP": 0.9592543182416344, "HEPA": 2.134675263332793, "HEPAB": 2.390942687721749, "HIBV": 0.3354412684400246, "HPV2": 5.718427183643206, "HPV4": 5.272524727394228, "HPV9": 0.0246577209603678, "HPVX": 2.517069282644528, "IPV": 0.5201575089892466, "JEV1": 0.527828514574328, "MEN": 0.6710676672587803, "MENB": 0.0317448755266119, "MENHIB": 1.0987404724676832, "MER": 1.3602877295543545, "MMR": 0.7465557393438722, "MMRV": 0.312122655691498, "MNQ": 2.5800077546978057, "PNC": 0.238113214298517, "PNC13": 0.6096772704915954, "PPV": 0.2754870847186718, "RAB": 0.436053882012323, "RV1": 0.2180588286427208, "RV5": 0.1403569238178726, "RVX": 0.1590435775296814, "SMALL": 0.2106018287151437, "TD": 0.5368588755997187, "TDAP": 3.906297739881029, "TTOX": 0.3870166323002416, "TYP": 2.103065795068112, "UNK": 0.0717899651994857, "VARCEL": 1.1886432771858104, "VARZOS": 2.055293723659493, "YF": 1.4807909535553678}