{"COVID19": 0.075733033105089, "FLU3": 0.2082395158546812, "HEP": 2.642246521256704, "MMR": 7.050645207511948, "VARCEL": 4.02517487643996, "VARZOS": 1.7795922134166482}