{"COVID19": 1.320484708025268, "COVID19-2": 0.1796691028043071, "DF": 0.5931321738179027, "DTAP": 0.1061825384504144, "DTAPHEPBIP": 0.3125799120665357, "DTAPIPVHIB": 0.1190460402158038, "FLU(H1N1)": 0.1303811776371474, "FLU3": 0.1756939180462869, "FLU4": 0.2295767376338211, "FLUA3": 0.4329796753774085, "FLUC4": 0.0580793668376, "FLUN3": 0.2410543392176789, "FLUN4": 0.3626329029532624, "FLUX": 0.3507383179463565, "HEP": 0.1669162802081572, "HEPAB": 0.4593735118319044, "HIBV": 0.1964313130405804, "HPV2": 0.132249153609922, "HPV4": 0.4161482635437581, "HPV9": 0.5223503902770051, "MEN": 0.163686757343764, "MENB": 0.366005022669599, "MMR": 1.080684523285895, "MMRV": 0.1692795516702726, "MNQ": 0.0368189697957073, "PNC13": 0.1353782212800261, "PPV": 0.1288871394975021, "RAB": 0.2028512956318379, "RV1": 1.7947803964414275, "RV5": 0.6926926021947178, "RVX": 8.252062930941214, "SMALL": 1.5834255935110788, "SMALLMNK": 3.362165537650412, "TD": 0.0245385277100144, "TDAP": 0.1841116244082257, "TYP": 0.0884918187637991, "UNK": 0.4278121624491762, "VARCEL": 1.2420380112404523, "VARZOS": 0.6305024363579782, "YF": 2.1217457080141333}