{"COVID19": 0.3889816107745334, "DTAPIPVHIB": 2.145230760667696, "DTP": 2.1420351344405777, "FLU3": 0.5098181517150133, "FLU4": 0.1739455251246909, "FLUN(H1N1)": 2.314403679213102, "HEPA": 0.5355475271920129, "HIBV": 0.996295414687842, "HPV4": 0.8851497266333723, "HPV9": 0.490313148462893, "MENB": 0.617718993499911, "MMR": 1.4701172308275516, "PNC13": 0.3547509521749997, "TDAP": 0.8029968341262954, "VARCEL": 0.1926620967565385, "VARZOS": 0.189701850372342, "YF": 2.581102618911208}