{"6VAX-F": 0.0554404574082654, "ADEN_4_7": 0.3734331702352971, "ANTH": 0.5113498187945562, "CEE": 3.0693542690905224, "CHOL": 0.8637348741281878, "COVID19": 1.9177713930843183, "COVID19-2": 0.8943904656989834, "DF": 0.0639829649165208, "DT": 0.2337885034931642, "DTAP": 0.0662680454838529, "DTAPHEPBIP": 0.0105881443756167, "DTAPIPV": 0.1388618702171563, "DTAPIPVHIB": 0.0487722679900131, "DTIPV": 1.3645740417537942, "DTOX": 0.1529916138335871, "DTP": 0.0580081510399844, "DTPIPV": 0.3350243537489584, "FLU(H1N1)": 0.6842805004922556, "FLU3": 0.4754878659142239, "FLU4": 0.8988637186313151, "FLUA3": 0.6817967078086927, "FLUA4": 0.3523659454498722, "FLUC3": 0.7194034102689945, "FLUC4": 1.230081577019232, "FLUN(H1N1)": 0.7091838638618727, "FLUN3": 0.3461973879276119, "FLUN4": 0.4146934393186151, "FLUR3": 0.4198754227908876, "FLUR4": 0.3330651929613688, "FLUX": 0.6155871144988677, "FLUX(H1N1)": 0.1957445032880152, "HEP": 0.4837246341414377, "HEPA": 0.4674172198401793, "HEPAB": 1.396818496234994, "HEPATYP": 0.6515523929069131, "HIBV": 0.0225551715026471, "HPV2": 3.401716252450329, "HPV4": 2.3091011261883234, "HPV9": 1.6824199266018098, "HPVX": 2.2205962614771595, "IPV": 0.136415149097118, "JEV1": 0.5981203552215294, "JEVX": 0.1442242943507823, "LYME": 0.3165300208961526, "MEN": 0.335537416920581, "MENB": 0.8232029526506458, "MMR": 0.1611065737180194, "MMRV": 0.0530985526275009, "MNQ": 1.2687922348190452, "OPV": 0.0015390338619272, "PER": 0.1511895155149018, "PNC": 0.0131335827724397, "PNC13": 0.176681272680145, "PNC20": 0.6660994162274364, "PPV": 0.2151669855406661, "RAB": 1.0444559951190664, "RSV": 0.053057386516448, "RUB": 0.0363040237030216, "RV1": 0.0166961277643017, "RV5": 0.0370745767007393, "RVX": 0.0432940104459607, "SMALL": 0.1291053818716687, "SMALLMNK": 0.5839707047539792, "SSEV": 5.451734283190088, "TBE": 0.9200836353308204, "TD": 0.1111421496018816, "TDAP": 0.9710063468577972, "TDAPIPV": 1.392400410763321, "TTOX": 0.27773136047909, "TYP": 0.7679408554058417, "UNK": 0.8890538314019869, "VARCEL": 0.1198340729958511, "VARZOS": 0.7760714593982002, "YF": 0.7100428656789267}