{"FLUX": 8.716917641404526, "HEP": 3.3048283898392623, "HPV4": 5.282371818596714}