{"ANTH": 0.8574144634666969, "COVID19": 0.5175778348510468, "DTAPHEPBIP": 0.953739929373744, "FLU(H1N1)": 1.1123152522961637, "FLUX": 0.9440857547907866, "HEP": 0.5139018042216251, "HEPA": 0.2757900298312278, "HIBV": 0.1887837068235003, "HPV4": 0.7292227367066412, "MMR": 0.1304819208066702, "MNQ": 0.3838627451567854, "PNC": 0.3941172773543666, "RV5": 0.5004058526615766, "TDAP": 0.2181835197303637, "TYP": 0.9535615272112504, "VARCEL": 0.1644445988777044, "VARZOS": 0.0945108969909034}