{"FLUX": 2.9940604290877397, "HPV4": 2.287796718646738}