{"ANTH": 0.1441920217880641, "COVID19": 3.173333199526936, "COVID19-2": 0.4935057893060222, "FLU(H1N1)": 0.2728175083018234, "FLU3": 0.2358519583549755, "FLU4": 0.4012033631210888, "FLUC3": 0.3259523224923638, "FLUC4": 0.4317815257974617, "FLUN3": 0.0733395625526727, "FLUX": 0.3792963515490756, "HEP": 0.0521740267228824, "HEPA": 0.1141411102581194, "HEPAB": 0.2565532428013422, "HPV4": 0.2532013462650875, "HPV9": 0.1045002218195532, "HPVX": 0.1231578568134707, "LYME": 0.0911881419648519, "MMR": 0.0446849007331847, "MNQ": 0.0397996085668038, "PNC20": 0.2302750013161802, "PPV": 0.0774975446420594, "TDAP": 0.0924112669906317, "UNK": 0.0690836843175773, "VARCEL": 0.0115569724844765, "VARZOS": 0.1061429765699858}