{"COVID19": 0.147838148814615, "FLU3": 1.095860567022374, "FLUX": 4.539990321564259, "HEP": 0.2656224718234209, "MMR": 1.5951890396470627, "PPV": 0.2541040548264885, "VARZOS": 1.2704885504547527, "YF": 19.638871805335697}