{"COVID19": 1.208737835215853, "COVID19-2": 1.904502386107702, "FLU3": 0.2017058810004399, "VARZOS": 0.1767061016343737}