{"COVID19": 0.8875419132314819, "COVID19-2": 0.3004385470933055, "FLUA3": 3.3653985705360987, "FLUX": 0.2818679021590356, "HEPA": 0.2964784976136816, "HPV2": 1.3648718674136344, "HPV4": 0.7847472063803392, "HPV9": 0.6499452043675615, "HPVX": 3.45487376726811, "MMR": 0.1402700597573504, "PNC13": 0.2476598819130747, "VARZOS": 0.1016006592845583}