{"COVID19": 1.8107759685441949, "COVID19-2": 0.0386296973118119, "FLU3": 0.059264806448468, "FLUN(H1N1)": 0.5301097997834416, "HEP": 0.1030856252936762, "HPV2": 0.1536383776548902, "HPV4": 2.1046552688478104, "HPV9": 0.3996585643812763, "HPVX": 0.4702629021482601, "TDAP": 0.0513075441744337, "UNK": 0.2642088836150084, "VARZOS": 0.3509254407274098}