{"COVID19": 0.9508815810026064, "COVID19-2": 0.344825700603355, "FLU3": 0.1486582093206344, "HPV2": 0.384131470380929, "HPV4": 4.69865997768932, "PNC13": 0.2031562705767463, "TDAP": 0.1282807320440368, "VARZOS": 0.1081976229084209}