{"ANTH": 2.4575902677637425, "DTAP": 0.5312676687918488, "HEP": 5.043188918855419, "HEPA": 0.7904917995940157, "HIBV": 0.5411072297058919, "HPV2": 3.639115421740382, "HPV4": 0.5804954326913612, "IPV": 0.7494264892841166, "MMR": 1.3823944716431171, "PPV": 0.3969159659411074, "VARCEL": 0.4713445031020722}