{"COVID19": 0.844535449102701, "FLUX": 0.7008208810625794}