{"COVID19": 3.343610344239197, "COVID19-2": 0.1767097862555225, "FLUX": 0.1657870373757402, "PPV": 0.0875587013323087, "UNK": 1.1330280651403335}