{"COVID19": 0.4585491977138727, "FLU3": 0.2544994325454389, "FLUX(H1N1)": 26.28403152673549, "VARZOS": 0.1852319163055944}