{"COVID19": 0.0209006553503986, "FLU(H1N1)": 9.484566153265844, "FLU3": 0.919897537375399, "HPV4": 6.884587686677749}