{"COVID19": 0.0995430975804029, "FLU3": 4.661672473211356, "HPV4": 0.9920739430693069}