{"COVID19": 0.0138003554169446, "RAB": 64.80133715388476, "VARCEL": 2.986892772600408}