{"COVID19": 0.0443373609389328, "HEP": 1.5800898769489746, "HPV9": 24.421818968556742}