{"DTAP": 3.53778563623398, "PNC": 7.522493495990979}