{"ANTH": 0.0553407802951134, "COVID19": 0.211389163562606, "COVID19-2": 0.6749929732122159, "DF": 3.1076650627007214, "DTAPIPVHIB": 0.1754783796835528, "DTP": 0.6226956209788223, "DTPIPV": 6.547534696067409, "FLU(H1N1)": 0.8021385474814704, "FLU3": 1.6138508888539134, "FLU4": 0.696174198797092, "FLUA3": 0.6383869023861374, "FLUA4": 0.2751650269074756, "FLUC4": 0.0856111911061985, "FLUN3": 0.6881303913285243, "FLUN4": 0.5346673554376168, "FLUX": 2.967980462297271, "FLUX(H1N1)": 0.1672952501387516, "HEP": 1.21168008270282, "HEPA": 0.6496042208025133, "HEPAB": 1.893208830278168, "HPV2": 17.54093636054129, "HPV4": 9.21707977757412, "HPV9": 1.7522246924085314, "HPVX": 23.76428657258043, "LYME": 0.4419102414263792, "MENB": 0.179567054400113, "MMR": 0.1832664822320729, "MNQ": 0.3734243406845024, "PNC13": 0.8298356176047483, "PPV": 0.8680875754757336, "SMALLMNK": 0.3345349368519648, "TD": 0.6954334697179113, "TDAP": 0.5239842749036272, "TTOX": 1.2619114443415629, "UNK": 0.888462414603891, "VARZOS": 0.5330552428951962, "YF": 0.2111324263352037}