{"COVID19": 3.1226630739841035, "COVID19-2": 0.0492388961736667, "DTAPHEPBIP": 0.1680340625302354, "DTAPIPV": 0.1616445493605971, "DTOX": 8.622093335947733, "DTP": 0.0855397608597848, "FLU4": 0.2821888348312861, "FLUX": 0.0461953515723698, "HEP": 0.0895101587678263, "HIBV": 0.2296734410572611, "HPV4": 0.2463918595811812, "IPV": 0.1639769884282049, "MEN": 0.2714719611866499, "MMR": 0.08183186477713, "MMRV": 0.1262677631452536, "MNQ": 0.0676306046073699, "PNC10": 1.5224919904226248, "PNC13": 0.0405889962505781, "RV1": 0.1369706226975772, "UNK": 1.0879328674850133, "VARCEL": 0.0289725617430113}