{"6VAX-F": 0.0975156694710091, "ANTH": 0.2476919473741407, "COVID19": 0.2570732160962571, "COVID19-2": 0.242973102339929, "DTAP": 2.0655635053251973, "DTAPHEPBIP": 2.9996112375794906, "DTAPIPV": 0.0745551088067451, "DTAPIPVHIB": 0.0662291990660494, "DTOX": 3.9767621219773455, "DTP": 0.9425342838642734, "DTPHIB": 0.5751228721878192, "DTPPHIB": 2.820318319661365, "FLU3": 0.2948131590752333, "FLUC4": 0.130312430310559, "FLUN3": 0.1527421528744982, "FLUN4": 0.2490654027086748, "FLUX": 0.6111899921292335, "HBHEPB": 2.932671841984261, "HEP": 1.1637248180182096, "HEPA": 0.9836174260825464, "HEPAB": 1.624045322148648, "HIBV": 3.102027192134838, "HPV2": 0.3667753520266865, "HPV4": 0.1133202552528442, "HPVX": 0.2611569147653471, "IPV": 2.913784542616252, "LYME": 0.8793249438742671, "MEA": 1.1175855392694187, "MEN": 0.8621748875785437, "MENB": 0.0632508649092017, "MMR": 2.072979745594551, "MMRV": 0.0582383186283638, "MNQ": 0.4633106711695824, "OPV": 0.4280025582116852, "PNC": 5.002542872638408, "PNC10": 0.7022171770485941, "PNC13": 0.0665517306458247, "PPV": 1.614163983094282, "RAB": 0.1263293814465528, "RV1": 0.224585036579599, "RV5": 0.6039767394617083, "SMALL": 0.1181022411597923, "TD": 0.8662936103961283, "TDAP": 0.3416014058221, "TYP": 0.5335584873666557, "UNK": 1.7195623372729556, "VARCEL": 0.8764475812474857, "VARZOS": 0.2203048083148343, "YF": 2.960457941989993}