{"ANTH": 2.368086197046083, "COVID19": 0.3689316721836358, "PNC": 4.51423853730385, "PNC13": 4.558997466325372, "SMALL": 4.199028353343429}