{"COVID19": 0.0250327481907344, "DTAPHEPBIP": 4.420862251062792, "DTAPIPVHIB": 8.32366916263039, "DTP": 0.3211586485946321, "DTPHEP": 14.445663983502053, "FLU3": 0.2557398696060666, "FLUX": 0.173440245583673, "HEP": 0.0944102306642896, "HEPA": 0.1824305042309526, "HIBV": 3.17384950679741, "IPV": 1.2119430167813638, "OPV": 0.3256460918218982, "PNC": 4.025032681829483, "PNC13": 2.3527890498950006, "PPV": 0.0916006638261691, "RV1": 15.887377836802903, "RV5": 23.20606807163892, "TYP": 0.630765084268055}