{"ANTH": 2.6329209169578065, "COVID19": 0.346049867893194, "FLU3": 0.3312806751573752, "MMR": 0.4006798815449844, "PNC13": 0.7074376862189719, "UNK": 0.7859615916138906, "VARZOS": 0.2902211707072804}