{"COVID19": 0.8574701626473328, "COVID19-2": 3.9790336477932766, "DTAPHEPBIP": 0.450603762585435, "DTAPIPV": 1.5493560009107714, "FLU4": 1.6704073485978113, "HEP": 0.0674318328132191, "HEPA": 0.1302996853326655, "HIBV": 0.318800448002502, "HPV9": 1.0209824784175536, "MMR": 0.4295098001594098, "MMRV": 0.3386023608725094, "PNC13": 0.1088443333844802, "PNC20": 2.633305582251141, "PPV": 0.0654251197551408, "RAB": 0.734489317492766, "RV1": 0.3673033783744844, "TDAP": 0.1030829277667297, "VARCEL": 0.0776934508812914}