{"ANTH": 0.1096982703801218, "COVID19": 1.8339980451717277, "COVID19-2": 0.3833906033249132, "DTAP": 0.3532963121912177, "DTAPIPV": 1.2586377926008023, "DTAPIPVHIB": 0.3709304445774254, "FLU3": 0.3982069615698473, "FLU4": 0.5740128416207811, "FLUX": 0.3596923947901038, "HEPA": 0.2432981972609243, "HIBV": 0.1665421530621472, "HPV4": 0.6220016853067547, "HPV9": 0.533365529513153, "IPV": 0.0334517729928833, "JEVX": 5.902356829223406, "MENB": 0.0995845003011889, "MMR": 0.0593846248566762, "MMRV": 0.6322500041317213, "MNQ": 0.0491116911876885, "PNC13": 0.7075433776100318, "PNC15": 5.160177021310079, "PPV": 0.0630236339327169, "UNK": 0.2257950089737245, "VARCEL": 0.1450704952922773, "VARZOS": 0.2338881472587155}