{"COVID19-2": 2.3443331818148474, "FLU4": 5.695613441239442, "PNC13": 2.875997942970865}