{"ANTH": 2.0632171910732957, "COVID19-2": 2.0252738646574278, "FLUX": 1.308997054477667, "HPV4": 1.1355561792686188, "LYME": 8.691265056077807, "PNC13": 1.3431132873519, "PPV": 1.1909930472803787, "RV1": 60.02602727171649, "RV5": 9.252151884862275}