{"ANTH": 0.211217204584896, "COVID19": 0.1980856888085875, "COVID19-2": 0.8848549667986262, "DTAP": 0.7017373983435279, "DTAPHEPBIP": 0.4948141174009005, "DTAPIPV": 0.5486481085267118, "DTAPIPVHIB": 1.2968647341243498, "DTP": 1.2949327216670543, "FLU(H1N1)": 0.6209049497137034, "FLU3": 2.748741029628333, "FLU4": 6.690889817058472, "FLUA3": 1.3275647785392335, "FLUA4": 2.033682012186564, "FLUC3": 0.4773401152324628, "FLUC4": 2.19175144178563, "FLUN3": 0.1074019554670247, "FLUN4": 0.1615693806218952, "FLUR4": 1.7984997933361258, "FLUX": 2.458129264165621, "FLUX(H1N1)": 0.6385274104387514, "HEP": 0.7863624643391186, "HEPA": 0.9048384940715204, "HEPAB": 0.3758076017699976, "HPV4": 1.4357836014045822, "HPV9": 0.6388697472011751, "HPVX": 1.927850286952644, "LYME": 0.918969955618749, "MEN": 0.2591162066119972, "MENB": 0.8048835690388796, "MMR": 0.6175144612844247, "MMRV": 0.8061523848363775, "MNQ": 0.0582844465361942, "PNC13": 1.6924074585329425, "PPV": 1.572662180741159, "SMALL": 0.1053826847339975, "TD": 0.5761629958895591, "TDAP": 3.914906980373066, "UNK": 2.1757513493706826, "VARCEL": 0.1164626347070638, "VARZOS": 1.0780568206737904}