{"6VAX-F": 0.7241616274288054, "ANTH": 0.7983449800992333, "BCG": 0.3889560664899177, "COVID19": 0.436041194989644, "COVID19-2": 1.9750642475497893, "DTAP": 0.7248841260043482, "DTAPHEPBIP": 2.0802250017456982, "DTAPIPV": 0.4817019041154839, "DTAPIPVHIB": 2.316144295482145, "DTP": 0.1465956008717104, "DTPHIB": 0.0313701680256013, "DTPIHI": 0.5616037017340152, "DTPIPV": 0.5625797182018395, "DTPPVHBHPB": 1.1701621254297014, "FLU(H1N1)": 1.0357022892931076, "FLU3": 1.6989001424780197, "FLU4": 1.9080632186730693, "FLUA3": 1.6438136812176678, "FLUA4": 0.5695061694684491, "FLUC4": 1.226500328303994, "FLUN(H1N1)": 0.7108298440780592, "FLUN3": 0.7028682253345853, "FLUN4": 0.7143427675247684, "FLUR3": 0.5957368040143156, "FLUR4": 1.3573369194330158, "FLUX": 1.7164408979066093, "FLUX(H1N1)": 1.2231167657276905, "HBHEPB": 0.135979669240251, "HEP": 0.7294401784781667, "HEPA": 1.187947174412075, "HEPAB": 1.2528617546122196, "HIBV": 1.2947159086036764, "HPV2": 1.5082786335499494, "HPV4": 1.795567602703656, "HPV9": 0.6141466720002389, "HPVX": 0.7490256355043572, "IPV": 0.4738518895854735, "JEVX": 0.7269410999407316, "LYME": 1.5982606704445363, "MEA": 0.2167101759704288, "MEN": 0.5761698950140955, "MENB": 0.5952881937321308, "MMR": 0.4463405913704682, "MMRV": 0.4897961316386515, "MNQ": 0.7307983503461601, "OPV": 0.0827379036225299, "PER": 0.7620482550765333, "PNC": 1.4251751482605737, "PNC10": 0.4836680052588344, "PNC13": 2.4159278884912587, "PNC20": 0.3119486149070578, "PPV": 0.964142301553624, "RAB": 0.0870061241703192, "RUB": 0.1829850527993483, "RV1": 3.0406702707252737, "RV5": 2.255425005514379, "RVX": 0.4223079255128262, "SMALL": 0.2442654195440535, "SMALLMNK": 0.124163355486323, "TBE": 0.434780053936246, "TD": 0.3338817482214234, "TDAP": 1.159372133058625, "TTOX": 1.1977218700840844, "TYP": 0.3565592062539438, "UNK": 0.6542918509061296, "VARCEL": 0.5146866058698705, "VARZOS": 0.7874879077873701, "YF": 0.3177812658116334}