{"6VAX-F": 0.6774530462289204, "ADEN_4_7": 18.98928964241336, "COVID19": 0.4137373522290499, "COVID19-2": 0.476045299595632, "DTAP": 0.7080517428182186, "DTAPH": 2.327472305204846, "DTAPHEPBIP": 0.1512915405092233, "DTAPIPV": 0.5179418469747428, "DTAPIPVHIB": 0.8922888273957347, "DTP": 1.4935983156471868, "FLU3": 0.9502896417171348, "FLU4": 0.8860626932490763, "FLUN(H1N1)": 0.6708632297112928, "FLUN3": 2.0578932477717617, "FLUX(H1N1)": 0.5188360802092138, "HEP": 0.7698631444845626, "HEPA": 1.4876289731374372, "HEPAB": 1.4731031368874483, "HIBV": 0.7211656029152961, "HPV4": 0.7736610075664847, "HPV9": 0.3413092337892177, "IPV": 0.6191635560103175, "LYME": 0.482840412756286, "MEN": 0.8698564186576283, "MENB": 0.1234717046096772, "MMR": 1.5076332557624117, "MMRV": 0.4045866680759297, "MNQ": 0.6538593086496186, "OPV": 0.0780929084116498, "PNC": 0.4314812359239633, "PNC13": 1.6269782449718468, "PPV": 0.2358769704389074, "RAB": 0.2466069646873955, "RV5": 0.0793792541654718, "TD": 0.0877701857827181, "TDAP": 0.2388674894582162, "TYP": 0.1512632406098352, "UNK": 0.1444902593528265, "VARCEL": 0.7554466699630117, "VARZOS": 0.053353828926005}