{"COVID19": 0.475110523630621, "FLU3": 0.1546401774646959, "FLUN4": 4.393420221110168, "HEP": 1.468130942779204, "HEPAB": 1.9286918589233135, "HPV2": 1.8199130048046617, "HPV4": 0.290304264825413, "HPV9": 0.8666335921108259, "MNQ": 0.5502364901530805, "TDAP": 0.3127486010209159, "UNK": 0.3668830014035331, "VARZOS": 0.1354738034173392}