{"026B21A": 651.7110981761738, "EW0185": 491.90446886446887}