{"ET1831": 155.13008919081287, "EW2239": 130.28491555037857, "FJ4989": 379.9168079574997, "FJ6369": 251.14853853629364}