{"3003651": 200.2905493981647, "EL1484": 74.32235064877553, "EP7534": 55.406614464598405, "ER1741": 42.043589550553335, "EX8679": 84.55361639971794, "FE8087": 164.9331075775422, "FK9712": 75.43727526069759}