{"002M21A": 90.53051605257488, "003B21A": 43.58341877457787, "020B21A": 51.08457280165465, "029A21A": 43.709006898347, "030B21A": 51.10481073515093, "EJ1685": 23.35433789318252, "EJ6136": 34.47245558180138, "EJ6795": 39.22666838022244, "FE1248": 63.115957546726776, "FJ1620": 62.44418012526251, "FJ4989": 87.67310952865378, "FJ4991": 88.84914089347079, "FM0698": 62.12856878698225, "GH9694": 38.48862776567695}