{"008B21A": 33.20791218345832, "013M20A": 9.293908628034668, "019B21A": 19.997517413823896, "029L20A": 16.477349158275647, "030M20A": 11.9996245199219, "037B21A": 44.313726783452935, "038K20A": 23.12245782834018, "040A21A": 13.714014896164011, "040C21A": 40.39063513805782, "042A21A": 6.856247402758246, "043A21A": 7.384171190411645, "043B21A": 19.962167269874666, "044B21A": 25.35356302064469, "045J21A": 47.01243165387143, "046A21A": 15.645785861071117, "065F21A": 41.39253567778557, "201A21A": 10.085962332464266, "30135BA": 37.3794606616625, "EJ6790": 15.02309420250944, "EK5730": 6.59186184306361, "EK9231": 12.333123305034784, "EN6204": 10.070926266229478, "ER8733": 9.914249311966609, "EW0168": 16.999701323289695, "EW2239": 11.844083231852595, "FA7485": 17.52464893467132, "FC5089": 26.782323497999453, "FF2587": 16.2934129121479, "UNKNOWN": 1.5321107062479904}