{"030H21B": 101.65659407138536, "084J21A": 154.57002298850574, "205A21A": 34.83688856579084, "EJ1685": 30.360639261137266, "EL1283": 31.401760464462967, "EN6201": 25.12928603569821, "EP6955": 29.229319965126415, "ER8735": 40.18347503293019, "FE3380": 51.36990514075887, "FG3739": 79.01742709313264, "UNKNOWN": 1.5831810631229235}