{"EP2166": 129.1772468451831, "ET6956": 131.42656959448885, "FF0680": 38.53698750172946, "UNKNOWN": 10.554540420819492}