{"044A21A": 415.655065642804, "1805029": 125.11220494462468, "EM9809": 208.44672003971948}