{"EJ6788": 114.14312431991296, "EX7389": 174.19892138560465, "UNKNOWN": 23.74771594684385}