{"007M20A": 3.318854535737614, "012A21A": 5.437365182186235, "013A21A": 5.30329342263221, "013L20A": 2.4802449254598837, "017F21A": 13.306997090318877, "028L20A": 2.648378530046396, "032F21A": 13.757473193091595, "038K20A": 8.03201166668659, "039B21A": 8.46107529589524, "042L20A": 3.461169246646026, "048A21A": 7.084503685581415, "1808609": 4.87109689028195, "201A21A": 3.503544810224429, "205A21A": 7.412103950168263, "30135BA": 12.984444229840657, "EE8493": 9.337756349691547, "EJ1685": 3.195856764330239, "EJ6795": 5.367859883609388, "EJ6797": 3.6348612420489146, "EL0725": 7.269756319252076, "EL3248": 4.08089999695947, "EL9261": 4.352082374224337, "EL9264": 5.671645496925883, "EN1185": 8.518205557245716, "EN5318": 2.8099670921629043, "EN6198": 3.142469386894357, "EN6201": 5.346656603340046, "EN6202": 3.126547987616099, "EN6203": 3.3687364704346034, "EN6205": 2.885392455623849, "ER7449": 6.869461004366366, "ER8727": 3.491381787141905, "ER9470": 5.685355095959297, "ET1831": 4.898844921815144, "ET3620": 10.787545705160747, "ET3674": 5.584558964166618, "EW0150": 6.318494996513579, "EW0151": 3.9844302204066127, "EW0164": 7.998445676142797, "EW0173": 4.280191573080284, "EW0180": 6.014876906405882, "EW2239": 4.114260491064586, "EW2246": 5.120801714473112, "EW4109": 2.9991026776528265, "FA4598": 7.935150847185037, "FA8016": 12.132912787273783, "FC1526": 8.209365684406, "FC2336": 6.208527905643983, "FC2473": 2.9805451207205444, "FC3143": 5.859073342231761, "FC3182": 6.017954231851333, "FC5435": 8.483427806744013, "FD0168": 2.5562746764147684, "FD0785": 10.649104851231028, "FD0809": 7.711081782082769, "FD8448": 6.852127702978375, "FE1248": 8.63692050639419, "FE1573": 6.3906477147315135, "FE2296": 8.10202688852716, "FE3380": 5.407358435869355, "FE3590": 6.027205097141831, "FF2834": 5.829067143452297, "FF4213": 6.854788677782085, "FF8841": 5.544186584107328, "FG4493": 9.011459604425074, "FG7911": 8.653847243506368, "FH8020": 5.954988296212229, "FH9951": 8.17516363724846, "FK5618": 6.050975693255734, "FK9712": 4.764459490149322, "FL2757": 22.066340727129543, "FR2583": 31.133972133499977, "GJ6665": 9.223188087559183, "UNKNOWN": 2.9318167835609694}