{"001A21A": 0.3200339760821799, "001B21A": 0.3107045334766375, "001C21A": 0.1701759688241489, "002A21A": 0.473049681043623, "002B21A": 0.6140186710195428, "002C21A": 0.2993840322789611, "003A21A": 0.1218039053911972, "003B21A": 0.1056469222579735, "004M20A": 0.3376918017792958, "006B21A": 0.1968268974816701, "007B21A": 0.0964957926312936, "007M20A": 0.0587900766166461, "008B21A": 0.2043373302357122, "008C21A": 0.3542858281451725, "009C21A": 0.1645389766012688, "010A21A": 0.1549027030078382, "010M20A": 0.0631362177204864, "011A21A": 0.0779591050631119, "011J20A": 0.0650313789340076, "011L20A": 0.1555240992590964, "011M20A": 0.3374140544583119, "012A21A": 0.1926705305138725, "012H21B": 0.1951044690930361, "012L20A": 0.0913240902641723, "012M20A": 0.2330933586538247, "013A21A": 0.0939423597147231, "013F21A": 0.2253707012563543, "013L20A": 0.1318540950860038, "013M20A": 0.2861531859723307, "014C21A": 0.2354538351867773, "014F21A": 0.2240804207326101, "014M20A": 0.2443058375701024, "015M20A": 0.1661984792710903, "016B21A": 0.4892990639230162, "016C21A": 0.1924062523490334, "016M20A": 0.2324550658220969, "017B21A": 0.2955746583240309, "017C21A": 0.1888655182850997, "017F21A": 0.2357196948685984, "018B21A": 0.1983258040289973, "019B21A": 0.1230501724139825, "020B21A": 0.24770587333887, "020F21A": 0.5570605529706968, "021B21A": 0.1190672393367029, "022C21A": 0.221779026669459, "022M20A": 0.1649039960004229, "023C21A": 0.2373275369125389, "023M20A": 0.0825783443298984, "024C21A": 0.2712434260970302, "024M20A": 0.3568774528736407, "025A21A": 0.2202675740105478, "025C21A": 0.2358084481258103, "025J20-2A": 0.1255965778659113, "025J20A": 0.2673774170954442, "025L20A": 0.0442884714904935, "026A21A": 0.0888138881134303, "026B21A": 0.1215198765944758, "026L20A": 0.1284147252624053, "027A21A": 0.0838873172881356, "027B21A": 0.2676284821710389, "027C21A": 0.1999010884728815, "027H21B": 0.2170890734801005, "027L20A": 0.2949548195418666, "028A21A": 0.2354884553794034, "028L20A": 0.1877581793689609, "029A21A": 0.211942219201235, "029K20A": 0.1910557546513373, "030A21A": 0.0832720887217593, "030B21A": 0.1238788997868659, "030H21B": 0.3791741666221013, "030L20A": 0.1530908650114066, "030M20A": 0.0738369586346117, "031A21A": 0.2836809980582665, "031B21A": 0.2430850795136791, "031H21A": 0.2289130526275932, "031L20A": 0.0578837532003089, "031M20A": 0.1691235490637257, "032B21A": 0.1374340885908575, "032F21A": 0.2436994132656538, "032L20A": 0.1463337646784799, "032M20A": 0.2573355521527121, "033F21A": 0.2375976438113788, "034F21A": 0.2196013694497099, "035C21A": 0.1487037515934868, "036A21A": 0.3432052642664197, "037C21A": 0.4002601200539438, "037K20A": 0.297009255980265, "038A21A": 0.2060397235234033, "038B21A": 0.1407107683858939, "038C21A": 0.2731357477625479, "038K20A": 0.2846106334708042, "039A21A": 0.68462152790511, "039B21A": 0.7499553583784735, "039K20A": 0.0267467477292809, "040A21A": 0.2532526533706841, "041A21A": 0.1663755652239644, "041B21A": 0.182745725371562, "041C21A": 0.2247237104666604, "041L20A": 0.2461514094883382, "042A21A": 0.1688478837992702, "042B21A": 0.209955739290648, "042L20A": 0.1840017226812381, "043A21A": 0.1818489920026748, "043B21A": 0.1228326533481006, "043L20A": 0.2570711814640542, "044B21A": 0.312072950272762, "045A21A": 0.4297977613220128, "046A21A": 0.1925814746047544, "047A21A": 0.2106922557862088, "047B21A": 0.1607356698936817, "047C21A": 0.2150758821693315, "048A21A": 0.2510361246289573, "048B21A": 0.1679836372643658, "048C21A": 0.2237601538514487, "050C21A": 0.5909478893079763, "051F21A": 0.8042824130285877, "052E21A": 0.4274425237108808, "054C21A": 0.5797393103607638, "058H21A": 0.2256142835069558, "059H21A": 0.3180654262112963, "062E21A": 0.2595545199084749, "065F21A": 0.2546995482690516, "066H21A": 0.4623050715237456, "068H21A": 0.6352819779097685, "070H21A": 0.5658647831982516, "1802068": 0.2415828314632989, "1802070": 0.1797545794375926, "1805018": 0.1284680477508859, "1805022": 0.0666942785622232, "1805025": 0.1833702932985022, "1805029": 0.1399987373494494, "1805031": 0.0820251326439667, "1808609": 0.0862864450077914, "1808978": 0.0854599699195073, "1808980": 0.0953472675134603, "1822809": 0.1811067375584582, "1822811": 0.3489540975054183, "201A21A": 0.062061673871214, "202A21A": 0.1152965215176391, "203A21A": 0.0694720017459792, "205A21A": 0.1299399051316331, "206A21A": 0.0762079438784893, "207A21A": 0.0835282673798423, "213D21A": 0.2398726543989414, "21C11-01": 0.7211812985936645, "3001531": 0.305056589872121, "3001659": 0.1661552166590445, "3002188": 1.673298736855205, "3002339": 0.6928199468022067, "3002545": 1.1615534269107697, "3002916": 1.7375537714761, "3003608": 0.3762125140992614, "3004675": 0.3313169114897197, "3004732": 0.1709661901986706, "3004737": 0.1954089451327831, "301308A": 0.5089195535641942, "30135BA": 0.4600978000130034, "301458A": 1.003989742113533, "30145BA": 0.310833085409969, "30155BA": 0.1479302959342964, "939902": 0.2989429951118648, "AS7140C": 0.2656078055224593, "AS7147B": 0.352017059514089, "EE8492": 0.297462968965263, "EE8493": 0.1654086990901914, "EH9899": 0.1818357123473541, "EJ1685": 0.1698972538396041, "EJ1688": 0.6997846966850534, "EJ6134": 1.311290891337704, "EJ6136": 1.088739486698642, "EJ6788": 2.9986934518273247, "EJ6789": 1.784369054817506, "EJ6790": 1.2044304640023455, "EJ6795": 1.812719754895219, "EJ6796": 2.6217743714052064, "EJ6797": 1.4870196243918516, "EK1768": 0.2420034616428487, "EK4176": 0.2900881505812958, "EK4244": 0.5405514870339634, "EK5730": 0.0405615216895579, "EK9231": 0.2947423045265968, "EK9788": 1.8801041190948136, "EL0140": 0.1911676729640463, "EL0142": 0.0814792673441781, "EL0725": 1.4191846354601945, "EL0739": 0.3283807247109881, "EL1283": 0.3516434542493052, "EL1284": 0.1786261502607138, "EL1484": 1.1669303653265688, "EL1491": 4.147733545687302, "EL3246": 0.3135358188208276, "EL3247": 0.2367882415907971, "EL3248": 0.2893175370978728, "EL3249": 0.344246070651371, "EL3302": 0.0989246879723715, "EL8713": 0.4110312398725702, "EL8723": 2.5437085796878915, "EL8982": 0.3063112458743464, "EL9261": 0.0770926394837426, "EL9262": 0.2864636888774295, "EL9263": 0.8590147720302598, "EL9264": 0.1004673358582806, "EL9265": 0.4719523264865655, "EL9266": 0.1101908860014734, "EL9269": 0.2840247508566319, "EM0477": 1.996999669311424, "EM4965": 0.2388256345563442, "EM6950": 0.8955860930412066, "EM9809": 0.3499385339223047, "EM9810": 0.6023176876618578, "EN3924": 0.1611495642678956, "EN5318": 0.0995698895022289, "EN6198": 0.613465441678424, "EN6199": 0.2850577202783895, "EN6200": 0.4711724013850752, "EN6201": 0.4223409417764406, "EN6202": 0.388119173374035, "EN6203": 0.179087836984492, "EN6204": 0.1859768140937732, "EN6205": 0.2557494712486151, "EN6206": 0.0629513805050749, "EN6207": 0.1483743793076579, "EN6208": 0.3250411328126893, "EP2163": 1.5830258702807722, "EP2166": 1.4489876258573542, "EP6955": 0.1090239461586214, "EP7533": 0.1257358407104526, "EP7534": 0.3101695155696869, "EP9598": 3.572483787137406, "EP9605": 1.7270305985697667, "ER1741": 0.3296305322238641, "ER1749": 0.3337089956816579, "ER2613": 0.1050709474390278, "ER2659": 2.771174402458694, "ER7449": 0.9747554823223372, "ER7812": 9.444667378783045, "ER7934": 0.3820675292651079, "ER8727": 0.1856078734070962, "ER8729": 0.1889245963339209, "ER8730": 0.2725205473665741, "ER8731": 0.4581217998659164, "ER8732": 0.2625144787253227, "ER8733": 0.2441568860409687, "ER8734": 0.1303335586845704, "ER8735": 0.2998766793502253, "ER8736": 0.3107304359097811, "ER8737": 0.0672696586363206, "ER9470": 1.818547926316947, "ER9480": 6.699230126270742, "ET1831": 1.3050764654302822, "ET3045": 16.276774506666737, "ET3620": 0.6625168073544682, "ET3674": 4.689685118488612, "ET6956": 2.4616326951580594, "ET7205": 1.023757173209534, "ET8885": 0.513488857184999, "EW0150": 0.3325523682375567, "EW0151": 0.3531637161211309, "EW0153": 0.0704684677290187, "EW0158": 0.0775427160397981, "EW0161": 0.3444823120371738, "EW0162": 0.3597971796701252,