{"004M21A": 82.41110294117647, "017F21A": 52.67353014917889, "027H21B": 48.5103625447408, "032B21A": 30.71079237969869, "041A21A": 18.585537098560355, "042A21A": 9.427340178792589, "047C21A": 48.0604981697552, "EJ6789": 19.865975476968234, "EJ6797": 14.38799241644362, "EL1284": 13.30020543816232, "EL3302": 22.1055458998262, "EM4965": 17.78255870634113, "EN6205": 11.4213451368444, "EN6207": 11.047708992616034, "EP2166": 21.529541140863856, "ER8735": 16.743114597054245, "ET3045": 41.13627350176263, "EW0158": 17.327566088393226, "EW0161": 19.233595755408874, "EW6126": 34.490831534587315, "FC8889": 31.024314790189123, "FD5996": 47.09004427258462, "FD7958": 25.35599746330857, "FE3594": 35.30117456715414}