{"EL9262": 383.8613430957557, "EN6205": 274.11228328426563}