{"011A21A": 12.66953577131726, "011M20A": 13.701055544670846, "013M20A": 9.293908628034668, "016M20A": 12.587794018911731, "017F21A": 38.30802192667555, "019B21A": 19.997517413823896, "025B21A": 18.750390790737143, "029A21A": 17.218699687227605, "037K20A": 8.037250472435657, "043A21A": 7.384171190411645, "054C21A": 47.09942700233962, "070H21A": 45.97222678043978, "1808980": 31.959212229667987, "201A21A": 10.085962332464266, "213D21A": 38.982940773985554, "301308A": 27.558764915733796, "EJ6136": 13.580058259497513, "EL3246": 10.18326335188373, "EL3249": 11.180695106792104, "EN6207": 8.034697449175297, "EP7533": 10.215084513476471, "EW0153": 11.45219371002205, "EW0170": 15.253296079233111, "EW0171": 12.31577981584037, "EW0172": 11.01788230193996, "EW0179": 11.314189075261856, "EW0183": 14.701142932212298, "EW0186": 15.347824298193888, "FA7484": 22.91401523677013, "FC3183": 15.273946490880888, "FE3592": 17.18084099478663, "GH9694": 15.162186695569703, "UNKNOWN": 0.4797518373099769}