{"013M20A": 102.23299490838136, "026A21A": 158.76962731744229, "028A21A": 210.44818295739347, "GJ2524": 200.6268219832736}