{"202A21A": 12.879582257866272, "213D21A": 53.60154356423013, "30155BA": 33.056257378984654, "AS7146B": 83.89229041916167, "EJ6134": 20.879185323383084, "EK1768": 27.03380336101989, "EL1284": 13.30020543816232, "EN3924": 36.01021304869685, "EP9598": 19.812399669499527, "ER1741": 10.510897387638334, "ER7934": 28.4481114498645, "EW0172": 15.149588165167444, "EW0175": 22.798435717777416, "EW0185": 20.49601953601953, "EW4109": 11.87144809904244, "EX6537": 20.550328093629105, "FC3095": 24.46781197178994, "FD9234": 27.091455349077297, "FE2625": 33.90594978606604, "FH3220": 22.839447981281968, "GH9703": 37.04026675485009, "UNKNOWN": 3.0155829773769973}