{"001B21A": 1.086553818635521, "001C21A": 1.786015109205305, "001M21A": 2.3300703682984265, "002A21A": 0.9922008769913016, "002B21A": 2.580804751367632, "002C21A": 1.5707408816827688, "002M21A": 2.303124674527345, "003A21A": 2.561703312207808, "003B21A": 2.2218997806647542, "004C21A": 2.11895578207275, "005C21A": 3.1491480148464737, "006B21A": 1.0326671470613655, "006C21A": 1.6630185489291232, "007B21A": 6.1364458800193, "007C21A": 5.818954796290587, "007M20A": 0.6170081817907501, "008B21A": 2.1445422740785216, "010A21A": 1.6286044971137816, "010M20A": 1.3278413162155636, "011A21A": 5.795371808265915, "011J20A": 0.3411920292017114, "011M20A": 5.361282604436418, "012A21A": 1.0108604546138793, "012L20A": 0.4791387201531235, "012M20A": 0.6112428583094426, "013F21A": 2.3652897668059256, "013L20A": 0.9240128153674076, "013M20A": 4.251273055596056, "014F21A": 4.712718809368581, "015M20A": 1.747365187944287, "016B21A": 1.2830934357276746, "016C21A": 6.081776412659329, "016M20A": 1.6290086377415185, "017B21A": 2.0713408408825225, "017F21A": 7.450872634068527, "018B21A": 2.085143061183301, "020B21A": 3.914142120362537, "020F21A": 2.922660161476395, "021B21A": 3.76360081274698, "022C21A": 7.010221532583351, "022M20A": 0.8651812392898901, "023M20A": 2.6102219684159857, "025B21A": 6.102198186334573, "025J20-2A": 1.3204879421902282, "025L20A": 1.39991594854725, "026A21A": 1.8678779684404976, "026B21A": 2.555729796769309, "026C21A": 2.599115005246103, "026L20A": 0.336743115169517, "027A21A": 0.8804064239065975, "027B21A": 1.4041329955001085, "027C21A": 2.097983439295624, "027H21B": 4.565681180681486, "028A21A": 2.475860975969335, "028L20A": 0.4923600006935569, "029A21A": 2.228302312464749, "029K20A": 2.005150708796716, "029L20A": 1.0338728883623935, "030A21A": 1.7513263208423335, "030H21B": 10.025305135245103, "030M20A": 1.5528925849310693, "031A21A": 1.9879919354122448, "031B21A": 1.275364184297796, "031H21A": 2.4024671257177737, "031L20A": 1.2173747780912032, "031M20A": 5.376524526164213, "032H21A": 2.801839096937228, "033B21A": 3.037430454290015, "033C21A": 2.852905633733492, "033H21A": 3.5072717903354347, "034F21A": 4.618518213171743, "035C21A": 1.5606618782698043, "036A21A": 0.8999903211683019, "036C21A": 2.903300383616915, "037A21B": 1.4452431213242714, "037B21A": 1.3875139501668237, "037K20A": 1.563237321750747, "038B21A": 1.476774659204597, "038C21A": 2.8665890709404005, "038K20A": 2.9923180719028477, "039B21A": 3.152165306313913, "039K20A": 1.1294709297018422, "040A21A": 1.774754868915343, "040B21A": 1.2207980884144656, "041A21A": 0.8729019380928542, "041B21A": 1.9179360570796236, "041C21A": 2.3584995288311155, "041J21A": 3.23308635089457, "042A21A": 2.231323119240849, "043A21A": 1.4362140429287875, "043B21A": 3.882621924788982, "043L20A": 1.3487433219278455, "044A21A": 3.2728745326205044, "044B21A": 1.637314245951614, "045A21A": 3.3944734784174684, "046A21A": 1.0103932160769995, "046B21A": 1.5565925584119076, "047A21A": 1.105412794056411, "047C21A": 2.2572445324346866, "048A21A": 2.6393249024715075, "048B21A": 3.53292645744625, "048C21A": 2.3483868984448524, "050C21A": 6.21306388719484, "050E21A": 3.316245225995833, "052E21A": 4.49401335713283, "058H21A": 2.3678461887432567, "059H21A": 3.3381308821353857, "065F21A": 2.673099172929401, "066H21A": 2.4255183889533507, "070H21A": 2.9688522186976765, "076C21A": 1.422386002111911, "1802068": 1.2674825267184042, "1802070": 3.780485527544351, "1805018": 0.6740172916245113, "1805020": 0.9503521967036213, "1805022": 0.6999636319553886, "1805025": 4.848281620643832, "1805029": 0.7345139233539609, "1805031": 1.7251011230180144, "1808609": 0.9055855275475247, "1808978": 0.8969115825407394, "1808982": 1.3554271995480864, "1820095": 2.871597444607974, "1822809": 1.900734703573408, "201A21A": 1.3052421842012585, "202A21A": 1.821866252586192, "203A21A": 2.933687758769188, "204A21A": 0.9440572950485216, "205A21A": 2.7430620917945543, "206A21A": 2.4088597427524867, "207A21A": 1.7567141096395853, "213D21A": 5.044851158986366, "301308A": 1.7797245444603036, "30155BA": 3.1111771650809086, "32030BD": 2.8956280491166173, "EH9899": 1.4361091623504196, "EJ1685": 1.1906133043583242, "EJ1686": 0.9820958348324896, "EK4176": 1.0144569962598349, "EK5730": 1.282110653169543, "EK9231": 0.3861643304903259, "EL0140": 1.0029755992497225, "EL1283": 1.8507913829742413, "EL3246": 3.314079789074587, "EL3247": 0.6209319838193114, "EL3248": 2.2849832988869334, "EL3249": 1.44691348440839, "EL3302": 1.0382252477413478, "EL8982": 2.419196873113699, "EL9261": 1.621364021769851, "EL9262": 2.2624440653973807, "EL9264": 2.112965969442976, "EL9265": 1.2376049265988214, "EL9267": 2.557220566347292, "EL9269": 5.005446053065101, "EM9809": 2.452314353408464, "EN5318": 2.6326121672137663, "EN6198": 3.5399358706122204, "EN6199": 0.7475094817476358, "EN6200": 1.0994022698985089, "EN6201": 1.9786839398187568, "EN6202": 2.338756368689208, "EN6203": 1.886227689732538, "EN6204": 1.9587852659267544, "EN6206": 0.6606815139896608, "EN6207": 1.562740761234488, "EN6208": 3.4418387146450398, "EP6955": 1.1462478417696635, "EP7533": 3.3244357884095037, "EP7534": 2.617635329036145, "EP9598": 0.9305236635381384, "ER2613": 1.1046870983687591, "ER8727": 0.6490827197230548, "ER8729": 0.6606815139896608, "ER8730": 0.7146331379084331, "ER8731": 3.2212816321280577, "ER8732": 0.5506125602696691, "ER8734": 0.6838048352902805, "ER8735": 2.368377703316121, "ER8736": 3.2785731033000527, "ER8737": 0.7060023077624028, "EW0150": 1.7503100088573955, "EW0153": 0.7395741534847899, "EW0158": 0.8138191509225782, "EW0162": 0.7546587420165171, "EW0164": 2.2156794505621504, "EW0167": 2.8680794545834067, "EW0168": 2.199961347719843, "EW0169": 2.3144738188326905, "EW0170": 1.973955963194873, "EW0171": 1.5938067996969891, "EW0172": 1.4258435920157593, "EW0173": 3.201718105847456, "EW0176": 1.9267740463666805, "EW0177": 5.071507699074648, "EW0178": 3.3231091527785286, "EW0179": 1.464189174445652, "EW0181": 1.242760979013786, "EW0183": 2.8593578591139828, "EW0185": 2.899240484466417, "EW0186": 1.986189026825091, "EW0187": 1.8926343740486415, "EW0191": 3.016136610063215, "EW0196": 1.1863667191816143, "EW0198": 1.5247854256450846, "EW0217": 0.9941564000226224, "FA6780": 1.185081118388599, "FA7484": 4.456753454695959, "FC3180": 2.100136348000125, "FC3181": 1.0400362645415917, "FC3182": 2.241982949121085, "FC3183": 0.9863801060647148, "FC3184": 0.8849234396819744, "FD0809": 1.4335670632052115, "FD7218": 4.591147444697141, "FE3590": 1.1205175816604187, "FE3594": 1.657980801588453, "FF2587": 2.1085593180426696, "FF2588": 1.2873719035124631, "FF2589": 1.0856546688207205, "FF2593": 1.128031571812168, "FF8839": 3.4226971745312715, "FH8020": 1.107091757612841, "FH8028": 1.5093637855157158, "FJ1611": 2.1765053663868748, "FJ1620": 1.5885994943804551, "FJ4989": 2.2304313578718187, "FJ4991": 2.2603499640217617, "FJ8757": 1.9538698833622283, "FJ8762": 9.062126671768876, "FK5127": 1.7499262294654634, "FK5618": 1.1249367727187765, "FK9729": 7.218081929243318, "FK9893": 1.37501714017202, "FK9894": 1.2013538025261106, "FK9895": 3.306603685388835, "FK9896": 2.1196392860138507, "FL3197": 2.003927608457924, "FL3209": 2.719544959222852, "FL8094": 2.3071672589217505, "FM9992": 1.5401637161184327, "GH9694": 0.979162741592564, "GH9702": 2.3154249744905, "GH9703": 3.4861427533976554, "GJ2524": 2.3603155527443955, "GJ5342": 1.5595499578532253, "GL0446": 2.875365216974806, "UNKNOWN": 0.7108159875245779}