{"001C21A": 228.1634302009777, "032M20A": 172.4791538303553, "042L20A": 82.20276960784314, "211D21A": 347.9977225672878, "FE3590": 143.1461210571185}