{"FC2336": 589.8101510361785, "FH9951": 776.6405455386038}