{"045A21A": 71.99112502143714, "067F21A": 183.66395323426573, "084J21A": 193.2125287356322, "1805018": 43.05285450251566, "EN6208": 36.28271645021645, "FH8030": 100.18729126908396, "FK9895": 105.39799247176911, "FN2908": 199.73675142585552, "GJ3277": 121.3743137821439}