{"001A21A": 1.0445675164545307, "001B21A": 0.5065958041265979, "002A21A": 1.3903509546870798, "002B21A": 0.600460959487907, "002M21A": 1.0738108655871108, "003A21A": 1.1931220906173352, "003B21A": 0.5169566095524748, "003C21A": 0.8607972126706477, "004C21A": 0.9879437998532622, "004M20A": 0.9925175680449247, "004M21A": 1.8046226921425503, "006B21A": 0.4814716351718591, "006C21A": 0.7753672249112974, "006M20A": 0.597996795442407, "007B21A": 0.4721778612058646, "007C21A": 0.6742766962854969, "007M20A": 1.4436409381642552, "008C21A": 2.6046809102117203, "009C21A": 0.805130047000552, "010A21A": 0.378918017120451, "011A21A": 0.381473248588932, "011F21A": 1.149972357469915, "011J20A": 1.1196732921601116, "011L20A": 0.5076192974904206, "011M20A": 0.8258170465281058, "012A21A": 0.4713044637843908, "012H21B": 1.911132909125028, "012L20A": 0.6714073656259034, "012M20A": 0.8565222137005261, "013A21A": 0.4596832802464051, "013F21A": 1.1027947726622518, "013M20A": 1.1224116549868035, "014F21A": 3.2954569370813203, "014M20A": 1.5977110036149065, "015M20A": 0.8138413204124078, "016B21A": 1.1975538733458295, "016C21A": 1.8847027056582029, "016M20A": 1.9020018435168824, "017B21A": 0.9647340902740515, "017F21A": 1.1534349667703403, "018B21A": 0.4851382122278667, "019B21A": 1.2053298167236322, "020F21A": 1.3626636336810567, "021B21A": 1.16631525947532, "021C21A": 1.829051218835208, "022C21A": 1.0852198175440773, "022M20A": 1.6179601583792635, "023C21A": 1.161302536917834, "023M20A": 0.4040763327018663, "024C21A": 2.656947021293832, "024M20A": 0.3489974945163942, "025A21A": 2.161161448937892, "025J20-2A": 1.232294328484934, "025J20A": 0.435952047764196, "026A21A": 0.434588395941904, "026B21A": 2.9840251747993305, "026L20A": 0.6297373535283557, "027A21A": 1.646432507287361, "027B21A": 0.6546641977194848, "027H21B": 1.062270712658557, "027L20A": 0.3606199436004574, "028A21A": 1.153140728533663, "028L20A": 0.920753743291519, "029K20A": 0.9348832228057682, "029L20A": 0.2405452431865057, "030A21A": 0.8156862316251965, "030B21A": 1.2134475608346338, "030L20A": 1.2526253469568844, "030M20A": 0.7232650395569364, "031A21A": 0.9259140521098124, "031B21A": 0.5946269143943191, "031H21A": 2.2423026506699224, "031L20A": 0.2832395697201249, "031M20A": 0.4137045940144604, "032B21A": 0.672499103205081, "032F21A": 1.192481709255202, "032H21A": 2.615049823808079, "032L20A": 1.7963407651236485, "033B21A": 2.8349350906706805, "033F21A": 1.1626242370076867, "034F21A": 1.074564000327367, "035C21A": 2.9185662206619214, "036A21A": 0.4196122756541992, "036B21A": 1.5494044098914186, "037B21A": 0.6469157194664661, "037C21A": 1.9599952180175768, "037F21A": 1.310801126083973, "037K20A": 0.4844370147769437, "038A21A": 0.5040077543487632, "038C21A": 1.3365209993161904, "039A21A": 3.3573388742647663, "039K20A": 0.2619959964787835, "040A21A": 0.4129219813626026, "040C21A": 7.330289420105817, "041A21A": 0.8147084755533306, "041B21A": 0.8942201871967951, "041C21A": 1.0996288861612225, "041J21A": 1.5073970121415377, "041L20A": 0.7234691426588689, "042A21A": 0.620446519993662, "042B21A": 1.0273655381530524, "042L20A": 0.3000101080578217, "043A21A": 0.8917754777075362, "043B21A": 1.203199123115733, "044A21A": 1.903182534994524, "044B21A": 1.5281599628881732, "045A21A": 0.5254826643900522, "045B21A": 3.978014863490944, "045J21A": 1.4155202961475888, "046A21A": 0.471086618079696, "046B21A": 1.4528197211844471, "047A21A": 1.0317186077859832, "047C21A": 2.1067615636057075, "048A21A": 2.463047941922176, "048B21A": 0.8219856265043737, "048C21A": 1.0949139645121528, "050C21A": 2.8937557830770486, "050E21A": 3.0951622109294448, "051F21A": 5.259845094536455, "052E21A": 2.093102111541318, "053E21A": 1.401284791575662, "054C21A": 2.838869572743758, "062E21A": 1.2700646809025102, "065F21A": 1.2463080997873393, "066H21A": 1.130875818207265, "067F21A": 1.3406127973304067, "076C21A": 1.9931606409849725, "088D21A": 1.3272613997795375, "1802068": 0.5909521634608618, "1805018": 0.3142544124271216, "1805020": 0.8869953835900464, "1805031": 2.0141977397875173, "1808609": 0.4222209895773588, "1808978": 1.2568240000319502, "1808980": 1.8713536895688485, "1808982": 0.631955564752803, "1822809": 0.8862002130711786, "1822811": 0.853600306032871, "201A21A": 0.9127150556800387, "202A21A": 0.2820346479824731, "203A21A": 1.3635072108460635, "205A21A": 0.3178548226805733, "206A21A": 1.1207583263811844, "207A21A": 1.2284152594828908, "211D21A": 1.2700646809025102, "3002332": 3.881312106558717, "3002339": 1.129625223481335, "3002621": 2.8944895008985445, "3003608": 4.618249772436448, "3003651": 4.397962658331156, "3004675": 3.2507251224297846, "3004732": 4.19822196902688, "3004737": 2.87379754866668, "301308A": 3.328231444535097, "30135BA": 5.647995429646806, "30145BA": 1.522088588098862, "30155BA": 3.6325557559323793, "33130BA": 2.310716071787628, "939902": 4.396429477472388, "EE8492": 2.9185662206619214, "EE8493": 0.8093858149823876, "EH9899": 0.2223173855341738, "EJ1685": 0.5545322239477126, "EJ6134": 0.4572084377383157, "EJ6788": 0.416580745693113, "EJ6789": 0.8708372811821692, "EJ6790": 0.4523376904040251, "EK1768": 0.591981095496786, "EK4176": 1.8971181156039367, "EK4243": 1.0151119777131854, "EK4244": 1.7643205613327717, "EK5730": 0.1984775919900539, "EK9231": 0.903525516852365, "EL0140": 0.9361105592997412, "EL0142": 0.3986982762471051, "EL0739": 3.7685453994584863, "EL1284": 0.5830227041386223, "EL3246": 0.6137857362779234, "EL3247": 0.8700993886608814, "EL3248": 1.0631229425351454, "EL3249": 0.3366450169015871, "EL3302": 0.4840630489013036, "EL8713": 3.021868612701172, "EL8982": 0.3745046254303141, "EL9261": 0.3772334174738249, "EL9262": 1.4047990598197828, "EL9264": 1.477531048102264, "EL9265": 0.5770220050109468, "EL9266": 1.079367528083839, "EL9267": 0.59497376315562, "EM0477": 0.2623302731905197, "EM4965": 2.7407980391424864, "EM9809": 0.5705658395247796, "EN3924": 1.5785298870661633, "EN5318": 0.4875741986401387, "EN6198": 1.36691662891467, "EN6199": 1.3979042824265029, "EN6200": 0.5120503722814973, "EN6201": 0.2292818068950567, "EN6202": 1.359991111829347, "EN6203": 0.8775958812375337, "EN6204": 1.2162509305967897, "EN6205": 1.255092872180703, "EN6206": 0.9257995986710696, "EN6207": 2.1932951676517125, "EN6208": 0.2648373463519449, "EP2163": 0.4289769009793698, "EP6955": 0.5338688578105283, "EP7533": 1.543488044618698, "EP7534": 1.2166136753434234, "ER1741": 1.853160971925216, "ER1749": 3.8522898097987888, "ER2613": 1.0309065327869484, "ER2659": 0.7934654614614474, "ER7934": 5.015644993915504, "ER8727": 1.5186871326853526, "ER8729": 0.6166360797236835, "ER8730": 2.008309075002068, "ER8731": 0.3732689482484154, "ER8732": 0.5139050562516911, "ER8733": 1.4980321762586906, "ER8734": 0.3188177653588808, "ER8735": 2.209906967897169, "ER8736": 1.5238015887250016, "ER8737": 0.3291671343673246, "ET3620": 0.4626046059694845, "ET6956": 0.4796590131185723, "ET8885": 5.447768301967336, "EW0150": 1.633194857027341, "EW0151": 1.3852547884304782, "EW0153": 1.730413884756079, "EW0161": 0.8431165262644985, "EW0162": 1.057487981271774, "EW0164": 0.6866245603264136, "EW0167": 0.8887990516791197, "EW0168": 1.0246395318147214, "EW0169": 0.7172402884540882, "EW0170": 0.9193767499811738, "EW0171": 2.6100414105129595, "EW0172": 2.3349823960992024, "EW0173": 0.371002006790718, "EW0175": 0.99938348351901, "EW0176": 1.347332856920028, "EW0177": 2.8281441650935077, "EW0178": 1.5461266533494251, "EW0179": 0.6819511223445502, "EW0180": 1.566946908890015, "EW0181": 1.7414557411591718, "EW0182": 0.4929588175534819, "EW0183": 1.3303593695512042, "EW0185": 2.705249141326135, "EW0186": 2.3190393857161093, "EW0187": 4.888434087667072, "EW0191": 1.8727825977702672, "EW0196": 2.218603452888582, "EW0198": 1.4231330639354125, "EW0217": 1.3930911894284097, "EW2245": 1.7817513304305754, "EW3143": 6.149865820845316, "EW4109": 3.1511309239854586, "EW8904": 0.7459025964800113, "EW9127": 2.1248092159852128, "EX6537": 0.9008362999947004, "EY7015": 0.6123562568818044,