{"017F21A": 1264.1647235802934, "EW0175": 547.162457226658}