{"002B21A": 6.515893184146, "006B21A": 5.224682298498591, "007C21A": 7.316903555731728, "011L20A": 2.751698667089161, "011M20A": 4.476582504694435, "012A21A": 5.114353389185072, "012H21B": 10.35985413609854, "013F21A": 11.96696109740424, "025A21A": 5.84690461309187, "025J20-2A": 3.333905200579289, "026C21A": 13.149977897829292, "028L20A": 2.491049112419877, "030B21A": 6.577846926306554, "030L20A": 2.708647284904788, "031B21A": 6.452585130457166, "033C21A": 14.434007711265489, "037K20A": 2.6260323325779877, "039A21A": 9.083097498939082, "041A21A": 4.416365251143055, "043A21A": 2.412649992906775, "046A21A": 5.111989439755909, "050C21A": 15.686448428066182, "065F21A": 27.31907354733848, "1805018": 3.410127089308171, "1805020": 4.808217549658915, "201A21A": 3.295413435359612, "202A21A": 3.060494793948421, "33130BA": 25.302340986074523, "AS7147B": 18.69175732845604, "EJ6790": 9.915242173656232, "EL1284": 3.1604448565930268, "EL3249": 7.379258770482789, "EL3302": 5.252802986097314, "EL9262": 7.677226861915114, "EL9267": 6.4563489546392026, "EM9809": 6.191486733853053, "EN5318": 2.643038354014613, "EN6198": 2.955788037177861, "EN6201": 2.488048122346358, "EN6202": 2.9408124635993014, "EN6204": 3.2905006612432945, "EN6205": 2.713983002814511, "EN6207": 2.625198176463216, "EP2166": 5.115930568126065, "ER1741": 2.4976389832011883, "ER2613": 2.7890614859805307, "ER2659": 4.301211288615272, "ER8731": 4.050522448319438, "ER8737": 7.215343585331756, "ET1831": 4.607824431410284, "ET3045": 9.774956079626763, "ET7205": 6.786192351126564, "ET8885": 3.890749374738388, "EW0150": 2.9402897508528536, "EW0151": 3.7477313954319618, "EW0170": 4.983750204105868, "EW0177": 5.091592878080885, "EW0179": 3.6967152424122895, "EW0181": 6.287632279960838, "EW0182": 10.805657280772325, "EW0191": 5.066711335056688, "EX8679": 5.022987112854531, "EX8680": 6.504406356927499, "FA1027": 4.7565062029958005, "FA5831": 7.396737538997395, "FC3182": 5.660452000256205, "FC5089": 8.750660152811705, "FD0810": 13.27595998530846, "FE1248": 8.123836119875724, "FE2625": 8.056859355104802, "FE3590": 5.669153309192812, "FE7051": 4.384248543587868, "FF0680": 1.5262173268011667, "FF2587": 10.753652522017614, "FF2589": 5.492767680865228, "FF2590": 5.311660515787958, "FF8288": 11.356641866756847, "FG3527": 7.246668392329429, "FG7387": 8.766819290624715, "FG7911": 8.139757308248564, "FH0161": 6.856240726113427, "FJ1611": 11.011824180432605, "FK5127": 4.418130579343497, "FK9712": 4.481422292714708, "GL0446": 14.54763986013986, "UNKNOWN": 1.1665544675642594, "XD955": 14.402757367904684}