{"ER9470": 49.10079401055757, "ET3045": 89.7518694583912, "EW6126": 36.05859660434128, "EX7823": 52.05313492986127, "EX8679": 46.12015439984615, "FA5831": 67.91549922170336, "FC2336": 53.61910463965259, "FD0168": 10.922264526499465, "FD7959": 109.91801831262262, "UNKNOWN": 5.277270210409745}