{"001A21A": 0.6328668925771179, "001B21A": 0.819526201214393, "001C21A": 1.0099450986395178, "001M21A": 0.8780722405608377, "002A21A": 0.748361104269454, "002B21A": 1.4581356239263208, "002C21A": 1.184721166848553, "002M21A": 4.352428656373792, "003A21A": 1.2056743163768753, "003B21A": 0.8362870023166235, "003C21A": 0.3477455750412937, "004C21A": 1.1982143909692091, "004M20A": 1.6074229747463329, "004M21A": 5.114542036984724, "005C21A": 3.267983788991624, "006B21A": 1.1691866591174838, "006C21A": 1.2543210014801212, "006M20A": 1.4521517455056383, "007B21A": 0.7638478758400408, "007C21A": 1.910990326524688, "007M20A": 0.9321247033113772, "008B21A": 1.6175071617035048, "008C21A": 0.7004722015171146, "009C21A": 1.302468681199417, "010A21A": 1.2277727916157113, "010M20A": 0.8755806241022464, "011A21A": 0.6171139194885159, "011F21A": 1.860324286032512, "011J20A": 0.8391479637123174, "011L20A": 1.0278164400000196, "011M20A": 1.6720962757919304, "012A21A": 1.7186496232048911, "012H21B": 2.318342543011712, "012L20A": 1.1784222576738983, "012M20A": 0.923414931548042, "013A21A": 1.1162766805392763, "013F21A": 3.125467859573253, "013L20A": 0.6965950271062495, "013M20A": 0.5660741689279145, "014C21A": 0.9312233909341348, "014F21A": 2.218057025450329, "014M20A": 0.967299553333323, "015M20A": 1.3173041328183095, "016B21A": 1.2101527236191243, "016M20A": 0.6131324023971766, "017B21A": 1.3658453642317336, "017C21A": 0.3733452910294839, "017F21A": 3.737367992846396, "018B21A": 0.9813796245879324, "019B21A": 0.2432429320516728, "020B21A": 0.9802205851240008, "020F21A": 3.861970963280778, "021B21A": 0.942520449539096, "021C21A": 0.7384996624721804, "022C21A": 1.3161943047159446, "022M20A": 0.6525573627706772, "023C21A": 1.878653255294385, "023M20A": 0.8174006287213833, "024C21A": 0.5361881659264183, "024M20A": 1.27264742547494, "025A21A": 0.4354995323910611, "025B21A": 2.518087997424189, "025C21A": 0.4661410642457504, "025J20-2A": 1.1203400470708222, "025J20A": 0.8818815879467679, "025L20A": 0.6141978235037373, "026A21A": 0.8791230748474103, "026B21A": 0.9619352002600352, "026C21A": 0.9794600056642762, "026L20A": 1.1488735806117274, "027A21A": 0.6640408599502159, "027B21A": 1.3243114815440298, "027C21A": 0.7906117533038818, "027H21B": 2.148853268870024, "027L20A": 0.8757151953901801, "028A21A": 1.1652723308825772, "028L20A": 1.3045716462821133, "029A21A": 1.258974349361546, "029K20A": 0.7556283275775235, "029L20A": 0.9749910744541802, "030A21A": 1.320290352741449, "030B21A": 0.9806089144752208, "030H21B": 2.6287261119309107, "030L20A": 1.4185286151316188, "030M20A": 1.023979779867735, "031A21A": 0.3738480409514176, "031B21A": 1.20286286115942, "031H21A": 2.2658927671498383, "031L20A": 0.8027388174705568, "031M20A": 0.5017560697600686, "032B21A": 0.5435538474282955, "032F21A": 1.4462854518742547, "032H21A": 2.642561422175938, "032L20A": 0.2893221409314194, "032M20A": 0.5087880643963284, "033B21A": 1.7175879330234574, "033C21A": 1.6132439455969914, "033F21A": 0.93970218566403, "033H21A": 1.3216931304287665, "034C21A": 2.649576522460366, "034F21A": 3.9184840292898895, "035C21A": 1.7669827617338327, "036A21A": 1.0189698392548057, "036B21A": 2.193606354233048, "036C21A": 0.5468435296823604, "037A21B": 1.9097283505640628, "037B21A": 1.5709445240810491, "037C21A": 1.1874924919195389, "037F21A": 2.120498943450973, "037K20A": 0.7841219973107959, "038A21A": 1.0195505698897092, "038B21A": 0.5565131643462751, "038C21A": 1.6209815734974673, "038K20A": 1.9731391792931592, "039A21A": 0.3381470134142453, "039B21A": 0.8894896567060655, "039K20A": 0.6903948555859835, "040A21A": 1.337952672796489, "040B21A": 1.8442803346039676, "040C21A": 2.460116204422126, "041A21A": 1.1534430116579757, "041B21A": 0.3612478161325792, "041C21A": 1.33367015038661, "041J21A": 1.828226254489626, "041L20A": 0.8777913960097626, "042A21A": 2.1035344392992013, "042B21A": 2.0782440565074665, "042L20A": 0.4853300050647565, "043A21A": 1.9001970423153616, "043B21A": 1.9475285141341137, "043L20A": 1.0172809409669803, "044A21A": 1.0748376281860468, "044B21A": 1.2349336969465312, "045A21A": 2.3437732156442728, "045B21A": 0.801616933221903, "046A21A": 1.5264181327874258, "046B21A": 1.4681040925590343, "046C21A": 0.5182356184876232, "047A21A": 0.8337504616425474, "047B21A": 0.9539196580300427, "047C21A": 1.2764130830772316, "048A21A": 0.2480751382713728, "048B21A": 1.3297361574151936, "050C21A": 0.583977623013153, "050E21A": 0.6246226724968194, "051F21A": 2.6527365671503995, "052E21A": 0.8451131313192266, "053E21A": 1.6995294705646538, "054C21A": 1.1462249934197697, "058A22-2A": 0.7698069795074555, "058H21A": 3.577145313962466, "059H21A": 1.257953451896152, "062E21A": 1.0265419544757752, "065F21A": 0.5034845843593527, "066H21A": 0.4568521550885227, "067F21A": 2.711907762779856, "068H21A": 1.2560405477699774, "070H21A": 2.800080257944837, "076C21A": 2.148822607772909, "084J21A": 0.5697383818227266, "088D21A": 3.2230690417098367, "1802068": 3.840970029076973, "1802070": 1.0667913790377823, "1802072": 2.281739413294277, "1805018": 2.042537203974056, "1805020": 1.0759895993697572, "1805022": 1.1900675576202706, "1805025": 2.5491187365429573, "1805029": 2.0859759994472435, "1805031": 2.1172566541298474, "1808609": 1.3680833838190252, "1808978": 2.035478099237533, "1808980": 1.322287317961882, "1808982": 1.278374490529849, "1820095": 3.2512251717754976, "1822809": 2.15201351593651, "1822811": 2.0728491921979915, "201A21A": 2.097969917876327, "202A21A": 1.7179138987891285, "203A21A": 1.654678069712895, "204A21A": 1.6050719038551386, "205A21A": 1.1590831685475695, "206A21A": 1.5114763425308375, "207A21A": 1.6566645634544903, "211D21A": 1.0265419544757752, "213D21A": 2.8503036459561075, "3001659": 0.3284520556367326, "301308A": 2.351708420958443, "30135BA": 3.189750798981912, "30145BA": 3.081891649349582, "30155BA": 2.639612419172157, "33130BA": 0.4663166418369798, "939902": 0.5909440776944087, "AS7140C": 3.68348083750227, "AS7147B": 3.4844361206608703, "EH9899": 1.444980605162073, "EJ1685": 1.9137221632900765, "EJ1686": 1.1119297745924714, "EK4176": 0.3822916851687136, "EK5730": 1.6149327455166973, "EK9231": 1.8346036898527012, "EL0140": 1.5152122135006894, "EL0142": 1.291864924661721, "EL1283": 1.979347155713276, "EL1284": 1.5363436122571803, "EL3246": 1.3675636687879371, "EL3247": 1.4091617042117013, "EL3248": 1.7217712792501096, "EL3249": 1.638621488634224, "EL3302": 2.356179577775701, "EL8982": 0.7575804161528686, "EL9261": 1.2223143401369163, "EL9262": 1.277172675734492, "EL9263": 2.9765639311576786, "EL9264": 0.9944745703358416, "EL9265": 1.8696707095107103, "EL9266": 1.5281403957817927, "EL9267": 2.8960380951231364, "EL9269": 1.877042269899413, "EM0477": 0.1059764022914889, "EM9809": 0.9230113064489424, "EM9810": 1.908541308605999, "EN3924": 0.3185569897415128, "EN5318": 2.281597211585264, "EN6198": 1.2149021492062906, "EN6199": 1.1292752259365613, "EN6200": 1.976476436978952, "EN6201": 2.2420180849693576, "EN6202": 1.2087468172618658, "EN6203": 1.4213025819006098, "EN6204": 1.7232473833325996, "EN6205": 2.0349835433130337, "EN6206": 1.2485512339079758, "EN6207": 2.266196716434058, "EN6208": 1.9379492465990984, "EN9581": 0.7642578478538299, "EP6955": 0.5394854183301295, "EP7533": 1.2466634206535638, "EP7534": 1.352880708347575, "EP9605": 0.1306939427707819, "ER2613": 1.1463734039675804, "ER8727": 0.8576907604172025, "ER8729": 1.6249193992718682, "ER8730": 1.215008429294227, "ER8731": 1.2094686394094998, "ER8732": 1.8785364723146944, "ER8733": 0.9672438353138156, "ER8734": 1.1625946164510166, "ER8735": 1.0390998346158526, "ER8736": 2.3140725312288257, "ER8737": 1.6022228538856602, "ER9470": 0.1990817302307899, "EW0150": 2.093660865264054, "EW0151": 1.5404104995652643, "EW0153": 1.3976419838414484, "EW0158": 0.9214067639322836, "EW0161": 1.0227613695638396, "EW0162": 1.2830593547260487, "EW0164": 2.089256836487837, "EW0167": 1.7996208609257325, "EW0168": 1.6585074461746043, "EW0169": 1.3065440005018556,