{"012L20A": 61.209971499561526, "EL3249": 92.24073463103488, "EN6202": 74.25551470588236, "FD0809": 183.13819232446576, "FT9142": 347.709557302441}