{"002M21A": 51.16942211667276, "008C21A": 41.29740457640032, "009C21A": 38.36619702228717, "012L20A": 10.645212434706352, "014C21A": 54.90169209159508, "033F21A": 55.40157233740977, "039K20A": 6.236643829223216, "041L20A": 11.47065568215656, "042A21A": 9.837224534392266, "213D21A": 55.932045458327096, "EL3246": 14.61076915705057, "EN5318": 11.606385815455472, "ER8732": 12.23317470860004, "ER8733": 14.224792491082525, "EW0150": 12.911707166788617, "EW0151": 16.457429171244705, "EW0168": 24.39087581167652, "EW0175": 23.78967205333296, "EW0179": 16.233401716680056, "EW0180": 24.844056787328643, "FC3184": 19.660690333803867, "FE9174": 37.86840444474497, "GH9694": 21.75444178060001, "UNKNOWN": 0.6883395926621407}