{"017F21A": 252.83294471605868, "023C21A": 254.5575160923892, "EW0168": 112.198028733712, "EW0198": 155.83307050092765, "FE7010": 153.4106392694064, "FF0688": 149.94831510823477}