{"012H21B": 80.48809751891945, "027A21A": 34.60674481663625, "032B21A": 56.69684747021298, "065F21A": 105.0733597974557, "1802070": 74.15567765567765, "1805018": 26.494064309240404, "EL8982": 31.57362072858648, "EP2166": 39.74684518313328, "ER8732": 21.64330909983084, "ET1831": 35.79925135172605, "EW0196": 46.63333796167731, "FL3197": 78.76976984015376, "FN2908": 122.91492395437264, "GH9693": 42.9732925533957}