{"001C21A": 13.828086678847132, "003A21A": 9.897490069893804, "010A21A": 6.292335557030521, "011J20A": 2.6416534382132504, "011M20A": 6.850527772335423, "013M20A": 4.646954314017334, "014F21A": 18.20823176346952, "014M20A": 6.614765632390503, "017B21A": 8.002907794318837, "026L20A": 2.607208058357928, "029L20A": 3.9945088868547023, "030A21A": 6.766488057799926, "030H21B": 15.402514253240208, "031M20A": 6.8700035612098285, "032F21A": 19.802423535510627, "044A21A": 6.29780402489097, "047C21A": 17.476544789001892, "1805029": 5.68691840657385, "204A21A": 7.309292087421129, "EJ6788": 14.048384531681592, "EK9788": 3.154871684693191, "EL3247": 4.807518844419214, "EL8982": 6.219046507145822, "EL9264": 8.163732154666045, "EN5318": 8.213749961706952, "EN6198": 4.523251390226727, "EN6203": 4.848938858958899, "EP2166": 7.828924051223219, "EP7534": 5.036964951327128, "ER2613": 8.667544925662574, "ER8736": 12.811654895972516, "ET1831": 7.051367690491495, "ET3620": 15.60045071207862, "EW0172": 5.50894115096998, "EW0196": 9.185354446997046, "EW8904": 12.386503723365038, "FA5831": 11.319249870283892, "FA8016": 8.640104560634361, "FC3180": 8.114163162727756, "FC3183": 7.636973245440443, "FC3184": 6.851452692083166, "FC8889": 11.281569014614227, "FD0785": 15.32825698283254, "FD5996": 17.123652462758045, "FE3592": 8.590420497393316, "FF8839": 8.798751827456652, "FF8841": 7.980268568033274, "FG3527": 11.089598600382914, "FH9951": 11.767280993009148, "FJ1611": 16.851427912480197, "FM7553": 15.963156644818088, "GH9693": 8.464436412032487, "GJ3277": 14.71203803419926, "UNKNOWN": 2.456660270363157}