{"FC5435": 805.9256416406812, "UNKNOWN": 15.831810631229237}