{"005C21A": 133.83879063097513, "023C21A": 212.13126341032435, "1805020": 80.93832875259174, "30155BA": 132.22502951593862, "FA5833": 93.81235333556822, "FD1921": 26.517077542991306, "FD7959": 201.5163669064748}