{"002B21A": 8.437246302548026, "013L20A": 3.0208111271626783, "021C21A": 12.838532593747132, "027L20A": 5.067172540847452, "030H21B": 13.032896675818638, "032H21A": 18.35563818634517, "033F21A": 16.3363610738516, "038K20A": 9.782578311990076, "040C21A": 17.088345635332153, "042L20A": 4.215526646556058, "043A21A": 6.32928959178141, "043L20A": 8.835997916732426, "046A21A": 6.619370941222394, "051F21A": 18.426316308744696, "053E21A": 39.89112030043962, "065F21A": 17.512226632909282, "070H21A": 19.449788253262984, "1802068": 8.303635527603905, "1805022": 4.585659178579532, "32030BD": 18.97007606536656, "EH9899": 3.123844289044289, "EJ6134": 6.424364714887103, "EJ6795": 6.537778063370408, "EL1284": 4.092370904049945, "EL9267": 8.360144159212302, "EM9810": 8.27646279020486, "EN5318": 3.4223958173778963, "EN6201": 3.2217033379100277, "EN6204": 4.260776497250933, "EN6205": 3.51426004210597, "ET7205": 8.787249070048498, "EW0167": 6.238685651209206, "EW0171": 5.2105222297786185, "EW0173": 10.561511673834469, "EW0176": 12.76175017723386, "EW0177": 13.357165732108296, "EW0179": 4.786772301072324, "EW0180": 7.325811616776394, "EW0182": 14.033321143860162, "EW0185": 6.306467549544473, "EW0191": 13.291892073785078, "EW0198": 9.989299391085106, "EW0217": 6.512998979635386, "FC3180": 6.865830368461947, "FC3182": 7.329559641357394, "FC3183": 6.462054284603452, "FC3184": 5.797383047147293, "FD8448": 8.345540151063407, "FE3594": 10.86189986681666, "FE7051": 5.677039780799675, "FF2589": 21.89879746450216, "FF8841": 6.752534942182002, "FG6273": 9.624976364417703, "FH8028": 9.88826787690424, "FH8030": 10.275619617341944, "FH8469": 8.265325557360107, "FK5127": 5.720912673252477, "FK9729": 9.38350650801631, "FK9894": 7.870407603728751, "FL3197": 13.12829497335896, "FL3198": 14.012916406087138, "FL3209": 17.816506079011244, "UNKNOWN": 1.7838659866173787}