{"004M20A": 361.93807314704935, "EL9266": 590.9537216259018}