{"012A21A": 103.30993846153844, "020F21A": 298.6958685028876, "30145BA": 166.6687003968254, "EJ6789": 95.35668228944752, "UNKNOWN": 7.915905315614618}