{"027H21B": 72.7655438171112, "EN6201": 15.705803772311384, "EP9598": 29.71859950424929, "EP9605": 22.16079167107071, "EW0217": 31.750870025722502, "EW2246": 30.404760179684104, "EW8904": 51.09432785888078, "FC3095": 78.2969983097278, "FE6975": 45.39794594594594, "FF0900": 48.14996560421921, "FF4213": 40.70030777433114, "FG3739": 49.3858919332079, "FJ8757": 62.401719399881166, "GJ5342": 49.808126778937385, "UNKNOWN": 2.1109080841638983}