{"014C21A": 114.7944471006079, "019B21A": 59.992552241471685, "031B21A": 59.24646347056126, "031H21A": 111.60551829470748, "032F21A": 118.81454121306378, "037K20A": 24.111751417306973, "3003651": 109.2493905808171, "EL9266": 53.72306560235472, "ER8736": 37.85261673810061, "FH8028": 70.11680858168462, "FJ1620": 73.79766742076478, "FJ8757": 90.76613730891806}