{"FE6975": 363.18356756756754, "FE8405": 473.8475747320925, "UNKNOWN": 7.915905315614618}