{"011J20A": 174.34912692207453, "EN6203": 320.0299646912874}