{"ER8732": 281.3630182978009, "ET7205": 685.4054274637829}