{"EK9788": 20.822153118975063, "EP2163": 47.01586834733893, "EP9598": 47.54975920679886, "ET1831": 46.53902675724387, "ET7205": 68.54054274637828, "EX8680": 65.69450420496773, "FA5831": 74.70704914387369, "FD8448": 65.09521317829457, "FE9174": 87.09733022291343, "UNKNOWN": 3.518180140273164}