{"001B21A": 92.5381668871252, "010A21A": 69.21569112733572, "013A21A": 83.96881252501, "027L20A": 65.87324303101688, "EK5730": 87.01257632843965, "FD1921": 26.517077542991306}