{"011J20A": 9.176269838003922, "027B21A": 37.76378740529239, "029L20A": 13.875662449074229, "041A21A": 23.47646791397097, "042L20A": 17.30584623323013, "202A21A": 16.268946009936347, "EJ1685": 15.979283821651194, "EL3249": 19.419102027586288, "EN1185": 42.59102778622857, "EN3924": 45.48658490361707, "EN6198": 15.712346934471784, "EP7534": 17.496825620399495, "EW0169": 20.667845154137535, "EW0187": 25.401145546442297, "EX6537": 25.958309170899923, "FC3183": 26.528433378898377, "FF8841": 27.72093292053664, "FH8028": 40.59394181044899, "UNKNOWN": 1.759090070136582}