{"015M20A": 445.5781229257932, "EW0178": 563.8208529214238}