{"009C21A": 294.14084383753504, "043B21A": 219.58383996862128, "EX0893": 169.51787337170555, "FG4509": 263.45346193052615}