{"012M20A": 62.46902011922504, "013L20A": 21.420297083517173, "031L20A": 28.22096076484153, "32030BD": 134.51508482714468, "EJ1685": 27.600581146488427, "EN6208": 26.38743014561196, "ER8733": 29.742747935899825, "EW0153": 34.356581130066154, "FC3095": 53.38431702935986, "FK9895": 76.65308543401392, "FM9992": 71.54760535786536}