{"006M20A": 40.96278048780488, "020B21A": 88.5465928562014, "025J20-2A": 21.04527657865676, "030B21A": 41.522658722310126, "039K20A": 8.965175504508373, "045B21A": 67.93703509055628, "046A21A": 32.26943333845917, "EH9899": 15.22874090909091, "EJ1685": 18.975399538210795, "EK9788": 13.013845699359411, "EL3248": 24.230343731946853, "EW0183": 30.321107297687863, "FC3184": 28.262242354843057, "FE3592": 75.59570037706118, "FH8028": 48.205305899908176}