{"EJ6797": 43.16397724933086, "EK9788": 26.027691398718822, "ER2659": 54.3027925187678, "EW9127": 96.85588676199262, "FC1440": 128.51040073416948, "FD6840": 11.15051683916984, "FG7911": 102.76443601663811, "UNKNOWN": 4.523374466065497}