{"007M20A": 52.54853014917889, "011L20A": 46.32026089600088, "037K20A": 44.20487759839612, "EK9788": 34.7035885316251, "EW4109": 47.48579239616976, "FK9712": 75.43727526069759, "GH9702": 98.40556141584624}