{"017C21A": 25.971430116999738, "024M20A": 9.807724461281234, "030L20A": 14.398598725020188, "037K20A": 13.959435031072458, "040A21A": 11.60416645060032, "EE8493": 22.74581674924864, "EJ6788": 11.706987109734662, "EL0725": 17.708380777665315, "EL3302": 27.92279482083309, "EL8982": 10.52454024286216, "EM6950": 24.612542936450392, "EN1185": 20.74947507534213, "EN6200": 7.188399457028712, "EN6203": 8.205896530545829, "EP2166": 13.248948394377758, "ET1831": 11.933083783908684, "ET3620": 26.684981481187112, "EW0168": 14.384362658168206, "EW2245": 25.01304752335231, "EW2246": 12.473747766024248, "EX7823": 30.13602548570916, "FA4598": 9.56287409788966, "FA8016": 14.621715410304304, "FC2336": 15.123337206055858, "FD0168": 3.0806387126024126, "FF0688": 19.2241429625942, "FF2834": 14.199009708409443, "FF4213": 16.697562163828156, "FG6273": 19.24995272883541, "FK9712": 11.605734655491936, "FK9896": 27.772709619309687, "UNKNOWN": 1.759090070136582}