{"029K20A": 1024.632012195122, "1808982": 692.6232989690722}