{"001B21A": 5.665602054313789, "003B21A": 5.781473919076657, "004C21A": 11.048840863665053, "004M20A": 3.693245644357646, "014C21A": 12.88509100108864, "015M20A": 4.546715540059114, "018B21A": 5.425627353078999, "020B21A": 6.7765249634848015, "020F21A": 15.239585127698348, "023C21A": 12.987628372060676, "023M20A": 4.519057761645363, "024M20A": 3.903074020305796, "025L20A": 2.4236640061583343, "026L21B": 26.89204945301005, "027A21A": 4.5906906389415445, "027B21A": 7.321550619393422, "029L20A": 2.6901794544123505, "032M20A": 7.039965462463482, "033C21A": 14.87586509018178, "034C21A": 18.31722544864181, "034F21A": 12.017572901620351, "036A21A": 4.692806674663289, "036B21A": 8.656111371587262, "037C21A": 10.94997328433289, "040A21A": 9.331185393266235, "041A21A": 4.551560105769883, "041L20A": 2.692092660097968, "042A21A": 4.665075552392208, "043A21A": 5.024281428527511, "043L20A": 7.032733035766626, "045A21A": 5.876826532362216, "045J21A": 15.830716781405686, "046B21A": 8.116518340290662, "047A21A": 5.763938140436999, "047B21A": 8.79617752693689, "051F21A": 14.66584359267435, "058H21A": 12.346626555589838, "1802070": 9.836977648202136, "202A21A": 3.1541834100896997, "203A21A": 3.8018198506498657, "204A21A": 9.946665521026691, "205A21A": 3.5547845475296773, "211D21A": 14.203988676215827, "30145BA": 8.50350512228701, "EL0140": 5.229801338944982, "EL3248": 3.9559744868484654, "EL8982": 8.463032360239676, "EL9267": 6.653992289985301, "EN6198": 9.329205992342622, "EN6200": 2.860689579837957, "EN6203": 3.265611884604973, "EN6204": 3.3912302733221718, "EN6205": 2.7970641151455675, "EN6206": 3.444982180088945, "EN6207": 2.705561385946784, "EP6955": 2.982583669910859, "EP7533": 3.4397733565788124, "EP7534": 3.3922417019141884, "ER8729": 10.550257926522397, "ER8733": 3.3384717070907968, "ER8737": 7.43849854157913, "EW0158": 4.243485572667729, "EW0162": 3.935006297657553, "EW0169": 4.007031203353196, "EW0170": 5.136313985864211, "EW0175": 5.583290379863858, "EW0176": 5.013544712484729, "FF2589": 5.660913630279469, "FF2593": 18.013254162375556, "FF8839": 5.925690006246317, "FH8027": 16.557376160533007, "FH8028": 7.870254024474804, "FH8030": 8.178554389312977, "FJ8762": 9.37652698487106, "FK9894": 12.657562744141083, "FL3198": 11.153137547702007, "FP4554": 11.09894656891883, "GH9694": 5.105634295446942, "GJ2524": 6.141637407651232, "GJ3277": 20.02050536612683, "GJ5342": 8.131939065948961, "GJ6665": 8.940845595082882, "GJ6739": 13.136971525492616, "GL0446": 14.992975774225776}