{"001M21A": 595.3329791002479, "EK9788": 104.1107655948753, "UNKNOWN": 7.915905315614618}