{"029L20A": 32.954698316551294, "030M20A": 49.49845114467784, "031M20A": 56.67752937998109, "047A21A": 70.60824222035323, "1802072": 154.5308017653549, "1808982": 86.57791237113402, "EL0142": 54.6216638458534, "EN6203": 40.00374558641092, "ER8732": 35.170377287225115}