{"029L20A": 131.81879326620518, "3004737": 523.9890863735578, "FK9895": 421.5919698870765}