{"3004675": 296.0868799013129, "FA5833": 187.62470667113644, "FE1248": 273.5024827024827, "FF4213": 217.068308129766}