{"001A21A": 1.426897992162813, "001B21A": 0.968986040702882, "001C21A": 0.4545088251015492, "001M21A": 0.592961134562, "002A21A": 1.899880020519192, "002B21A": 1.1485256746924015, "002C21A": 2.2034276256398413, "002M21A": 2.3479236083460817, "003A21A": 1.3032106625695583, "003B21A": 0.98880356731154, "003C21A": 1.6464812305183762, "004C21A": 2.9724608063466254, "004M20A": 0.7220709688719188, "004M21A": 0.9849932622451372, "005C21A": 1.2009462768482315, "006B21A": 1.8450801124068448, "006C21A": 0.8468385436001814, "006M20A": 0.8166016543793646, "007B21A": 0.9031534657620028, "007C21A": 1.1051953027850017, "007M20A": 1.577244526738736, "008B21A": 0.81882523192089, "008C21A": 0.4730280404667367, "009C21A": 1.3196747729500575, "010A21A": 1.24401641566854, "010M20A": 1.1839144602621283, "011A21A": 0.7296591281910463, "011F21A": 1.255973795502767, "011J20A": 0.52226398478904, "011L20A": 0.832515922244649, "011M20A": 1.6942349474424356, "012A21A": 1.2887966374942423, "012H21B": 1.042695832332788, "012L20A": 1.1017794869921076, "012M20A": 0.701198779088333, "013A21A": 1.509174863155447, "013F21A": 0.9031106382349898, "013L20A": 1.0011486015040516, "013M20A": 1.0723740724655386, "014C21A": 1.5733103888695323, "014F21A": 0.598477737245512, "014M20A": 0.8709716343895725, "015M20A": 1.000300101354986, "016B21A": 2.6213323164691325, "016C21A": 0.7710147432238103, "016M20A": 0.724951488000152, "017B21A": 1.449990281675936, "017C21A": 2.527160116175124, "018B21A": 1.4596521803391966, "019B21A": 1.976789040407954, "020B21A": 0.8274351438095073, "020F21A": 1.1159247889273511, "021B21A": 0.3180067751806462, "021C21A": 2.7490543961654708, "022C21A": 2.0757433159307306, "022M20A": 0.440565633559675, "023C21A": 0.633858356803758, "023M20A": 1.43752299334237, "024C21A": 0.7244414811545682, "024M20A": 1.8173352902749167, "025A21A": 1.473396621562572, "025B21A": 0.9253682394232188, "025C21A": 0.9449370166615598, "025J20-2A": 1.0929881469065184, "025J20A": 0.833862904624012, "025L20A": 1.6068691957642074, "026A21A": 1.5460712772485017, "026B21A": 0.8119998731325366, "026C21A": 2.6496713569690944, "026L20A": 1.250989276434463, "027A21A": 1.911544764927921, "027B21A": 0.357326673655655, "027C21A": 1.0683303811460527, "027H21B": 2.031847645853017, "027L20A": 1.2829245833756098, "028A21A": 1.4173362284483972, "028L20A": 1.9562264286397375, "029A21A": 1.559867228965216, "029K20A": 1.2766409322142065, "029L20A": 0.7897281673462117, "030A21A": 1.4495996887871, "030B21A": 0.8277629448753577, "030H21B": 1.0130203694208806, "030L20A": 1.368551154454145, "030M20A": 1.087063563946007, "031A21A": 1.7725102920633646, "031B21A": 1.7890746393655883, "031H21A": 1.223378875178657, "031L20A": 1.0076397975960896, "031M20A": 1.2447273734560358, "032B21A": 1.1022816806272713, "032F21A": 2.607401403179454, "032H21A": 2.1411861094739626, "032L20A": 1.0769975178769784, "032M20A": 1.0317795842294435, "033B21A": 0.7729715946923295, "033C21A": 1.0892912419709695, "033F21A": 2.22379784251383, "033H21A": 3.575493037129989, "034C21A": 0.8939681742863038, "034F21A": 1.173614493631086, "035C21A": 1.3917944499055324, "036A21A": 1.2625020202862556, "036B21A": 1.6923669115522229, "036C21A": 1.4784120538398042, "037A21B": 0.5518201008692671, "037B21A": 1.414502999571565, "037C21A": 1.0693546406224448, "037F21A": 1.0734530766037615, "037K20A": 0.794496052692092, "038A21A": 1.793034328080194, "038B21A": 2.0716122683775997, "038C21A": 0.3646569617253036, "038K20A": 0.5701427957672921, "039A21A": 1.3719733510361627, "039B21A": 1.6035953179252826, "039K20A": 0.8258284319547137, "040A21A": 0.7898123762188699, "040B21A": 1.0887047524952738, "040C21A": 0.6637903185039382, "041A21A": 0.8898810780358075, "041B21A": 0.9766470604560912, "041C21A": 1.2009897949503736, "041J21A": 0.82276251260315, "041L20A": 0.7902898073577659, "042A21A": 1.074985526764046, "042B21A": 0.5607533017010684, "042L20A": 1.067301877555017, "043A21A": 1.4642622891352084, "043B21A": 1.3142174960715487, "043L20A": 0.8587189602605647, "044A21A": 1.1410545849939715, "044B21A": 1.4601528441208986, "045A21A": 0.8613095715426179, "045B21A": 1.0832013567004488, "045J21A": 2.3201549021601555, "046A21A": 1.288200931675017, "046B21A": 1.5868704186503435, "046C21A": 1.7517732780425144, "047A21A": 1.1269145890530192, "047B21A": 1.504407325723936, "047C21A": 0.2871426328290079, "048A21A": 0.8385594943062977, "048B21A": 1.3473024625854342, "048C21A": 0.8966568157698528, "050C21A": 1.1838091839860654, "050E21A": 1.2662027226529546, "051F21A": 0.7157632829094055, "052E21A": 1.1419764883596129, "053E21A": 2.2968217321539264, "058A22-2A": 0.5199119580293071, "058H21A": 1.2057492799679164, "059H21A": 1.699835456672827, "062E21A": 1.3871359145681623, "065F21A": 0.6802558154217749, "066H21A": 1.853599047988777, "067F21A": 1.464186971473967, "068H21A": 0.4239957636983045, "070H21A": 0.3776657913254948, "076C21A": 0.7243041824406442, "088D21A": 0.7244414811545682, "1802068": 1.2921368003054454, "1802070": 0.4800915386074748, "1802072": 1.5403020360364308, "1805018": 0.8593384132238654, "1805020": 1.576327001923135, "1805022": 1.34030008467101, "1805025": 1.2265862183964185, "1805029": 0.9364685998849152, "1805031": 0.6578775469136496, "1808609": 2.0823939205955337, "1808978": 1.1435175116724496, "1808980": 1.9161156470447955, "1808982": 1.9013866455352617, "1820095": 1.828290922246044, "1822809": 1.6950705646178212, "1822811": 1.165644076017975, "201A21A": 1.4977654063709436, "202A21A": 1.5463230324601829, "203A21A": 0.9295866900291588, "204A21A": 1.0829931404161013, "205A21A": 1.1307853966423993, "206A21A": 1.0197185704100262, "207A21A": 1.2297437178784716, "211D21A": 2.429303473419112, "213D21A": 0.6406558991740654, "3001659": 0.2218298299582911, "3002188": 0.9568256182173992, "3002332": 0.1504545039350261, "3002339": 0.30820742965784, "3002916": 0.6622136848176913, "3003608": 0.2510893080159621, "3003651": 0.8979401965546611, "301308A": 0.9062673066459545, "30135BA": 0.6143038853759275, "301458A": 0.8934908710940657, "30145BA": 1.0383048865987128, "30155BA": 1.5827434954526318, "32030BD": 1.474505165021018, "33130BA": 1.8919995752298997, "939902": 1.9975470754858349, "AS7140C": 0.7093897714227835, "AS7147B": 0.4699695021593377, "EE8492": 0.794716711306298, "EE8493": 0.6628295291810937, "EH9899": 1.0964693454545456, "EJ1685": 0.6056985388755565, "EJ1686": 1.0011989458342188, "EJ1688": 0.3113057637481181, "EJ6134": 0.1247449459201379, "EJ6136": 0.4465788964259271, "EJ6788": 0.2273767416731333, "EJ6789": 0.7130360091434261, "EJ6790": 0.4940329932065885, "EJ6795": 0.6353684138336554, "EJ6796": 0.1452190185804477, "EJ6797": 0.2580163023621272, "EK1768": 0.6465483613995789, "EK4176": 0.9046902706610396, "EK4243": 1.1086823393858007, "EK4244": 0.4810585195865002, "EK5730": 1.0335327270819914, "EK9231": 0.8879848779625046, "EK9788": 0.4154045510019962, "EL0140": 1.0224848503074475, "EL0142": 1.1995773442563264, "EL0725": 0.1719260269676244, "EL0739": 0.7311442250916219, "EL1283": 1.4919566112147944, "EL1284": 0.5570766675670081, "EL1484": 0.2220787369983332, "EL1491": 0.3553505815311397, "EL3246": 0.9225167448799088, "EL3247": 1.029925385396176, "EL3248": 0.8703341225742945, "EL3249": 1.9385093092336567, "EL3302": 0.7934193942111099, "EL8713": 1.373006172562124, "EL8723": 0.3762357809598126, "EL8982": 1.3323200756881686, "EL9261": 1.8605152149809043, "EL9262": 1.5346780333663397, "EL9263": 1.147065066786794, "EL9264": 1.883938189538318, "EL9265": 1.1036930497242543, "EL9266": 1.1789600431439438, "EL9267": 1.463911499068854, "EL9269": 0.5057819928059802, "EM0477": 0.5017695975860551, "EM4965": 0.8514342323235654, "EM6950": 0.2389567275383533, "EM9809": 0.7791429854462477, "EM9810": 0.8043410137502857, "EN1185": 0.2014512143237099, "EN3924": 1.2924901991556197, "EN5318": 1.2012609318996417, "EN6198": 1.568482968940266, "EN6199": 1.335585122982664, "EN6200": 1.4729294859410846, "EN6201": 1.5733337112257837, "EN6202": 1.7100143561805194, "EN6203": 1.199212957873922,