{"FD6840": 44.60206735667936, "FE7053": 419.16978542914165, "UNKNOWN": 7.915905315614618}