{"EM9810": 645.5640976359792, "EN6198": 298.5345917549639}