{"036A21A": 459.8950541170024, "FJ8762": 918.899644517364}