{"1822811": 467.7729677060133, "201A21A": 166.4183784856604, "EL9267": 326.04562220927977}