{"007M20A": 78.82279522376834, "014F21A": 300.43582409724706, "026L21B": 658.8552115987461, "FD0809": 183.13819232446576, "FP4554": 271.92419093851134}