{"030L20A": 17.098335985961477, "033H21A": 112.01349280383796, "206A21A": 25.54395018877116, "EW0150": 18.560579052258635, "EW0168": 35.061883979285, "EW0181": 39.69067876725279, "EW0217": 31.750870025722502, "EW2246": 30.404760179684104, "EW6126": 24.790285165484637, "EW8904": 51.09432785888078, "FC3098": 48.08372452484543, "FC3181": 33.21615819879709, "FJ1611": 69.51214013898081, "GH9694": 31.27201005961252, "UNKNOWN": 3.392530849549122}