{"011M20A": 10.51476355753809, "012H21B": 24.333610877812852, "025C21A": 29.410249006946994, "033B21A": 36.09597586377203, "034F21A": 27.3888870781115, "036B21A": 19.727881730594227, "043A21A": 5.666922076362424, "044A21A": 9.666396875414048, "045A21A": 13.39369767840691, "047C21A": 26.82446409474709, "3004675": 20.657224179161364, "EJ1688": 29.08175006921373, "EN6204": 7.728850390362157, "EP9605": 8.245875970630962, "ER1749": 6.930282166133037, "ER8733": 7.608609937090653, "ET8885": 9.138736903455284, "EW0162": 8.968153887684656, "EW0164": 8.74248713438864, "EW0185": 11.4396388108016, "EW0217": 11.814277218873489, "EW2239": 9.089645270956645, "EW2245": 22.686252404900934, "EX3599": 17.54957792682672, "FD6840": 2.0745147607757843, "FE1510": 47.19329878810858, "FE7053": 19.49626908972752, "FE8087": 47.123745022154914, "FF3319": 9.769491189921023, "FH3220": 12.747598873273656, "FH4751": 33.36092159491534, "FH8020": 13.15636949163167, "FK6304": 22.96653431650596, "FK9413": 16.218026273228055, "FL3197": 23.814116463302295, "FL3198": 25.41877859708829, "GH9693": 12.99192565567777, "GH9694": 11.636096766367448, "GJ3277": 22.581267680398863, "UNKNOWN": 0.7538957443442493}