{"1805031": 87.98015727391873, "EL3302": 106.10662031916574, "EW0181": 127.01017205520893, "FA7484": 151.23250056268287, "FD0785": 202.33299217338956, "UNKNOWN": 3.1663621262458475}