{"ER2659": 217.2111700750712, "FK5618": 287.4213454296474, "UNKNOWN": 7.915905315614618}