{"017F21A": 57.46203289001333, "030L20A": 12.43515344433562, "030M20A": 17.99943677988285, "039K20A": 6.520127639642453, "040A21A": 20.571022344246018, "044B21A": 38.03034453096704, "050E21A": 77.0273322947214, "058H21A": 54.99860920217292, "1805022": 16.25824617860016, "206A21A": 18.577418319106297, "EL3246": 15.274895027825597, "EY2172": 45.302234983284805, "FA4632": 45.92941289017657, "FD7958": 57.95656563041959, "FE6208": 3.954033046178575, "FE8235": 38.049316030257735, "FF2587": 24.44011936822185, "FF2588": 29.902138304312214, "GH9693": 25.39330923609746, "GH9694": 22.74328004335456, "GJ5342": 36.224092202863545, "GJ6665": 39.82740310536921}