{"004M20A": 8.417164491791846, "007M20A": 7.332353044071473, "017B21A": 12.283532893605656, "021C21A": 23.28850098400643, "023M20A": 10.299247921889432, "029A21A": 13.21435092275607, "030L20A": 13.0273036083516, "032F21A": 30.39441751962096, "037B21A": 16.488828570587135, "039A21A": 21.33471738122901, "1805031": 20.947656493790177, "202A21A": 7.188604050902106, "204A21A": 11.218913436506847, "EJ1688": 29.08175006921373, "EL9261": 9.61506571049563, "EL9267": 15.164912660896732, "EM4965": 20.32292423581844, "EN6202": 6.90748974008208, "ER9480": 24.480623546310277, "EW0150": 6.906261972933447, "EW0167": 11.316685599867862, "EW0179": 8.682982313573051, "EW0182": 12.564717768339912, "EW0187": 11.223761985637296, "EW2239": 9.089645270956645, "FC3184": 10.516183201802066, "FD0809": 17.036110913903794, "FD7958": 14.152184630683852, "FD9234": 15.1208122878571, "FE3380": 11.94648956761834, "FF0900": 17.916266271337385, "FF2587": 12.504247118625132, "FJ6369": 17.52199106067165, "FK9894": 14.276553327694014, "NOT KNOWN": 4.841756051847984, "UNKNOWN": 2.029719311696056}