{"011L20A": 46.32026089600088, "024M20A": 63.750208998328006, "026L20A": 28.6792886419372, "EK9231": 32.88832881342609, "EN6205": 45.685380547377605, "EP7533": 56.18296482412061, "ER1749": 49.667022190620095}