{"044A21A": 138.55168854760134, "EW0179": 124.4560798278804, "EW0217": 169.33797347052, "EX0893": 169.51787337170555}