{"002C21A": 28.666021090710533, "003A21A": 23.32979802189254, "007C21A": 26.39311639746088, "010A21A": 14.831933813000514, "011M20A": 16.147672606219214, "019B21A": 23.56850266629245, "022M20A": 32.7487120946025, "036C21A": 52.9852320010087, "046A21A": 18.439676193405244, "1802068": 23.131556112610877, "32030BD": 52.845211896378274, "EL3247": 11.332008704702432, "EL3249": 27.330588038825148, "EL9266": 21.10549005806792, "EM9809": 22.3335771471128, "EN6203": 11.429641596117406, "EN6208": 21.50086900753568, "EP7533": 12.039206748025844, "EP7534": 11.872845956699658, "ER2613": 10.060543217286916, "EW0162": 28.565230901514088, "FA6780": 21.627730410591933, "FH8030": 28.62494036259542, "UNKNOWN": 1.172726713424388}