{"012A21A": 9.224101648351647, "018B21A": 9.494847867888248, "025J20A": 8.53220436338498, "025L20A": 4.2414120107770845, "027A21A": 8.033708618147703, "027B21A": 12.812713583938487, "029L20A": 4.707814045221613, "030A21A": 7.97478949669277, "030L20A": 4.88523885313185, "034F21A": 21.030752577835617, "036A21A": 8.212411680660756, "036B21A": 15.148194900277709, "047A21A": 10.086891745764747, "066H21A": 22.132855299199328, "1808609": 8.263467938871164, "202A21A": 5.519820967656974, "205A21A": 6.220872958176936, "207A21A": 7.999323177823112, "211D21A": 24.856980183377697, "301458A": 32.038029806372926, "AS7146B": 35.953838751069284, "EK5730": 3.884490014662484, "EL3248": 6.922955351984815, "EL9262": 6.854666840995636, "EN6203": 5.714820798058703, "EN6205": 4.894862201504743, "EN6208": 5.183245207173779, "EP6955": 5.219521422344004, "ER1741": 4.504670308987857, "ER8731": 14.87646426473685, "ER8736": 7.435335430698334, "EW0151": 6.759301266761217, "EW0158": 15.122239495325, "EW0183": 8.663173513625104, "EW0185": 17.887435231435234, "FC2336": 10.532324125646044, "FC3143": 9.939499419857452, "FD0809": 13.081299451747554, "FE2625": 14.531121336885445, "FE3592": 10.12442415764212, "FE3594": 15.129074814494636, "FE6208": 1.5533701252844403, "FH8469": 11.51241774060872, "FK5127": 7.968414080601665, "FL3209": 24.81584775290852, "FL8095": 21.81089726951827, "FM0698": 14.422703468406594, "FP7138": 51.02099769389489, "GH9702": 10.543453008840668, "GH9703": 15.874400037792896, "GJ2524": 10.747865463389656, "GL0446": 26.237707604895103, "UNKNOWN": 0.5757022047719723}