{"EP2163": 235.07934173669463, "FD6840": 44.60206735667936, "FF8288": 283.9160466689212}