{"202A21A": 309.10997418879055, "ET6956": 525.7062783779553}