{"1805022": 35.76814159292035, "3002332": 60.437574230700015, "EJ6797": 34.53118179946469, "EN6201": 25.12928603569821, "FC3183": 50.40402341990693, "FD9234": 65.01949283778552, "FE2083": 101.41095353047676, "FE6975": 72.63671351351351, "FF8222": 80.30327437858509, "FK0596": 45.25624915734125, "UNKNOWN": 1.5831810631229235}