{"011A21A": 32.1611292656515, "027C21A": 82.46688749846643, "031A21A": 38.99522642539402, "035C21A": 61.34601690737461, "201A21A": 55.47279282855347, "203A21A": 28.659872720283605, "EN6206": 25.9698656652859, "EW0171": 31.263133378671714, "FA8016": 43.86514623091292, "FD5996": 86.93546634938699, "FE7051": 34.062238684798054, "FK0596": 34.81249935180096, "GJ3277": 74.69188540439625}