{"013L20A": 26.180363102076544, "029K20A": 113.84800135501357, "046A21A": 57.367881490594094, "201A21A": 36.98186188570232, "EN6203": 35.5588849656986, "EP9598": 52.83306578533207, "ET1831": 51.71002973027096, "FC3143": 61.84577416800192, "FG3527": 81.3237230694747, "UNKNOWN": 1.759090070136582}