{"EN3924": 864.2451131687244, "FA7485": 578.3134148441536}