{"011F21A": 74.13939434041333, "030M20A": 23.29338877396604, "037B21A": 41.707036972661584, "046B21A": 46.78934102049911, "EP7534": 19.555275693387674, "EP9598": 27.970446592234623, "EP9605": 20.85721569041949, "ER1749": 17.52953724374827, "ER8730": 45.64719168390116, "ET8885": 23.1156286381516, "EW0173": 23.91871761427217, "EX6537": 29.012227896888152, "FD4555": 6.90411267955458, "FK9706": 40.94545476707052, "FL3197": 60.23570634835287, "GJ2524": 35.40473329116593, "GL0446": 86.43009563965447}