{"004M20A": 17.23514634033568, "024M20A": 18.21434542809372, "025L20A": 11.310432028738893, "039K20A": 6.830609908196855, "1805018": 16.401087429529774, "201A21A": 15.849369379586706, "205A21A": 16.588994555138495, "EK9231": 9.396665375264597, "EL0140": 24.405739581743248, "EL3249": 17.569663739244735, "EL8982": 19.54557473674401, "EL9262": 18.279111575988367, "ER8733": 15.579534633090384, "EW0171": 19.353368282034868, "EW0185": 23.42402232687947, "EX0893": 24.21683905310079, "EX3510": 36.63521868559652, "FD0809": 34.88346520466015, "FE8405": 45.12834045067548, "FF3318": 8.802875559063406, "GH9693": 26.60251443781638, "UNKNOWN": 0.7538957443442493}