{"020B21A": 132.8198892843021, "EJ6790": 99.15242173656232, "EN6208": 58.05234632034632, "FA4598": 74.59041796353935, "FC2473": 56.63035729369034, "UNKNOWN": 3.1663621262458475}