{"EL3249": 368.9629385241395, "EW0161": 461.60629812981296}