{"001A21A": 1.573316960822161, "001B21A": 0.7626771996191639, "002A21A": 2.09510185182874, "002M21A": 1.6166163580816943, "003C21A": 2.5954160800193398, "004C21A": 2.978779655128405, "004M20A": 2.4995723283636004, "004M21A": 2.716849547511312, "005C21A": 1.1030669557497952, "006B21A": 0.7248529013026891, "006M20A": 1.8030384808937496, "007B21A": 1.423677952906816, "007M20A": 1.7395375497659218, "008C21A": 3.9249599390793697, "009C21A": 1.212118861967864, "010A21A": 1.1424873363521717, "010M20A": 1.3991716348552423, "011A21A": 2.887394202026724, "011F21A": 1.7312770656415202, "011J20A": 0.4796399640222133, "011L20A": 1.1484362205620056, "012A21A": 0.7095462806424345, "012L20A": 1.011735066108455, "012M20A": 0.8592712533593541, "013A21A": 1.386005158597139, "013F21A": 1.6602514709310825, "013L20A": 1.2999904436893182, "013M20A": 2.118086911085249, "014C21A": 3.473834712810693, "014F21A": 1.65074628624861, "014M20A": 1.2010303486596237, "015M20A": 1.225799512863255, "016M20A": 0.5706005530550647, "017B21A": 1.4530726669189635, "019B21A": 0.9064808717804788, "020B21A": 1.8269585871293277, "020F21A": 2.051482613344008, "021B21A": 2.638667787449329, "022C21A": 4.914879834827721, "022M20A": 1.8268909639550983, "023C21A": 3.501478900858174, "024M20A": 1.052273050866487, "025J20-2A": 0.926339546790944, "025L20A": 0.981483771088912, "026A21A": 1.3103408031700878, "026B21A": 0.8952075524397992, "026L20A": 1.9093007695048343, "027A21A": 2.482138938572531, "027B21A": 1.9738981037154204, "027H21B": 1.599242721255191, "027L20A": 0.542911343662227, "028L20A": 1.0396527287372213, "029A21A": 0.780517980327625, "029K20A": 5.653142136248949, "029L20A": 1.089411514596737, "030A21A": 0.6134453458994438, "030H21B": 1.3963817866948538, "030L20A": 1.1304684949396018, "030M20A": 4.949845114467784, "031A21A": 1.3946023205780531, "031B21A": 0.8952075524397992, "031H21A": 1.6863471170903603, "031L20A": 0.8540043147544891, "032B21A": 1.0124437048252315, "032F21A": 3.5954881797625897, "032L20A": 0.5389022295370944, "032M20A": 0.9476876584085456, "033F21A": 1.7503244007698138, "033H21A": 2.461835006677757, "034C21A": 2.465780348855629, "036A21A": 0.6317239754354428, "036B21A": 2.33369715107442, "037A21B": 2.031689779908398, "037B21A": 0.9739280611747896, "037K20A": 1.8316938231379605, "038B21A": 1.036582212710919, "038C21A": 2.0121250209485506, "039A21A": 3.790879534681188, "039B21A": 2.211285152985001, "039K20A": 0.7914085962600494, "040B21A": 1.7161700775234994, "041B21A": 2.6961907157295397, "041C21A": 1.6554852461987637, "041L20A": 0.3623970888593418, "042A21A": 0.6224378660000608, "042B21A": 1.5466931728238262, "042L20A": 1.814130087897228, "043A21A": 1.344428409840465, "043B21A": 1.8122462720931607, "044A21A": 0.5709547604983571, "045A21A": 2.379871901535112, "045B21A": 2.990350925581569, "045J21A": 2.13105802826615, "046A21A": 0.7092183151309709, "046C21A": 1.931281913402365, "047A21A": 3.1165017255880048, "047B21A": 3.562088419999237, "048A21A": 0.9244888051239484, "048B21A": 2.478394076062706, "052E21A": 1.5741392940506476, "053E21A": 2.1096265543501724, "059H21A": 2.3431110999604146, "062E21A": 3.8294109773566745, "065F21A": 1.8763099963831376, "066H21A": 1.7025273307076405, "088D21A": 1.99818474472304, "1802068": 2.6763783931946468, "1805018": 0.9475181183497255, "1805020": 2.6793377793961404, "1805022": 1.478022379872742, "1805025": 0.6752963685896766, "1805029": 1.550977747247413, "1805031": 1.2101809803840269, "1808609": 2.553126645940884, "1808978": 0.6295629377449421, "1808980": 3.531404666261656, "1808982": 2.8620797478060838, "1822809": 1.3341695515467191, "202A21A": 1.705434340351948, "203A21A": 1.0249748153058784, "204A21A": 1.993443296569399, "205A21A": 0.958373825743902, "206A21A": 1.1243554415965298, "207A21A": 0.6153325521402393, "3001659": 2.451417955825187, "3002188": 1.7589994767137624, "3002332": 0.8301864592129122, "3002621": 1.0864275496161089, "3003608": 1.385474931730934, "3003651": 1.65074628624861, "3004675": 1.220138241351564, "3004732": 3.788808586923433, "3004737": 2.8830211079700567, "301308A": 1.2492297283230978, "30135BA": 1.6943986288940418, "30145BA": 1.144702612615559, "30155BA": 2.1825314363016, "AS7147B": 2.593224574414917, "EH9899": 0.6703159684881831, "EJ1685": 0.8352307912279854, "EJ1688": 1.7177407321101514, "EJ6136": 0.6155795639607389, "EJ6790": 3.423771468803948, "EK1768": 1.7849003594621111, "EK4243": 4.597366642866327, "EK4244": 2.657401670783198, "EK5730": 0.2988069242048065, "EK9231": 0.81541311107668, "EK9788": 0.2860185867991079, "EL0140": 1.409960195919142, "EL0142": 2.4108872318169774, "EL0739": 1.6143503577951464, "EL1283": 0.4313428635228429, "EL1284": 0.8781428624921476, "EL1484": 0.6125468460063916, "EL3246": 2.3207713440066517, "EL3247": 0.4358464886424013, "EL3248": 0.5325350270757551, "EL3249": 1.01502871671015, "EL3302": 0.7287542604338306, "EL8982": 1.696103592857951, "EL9261": 2.281091451317584, "EL9262": 3.185571311997972, "EL9264": 0.740118574461482, "EL9266": 0.811749617617997, "EL9267": 4.503392571951378, "EL9269": 0.6971871288197818, "EM0477": 0.7909600534162575, "EM4965": 2.354656049391377, "EM9809": 0.8589837364274155, "EM9810": 2.6676202381652034, "EN1185": 1.111579021893328, "EN3924": 1.1871498807262697, "EN5318": 1.4728103379612465, "EN6198": 1.2336140155163795, "EN6199": 1.5784187817067847, "EN6200": 1.158461069521156, "EN6201": 0.3451825004903601, "EN6202": 1.638742393509128, "EN6203": 0.8804125576101439, "EN6204": 0.4565117675625998, "EN6205": 1.132695385472172, "EN6206": 1.395075428300482, "EN6207": 0.7294223268852402, "EN6208": 1.6014440364233469, "EN9581": 2.8509866346349195, "EP2163": 0.6458223674085017, "EP2166": 0.7097650925559512, "EP6955": 0.8041078394807819, "EP7533": 1.3929660700195192, "EP7534": 2.7588355750007505, "EP9605": 0.4870503663971585, "ER1741": 2.4457489766249867, "ER1749": 0.8198132961312807, "ER2613": 2.337719585759615, "ER2659": 1.195109601513459, "ER7449": 0.8964269167785781, "ER7934": 3.766922343706196, "ER8727": 0.4556061398056057, "ER8729": 1.8626662270274024, "ER8730": 1.50899807219508, "ER8731": 1.6905073028110054, "ER8732": 1.5523476871602808, "ER8733": 0.4494096528776072, "ER8734": 2.4131510416666666, "ER8735": 0.5519708108918981, "ER8736": 3.455425594349433, "ER8737": 1.4907734680437514, "ER9470": 0.7419076018078753, "ER9480": 0.7061718330666426, "ET1831": 1.9231002792249527, "ET3620": 0.6964486925035098, "ET3674": 0.7287542604338306, "ET6956": 0.7221240087609275, "ET8885": 0.5397880313854082, "EW0150": 1.2271457224633806, "EW0151": 1.0413228911654144, "EW0153": 0.5191241654268237, "EW0158": 0.5712384424745021, "EW0161": 1.2698935299307097, "EW0162": 0.5297123862231321, "EW0164": 1.0341869237378585, "EW0167": 1.3387000847161432, "EW0169": 1.6226820575562528, "EW0171": 0.558270238904852, "EW0172": 1.000247911868002, "EW0173": 1.1186195307912707, "EW0175": 0.75159678190475, "EW0176": 0.6749002497575599, "EW0177": 1.4147204420527355, "EW0178": 1.551089003910382, "EW0179": 2.578509941185368, "EW0180": 1.5719760828295977, "EW0181": 0.872322610269292, "EW0182": 2.2325738183413897, "EW0183": 0.6663979625865465, "EW0185": 0.6756929517369078, "EW0186": 2.0928851315718937, "EW0187": 1.3277077452060624, "EW0191": 0.7029366000559416, "EW0196": 0.8327381778870949, "EW0217": 0.6978213192466484, "EW2239": 1.075253773455669, "EW3143": 1.716943427772156, "EW4109": 2.3644377956599048, "EW4815": 1.3449512039419034, "EX0893": 0.698562664993292, "EX3510": 1.056785154392207, "EX6537": 0.6774833437460145, "EX7823": 0.7865171486654863, "EX8680": 1.8072765943594973, "EY3014": 0.757906589795351, "FA1027": 1.3216152035834272, "FA4598": 0.5122968266726604, "FA4632": 4.175401171834234, "FA5831": 1.0261957299982651, "FA5833": 0.7731787362821557, "FA7484": 2.080226967849833, "FA7485": 0.7943865588518594, "FA8016": 0.7833061826948735, "FC1440": 2.8282894246859858, "FC1526": 1.0712771154101235, "FC2336": 1.622586385243957, "FC3095": 0.8066311639051628, "FC3098": 1.056785154392207,