{"EK9788": 23.135725687750067, "ER7812": 89.74126602564102, "EW2239": 43.42830518345952, "EY7015": 74.57138417138417, "FE2707": 75.69215169336849, "FG3739": 87.79714121459183, "FH9951": 86.29339394873375, "UNKNOWN": 6.785061699098244}