{"EN6201": 125.64643017849107, "ER7449": 326.2993977074024, "UNKNOWN": 7.915905315614618}