{"032F21A": 217.8266588906169, "038K20A": 127.173518055871, "211D21A": 231.9984817115252, "EH9899": 40.60997575757576, "EL9261": 68.90797092521868, "EN6202": 49.50367647058823, "EN6205": 45.685380547377605}