{"002B21A": 23.503757557098076, "014M20A": 15.591947562063329, "039A21A": 32.76403026403027, "1805018": 12.30081557214733, "202A21A": 11.039641935313949, "30135BA": 44.05436435124509, "EJ1685": 10.843085450406168, "EK9788": 7.436483256776807, "EL3302": 18.9476107712796, "EL8723": 26.981480291689422, "EP2166": 18.45389240645473, "EP9605": 26.264641980528253, "ER2659": 15.5150835767908, "ER8729": 12.057437630311307, "EW0161": 16.485939218921892, "EW0173": 14.522078551522393, "EW0196": 21.651192625064464, "EW0198": 27.827334018022796, "EX3510": 27.47641401419739, "FA8016": 20.36596075006671, "FE6975": 25.9416833976834, "FE8244": 19.250516278201427, "FF0688": 26.776484840756208, "FH8027": 28.67974084949467, "UNKNOWN": 1.8267473805264505}