{"007C21A": 38.89511890152129, "010A21A": 21.85758667179023, "016B21A": 34.50846029772851, "022M20A": 23.268821751428096, "028A21A": 70.14939431913116, "031L20A": 16.338450969118778, "045A21A": 30.312052640605117, "1805025": 86.75572170587374, "1805029": 19.75455867546705, "EN6200": 14.75513572758525, "EN6205": 14.426962278119245, "ER8730": 40.57528149680103, "ER8731": 21.53172459369807, "EW0172": 19.13632189284309, "EW0176": 25.85933588544756, "EW0180": 30.07438453202941}