{"002C21A": 44.59158836332749, "010A21A": 23.071897042445244, "012H21B": 58.13029265255293, "014M20A": 24.25414065209851, "026B21A": 36.20617212089854, "027B21A": 39.8617755944753, "034C21A": 99.72711633149432, "201A21A": 18.49093094285116, "207A21A": 24.886783219894124, "30145BA": 46.29686122134039, "EN6200": 15.574865490228875, "EN6201": 13.960714464276789, "EN6205": 15.228460182459203, "EN9581": 57.57409120498852, "ER8737": 20.04262107036599, "ET6956": 29.205904354330848, "EW0167": 27.034304488573223, "EW0172": 20.199450886889924, "EW0179": 20.7426799713134}