{"001C21A": 10.737102597693069, "002B21A": 7.742414254102894, "007M20A": 3.7093080105302745, "009C21A": 21.01006027410964, "012M20A": 3.674648242307355, "015M20A": 5.242095563832861, "025B21A": 7.279563483462655, "030L20A": 3.2185103032398072, "032B21A": 17.549024216970686, "032H21A": 16.84399739452851, "038B21A": 8.878021774747635, "039K20A": 5.184679809836168, "040A21A": 5.324264606746028, "041A21A": 5.247681063122924, "042A21A": 5.3870515307386215, "043A21A": 2.866795873924521, "044A21A": 4.890059595797695, "048A21A": 7.9179747074145235, "050C21A": 18.63919166158452, "050E21A": 19.9364860056926, "051F21A": 34.22030171624015, "1802068": 7.619806719448289, "1822811": 11.006422769553255, "202A21A": 7.359761290209299, "205A21A": 4.098457478328334, "30145BA": 19.84151195200302, "EH9899": 5.801425108225108, "EJ6796": 6.862879972207748, "EL1283": 3.694324760525055, "EL3248": 4.561005878954702, "EL8982": 4.828906699666168, "EL9263": 13.542115229653506, "EL9264": 6.338897908328928, "EN5318": 3.1405514559467758, "EN6200": 3.298206809695527, "EN6202": 3.4943771626297577, "EN6206": 3.971861807631961, "EP7533": 3.9658563405261607, "ER8729": 3.971861807631961, "ER8733": 3.849061497587036, "ER8735": 4.727467650932963, "EW0164": 4.422669962102488, "EW0169": 4.619871269748392, "EW0171": 9.676684141017434, "EW0172": 13.141811420386215, "EW0178": 13.42430602193866, "EW0179": 4.392567523336956, "EW0191": 6.0204452334203005, "EW4815": 5.7516442662691984, "EY3014": 6.4912470278943, "FC3181": 6.252453308008864, "FC3182": 6.725948847363256, "FC5089": 10.397843240399787, "FD0809": 8.618267874092506, "FD9234": 7.649352098563002, "FE8235": 9.848058266654943, "FF2587": 6.325677954128008, "FF2589": 6.526700420792801, "FF2590": 6.311502495230397, "FF8839": 6.831972007201636, "FG6273": 8.832331252053894, "FH8027": 9.44744404453942, "FH8030": 19.08329357506361, "FJ8762": 10.810584053145458, "FL3197": 12.047141269670576, "GH9703": 10.458428260192967, "GJ6739": 15.146155405862077, "UNKNOWN": 0.9772722611869898}