{"EK4244": 965.9655073296924, "EL9269": 507.5522297808012}