{"014F21A": 400.5810987963294, "039A21A": 305.79761579761583, "EW2246": 162.15872095831523, "FC5089": 294.605558477994}