{"030B21A": 30.19829725258918, "1805029": 17.060755219721546, "EJ6788": 20.753295330893263, "EJ6797": 15.695991727029403, "EL1484": 20.2697319951206, "EP7533": 15.322626770214711, "ER1741": 11.466433513787273, "ER9470": 51.43892705867936, "EW0164": 17.08758848994143, "EW0173": 18.482645429210315, "EW8904": 37.15951117009512, "EX0893": 23.116073641596213, "EX6537": 22.41853973850448, "EX7823": 26.026567464930636, "FC1526": 35.449533637207736, "FC2336": 56.1723953367789, "FF0688": 34.07916252459881, "UNKNOWN": 3.333012764469313}