{"ET3674": 530.5331015958287, "EW8904": 817.5092457420925}