{"011L20A": 21.37858195200041, "014M20A": 33.58265628752102, "025A21A": 45.42595122479069, "033F21A": 98.01816644310958, "051F21A": 110.5578978524682, "ER9480": 39.545622651731975, "EW4811": 35.655588129076115, "FC3095": 45.17134517868912, "FD7959": 93.00755395683454, "FE3594": 65.17139920089996, "UNKNOWN": 6.332724252491695}