{"006B21A": 527.6929121483577, "054C21A": 1554.2810910772075}