{"020B21A": 15.09316923685251, "021B21A": 14.51267283097131, "025L20A": 5.398160740989017, "031L20A": 7.055240191210382, "206A21A": 9.288709159553148, "EJ6788": 10.376647665446631, "EJ6789": 10.835986623800856, "EK9788": 9.684722380918632, "EN6208": 6.59685753640299, "EP2163": 10.685424624395212, "EP2166": 11.74338607683483, "EP9598": 10.80676345609065, "ER2659": 9.873235003412328, "ET1831": 10.577051535737242, "ET6956": 11.947869963135346, "ET7205": 15.57739607872234, "EX0893": 11.558036820798106, "EX6537": 22.939901127772025, "EX7823": 13.013283732465316, "EY7015": 15.253237671419493, "FA8016": 12.960156840951544, "FC3098": 17.484990736307427, "FD4555": 2.667498080736997, "FE1510": 22.52407442159728, "FE2625": 18.49415442876329, "FE7053": 19.053172064960982, "FE8244": 18.56299783969423, "FF0688": 34.87170118796158, "FF0900": 17.509078401534257, "FF2834": 25.75634319199853, "FG7387": 20.12383518984309, "FH8469": 14.652168033502006, "NOT KNOWN": 4.731716141578712, "UNKNOWN": 2.435663174035267}