{"003B21A": 10.69027252961344, "008B21A": 20.676624567058955, "012L20A": 4.619620490532945, "012M20A": 5.893303784832551, "013F21A": 22.804963600713737, "013L20A": 4.445722036201677, "022C21A": 22.44152679298696, "031L20A": 5.857180536099185, "034F21A": 22.2211725350716, "035C21A": 15.047136222563584, "037A21B": 13.93432518861703, "037K20A": 10.201125599629874, "041C21A": 22.739495457220755, "042A21A": 4.268984231906077, "050C21A": 29.8930432308431, "1805025": 9.275768987420465, "201A21A": 6.279938810779638, "203A21A": 14.329936360141804, "301308A": 17.159230985268213, "30155BA": 14.968871265955316, "EK9788": 3.928708135655672, "EN5318": 5.036733467084451, "EN6198": 5.6327281463200745, "EN6205": 5.171929873288031, "EN6208": 5.47663644531569, "EP7533": 6.360335640466484, "ER1741": 4.759651647232453, "ER8732": 5.30873619429813, "ER8734": 6.592910770440253, "ER9480": 9.6998697070286, "ET1831": 8.780948444762993, "EW0150": 5.603193676153551, "EW0175": 10.323819947672792, "EW0186": 9.556192487554684, "EW2239": 7.374617861342182, "EW4109": 5.375750082585255, "EX7389": 13.147088406460728, "EX8679": 9.5721075169492, "FE3590": 10.803480834499508, "FE7051": 8.35488873400707, "FF2593": 10.8759270414343, "FF3318": 3.487931825289273, "FF8839": 10.956936237964888, "FH8030": 15.1226100028806, "FK6304": 18.63322595490106, "FK9712": 8.540068897437463, "GH9694": 9.44060681044906, "GH9702": 11.140252235756176, "GJ2524": 23.14924869037772, "UNKNOWN": 0.6089157935088169}