{"029L20A": 26.36375865324103, "EK9788": 20.822153118975063, "EL0739": 58.68163550585357, "EM0477": 28.75139794168096, "EN6201": 25.12928603569821, "EP6955": 29.229319965126415, "ER8727": 33.168126977848104, "ER8729": 33.760825364871664, "FE2707": 68.12293652403164, "FG6273": 75.0748156424581, "UNKNOWN": 1.5831810631229235}