{"007M20A": 2.2682818769429733, "029A21A": 4.087892731500078, "029L20A": 3.820834587426237, "030L20A": 5.990657863694532, "033C21A": 10.488019991638952, "037C21A": 7.720125049385778, "039K20A": 2.0788812764077385, "041L20A": 1.8980221632345384, "045B21A": 7.820090370135974, "207A21A": 3.22274890617334, "3002545": 8.956496136424192, "30145BA": 5.995276992691561, "939902": 11.534038005646984, "EJ1688": 8.9965126113395, "EJ6134": 3.605039192526576, "EJ6136": 3.224042608369913, "EJ6789": 3.430096485231925, "EJ6795": 7.390531723810026, "EJ6797": 5.004519101371693, "EK9788": 3.017703350576096, "EL0725": 4.968538491575161, "EL1484": 13.11570893801921, "EM0477": 2.068445895084961, "EP9598": 3.420845986100637, "EP9605": 2.5508824945117365, "ER1749": 4.3188714948365305, "ER8729": 2.428836357185012, "ET1831": 10.1910277570607, "ET3045": 7.102665928361893, "ET6956": 3.782059556675937, "ET7205": 15.00887797365948, "EW0177": 3.699646623641506, "EW2239": 2.811904652166444, "EW2246": 7.050379172100663, "EW4815": 7.085358878737419, "EW6126": 5.748471922431219, "EX0893": 18.83531926352284, "EX3510": 5.534817211492999, "EX7823": 4.119312836176071, "EY2172": 7.170137911023495, "EY7015": 4.828363003902572, "FA4598": 2.6831085598395448, "FA5831": 5.3746078520772445, "FA6780": 4.3566651186803895, "FA8016": 16.771967676525527, "FC0681": 2.5352959359584504, "FC1526": 11.302749855341595, "FC2336": 17.347357383417012, "FC3095": 4.2246581821795575, "FC3098": 5.534817211492999, "FC5089": 19.353649827021503, "FC5435": 11.680081762908424, "FD1921": 1.144622052215452, "FD4555": 1.701013268875766, "FD6840": 1.9533752127012856, "FD7959": 8.69854821179028, "FE1573": 4.367708869780531, "FE2083": 7.295752052552285, "FE2296": 11.154964556667828, "FE2625": 23.93361161369367, "FE2707": 9.872889351308936, "FE4728": 8.144359823693756, "FE6208": 1.2607061886366473, "FE6975": 5.225662842698814, "FE9174": 6.265994980065714, "FF0680": 2.234028260969824, "FF2382": 12.005892147614556, "FF2834": 3.983894810273153, "FF3318": 1.3299308398585, "FF4213": 14.259961847940836, "FG3739": 17.303086224773573, "FG4493": 6.158911240434403, "FG6273": 5.401065873558137, "FG7387": 6.370134880238101, "FG7911": 5.914499914626655, "FH9951": 5.58734205423456, "FJ8757": 7.182931729482724, "J07BX03": 13.299183150096168, "UNKNOWN": 1.6205790409919691, "XD985": 6.544501485979598}