{"012L20A": 17.48856328558901, "031L20A": 22.173612029518345, "EN6206": 24.114875260622615, "ER2613": 20.12108643457383, "EY3014": 39.41114266935825, "FA4598": 26.639434986978337, "FC2473": 20.22512760488941, "FC5435": 123.9885602524125, "FE4728": 80.86185824953087, "FE8235": 59.79178233326216, "FG7911": 58.72253486665036, "FK6304": 70.54006968641116, "UNKNOWN": 2.4356631740352674}