{"005C21A": 803.0327437858508, "201A21A": 332.8367569713208}