{"FC1526": 779.8897400185701, "J07BX03": 917.6436373566356}