{"1802068": 647.6835711531045, "FC3095": 587.2274873229585}