{"004M20A": 13.92069512104036, "029L20A": 10.139907174323474, "038A21A": 21.24586533716325, "044A21A": 15.986733293954002, "207A21A": 17.229311459926702, "EJ6796": 22.436338370679174, "EJ6797": 13.28122376902488, "EM0477": 35.9392474271012, "EN6205": 21.92898266274125, "ER2659": 16.708551544236247, "ER9470": 20.77341285062051, "ET1831": 17.899625675863025, "EW2239": 15.032874871197526, "EW8904": 31.44266329777279, "EX3599": 29.02430195590573, "FD0785": 38.91019080257491, "FE2707": 26.201129432319863, "FF2593": 22.17015896907761, "FH0161": 26.63385820528677, "FJ4991": 44.4245704467354, "UNKNOWN": 2.753358370648563}