{"044A21A": 59.37929509182914, "048C21A": 171.4322435864742, "1805018": 49.20326228858932, "EW0187": 68.94596648320054, "EW2245": 139.35840763010577, "UNKNOWN": 9.499086378737545}