{"042L20A": 46.973011204481786, "EJ1686": 71.69299594277173, "EJ6796": 83.33497109109408, "EL1484": 63.704871984664734, "EW8904": 116.78703510601322, "FE2296": 109.95607920144002, "FF8288": 81.11887047683463, "FH0161": 98.92575904820802}