{"009C21A": 28.46524295201952, "010A21A": 13.396585379484335, "014M20A": 14.08304941089591, "015M20A": 14.373487836315912, "031L20A": 10.013889303653444, "031M20A": 14.626459194833828, "034F21A": 37.99103691479983, "039A21A": 29.59331765783379, "042A21A": 15.08374428606814, "044A21A": 13.40822792396142, "051F21A": 46.362989422002784, "1805029": 12.107632736576582, "1808980": 16.49507727982864, "30135BA": 39.79103876886653, "EJ1685": 9.79375460036686, "EK5730": 7.017143252293519, "EL3249": 11.90203027497224, "EL9264": 17.380849103482543, "EL9266": 19.0630232782549, "EN6199": 12.321849844291672, "EN6205": 8.842331718847278, "EN6207": 17.676334388185655, "ER8735": 12.96241130094522, "EW0173": 27.107879962841796, "FC3184": 14.58696379604803, "FF2593": 18.5943268772909, "FH8020": 18.2491576819407, "FJ1611": 35.87723362011913, "FP4554": 35.08699237916275}