{"024M20A": 382.50125398996806, "FE7010": 767.053196347032}