{"012L20A": 48.967977199649226, "044A21A": 83.13101312856081, "EJ6136": 89.62838451268358, "ET3674": 106.10662031916574, "FD7959": 241.81964028776977, "UNKNOWN": 3.1663621262458475}