{"032L20A": 56.04583187185783, "EJ6797": 49.33025971352098, "EL0725": 98.66097861842104, "EL1283": 44.85965780637567, "EW2246": 69.49659469642081, "FA4632": 144.34958336912638, "FA7485": 82.61620212059337, "FE7053": 119.76279583689762}