{"025J20A": 238.9017221747794, "030M20A": 197.99380457871132, "FL0007": 394.25158413517954}