{"043A21A": 34.811092754797755, "201A21A": 47.54810813876012, "EN6200": 40.0496541177314, "ER1741": 36.03736247190285, "EX8679": 72.47452834261537, "FD1921": 22.728923608278265, "GH9694": 71.47888013625719, "UNKNOWN": 2.2616872330327484}