{"030A21A": 446.5882118147951, "EN6201": 251.29286035698212}