{"001A21A": 0.9015775857995624, "001B21A": 0.875295325259198, "001C21A": 1.598902804491785, "001M21A": 0.4166081029392918, "002A21A": 0.8882527122329277, "002B21A": 0.5759716537710012, "002C21A": 0.4213378428030944, "002M21A": 0.2058591409276672, "003A21A": 0.9152144933281836, "003B21A": 0.8931967063628676, "003C21A": 0.6604366433930906, "004C21A": 0.1893976569248164, "004M20A": 0.8883473043581155, "004M21A": 0.3459623002603175, "005C21A": 1.1250896585440993, "006B21A": 0.4618352110522998, "006C21A": 0.4460905398964735, "006M20A": 0.6884500922320148, "007B21A": 0.1810731056268816, "007C21A": 0.2585749682046552, "007M20A": 0.4970433750316447, "008B21A": 0.7671411284943119, "008C21A": 0.3323444035189669, "009C21A": 0.4632139273032047, "010A21A": 0.4362333474411916, "010M20A": 0.7120915575919425, "011A21A": 0.8792737759273807, "011F21A": 0.661611393064056, "011J20A": 0.7348751398190707, "011L20A": 0.5356820079088941, "011M20A": 1.030280951562453, "012A21A": 0.7237123534958912, "012H21B": 1.2825103964667603, "012L20A": 0.7731785873628826, "012M20A": 0.5472058524809481, "013A21A": 0.4409354762384562, "013F21A": 0.8461064549092251, "013L20A": 0.6611666584880783, "013M20A": 0.5911492609035544, "014C21A": 0.6628550751216202, "014F21A": 1.051762030797294, "014M20A": 0.8414788591406177, "015M20A": 0.3899686004951804, "016B21A": 0.4589854712333509, "016C21A": 0.1804923441224184, "016M20A": 1.0925754934878673, "017B21A": 0.5548234395221043, "017C21A": 0.5316985693244041, "017F21A": 0.2211237928249594, "018B21A": 0.9315197627921196, "019B21A": 0.5775582659340001, "020B21A": 0.5812177896214865, "020F21A": 0.5225610015795794, "021B21A": 0.558863648313266, "021C21A": 0.3503868237621681, "022C21A": 0.4161654723681975, "022M20A": 0.6969641827805578, "023C21A": 0.6681299634970846, "023M20A": 0.6981623656982326, "024C21A": 0.2544478737376898, "024M20A": 0.804419040988366, "025A21A": 0.7238244723263794, "025B21A": 0.6499610253091657, "025C21A": 1.1068096510578689, "025J20-2A": 0.3537021273723825, "025J20A": 0.4181721025289329, "025L20A": 0.4578079198595907, "026A21A": 0.4168640661231637, "026B21A": 0.5703755454018675, "026C21A": 0.2323155094771311, "026L20A": 0.6646183463370278, "026L21B": 0.4609796827698066, "027A21A": 0.551429483157748, "027B21A": 1.2570286627550025, "027C21A": 0.1875230955886065, "027L20A": 0.553750554376324, "028A21A": 0.9952883061568794, "028L20A": 0.8388003591391022, "029A21A": 0.1988163364865329, "029K20A": 0.5378645733307728, "029L20A": 0.5544428738851952, "030A21A": 0.390852627179061, "030B21A": 1.0473397891071392, "030H21B": 0.3556913718382973, "030L20A": 0.4312769980694434, "030M20A": 0.3465671356182589, "031A21A": 1.1551609580879212, "031B21A": 0.5703755454018675, "031H21A": 0.8594054611423046, "031L20A": 0.7619263600605881, "031M20A": 0.6352647776390173, "032B21A": 1.0326571167954728, "032F21A": 0.9149177132262524, "032H21A": 1.0022679583723648, "032L20A": 0.6873174896688942, "032M20A": 0.6038128963079129, "033C21A": 1.5313390534010656, "033F21A": 0.445848902645355, "033H21A": 1.5685418211634932, "034C21A": 0.3139912705906765, "034F21A": 0.6182268474324382, "035C21A": 0.1394959278985254, "036A21A": 0.6443363280098107, "036B21A": 0.593838932037488, "036C21A": 1.0385624753435378, "037A21B": 0.6463497593179612, "037B21A": 0.3721887813833317, "037C21A": 0.751205727591616, "037F21A": 1.0056969087770629, "037K20A": 0.8375661018643475, "038A21A": 0.5802442213931139, "038B21A": 0.3961322051724666, "038C21A": 0.5125356946293018, "038K20A": 0.4005465135617984, "039A21A": 0.4815710485001824, "039B21A": 0.4219433874593427, "039K20A": 0.3520686032626008, "040A21A": 0.4753807684594668, "040B21A": 0.5459721890248485, "040C21A": 0.4663719242672876, "041A21A": 1.4085880748382584, "041B21A": 0.3429199878123469, "041C21A": 0.2108086862397586, "041J21A": 0.2889814807254023, "041L20A": 0.4622023137519287, "042A21A": 1.1533536235611954, "042B21A": 0.985465280776952, "042L20A": 1.038350773993808, "043A21A": 1.113074293986857, "043B21A": 0.3458013227852304, "043L20A": 0.4824696097340772, "044A21A": 0.5094704008929485, "044B21A": 0.2927458291397043, "045A21A": 0.7059189285940255, "045B21A": 1.9043317474577797, "045J21A": 0.2713678930519078, "046A21A": 0.6328447791818294, "046B21A": 0.556820999193899, "046C21A": 0.4919430486203365, "047A21A": 0.4943689285513967, "047B21A": 0.7544419723786235, "047C21A": 0.8074567420889919, "048A21A": 0.3532954593859498, "048B21A": 0.7884616196821228, "048C21A": 0.4198830318772986, "050C21A": 0.8316699691520653, "050E21A": 0.2964144324792497, "051F21A": 0.5028875689580428, "052E21A": 0.4009704010038039, "053E21A": 0.5373716345580566, "054C21A": 1.0880511663123609, "058H21A": 0.2116441144739905, "059H21A": 0.5968456545735417, "062E21A": 0.2434827514901436, "066H21A": 0.2167990024060105, "067F21A": 0.7712921920599086, "068H21A": 0.2979169114528755, "076C21A": 0.2543174412453416, "084J21A": 0.2703691149003074, "088D21A": 1.0183258622039713, "1802068": 1.1346944133726429, "1802070": 1.1816085916068406, "1802072": 1.081959053144442, "1805018": 1.2089253633560029, "1805020": 1.3626937145297804, "1805022": 1.5076139765192984, "1805025": 1.3794900212789465, "1805029": 1.1192286357087982, "1805031": 1.157024687978942, "1808609": 1.1357922272221237, "1808978": 0.642132145258589, "1808980": 1.88490351222897, "1808982": 1.0918916956948064, "1820095": 0.256670682909686, "1822809": 0.6799267998081985, "1822811": 0.8187869205426455, "201A21A": 0.8169205115004368, "202A21A": 1.2483809317545536, "203A21A": 0.91446297950414, "204A21A": 1.014538964815551, "205A21A": 1.100112270498658, "206A21A": 1.0749689716473922, "207A21A": 0.9420864310370016, "211D21A": 1.7061698882654626, "213C21A": 0.4797869666068487, "213D21A": 0.450117930560365, "3001531": 0.8588023577344802, "3001659": 0.3117881129959607, "3001943": 0.2825897487256744, "3002188": 0.2239901380177748, "3002332": 0.4230841738235913, "3002621": 0.4151807118742925, "3002916": 0.698018414233031, "3003608": 0.3529131386634429, "3004675": 0.3107979845010282, "3004737": 0.1833091084042532, "301308A": 0.4773959276741286, "30135BA": 1.2957165985660322, "301458A": 0.627757057087783, "30145BA": 0.1457658740570451, "30155BA": 0.5553728926115727, "32030BD": 1.2949990662511743, "33130BA": 0.8856262158233995, "939902": 0.2804322691595121, "AS7146B": 0.7044838943526522, "EE8492": 0.9774973802435808, "EE8493": 0.6209918468468301, "EH9899": 0.4696440161205537, "EJ1685": 0.6918287649338904, "EJ1686": 0.6151211348618132, "EJ1688": 1.0944470969509803, "EJ6134": 1.14185903959606, "EJ6136": 1.02118229506125, "EJ6788": 2.0855384626266598, "EJ6789": 2.009624495035775, "EJ6790": 1.5655645537351943, "EJ6795": 1.341259045089142, "EJ6796": 1.6368847355669127, "EJ6797": 0.9689563465300508, "EK1768": 1.3644821885688274, "EK4176": 0.6353900675225757, "EK4243": 1.363673453513493, "EK4244": 1.86185746988376, "EK5730": 0.3429292288298988, "EK9231": 0.4496563799206371, "EK9788": 1.4668653130662248, "EL0140": 0.4485563900022826, "EL0142": 0.535600275847976, "EL0725": 1.5737334012754278, "EL0739": 1.3371801254620446, "EL1283": 0.7707304461824711, "EL1284": 0.7273731983710156, "EL1484": 1.4082129596610098, "EL1491": 0.6244914823337375, "EL3246": 0.647717644425056, "EL3247": 0.3332943736677186, "EL3248": 0.8153217659540476, "EL3249": 0.516935815795642, "EL3302": 0.4643209361069742, "EL8713": 1.157536506405841, "EL8723": 1.4561583896688877, "EL8982": 0.7911385603973833, "EL9261": 0.7243304582188368, "EL9262": 0.8747059527160076, "EL9263": 0.4027571009519062, "EL9264": 0.849405657710918, "EL9265": 0.5534886377489915, "EL9266": 0.9316138543760932, "EL9267": 0.9136129518999082, "EL9269": 0.6221091942681858, "EM0477": 1.872560682700573, "EM4965": 1.3477307651121702, "EM6950": 1.6816558768773042, "EM9809": 1.5348461152994772, "EM9810": 0.6781135479369531, "EN1185": 0.7082351898637693, "EN3924": 0.9078204970259708, "EN5318": 1.0310448073420768, "EN6198": 1.2583122940146003, "EN6199": 0.6021713271251318, "EN6200": 0.8359776951429636,