{"032L20A": 20.648464373842355, "054C21A": 81.80426795143197, "205A21A": 18.33520450831097, "EJ6797": 18.174306210244573, "EL9261": 21.760411871121686, "ER8735": 21.14919738575273, "ER8736": 21.91467284837404, "ET3620": 26.684981481187112, "EW0150": 15.629961307165168, "EW4815": 25.73104013857273, "EY3014": 29.0397893353166, "FC3183": 26.528433378898377, "FD5613": 47.6843524286586, "FE2296": 40.5101344426358, "FE6208": 4.578354053469929, "FG4509": 41.59791504166203, "UNKNOWN": 3.957952657807309}