{"025J20A": 36.75411110381221, "025L20A": 18.27069789257821, "030L20A": 21.04410582887566, "EL0725": 53.12514233299595, "ER1741": 19.404733638716927, "FC2473": 21.78090665141936, "FD7958": 46.811072239954285, "FE3380": 39.5153116467376, "FF2587": 41.36020200776006, "FG7387": 68.11144218100739, "FJ6369": 57.957355046836994, "FL1939": 61.08470447066524, "UNKNOWN": 2.638635105204873}