{"004M20A": 6.032301219117488, "008C21A": 15.83067175428679, "011J20A": 2.905818782034576, "012L20A": 8.299657152482919, "013L20A": 3.9270544653114814, "014F21A": 20.02905493981647, "017B21A": 17.904810658476045, "018B21A": 8.861858010029032, "025J20-2A": 5.6120737543084696, "026A21A": 7.938481365872114, "026L20A": 5.833075655987227, "027A21A": 7.498128043604522, "027L20A": 6.587324303101688, "030A21A": 15.138583451348987, "030L20A": 4.55955626292306, "031L20A": 5.173842806887613, "033F21A": 21.23726939600708, "037K20A": 4.420487759839611, "039K20A": 2.3907134678688995, "043L20A": 11.486797291752154, "044A21A": 14.090002225179797, "044B21A": 13.944459661354582, "046C21A": 23.432887215948693, "066H21A": 20.65733161258604, "076C21A": 12.113987451319774, "EJ1685": 10.291742122419414, "EJ6134": 8.351674129353235, "EJ6136": 7.469032042723632, "EJ6797": 5.755196966577448, "EL3249": 19.084289923662386, "EM0477": 4.791899656946827, "EN1185": 13.487158798972382, "EN5318": 4.449114562591265, "EN6198": 4.975576529249399, "EN6199": 6.366289086217365, "EN6204": 5.5390094464262125, "EN6206": 5.626804227478611, "EP6955": 4.87155332752107, "EP7534": 5.540661446459841, "ER1741": 4.2043589550553335, "ER1749": 4.966702219062009, "ER2613": 4.694920168067228, "ER8730": 6.086292224520156, "FA1027": 8.006785441709596, "FA5833": 9.381235333556823, "FC3182": 9.528427533764612, "FC5435": 13.432094027344686, "FE8244": 4.331366162595321, "FH3220": 9.135779192512787, "FH8020": 9.428731469002695, "FH8028": 12.854748239975514, "FH8469": 10.744923224568138, "UNKNOWN": 0.2638635105204873}