{"EM9809": 625.3401601191584, "ER9480": 514.0930944725158}