{"003C21A": 14.081100672940744, "009C21A": 13.170485544964253, "013L20A": 3.516765192816252, "017B21A": 7.883461409329004, "020B21A": 9.911932036141948, "027H21B": 17.376846284683268, "030H21B": 15.172625980803788, "1822811": 13.963372170328755, "30135BA": 18.41077913186362, "EJ6134": 7.479111160614837, "EJ6136": 6.688685411394298, "EJ6788": 6.814514884770923, "EJ6795": 7.611144611087937, "EJ6796": 8.706638770711322, "EL1484": 13.513154663413731, "EP6955": 4.362585069421853, "ER1749": 9.030367671021835, "ER8733": 4.883137720819375, "ER9470": 8.061324389793032, "ET3674": 7.918404501430279, "ET6956": 7.846362363850079, "ET7205": 10.229931753190789, "EW0182": 8.063923343859944, "EW2239": 5.833652935091577, "EW2246": 7.260838251864861, "EW3143": 6.201497157027786, "EW8904": 12.201630533464067, "EX0893": 7.590352539031591, "EX6537": 14.945693159002984, "EX7389": 10.399935605110723, "EX7823": 8.546037078036925, "FA4598": 5.566449101756668, "FA5831": 22.638499740567784, "FC3143": 8.307641306149511, "FC8889": 11.113187387530433, "FC9001": 12.453424459525072, "FD0785": 15.099477027864893, "FE1248": 37.86957452803607, "FE2296": 11.48794857328478, "FE2707": 10.16760246627338, "FE7010": 23.24403625294036, "FE8244": 3.878835369488347, "FF0688": 11.190172769271252, "FF2834": 16.78064783721116, "FF3318": 2.759110249855694, "FF3319": 6.269971957710508, "FF4213": 9.71947648342236, "FF8222": 11.985563340087326, "FG4493": 12.77744272269227, "FG7387": 13.215652960493973, "FH9951": 11.591649933411995, "FK9895": 12.584834922002283, "GJ6665": 13.077654751016754, "UNKNOWN": 1.8167651544033552}