{"EJ6136": 12.111943853065348, "EJ6797": 9.33275183769316, "EL1484": 12.052273078179814, "EP9605": 9.583045046949495, "EW8904": 45.41718031900514, "EX3510": 42.74108846652928, "EX7823": 15.475256330499295, "EX8679": 13.711397254008316, "EY3014": 14.91232425327069, "FA4598": 10.0797862112891, "FA5831": 20.191094363209103, "FC1440": 57.11573365963088, "FC3095": 32.62374929571992, "FC5089": 23.886937173891408, "FD4555": 3.172159879795348, "FD5996": 30.544893582217053, "FD7958": 33.80799661774476, "FD9234": 17.572835902104195, "FE2625": 21.99304850988067, "FF0680": 8.563775000384325, "FF2832": 19.62729460978488, "FG3739": 21.356061376522337, "FK6304": 26.69083717864206, "UNKNOWN": 4.913320540726314}