{"3003608": 77.5865961769323, "EK4243": 85.58174827489624, "EN3924": 66.48039332067111, "ER7934": 52.519590368980616, "ET8885": 65.49428114142952, "EW3143": 31.96156227083552, "EW4109": 21.916519567462963, "FE3380": 39.5153116467376, "FF8288": 43.67939179521865, "FH3220": 91.35779192512788, "NOT KNOWN": 16.015039248420255, "UNKNOWN": 1.2178315870176335}