{"025L20A": 118.75953630175836, "FE2296": 384.8462772050401, "FM9992": 393.5118294682595}