{"EW0173": 135.539399814209, "FA4598": 124.31736327256556, "FF8288": 189.27736444594743, "UNKNOWN": 5.277270210409746}