{"042L20A": 25.293159879336347, "205A21A": 26.79760658906988, "EJ6136": 34.47245558180138, "EJ6790": 38.13554682175474, "EJ6797": 26.56244753804976, "EW0173": 31.278323034048224, "EX6537": 37.93906724977681, "EY2173": 60.075295926760354, "FA4598": 28.688622293668978, "FD9234": 50.014994490604245, "FE7010": 59.00409202669477, "FF2832": 55.86230004323389, "UNKNOWN": 2.638635105204873}