{"HPV2": 288.8037168023489, "RV1": 421.96440397351}