{"COVID19": 0.2894740041925265, "FLU(H1N1)": 7.991452049339171, "FLU3": 1.806162859382488, "FLU4": 2.1021024168163134, "FLUX": 4.697482153132134, "HPV4": 17.517553870732204, "MMR": 5.208212540089352, "PPV": 3.005408044912189, "RAB": 12.43304850388567, "RV1": 11.692703664148718, "TYP": 19.26961994}