{"COVID19": 0.1906891005787127, "DF": 9209.02545068929}