{"COVID19": 0.6197395768808164, "DTAPHEPBIP": 63.6335380511257, "FLU3": 0.7628885910332481, "FLU4": 1.962494618756328, "FLUR4": 34.356263012484064, "HEP": 5.813019408512218, "HEPA": 5.8778102733387065, "LYME": 15.965766399304872, "MMR": 12.3797477254632, "UNK": 3.710160337218941}