{"COVID19": 0.3980267557647239, "FLU(H1N1)": 26.88033871141357, "HPV2": 27.26543659, "HPV4": 11.28909027224964, "MMR": 18.749565144321668}