{"COVID19": 0.0128395727666039, "DTAP": 24.91107914839492, "DTAPHEPBIP": 167.86355766545654, "DTAPIPVHIB": 63.94164981373071, "DTP": 30.89342393521645, "FLU3": 3.3631998071260125, "FLUX(H1N1)": 29.49684097500933, "HIBV": 14.369827756879824, "HPV4": 1.820821011653168, "IPV": 34.62056341166392, "MENB": 8.909684160230617, "MMR": 3.0241234103744628, "PNC13": 22.66021785897562, "PPV": 7.728192115488486, "TDAP": 14.308629039880932, "UNK": 4.675314082, "VARZOS": 0.7633032743495671}