{"COVID19": 0.995066889, "COVID19-2": 12.56857546, "FLU4": 5.982906878631046, "HEP": 4.349964394962194}