{"ANTH": 14.628738973197688, "COVID19": 7.62756402314851}