{"COVID19": 1.459431437803988, "FLU(H1N1)": 2.127221049104671, "FLU3": 0.4711729198389099, "FLUC4": 3.366591177279128, "FLUX": 1.2254301269040349, "FLUX(H1N1)": 6.578432159894168, "HEP": 0.8195585091957757, "HEPA": 1.722733049665085, "HPV2": 4.346663804, "HPV4": 2.970813229539379, "HPV9": 1.5772279095518449, "HPVX": 6.603926638640187, "MENB": 1.9870518630730156, "PPV": 0.7840194899770928, "RUB": 21.20024451027413, "SMALL": 7.773546623566568, "TDAP": 0.7205784408573132, "VARZOS": 0.3429333551425592}