{"COVID19": 0.033168896, "FLUN3": 99.39122756, "HPV4": 4.703787613437351, "MEN": 109.89437941965376, "MMR": 7.812318810134028, "MMRV": 31.99115321158332, "PNC": 104.84300484351714, "PNC13": 28.840277275059883, "SMALL": 44.697893085507765, "VARCEL": 7.178884723886076}