{"FLUX": 42.27733938, "HPV9": 109.6173397138532, "PPV": 27.0486724}