{"ANTH": 5.271617647999167, "COVID19": 1.3424512680741376, "FLU3": 0.5635753555380751, "FLU4": 0.7184132086518701, "FLUX": 0.7358690760870311, "HEP": 3.0966551989270696, "HPV4": 1.495856896609168, "HPVX": 7.904698432944607, "MMR": 0.8179476175752471, "MNQ": 2.7222147108244625, "PNC": 4.957358867278981, "PNC13": 2.775158088966516, "PPV": 0.9459880088529656, "UNK": 2.740839168035614}