{"ANTH": 3.112497653871848, "COVID19": 1.2654822129314574, "FLU3": 0.3327492790676933, "FLUC4": 10.350267772384518, "HEP": 0.5874860040517668, "HEPA": 2.563725757520074, "HIBV": 14.7033068450947, "HPV2": 3.0723799659824347, "HPV4": 1.7885245502935705, "MNQ": 3.243489868216381, "PPV": 1.7120326464567257, "SMALL": 5.515269093842485, "TYP": 7.449738208203497, "VARZOS": 0.520602201465557, "YF": 12.503476464350753}