{"COVID19": 0.3980267557647239, "HPV2": 99.9732675, "VARZOS": 7.887467168278861}