{"COVID19": 0.1906891005787127, "DTAP": 119.4458268890853, "VARZOS": 12.1040011840742}