{"COVID19": 0.1906891005787127, "HEP": 27.61184219043304, "PNC13": 77.01063696882083}