{"COVID19": 0.9094403258369376, "DTAP": 5.5556198553062925, "FLU3": 1.489449153922056, "FLUX": 1.916682244691802, "HEP": 1.2842717297875832, "HEPA": 5.604423748997371, "HPV2": 13.752557942968997, "HPV4": 1.275536888581461, "HPVX": 20.588981964878972, "MMRV": 9.188707439993893, "MNQ": 7.090419711914879, "PNC13": 3.5818900915730616}