{"COVID19": 0.3184214046117791, "FLU4": 9.722223678, "FLUX": 24.158479644679545, "HPV4": 7.055681420156026, "TDAP": 12.520050409895816}