{"ANTH": 0.210788746011494, "COVID19": 5.314689770967994, "DTP": 0.3322113732514961, "DTPIPV": 12.36262295735296, "FLU(H1N1)": 0.1025156626805117, "FLU3": 0.1356981875590593, "FLU4": 0.1450816432906769, "FLUA4": 0.6499173864316103, "FLUC4": 0.69399776700199, "FLUN(H1N1)": 0.358789596464206, "FLUX": 0.089099823266754, "HEP": 0.1195317843741689, "HEPA": 0.1736240786793133, "HEPAB": 0.573176931824192, "HIBV": 0.3248569235707762, "HPV2": 0.8340901568298884, "HPV4": 0.357704910058714, "HPV9": 0.329641028690375, "HPVX": 0.9571094318808604, "MENB": 0.1001874983012473, "MMR": 0.3309614637587705, "MMRV": 0.4271507242375538, "MNQ": 0.3296087001214484, "PNC": 0.4000174302127132, "PNC13": 0.1665094853379909, "PPV": 0.170646807664159, "RAB": 2.1311938872789726, "TDAP": 0.2888323081960201, "UNK": 0.2742815972340003, "VARCEL": 0.983496318118376, "VARZOS": 0.1226165098241959, "YF": 2.543997375863573}