{"COVID19": 0.077037437, "COVID19-2": 2.094762577, "FLU4": 2.1604941506167665, "FLUN4": 22.84242018579368, "FLUX": 80.10443251, "HEP": 1.570820476, "HPV2": 8.331105625240934, "HPV4": 1.5679292044791169, "TD": 11.298128408722553, "TDAP": 5.7234516159523725, "UNK": 4.0259649037657805, "YF": 65.94155478324492}