{"COVID19": 0.1271260670524751, "FLU3": 10.42614407745439, "FLUX": 27.47244550724916, "UNK": 50.70552460865887}