{"COVID19": 5.011887925, "COVID19-2": 0.6855586615840745, "DTAP": 0.362115937495465, "FLU3": 0.0488886187502026, "FLU4": 0.1169590818379001, "FLUN4": 1.2365821453963497, "FLUX": 0.1271498928667344, "HEP": 0.6875323663770033, "HPV2": 0.4510072218175542, "HPV4": 0.4269701313256294, "HPV9": 2.6654672270845765, "LYME": 1.022075260593379, "MMR": 0.4241983064326168, "MNQ": 0.8935625023854658, "PPV": 0.081349391, "TDAP": 0.3016879616842365, "UNK": 0.217946972, "VARCEL": 0.1295437844911773, "VARZOS": 0.1789894213679015}