{"DTAPIPVHIB": 56.419102776821205, "DTP": 119.71201774896376, "FLU3": 1.912407733463811, "FLUA3": 57.75443836283696, "FLUX": 24.158479644679545, "FLUX(H1N1)": 53.78835707207584, "HEP": 3.3264433608534425, "HPV4": 21.709788985095464, "MENB": 16.247071115714654, "PNC13": 9.330677941931135}