{"COVID19": 2.6696474081019788, "HPV4": 2.8867413794212013, "HPV9": 18.53562595108987}