{"COVID19": 4.19516021273168, "FLUX": 3.583362457467281, "PLAGUE": 3893.2765575974895}