{"COVID19": 0.3813782011574255, "FLUX": 82.41733652174749}