{"ANTH": 37.81270398, "COVID19": 3.184214046117792}