{"COVID19": 1.3983867375772263, "DTAP": 18.37628105985928, "FLUN3": 40.490995282798565, "MMR": 7.046933320648282}