{"ANTH": 1.056226640664093, "BCG": 18.507245789982907, "COVID19": 1.1551890440855352, "DTAP": 2.6060907684891337, "DTAPIPV": 3.041683656064698, "DTAPIPVHIB": 6.974673450850836, "FLU(H1N1)": 1.0277472753205097, "FLU3": 0.2266553060316171, "FLU4": 0.5830599954276047, "FLUN3": 1.900299417604265, "FLUN4": 2.891541760563592, "FLUX": 1.2031727959379197, "FLUX(H1N1)": 3.178588987667601, "HEP": 1.011422790858353, "HEPAB": 1.914038490748656, "HPV2": 1.0426126960373607, "HPV4": 3.3495014478780347, "HPV9": 0.8252926115407042, "HPVX": 3.196123554114787, "MENB": 2.016091904221478, "MMR": 1.33737420683836, "MMRV": 1.4264058480856945, "MNQ": 1.1006788722467142, "PNC": 2.004419469802332, "PNC13": 1.6802320793197272, "RAB": 1.6364207437729408, "RV1": 1.5233371984603248, "RV5": 1.0335807060948174, "TD": 0.6942442979747754, "TDAP": 0.3610403852450252, "UNK": 0.5491573062309625, "VARCEL": 0.3046797032438019, "VARZOS": 0.4433700067426448}