{"COVID19": 0.5085042682099006, "FLU3": 5.213072038727195, "MMR": 15.26835552807128, "PNC13": 25.67021232294028}