{"COVID19": 0.03790731, "DTAP": 10.945777201567465, "DTAPIPV": 35.71391307105593, "FLU3": 6.844406625028376, "HEP": 2.570433506114024, "HIBV": 20.24839365742157, "MNQ": 28.25359531352139, "PNC13": 33.39400526585881, "PPV": 15.027040224560944, "TD": 8.987147597847486, "TTOX": 45.56265547578117}