{"COVID19": 12.013413336458903, "HPV9": 3.57196958432461, "MENB": 4.347198168477562}