{"COVID19": 0.9534455028935636, "HPV4": 2.742404310450141, "PNC": 27.761209656762293, "PPV": 2.6251167245669795, "TDAP": 5.000409335643599, "VARZOS": 2.5482107755945687}