{"ANTH": 1.906034563632241, "CEE": 7.740224101269471, "COVID19": 0.6920105494412201, "COVID19-2": 1.360032419436068, "DF": 2.1894909427561475, "DT": 2.5225860423993667, "DTAP": 0.9599792332561468, "DTAPHEPBIP": 0.7693105300891685, "DTAPIPV": 0.8408412494943606, "DTAPIPVHIB": 0.5862620704192912, "DTP": 2.639897481753565, "DTPHIB": 1.6905945155530142, "DTPPHIB": 12.99783856065431, "FLU(H1N1)": 2.2751902571987475, "FLU3": 2.2509201408894755, "FLU4": 0.8404515683164946, "FLUA3": 0.4500345846454828, "FLUC3": 0.3710183461232573, "FLUC4": 0.7874434618417908, "FLUN(H1N1)": 2.534605999509063, "FLUN3": 4.885331523986828, "FLUN4": 5.308598112652942, "FLUR4": 0.4063633663961348, "FLUX": 2.8429592068048306, "FLUX(H1N1)": 2.52055700827798, "HBHEPB": 1.7199310011714013, "HEP": 2.497882600264529, "HEPA": 0.8072506383505714, "HEPAB": 1.9799105728389437, "HIBV": 0.9544697346932728, "HPV2": 1.658033306251881, "HPV4": 0.8842858054112097, "HPV9": 0.1675337608342552, "HPVX": 1.8260589802636296, "IPV": 0.6560131208811624, "JEV": 4.142451748416619, "LYME": 1.0395840445007605, "MEA": 5.978996629383325, "MEN": 1.0077430483232803, "MENB": 0.084387476, "MER": 5.838667164, "MMR": 2.3781941382556453, "MMRV": 0.3520885098187097, "MNQ": 0.5446684531064406, "OPV": 2.0349832672242227, "PER": 5.381828031923018, "PLAGUE": 14.203837753657533, "PNC": 2.387545808811884, "PNC10": 16.02062723562363, "PNC13": 0.9749325446393938, "PNC20": 0.262133014625666, "PPV": 1.0184812076892404, "RAB": 1.692297221252372, "RSV": 0.7880549688417389, "RUB": 1.8012432682934625, "RV": 3.0015620252819155, "RV1": 0.066080653, "RV5": 0.1332573714986581, "SMALL": 0.2458554852678807, "SMALLMNK": 0.2792605777044119, "TD": 1.0930314646030723, "TDAP": 0.5537123031403555, "TDAPIPV": 4.226187988504078, "TTOX": 0.6127007460068372, "TYP": 1.0905107646760894, "UNK": 1.0029314384285044, "VARCEL": 1.3224554275045215, "VARZOS": 0.2926703958545032, "YF": 0.5289429528067775}