{"ANTH": 6.436204932825634, "COVID19": 0.8756588626823927, "COVID19-2": 1.604498995, "FLU(H1N1)": 6.291143102671262, "FLU3": 0.6917219461464849, "FLUX": 3.676290380712104, "HPV2": 6.381272393801566, "HPV4": 6.563424576889327, "PNC": 12.268862268922218, "PPV": 1.151007336349349, "TDAP": 2.131072410195032}