{"COVID19": 2.336802243521928, "COVID19-2": 2.185839210847774, "DTAP": 1.1358825397853032, "FLU3": 0.1533534503249282, "FLU4": 1.1111112774600511, "HPV2": 2.842841729940034, "HPV4": 0.8063635908749744, "HPV9": 1.034125846357106, "MMR": 0.4422067251019261, "MNQ": 1.399352598075352, "PPV": 0.2551761547566953, "RAB": 4.360405636433837, "TDAP": 0.4724547324488987, "UNK": 2.773870555704653, "VARZOS": 0.4528689283222312}