{"ANTH": 0.690034857226306, "COVID19": 1.439809838077471, "FLU(H1N1)": 2.023834089552946, "FLU3": 0.1478885684745303, "FLU4": 0.1897695268137015, "FLUN4": 1.889049687915365, "FLUX": 0.7830625797790735, "HEP": 2.442325107753291, "HEPA": 7.604060377887208, "HEPAB": 8.878757496558956, "HPV2": 2.7439783069106785, "HPV4": 2.006637300329372, "HPV9": 0.5391652202754129, "HPVX": 2.0880335483249906, "LYME": 1.543859486725235, "MENB": 0.6561808556192547, "MMR": 0.2160616348311973, "PPV": 0.8792256972233902, "RAB": 1.0690767594931712, "VARZOS": 0.346653971858927, "YF": 2.7719971406815347}