{"ANTH": 0.4360279872786196, "COVID19": 0.3529660715583049, "COVID19-2": 0.544867427688874, "DT": 2.979821052609901, "DTAP": 0.3560233290285702, "DTAPIPV": 1.2556577835021183, "DTP": 1.3748896922792913, "FLU(H1N1)": 0.8498089410859138, "FLU3": 0.3768485811128093, "FLU4": 0.4818100561018529, "FLUC4": 0.7172689290847691, "FLUN3": 0.7844753184446815, "FLUR4": 2.099264953072797, "FLUX": 1.6258351665898592, "HEP": 1.0893898284541106, "HEPA": 1.080673637699045, "HEPAB": 0.7901470371644973, "HPV2": 44.08838901442376, "HPV4": 14.045210860996985, "HPV9": 5.933286882053703, "HPVX": 7.975911932340503, "LYME": 1.954019171258208, "MENB": 0.4146358908831057, "MMR": 0.4108077720557295, "MNQ": 0.9101135749622083, "PNC13": 0.4597649968287811, "PPV": 0.2354364775396394, "RAB": 7.543379737180259, "RV1": 0.628859022315216, "SMALL": 0.7726308417603481, "TDAP": 0.7496865570680059, "TTOX": 4.339778375507273, "UNK": 1.370419584017807, "VARCEL": 0.1257768670618974, "VARZOS": 0.1449580980128647, "YF": 3.50843817208648}