{"COVID19": 1.5352460579496496, "FLUX": 2.562262992617527, "HPV4": 1.7104682230681274, "MENB": 8.369703302034821, "TDAP": 9.692942252822569, "TTOX": 30.375103650520785}