{"BCG": 6.088488223070387, "COVID19": 2.091712749424957, "COVID19-2": 0.4342114536570479, "DTAP": 1.1389351789185724, "DTAPHEPBIP": 3.0985452020144346, "DTAPIPV": 1.0006488987291229, "DTAPIPVHIB": 1.1431175014458617, "DTIPV": 36.71023913576386, "DTP": 2.1939381296537563, "FLU3": 0.149122442109002, "FLU4": 0.1913490591415206, "FLUC4": 0.5716002985936818, "FLUN4": 1.9047730503593692, "FLUR4": 1.6729296716292716, "FLUX": 0.5908052797257883, "HEP": 0.4623992711316537, "HEPA": 0.2862116641411958, "HEPAB": 0.6296777457688572, "HIBV": 2.6903425412663333, "HPV4": 0.6584404106723027, "HPV9": 0.816450190702768, "IPV": 1.3222133683965147, "MEN": 6.264905320580086, "MENB": 1.6600279402300953, "MMR": 0.9885985593715216, "PNC": 1.9829435469115928, "PNC13": 0.9189813480766208, "PPV": 0.5665719549425136, "RV1": 5.578856302534387, "RV5": 1.0225066271009446, "SMALL": 1.851554624361406, "TDAP": 0.5967075579526968, "TYP": 2.50098354132546, "UNK": 0.7252280039379099, "VARCEL": 0.4023660443315048, "VARZOS": 0.1735340671551856}