{"COVID19": 0.7627564023148511, "COVID19-2": 6.196712609817532, "DTAP": 4.049011080985942, "FLU3": 0.5301429191925962, "FLUN3": 8.921744723328496, "FLUX": 1.3969040088431777, "HEP": 0.935994650523154, "HPV4": 0.9296285798136072, "IPV": 18.86955349474348, "MENB": 4.715604792924813, "MMR": 1.552714121498774, "MNQ": 5.167594027327794, "PNC": 9.410579544665186, "PNC13": 8.106382838823246, "PPV": 1.810425327287572, "RV1": 7.151939050398473, "TDAP": 1.695054012082576, "UNK": 2.5782470139996034}