{"ANTH": 2.2680215462322, "COVID19": 0.5453351848325804, "COVID19-2": 2.121505090788594, "FLU(H1N1)": 2.763941701590108, "FLU3": 1.316326807374001, "FLU4": 0.6237385997597631, "FLUA3": 3.650166883877932, "FLUC4": 1.8582527081694211, "FLUN3": 1.0142253153687502, "FLUX": 3.296693460869899, "FLUX(H1N1)": 1.6964723498726884, "HEP": 0.4280905765958611, "HEPA": 0.4643356863331155, "HEPAB": 2.0470604708006856, "HPV2": 30.723799659824344, "HPV4": 1.8537126551750456, "HPV9": 1.326534158975484, "MEN": 2.531915011544649, "MENB": 1.0742111304346098, "MMR": 0.3537070778703771, "PNC": 1.0697961332085664, "PNC13": 1.1939633638576872, "PPV": 1.2402126257796753, "RAB": 0.8733883353084867, "RV1": 0.8130335336676492, "TDAP": 1.1674107398389726, "TYP": 1.3492782111197086, "UNK": 0.5873226788647746, "VARCEL": 0.3258543544344909, "VARZOS": 1.962811002822844}