{"COVID19": 1.525512804629702, "UNK": 38.02914345649415}