{"COVID19": 0.3980267557647239, "HPV4": 8.063635908749744, "MNQ": 42.380392970282095, "UNK": 20.704962362224016, "VARZOS": 3.380343072119512}