{"COVID19": 0.839032042546336, "FLU3": 1.0089816849149411, "FLUX": 5.494489101449832, "HPV2": 19.25358112015659, "IPV": 35.91302116741501, "MMR": 6.107342211228512, "PPV": 1.693623693269019, "VARZOS": 0.7809033021983356}