{"ANTH": 2.908669536950046, "COVID19": 0.3103259451724966, "COVID19-2": 0.7251101228293095, "FLU(H1N1)": 2.8431127483225898, "FLU3": 0.631280223, "FLU4": 2.2875820418295176, "FLUX": 2.4869023163640707, "HEP": 2.2395856290894463, "HPV2": 8.821170662, "HPV4": 3.4209364461362552, "HPV9": 2.1080257637279463, "HPVX": 8.82640195, "LYME": 6.5353850797557405, "MMR": 0.9014214011693108, "PNC": 5.544581986916771, "PNC13": 3.080029611899599, "PPV": 1.050433879775134, "RAB": 18.21872454034732, "TD": 1.9011273764677372, "UNK": 2.8142667288459826, "VARCEL": 0.8283328527560857, "VARZOS": 4.5711457452525215, "YF": 11.095934699103712}