{"COVID19": 0.1271260670524751, "HEP": 165.67105314259825}