{"6VAX-F": 45.80841154721274, "ANTH": 4.087859889767632, "BCG": 23.394442081016017, "COVID19": 0.6433223145499608, "COVID19-2": 1.3649131723845829, "DF": 21.32472949455206, "DTAP": 1.075031689439662, "DTAPHEPBIP": 11.240863236526108, "FLU(H1N1)": 3.995726024669585, "FLU3": 0.5884331487580957, "FLU4": 1.4077427949720107, "FLUX": 1.1426307940051137, "HEP": 1.5493023872468086, "HEPA": 1.0690173834975305, "HIBV": 3.995198748549548, "HPV2": 2.68986369962936, "HPV4": 1.2828511673010956, "HPV9": 0.978726247, "IPV": 4.791238686435632, "JEV1": 48.86630981276005, "JEVX": 394.7947303921569, "MENB": 2.4771319189878844, "MMRV": 1.7138117791919638, "MNQ": 2.6606524734706243, "PNC": 5.171628042, "PNC13": 2.143534121794992, "PPV": 1.7370707048575038, "RV1": 11.852877686945272, "RV5": 5.261957746357269, "TBE": 169.1951905762305, "TDAP": 1.3535189632319804, "UNK": 2.6232531499650333, "VARZOS": 0.5377818523826496}