{"ANTH": 0.1742520920753483, "COVID19": 3.977748400965184, "COVID19-2": 1.7320651697265488, "DTAP": 0.1387137663793112, "FLU3": 0.1315471215504008, "FLU4": 0.3598740979627696, "FLUX": 0.2930838085143099, "HEP": 0.19601226, "HEPA": 0.4142904738813959, "HEPAB": 0.3100263195372808, "HPV4": 0.1302837884852815, "HPVX": 1.058150781292203, "JEV1": 6.305330298420652, "JEVX": 50.94125553447185, "MEA": 2.5023463235751136, "MEN": 0.7596385674169615, "MENB": 1.1175730998670774, "MMR": 0.2163827483476245, "MMRV": 0.6641761912439443, "MNQ": 0.1708886813317826, "PNC13": 0.2744317041744452, "PPV": 0.5029387082711856, "RAB": 0.5302856422406569, "RV1": 0.4987089747244986, "RV5": 0.5029812551665037, "SMALL": 0.3089716111901459, "SMALLMNK": 2.107572336865458, "TDAP": 0.1732878949466549, "TYP": 0.4107004250836562, "UNK": 0.8392283528405797, "VARCEL": 0.049623627, "VARZOS": 0.2199874631478125, "YF": 0.6647334151536787}