{"COVID19": 3.4707933102683928, "COVID19-2": 0.7839028354911455, "FLU(H1N1)": 0.6096571666506171, "FLU3": 0.475107558, "FLU4": 0.8085009295447358, "FLUC3": 10.03742608292961, "FLUX": 1.235663363871918, "FLUX(H1N1)": 1.885365093248019, "HEP": 0.1165969837824918, "HEPAB": 2.223990457507105, "HPV4": 0.2332456667820173, "HPV9": 0.4520302668612503, "PPV": 0.3360083528473255, "RSV": 10.637929651560546, "VARZOS": 0.5990481393629514}