{"COVID19": 1.7035545146730184, "FLU3": 0.756068174, "FLUA3": 7.4948507799101405, "FLUX": 4.026413274113257, "FLUX(H1N1)": 6.980168475002207, "HEP": 0.8699928789924387, "HPV2": 2.2894641412875845, "HPV9": 1.673547171203866, "PNC13": 1.2108513359757966, "PPV": 0.8322668432064524, "RV5": 4.472664084403679, "UNK": 4.529210516736503, "VARZOS": 0.1806290191208899}