{"COVID19": 0.8229740130239183, "FLUX": 2.841977121439568, "HEP": 1.9042649786505543, "HEPA": 4.084580020455711, "HPV4": 3.9177204435002015, "HPVX": 15.00552922864061, "MEN": 22.272269338841912, "MENB": 4.715604792924813, "PNC": 9.410579544665186, "PNC13": 2.610530066739689, "RV1": 7.151939050398473, "TDAP": 1.695054012082576, "UNK": 2.5782470139996034, "VARZOS": 0.4103051248838713, "YF": 19.920793010999503}