{"ANTH": 0.3115812347858932, "COVID19": 3.4734122191434347, "COVID19-2": 3.534322659305165, "DTAPIPV": 0.8972804821404913, "DTAPIPVHIB": 2.0522493309539773, "DTP": 0.982482410563796, "FLU(H1N1)": 0.3031799736568489, "FLU3": 0.3023693771119963, "FLU4": 0.3438558947393565, "FLUC4": 0.5125531963960385, "FLUN(H1N1)": 1.0610848875198082, "FLUX": 0.1757299286177985, "FLUX(H1N1)": 1.877332941543551, "HEP": 0.2359986512002823, "HEPA": 0.2566456029892299, "HPV2": 0.3075651936127251, "HPV4": 0.1756075332198596, "HPV9": 0.7319297333941571, "MENB": 0.2962946568504408, "MMR": 0.293308857529651, "MMRV": 0.4207821298399758, "PNC13": 0.8236431761371211, "PPV": 0.6789094977328395, "RV5": 0.3049008046733381, "SMALL": 0.5521142649852967, "TDAP": 0.5348031375019892, "UNK": 0.977194264406702, "VARZOS": 0.3130345133812293}