{"ANTH": 2.208111543124179, "BCG": 97.83410465315391, "COVID19": 1.8814657923766325, "DTPPHIB": 308.0540147538658, "FLU3": 0.4757176004922155, "FLUN3": 1.9788832281066968, "FLUX": 1.2534956124980603, "HEP": 1.486791502561779, "HEPA": 2.7385252409873515, "HPV2": 1.0857282586554469, "MEN": 9.91746332823904, "MMR": 0.6913972314598315, "PPV": 0.3962440338969026, "RV1": 1.5863323457650749, "RV5": 1.0763227653694152, "TD": 0.7229536486429051, "TYP": 2.6326142540268, "UNK": 1.728597429840643, "VARCEL": 0.6369530399889294, "VARZOS": 0.1827019046652709}