{"ANTH": 1.184513277181999, "COVID19": 6.894144405538077, "DTAP": 0.9671726873610146, "FLU3": 0.1266333288759642, "FLUC3": 10.147793148264158, "FLUX": 0.3336734272135525, "HEP": 0.4489730437468787, "HEPAB": 2.1465128013659016, "UNK": 1.236720112406314, "VARCEL": 1.033423809777957}