{"COVID19": 1.0614046820392635, "PNC13": 35.24922778062874, "PPV": 5.409734480841941}