{"ANTH": 0.6813099816279387, "COVID19": 1.0537921484590644, "COVID19-2": 2.4495599509036534, "DTAP": 1.087165229952525, "DTP": 4.323684614, "FLU3": 0.6710972092200989, "FLU4": 0.3511412614997904, "FLUC4": 3.176173124265603, "FLUN(H1N1)": 2.330524547972016, "FLUN4": 1.8520881231724609, "FLUR4": 2.9955569779606965, "FLUX": 1.5479117392472015, "HEP": 1.0352318010894008, "HEPA": 0.5393240853681234, "HEPAB": 4.881684269539406, "HIBV": 2.0111271352743776, "HPV2": 0.6754950506952108, "HPV4": 0.5119768830952218, "HPV9": 0.4937718005128523, "IPV": 4.845315872512784, "MEA": 19.61206870305371, "MEN": 5.953645837633612, "MENB": 4.414158590799187, "MMR": 1.0653162013819129, "MNQ": 0.6681593486305735, "PNC": 6.552687803, "PNC13": 3.274297534668496, "PNC20": 3.8652811863834136, "PPV": 0.3671765484734349, "RV1": 3.924081955315216, "RV5": 3.303672335070899, "TDAP": 0.2255864938719967, "UNK": 0.6543328963231065, "VARZOS": 0.3781662340955618, "YF": 2.5990477673576264}