{"COVID19": 8.234178509882726, "FLU3": 0.0234397487158506, "FLU4": 0.1684717460408742, "FLUA3": 1.4167755442542975, "FLUX": 0.2443776842669895, "HEP": 0.1634379685968454, "HEPAB": 0.3880358260394517, "HIBV": 0.6428061478546531, "HPV2": 2.6155796730407577, "HPV4": 0.1222645155839311, "HPV9": 0.6336262411205388, "HPVX": 1.324597117995651, "IPV": 2.3247020919023424, "MEN": 0.9507804996653532, "MENB": 0.3985573000968962, "MMR": 0.067590357, "PNC": 0.4157437106267803, "PNC13": 0.1143630317323931, "PPV": 0.1171783642059626, "RV1": 1.8782780126201264, "RVX": 3.233248495925617, "TDAP": 0.1445316064634437, "VARZOS": 0.085547366}