{"COVID19": 0.5720673017361382, "DTAPIPV": 29.05332319758349, "HIBV": 15.548324479870256, "HPV4": 1.8913133175518213, "HPVX": 30.52849049964814, "MEA": 144.241595242841, "MMR": 3.1589701092561264, "MNQ": 10.513380952149648, "PNC": 19.14566183224986, "PPV": 1.810425327287572, "RV1": 30.140314569536425, "TYP": 24.147427295556163}