{"ANTH": 8.865902407998599, "COVID19": 1.2394791537616328, "FLU4": 2.438250889969983, "FLUX": 2.49749504611356, "HEP": 1.6734449812383658, "HPV2": 8.751627781889361, "HPV4": 1.662063218454631, "HPV9": 6.927456163538638, "TDAP": 3.030551112511272}