{"BCG": 176.77610633880226, "COVID19": 0.8898824693673261, "FLU3": 1.0785666287021785, "HEPA": 8.310007627823689, "HEPAB": 18.282367653013026, "IPV": 38.38978124792639, "PNC13": 11.001519566974403, "PPV": 1.810425327287572, "VARZOS": 0.8347587023499449}