{"ANTH": 0.0947150467672236, "COVID19": 32.35358406485493, "COVID19-2": 0.2367914792611621, "FLU3": 0.0101257469188615, "FLU4": 0.1042932979507575, "FLUA3": 0.306051545135767, "FLUX": 0.0800945933155952, "HEP": 0.0536673317598309, "HPV2": 0.0934942430567655, "HPV4": 0.106708338928021, "HPV9": 0.1480609154124191, "MMR": 0.0890283121170337, "PPV": 0.0340041026498313, "TDAP": 0.0323755865046526, "UNK": 0.0985210970375496, "VARZOS": 0.0313778384551502}