{"6VAX-F": 65.15273360139231, "ANTH": 5.851495589279075, "COVID19": 0.9153076827778212, "FLU(H1N1)": 1.872934179366981, "FLU3": 0.6255686446472635, "FLU4": 1.0657255545564164, "FLUC3": 16.490163865929258, "FLUN3": 10.527658773527625, "FLUX": 1.0916203512814238, "HEP": 0.7314395282233918, "HEPAB": 3.48808330221959, "HPV4": 0.3608426724276501, "MMR": 0.6026982445291295, "MNQ": 2.0058424185022354, "PNC": 7.353962822983389, "PNC13": 1.0132978548529057, "PPV": 1.0500466898267915, "RAB": 2.982161487007267, "RUB": 18.668165204678363, "RV1": 23.28079470198676, "RV5": 7.685955854718509, "UNK": 1.0007669330656357, "VARCEL": 1.1178314940203065}