{"COVID19": 0.3077788991796767, "DTAP": 4.730527797587536, "DTAPHEPBIP": 25.578186863687783, "DTAPIPVHIB": 9.43632290409231, "FLU(H1N1)": 2.791039169252756, "FLU3": 0.3066512963957173, "FLU4": 1.5933124627526625, "FLUX": 0.8080131031543871, "FLUX(H1N1)": 8.632050486116915, "HEP": 1.0935383045716056, "HPV2": 5.718885481234632, "HPV4": 3.999339619406456, "MEA": 41.009865314141074, "MENB": 8.346620483476919, "MMR": 3.7014195219566735, "PNC": 5.443374442502411, "PNC13": 4.62063821812925, "PPV": 1.0396501879473186, "RAB": 4.4440053531873, "RV1": 30.7682377897351, "RV5": 24.109629944274904, "RVX": 88.86905620794637, "TDAP": 1.980360132928158, "UNK": 1.491338959078202, "VARZOS": 0.2373333565504745}