{"COVID19": 1.8906270898824389, "COVID19-2": 3.4277933079203726, "HPV4": 8.466817704187232}