{"COVID19": 0.4477801002353144, "FLU3": 2.031933216805299, "FLUX": 11.27395716751712, "HPV4": 12.095453863124616, "UNK": 19.324631538075742}