{"COVID19": 0.3313613878908778, "DTAPIPVHIB": 8.517742798384207, "FLU(H1N1)": 2.5193450908299213, "FLU3": 1.1373975357222972, "FLU4": 2.174656199162417, "FLUN3": 4.65825609448125, "FLUX": 0.7293569603694467, "FLUX(H1N1)": 7.791762385698454, "HEP": 0.9861372210868942, "HEPA": 4.303396807265838, "HEPAB": 14.3294232956048, "HPV2": 10.501953338267231, "HPV4": 7.678732069260396, "HPV9": 12.700336299820837, "LYME": 36.36646790952776, "MENB": 2.4621299361288846, "MMR": 1.6358952351504945, "PNC13": 2.7503798917436013, "TD": 3.4340298310538, "TDAP": 2.702923965212756, "TYP": 6.197127359036537, "VARCEL": 0.7468697150312668}