{"ANTH": 0.3457161506774912, "COVID19": 4.806024558412862, "COVID19-2": 0.4329015658682445, "FLU3": 0.3754149130356211, "FLU4": 0.3567788505605669, "FLUC4": 0.5348070555906271, "FLUX": 0.096633919, "HEPAB": 0.6150922179619651, "HPV4": 0.520234575, "HPV9": 0.2505539193459502, "MMR": 0.1071403722532666, "PNC13": 0.1812817428718049, "PNC20": 1.9613541105762693, "PPV": 0.3105473295546463, "SMALL": 1.843212086, "TD": 0.225962568174451, "TDAP": 0.3441938257016032, "UNK": 1.1674834933820215, "VARZOS": 0.3564440551134132}