{"COVID19": 1.7162019052084148, "FLUX": 8.241733652174748, "HEP": 5.522368438086608}