{"6VAX-F": 202.106438926768, "COVID19": 0.0781136074659787, "DTAP": 12.57324493569319, "DTAPHEPBIP": 53.24438898155417, "DTPPHIB": 827.7006861063464, "FLU(H1N1)": 2.8756161137755667, "FLU3": 2.3542905981348623, "FLU4": 0.812750296656661, "HBHEPB": 109.52465983177594, "HEP": 8.989902108513084, "HEPA": 7.453305810522276, "HIBV": 13.945404430399098, "HPV4": 2.285336925375117, "HPV9": 2.30915205451288, "IPV": 11.245491476665308, "MEN": 13.273372636279523, "MENB": 5.677973118011509, "MMR": 6.895386367516061, "MMRV": 3.991054746664013, "MNQ": 3.0796772486094928, "PNC": 17.17188226191482, "PNC13": 9.83114514495585, "RV1": 13.050445483716803, "RV5": 18.274586526910497, "UNK": 4.704636303896183, "VARCEL": 2.6101941587175195, "VARZOS": 0.2445252764459435}