{"COVID19": 0.5782652866770518, "COVID19-2": 3.016458110969928, "DT": 15.98615573380994, "FLU(H1N1)": 4.620058216024208, "FLU3": 2.131864358615396, "FLU4": 1.2152779597219312, "FLUN(H1N1)": 16.16801405155586, "FLUN3": 17.354023859154086, "FLUN4": 12.848861354508946, "FLUX": 0.6554626260184372, "HEP": 1.3358158378230358, "HPV4": 1.7919190908332765, "HPV9": 1.6994936389744684, "MEA": 33.674986183925554, "MMR": 2.214515568226968, "PPV": 1.717376025664108, "RSV": 39.99531690702996, "RVX": 34.76368731665761, "TDAP": 2.3659937782480283, "UNK": 3.4236551937535773, "VARCEL": 0.6678032301289373, "VARZOS": 0.1834294690297409}