{"ANTH": 33.61129242697831, "DTAP": 26.75634427049825, "FLU3": 8.127732867221196, "MMR": 23.436956430402084, "PNC": 64.07072518214936, "PPV": 23.18457634646546}