{"BCG": 58.88039355222009, "DTAPIPVHIB": 44.61045335841677, "DTP": 10.760630808895618, "DTPHEP": 5033.618303571428, "FLU(H1N1)": 10.195990545708597, "FLU3": 3.1717981920863205, "FLUN3": 6.142154511947795, "FLUX": 6.039619911169886, "FLUX(H1N1)": 10.274180564329091, "HEP": 0.635388058, "HEPAB": 6.047254951873252, "HIBV": 68.53302468665763, "HPV2": 3.3698854214457707, "IPV": 49.91802166332938, "MMR": 2.1306324027638257, "PNC": 124.6781679220204, "PNC13": 9.33067794193114, "PPV": 3.1821967534364357, "RAB": 5.168795445435616, "RV1": 42.2078083486344, "RV5": 3.266552421193698, "TDAP": 2.276372801799239}