{"COVID19": 11.542775917176996, "HEPA": 4.058642269549946, "UNK": 2.456520958229968}