{"COVID19": 0.460873086, "DTAP": 6.020177460862106, "FLU3": 1.6672272548146043, "FLUA3": 24.54563630420571, "FLUX": 4.336137372121969, "HEP": 1.413738428362713, "HEPAB": 13.455142267917989, "HPV4": 2.894638531346062, "LYME": 53.6589511811524, "PNC13": 3.965538125320734, "RAB": 11.500569866094246, "TD": 4.942931178816116, "TDAP": 2.504010081979163, "VARZOS": 1.213456487427517}