{"COVID19": 2.2882692069445527, "HEPA": 40.16503686781449}