{"COVID19": 0.9666364068571868, "COVID19-2": 3.2787588162716603, "FLU3": 1.4135187595167298, "FLUX": 3.676290380712104, "HPV2": 13.03999141342059, "HPV4": 2.4541500591847045, "RV1": 18.810001546674023, "YF": 50.17292211768636}