{"COVID19": 1.2204102437037614, "COVID19-2": 18.28030219896172, "FLUX": 4.120866826087374, "HPV4": 5.773482758842403, "SMALL": 25.921764741059683}