{"COVID19": 16.29525041309, "COVID19-2": 1.5265388057588074, "FLU3": 0.0651634004840899, "FLU4": 0.1676297486854363, "FLUX": 0.1717027844203072, "FLUX(H1N1)": 1.8343107282998443, "PNC13": 0.3208776540367534, "RV1": 0.8790925082781458, "TDAP": 0.4175707169639748, "UNK": 0.3169095288041179}