{"CEE": 482.6214018191546, "COVID19": 3.117876253490338, "COVID19-2": 4.524687166454892, "FLU3": 0.946920334045188, "FLUN4": 7.831686920843548, "MMRV": 3.656131795609522}