{"COVID19": 4.258723246257918, "FLU(H1N1)": 1.9633516914743523, "FLU3": 0.4344226698939329, "FLUX": 1.1446852294687149, "PPV": 0.3620850654575144, "TDAP": 0.6897116325025654, "VARZOS": 0.8584398002889505}