{"COVID19": 2.0317056898022847, "DT": 5.762132352453152, "DTAP": 0.6884485699659094, "DTAPIPVHIB": 2.773789441548747, "FLU3": 0.0901395741566662, "FLUX": 0.7166724914934564, "HEP": 1.1336240195485705, "HEPA": 0.6944963147172535, "HEPAB": 3.06467434645883, "HIBV": 1.299427694283105, "HPV4": 0.317040960745681, "LYME": 5.692142803230432, "MMR": 1.065234106609624, "PNC": 1.600069720850853, "PPV": 0.1513035576119296, "RAB": 1.306307049063702, "RUB": 8.177409542106947, "SMALL": 1.4940498409832668, "TD": 0.5541950159625728, "TTOX": 2.7889642009744144, "VARZOS": 1.5546423539177874}