{"COVID19": 0.4557934599198499, "DTAP": 5.429355767685696, "DTAPIPVHIB": 10.81466220469006, "DTP": 10.365741387858478, "FLU3": 0.7108734598264358, "FLU4": 0.9040705547079712, "FLUA3": 10.62239576319533, "FLUC4": 5.407724173212136, "FLUN4": 8.99951761433837, "FLUX": 3.833364489383604, "FLUX(H1N1)": 9.892911793077811, "HEPAB": 5.957175976824468, "HPV2": 6.56372083641702, "HPV4": 4.625742210397829, "HPV9": 10.63283969287326, "IPV": 25.30235582249694, "MENB": 3.126075087444539, "MMR": 2.082048481100629, "RAB": 5.093129730619152, "TD": 2.1607378712248626, "TDAP": 2.272913334383454, "VARZOS": 0.272000026608409, "YF": 26.711972446567515}