{"FLU3": 4.644418781269256, "FLUX": 12.079239822339773, "HEP": 18.84984571150284, "HEPA": 15.963992926896454, "HPVX": 61.19638685139908, "LYME": 45.31200322, "RAB": 30.66818630958465, "TD": 13.181149810176311, "TTOX": 66.82522803114571, "VARCEL": 12.306659526661845}