{"COVID19": 0.3980267557647239, "COVID19-2": 15.08229055484964, "FLUC4": 93.59123472835977, "UNK": 28.98694730711362}