{"COVID19": 0.1271260670524751, "HEP": 55.22368438086608, "MMR": 30.53671105614256}