{"COVID19": 1.906891005787128, "HEPAB": 106.03773238747551}