{"COVID19": 2.6977369001831293, "FLUC4": 6.7819735310405616, "FLUX": 2.4869023163640707, "HEP": 1.6632216804267212, "HPV9": 6.448078806697248, "HPVX": 13.303562358999798, "TYP": 10.332984607901844}