{"COVID19": 0.1990133778823619, "HPV9": 109.6173397138532, "HPVX": 458.97290138549306}