{"COVID19": 1.0803583370756793, "COVID19-2": 1.4786559367499643, "DF": 13.159061726665731, "DTAPIPV": 2.1644795800639955, "DTAPIPVHIB": 5.299031752519119, "FLU(H1N1)": 0.814555719, "FLU3": 0.9183878946012652, "FLU4": 0.8641976602467066, "FLUC4": 2.585393224540325, "FLUN(H1N1)": 5.716866846958979, "FLUN4": 11.45302404858736, "FLUR4": 3.6639870474230007, "FLUX": 1.657934877576047, "FLUX(H1N1)": 2.5190139675627803, "HEP": 0.947757606, "HEPA": 1.3229828392455627, "HEPAB": 1.482660305004737, "HPV4": 0.3118533224378354, "HPV9": 1.2112413228050078, "HPVX": 2.5287763161735155, "MEA": 11.96714385048594, "MENB": 3.0688912107461013, "MMR": 0.5179437885171732, "MNQ": 1.6390207226075948, "PNC": 1.5885303764169263, "PNC13": 1.7624613890314371, "PPV": 0.1490284980948193, "RAB": 1.267280426015895, "RV1": 1.191818279816811, "UNK": 1.6103859615063123, "VARCEL": 0.4759481584896846, "VARZOS": 1.159253099660582}