{"COVID19": 1.636332218143865, "DTAPHEPBIP": 55.954519221818856, "FLU3": 0.7224651437529953, "IPV": 23.84972146136848, "PNC": 70.32152763894442, "VARZOS": 0.525831145}