{"COVID19": 2.069739129976565, "COVID19-2": 0.8196897040679151, "FLU3": 0.3533796898791824, "FLU4": 0.8454107545891694, "HEP": 1.2428469699891982, "HIBV": 4.842007178948636, "HPV2": 3.259997853355148, "MMR": 2.0603917741012823, "MNQ": 3.224595117304072, "PPV": 1.8032448269473131, "RAB": 5.000247767867063, "VARZOS": 0.2572000163569193}