{"COVID19": 1.724782608313804, "FLU3": 2.167395431258986, "FLUX": 5.636978584, "VARZOS": 1.5774934336557722}