{"ANTH": 4.583358058224315, "COVID19": 0.4908996654431596, "FLU3": 1.0003363528887628, "FLU4": 1.1784513548818727, "FLUN(H1N1)": 48.50404215466759, "FLUX": 2.6016824232731817, "HEP": 7.667733848746918, "HEPAB": 16.560175098975986, "HPV4": 2.645880533, "HPV9": 6.745682443929428, "MEN": 19.980796258118865, "MMR": 1.4204216018425506, "PPV": 0.8196567395215062, "TD": 6.083607605, "TDAP": 1.5175818678661597}