{"COVID19": 0.7960535115294479, "PNC13": 31.72430500256587, "RV5": 58.14463309724783}