{"COVID19": 0.6204534722214814, "COVID19-2": 4.598259315502938, "FLU3": 0.7649630933855244, "FLUN3": 6.356415716, "FLUX": 3.019809955584943, "HEP": 0.6575527573780061, "HPV4": 2.720262716204733, "MMR": 1.0900909967628876, "MNQ": 3.449566869674124, "PPV": 0.6290388931211558, "RV1": 37.85512811268148, "RV5": 10.382970195937114, "RVX": 52.14553097498641, "SMALL": 6.236915314256898, "UNK": 1.6852876341345129, "VARZOS": 0.2751442035446114, "YF": 13.41833963612542}