{"ANTH": 0.7950401615868308, "COVID19": 1.938323275113289, "COVID19-2": 0.3305660433808629, "DT": 1.8078299514477791, "DTAPH": 19.93189662294269, "FLU(H1N1)": 0.2574014423723156, "FLU3": 0.1419166616713392, "FLU4": 0.2917943041487196, "FLUX": 0.8271812972073196, "HEP": 0.964384194151154, "HEPA": 1.7542509278026348, "HEPAB": 5.321236570539374, "HPV2": 2.8985774496586103, "HPV4": 2.270287669986947, "HPV9": 1.6641022995215655, "JEV1": 9.803744415321717, "MENB": 0.7560344640830543, "MMR": 1.0039466648594813, "MNQ": 0.2756673124885531, "PPV": 0.047470465182043, "RAB": 0.4098449783228793, "RUB": 2.5656067912397025, "RV5": 0.2588624372407455, "TDAP": 0.1810102926929809, "TTOX": 0.875018605549839, "TYP": 1.267466772074441, "UNK": 1.2468571625080047, "VARCEL": 0.2293377114090574, "VARZOS": 0.3550211163064844}