{"CHOL": 26145.00579710145, "VARCEL": 86.14661668663291}