{"COVID19": 1.1441346034722764, "RV1": 140.6548013245033}