{"FLU4": 8.046227936900944, "FLUX": 144.2303389130581, "HPV4": 5.484808620900282, "HPVX": 88.5326224489796, "UNK": 15.21165738259766}