{"COVID19": 5.373361202823773, "FLU3": 1.161104695317314, "PNC20": 61.29231595550842}