{"COVID19": 51.86743535740987, "UNK": 1.1185042193086514}