{"ANTH": 14.628738973197688, "COVID19": 0.9534455028935636, "FLU3": 1.563921611618159, "FLU4": 4.023113968450472, "HEPAB": 26.50943309686888, "VARZOS": 2.5482107755945687}