{"COVID19": 0.2354524470720902, "FLU(H1N1)": 2.640033266299548, "FLU3": 0.5857825489889151, "FLUC4": 17.172703619882526, "FLUN3": 9.849581109249618, "FLUX": 6.442261238581211, "HEP": 4.8937099443324685, "HPV4": 7.337908676962267, "HPV9": 1.957452494890236, "LYME": 6.068571859773187, "MMR": 8.112792610523798, "TD": 1.765332563862899, "TDAP": 1.8046919509759736, "UNK": 17.219968697295222, "VARCEL": 4.830651402988762}