{"COVID19": 0.1271260670524751, "HPV4": 18.28269540300094, "MMR": 91.61013316842768}