{"COVID19": 0.1990133778823619, "FLU3": 16.255465734442392, "HEP": 28.27476856725426}