{"COVID19": 1.127742474666718, "FLU3": 3.096279187512837, "FLUX": 3.843394488926291, "TDAP": 4.552745603598478, "UNK": 6.587942569798551, "VARZOS": 1.075563704765299}