{"COVID19": 0.2143220992579283, "FLU3": 1.711101656257094, "FLUX": 36.23771946701931, "HEP": 2.9762914281320274, "HPV4": 6.271716817916468, "PNC13": 8.348501316464702, "RV5": 15.301219236117849, "VARZOS": 1.245389552886136}