{"COVID19": 0.5528149385621166, "DTAPIPVHIB": 22.836303504903825, "FLU(H1N1)": 7.040088710132126, "HEP": 2.758514006561391, "HIBV": 10.606301439601776, "MEN": 31.39839411990107, "MENB": 28.32822656073325, "MMRV": 9.140329489023806, "PNC": 13.729441110460575, "PNC13": 3.776702976495937, "RV1": 32.44725266801269, "RV5": 6.921980130624741, "YF": 27.47564782635205}