{"ANTH": 1.5433756726673713, "COVID19": 7.443100332800338, "COVID19-2": 1.5629316637149886, "FLU3": 0.1658720993310448, "HEP": 0.5799952526616259, "UNK": 1.486510118313519}