{"COVID19": 0.1906891005787127, "FLU(H1N1)": 142.34299763189054, "FLUX(H1N1)": 440.2345747919626}