{"COVID19": 0.6279977702065646, "COVID19-2": 0.6557517632543322, "FLU3": 1.464456372472288, "FLU4": 2.7777781936501285, "FLUA4": 13.07739333536435, "FLUC4": 8.209757432, "FLUN4": 7.1506706668571525, "FLUX": 3.8087693133503775, "FLUX(H1N1)": 7.951322349785124, "HEPA": 4.201050770235909, "HPV4": 2.015908977187436, "MENB": 4.845617701178055, "MMR": 2.488880328892256, "MMRV": 3.338207291643477, "PPV": 1.4362126940288338, "RV1": 3.762000309334805, "TYP": 6.199790764741106, "VARCEL": 1.5113441523970688, "VARZOS": 1.0658739416593055, "YF": 10.034584423537272}