{"FLU4": 40.23113968450472, "HPV4": 27.42404310450141, "PNC13": 77.01063696882083}