{"COVID19": 0.762756402314851, "HPV4": 27.424043104501408}