{"COVID19": 1.293586956235353, "COVID19-2": 4.713215798390512, "FLU4": 2.3569027097637454, "HEP": 1.713622337409349, "HPV4": 1.7104682230681274, "PPV": 1.6393134790430124, "RAB": 13.940084686174844, "VARZOS": 0.7170424698435328}