{"COVID19": 0.331688963, "COVID19-2": 7.541145277424819, "FLUA3": 98.18254521682285, "FLUN3": 54.66517515633537, "FLUX": 8.455467876, "HPV4": 12.543433635832937}