{"6VAX-F": 197.32854204953185, "COVID19": 0.1428813995052855, "COVID19-2": 1.450220245658619, "DTAPIPV": 15.109732453139046, "DTAPIPVHIB": 37.61273518454748, "FLUX": 5.073280725382704, "HEPAB": 10.350109436859992, "HPV2": 17.995188150520416, "HPV4": 40.058062256369695, "HPV9": 4.2160515274558925, "HPVX": 35.99787461847005, "UNK": 2.787206471837848, "VARZOS": 0.4550461827853189}