{"ANTH": 16.254154414664097, "FLU(H1N1)": 15.815888625765616, "HEP": 3.067982465603671, "HEPA": 28.351790730222, "HEPAB": 29.454925663187648, "HIBV": 84.54401435929452, "HPV4": 14.626156322400751, "MEA": 232.38923678013276, "PPV": 2.916796360629977, "RV1": 23.44246688741722, "VARCEL": 9.928973858650956, "VARZOS": 1.344889020452689}