{"FLU3": 10.83697715629493, "FLU4": 25.9259298074012, "MMR": 31.24927524053611, "VARCEL": 28.715538895544302}