{"COVID19": 3.4006222936537105, "FLU3": 0.5346740552540713, "FLUA3": 8.011806973935462, "FLUX": 1.408843359346111, "HPV4": 0.4648142899068035, "LYME": 5.547427308233048, "PPV": 0.4449350380621999, "UNK": 1.2891235069998015, "VARZOS": 0.6260690267624587}