{"ANTH": 10.083387728093491, "COVID19": 2.069739129976565, "COVID19-2": 1.2362533241680032, "FLUN3": 8.961504123989407, "HEP": 0.9270415923689922, "HPV4": 3.8927897490516, "VARZOS": 0.3879082213907637}