{"ANTH": 1.1203764142326105, "BCG": 4.838739636, "COVID19": 1.0165994843958033, "COVID19-2": 0.4197297928065762, "DTAP": 1.5651343445138253, "DTAPIPV": 1.4523217884717752, "DTAPIPVHIB": 0.8856184184727244, "DTP": 0.8842993000846815, "FLU(H1N1)": 0.5465503250010153, "FLU3": 0.5800072280833906, "FLU4": 0.8706468965172043, "FLUA3": 1.8148344772055975, "FLUA4": 1.3886428749463529, "FLUC4": 0.8649836851049885, "FLUN3": 1.0104468605607275, "FLUN4": 3.045656024772491, "FLUR4": 1.2280953815462137, "FLUX": 1.0263406384994576, "FLUX(H1N1)": 0.8443232412052531, "HEP": 0.9009766928647094, "HEPA": 0.4426245728344672, "HEPAB": 6.532842184236558, "HIBV": 3.3120049105076177, "HPV2": 1.1108140833654578, "HPV4": 1.5515811274655906, "HPV9": 0.8119802941766905, "HPVX": 2.547490664489323, "IPV": 1.98380307904174, "MEN": 2.4375832773305826, "MENB": 0.766513068, "MMR": 1.8520266605397693, "MMRV": 0.354472611762696, "MNQ": 0.8233008810138057, "PNC": 1.0658715834368655, "PNC13": 1.3279941628981062, "PNC20": 3.1722455577712303, "PPV": 0.8619070869195219, "RV5": 0.5373810822296471, "SMALL": 0.9914504935787304, "SMALLMNK": 1.6881985246821651, "TD": 0.5487065138371268, "TDAP": 0.6509961215916116, "TTOX": 0.9255571749466168, "TYP": 1.9786566270450336, "UNK": 0.9420085011596812, "VARCEL": 0.5599130146763514, "VARZOS": 1.1202489601323602}