{"COVID19": 0.8879058397828458, "FLU(H1N1)": 7.211798190867056, "FLU4": 1.897019254200088, "FLUX": 4.227733938, "HEPAB": 13.126968066261451, "HPV4": 2.8222725680624103, "HPV9": 5.347187303114791, "MENB": 6.7365904626133934, "PPV": 1.3194474343516929, "TDAP": 2.442936665345525, "VARZOS": 1.1831200752418292}