{"COVID19": 0.099506689, "FLU(H1N1)": 73.92093145638732, "HIBV": 296.9764403088497, "PNC20": 429.0462116885589}