{"6VAX-F": 1.2464873890398025, "ANTH": 3.043201301816953, "CEE": 6.155885227285135, "COVID19": 1.4512702420969987, "COVID19-2": 0.3774254838554902, "DT": 0.7517183801925208, "DTAP": 0.4688954089024885, "DTAPHEPBIP": 0.6118219815288175, "DTAPIPV": 0.5730201197738402, "DTAPIPVHIB": 0.2330518156253093, "DTIPV": 7.799773532141963, "DTP": 0.3490994442254107, "EBZR": 5.736890006563582, "FLU(H1N1)": 0.756132275, "FLU3": 0.3190082813088167, "FLU4": 0.4370072448297746, "FLUA3": 0.3578950615437041, "FLUA4": 0.5482017862333779, "FLUC4": 0.5690820547753846, "FLUN(H1N1)": 0.3771881771444381, "FLUN3": 0.3986763716275827, "FLUN4": 0.5997280612776753, "FLUR4": 0.4848216153880496, "FLUX": 0.4543174826328794, "FLUX(H1N1)": 0.6668788648780521, "HEP": 1.028046247683991, "HEPA": 0.2912074594472173, "HEPAB": 1.7708449487389015, "HIBV": 0.054113783, "HPV2": 3.725024600759473, "HPV4": 3.938566447633873, "HPV9": 0.935986067, "HPVX": 3.806580960387063, "IPV": 0.6521861119115103, "JEV": 1.0978436464766266, "JEV1": 1.329695505109117, "LYME": 5.157283440737367, "MEA": 1.5835017804591969, "MEN": 0.3204307017460442, "MENB": 0.4704712161503939, "MMR": 1.117691629178467, "MMRV": 0.1399370006825029, "MNQ": 0.3246552477052252, "OPV": 1.6184445396643572, "PNC": 0.1401133584350247, "PNC13": 0.1542823343589829, "PNC20": 0.2084772651547905, "PPV": 0.098741807, "RAB": 1.3449320345292333, "RV1": 0.052554669, "RV5": 0.070641032, "SMALL": 0.5217018524265952, "SMALLMNK": 0.4442519747857574, "TD": 0.4814738759348464, "TDAP": 0.562767626, "TDAPIPV": 3.361133717290597, "TTOX": 0.4872419105442633, "TYP": 0.6067142676412096, "UNK": 0.7787432418567587, "VARCEL": 0.083790022, "VARZOS": 0.2791680649458414, "YF": 0.2803978152610341}