{"HPV2": 866.4111504070465, "PPV": 17.500778163779863}