{"BCG": 22.68365966294365, "COVID19": 4.711142484885845, "COVID19-2": 4.896509517579031, "DTP": 8.200453186839152, "FLU4": 0.7152202610578616, "FLUC4": 2.12959049299062, "HPV9": 2.0320538079713337, "PPV": 0.2323112145634495, "UNK": 2.0372755423121864, "VARZOS": 0.2151822432724302}