{"COVID19": 1.019943561647105, "COVID19-2": 1.346633085254432, "DTAP": 4.300126757758648, "FLU3": 1.806162859382488, "FLU4": 7.478633598288807, "FLUA4": 26.855361313694647, "FLUC4": 8.356360244, "HPV2": 5.355710759083458, "HPV4": 2.052561867681753, "UNK": 2.588120295278002}