{"COVID19": 0.6991933687886133, "COVID19-2": 22.850377748702147, "DTAP": 14.930728361135662, "DTAPIPVHIB": 60.15655851358846, "FLUX": 10.988978202899665, "SMALL": 32.402205926324605}