{"COVID19": 2.974749969027919, "FLUN4": 18.62690855060732, "HPV4": 2.611813629000135, "PPV": 1.2209845230544092, "UNK": 3.537594740138991}