{"COVID19": 1.0171794869542945, "FLU3": 1.048739724802735, "FLU4": 2.5089609491033418, "TD": 6.377975714601441, "UNK": 4.675314082, "VARZOS": 4.381926204599368}