{"ANTH": 25.20846932023373, "BCG": 436.6962521789657, "COVID19": 0.072368501, "DTP": 79.80801183264252, "FLU3": 2.7092442890737325, "FLUX": 7.04622323, "HPV4": 4.703787613437351, "HPVX": 76.49548356424884, "IPV": 89.43645548013178, "PPV": 4.508112067368283, "TDAP": 18.21098241439391}