{"6VAX-F": 3.2846485928396785, "ANTH": 0.6806325876529332, "COVID19": 1.1221991252357708, "COVID19-2": 0.6071173098293496, "DTAP": 1.9162432121243629, "DTAPHEPBIP": 6.938763457702537, "DTAPIPVHIB": 3.201945895600185, "DTPHEP": 22.50691594112769, "DTPHIB": 1.1779618607711273, "FLU(H1N1)": 2.379521859443172, "FLU3": 0.6889522518141669, "FLU4": 0.9720275360014562, "FLUA3": 0.3135632580180379, "FLUA4": 0.5986137917481201, "FLUC4": 0.6391599620396813, "FLUN(H1N1)": 0.9920597836519416, "FLUN3": 1.3999546241393122, "FLUN4": 2.39727755539908, "FLUR4": 0.4671995965213422, "FLUX": 0.5224989636013354, "FLUX(H1N1)": 1.1692817391552794, "HEP": 0.4057852559716278, "HEPA": 1.2852811797700638, "HEPAB": 0.3518172939199586, "HIBV": 0.8988067971752242, "HPV2": 1.3468527765599214, "HPV4": 3.501764939622402, "HPV9": 3.618890033562959, "HPVX": 3.536589445365363, "IPV": 1.1085001555159626, "MEN": 2.1821054317364217, "MENB": 4.309141888214796, "MMR": 1.075597001306598, "MMRV": 1.0508362231907908, "MNQ": 1.1160627366841056, "PNC": 1.66179505760466, "PNC13": 0.8214467943340888, "PPV": 0.1046558162618064, "RAB": 0.6019768207504709, "RV1": 0.7007047558510626, "RV5": 0.285066567130698, "RVX": 1.488519846932435, "TD": 0.1276082750756554, "TDAP": 0.9371583761581042, "TTOX": 0.3209852662481333, "TYP": 0.2322638114663776, "UNK": 0.5568327161683004, "VARCEL": 0.280759407180749, "VARZOS": 0.2023403741904748, "YF": 0.7799116042793435}