{"ANTH": 4.312650555803733, "COVID19": 0.2292432580670245, "COVID19-2": 0.4570391077227163, "DTAPIPV": 3.168169707916251, "DTAPIPVHIB": 3.867438496798228, "DTIPV": 194.5452604335167, "FLU(H1N1)": 3.605899095433528, "FLU3": 3.229562728697164, "FLU4": 2.4154592988261983, "FLUA3": 1.975503928, "FLUA4": 3.0259562043599604, "FLUC4": 1.886920055007253, "FLUN3": 2.2042409337232005, "FLUR4": 5.363013299252216, "FLUX": 1.0311546189802243, "FLUX(H1N1)": 5.541830728638117, "H5N1": 698.0611360470516, "HEP": 5.3442419709535525, "HEPA": 1.9389465093396503, "HEPAB": 4.357940815519996, "HIBV": 1.7962284696099782, "HPV2": 8.675366188267418, "HPV4": 8.926257424569483, "HPV9": 2.223475450585258, "HPVX": 5.563307895581734, "IPV": 2.159431520647045, "JEV1": 22.02425230997636, "LYME": 8.288781076763378, "MEN": 5.3174699719187295, "MENB": 0.5557348268956722, "MMR": 1.143266167336687, "MNQ": 1.1962207693224784, "PNC13": 0.9613425758353296, "PPV": 0.3278626958086024, "RAB": 4.6655455846224125, "SMALL": 1.0792247827486785, "TD": 3.228036688206444, "TDAP": 2.684711840472505, "TTOX": 6.075020730104156, "UNK": 1.7674967870191232, "VARCEL": 0.1733332327698851, "VARZOS": 0.4355043221749065, "YF": 2.3218857318043984}