{"COVID19": 0.7960535115294479, "FLU(H1N1)": 17.39316034267937, "FLU3": 1.912407733463811, "FLU4": 9.722223678, "HEP": 3.3264433608534425, "MNQ": 17.450750046586744}