{"COVID19": 0.8444803025628708, "DTPIPV": 109.33440749225848, "FLU(H1N1)": 1.8190798419410927, "FLU3": 1.346422579538812, "FLU4": 0.514135970409006, "FLUC4": 1.5327625841270065, "FLUX": 2.4240393094631614, "FLUX(H1N1)": 2.804041877655813, "HEP": 0.3528669928489845, "HEPA": 3.0995526843329517, "HEPAB": 24.659937764529197, "HPV2": 4.658124464554015, "HPV4": 2.935014646635602, "HPV9": 0.7280447560406849, "HPVX": 5.657036578209558, "JEV1": 34.53166026543254, "MMR": 0.8808666650810353, "PPV": 0.1672048869150942, "RAB": 2.896412434665205, "TD": 1.2287902270863436, "TDAP": 4.30498816975939, "VARCEL": 0.2687779547723985, "VARZOS": 0.1546837212022262}