{"HEPAB": 134.55142267917986, "HPV4": 37.63030090749881, "PNC13": 39.65538125320734, "TDAP": 25.040100819791636}