{"6VAX-F": 7.816271118714783, "COVID19": 0.4978719062382391, "COVID19-2": 1.1569811518330202, "DTAP": 4.41325946738789, "DTAPH": 17.399114179143343, "DTAPHEPBIP": 10.328484006714785, "DTAPIPV": 4.677101196756105, "DTAPIPVHIB": 7.65107262493971, "DTPHEP": 53.55828852604578, "DTPHIB": 2.8031215550315305, "FLU(H1N1)": 2.2630047318265585, "FLU3": 0.6805138358370714, "FLU4": 1.289459605272587, "FLUA3": 2.242039263852295, "FLUA4": 4.280206914119958, "FLUC4": 1.523061555113545, "FLUN(H1N1)": 3.153033890446519, "FLUN3": 1.6657687932796876, "FLUN4": 7.652456060599823, "FLUX": 1.929057916973912, "FLUX(H1N1)": 1.390946523829266, "HBHEPB": 8.557964738236636, "HEP": 0.975057027591536, "HEPA": 0.7626272823002751, "HEPAB": 2.098925819229524, "HIBV": 1.7850412110698235, "HPV2": 0.913935812665661, "HPV4": 2.3925502626149378, "HPV9": 1.6341973634400122, "HPVX": 6.328781588886547, "IPV": 4.407377894655048, "MEN": 4.158430034783775, "MENB": 1.9888690588110212, "MMR": 2.2958077026849293, "MMRV": 1.878515467130288, "MNQ": 1.9357971276973955, "PER": 26.77874963003157, "PNC": 2.63973467417708, "PNC13": 1.968322989618424, "PPV": 0.1661466281371506, "RAB": 0.7160956493287592, "RV1": 2.6791390728476823, "RV5": 1.589304511592269, "SMALLMNK": 1.9788705542251717, "TD": 0.1517803240244773, "TDAP": 0.7949776368272812, "UNK": 1.6982711591416844, "VARCEL": 0.7385513570277363, "VARZOS": 2.57711718055332, "YF": 0.9276454519723526}