{"FLU3": 65.02186293776957, "FLUX": 42.27733938}