{"FLU(H1N1)": 29.56837258255493, "FLU3": 12.191599300831797, "FLUX": 8.455467876, "HEP": 5.654953713450852, "HEPAB": 53.820569071671954, "MMR": 9.374782572160834, "VARCEL": 19.14369259702953, "VARZOS": 2.3662401504836583}