{"COVID19": 0.3813782011574255, "COVID19-2": 73.12120879584687, "HPV4": 10.969617241800565, "RV1": 84.39288079470198}