{"COVID19": 0.1144134603472276, "DTAP": 6.286622467846595, "FLU(H1N1)": 7.491736717467924, "FLU3": 4.5997694459357605, "FLU4": 2.1174284044476166, "FLUX": 12.120196547315803, "HEP": 1.4532548521280546, "HPV4": 2.9647614167028555, "HPVX": 23.29805853920516, "MEA": 110.07911215901024, "MENB": 7.32159691533063, "MMR": 7.634177764035639, "PPV": 1.3816403813510418, "RAB": 11.928645948029068, "SMALL": 28.02352944979425, "VARCEL": 2.220954678908767, "VARZOS": 2.017333530679033}