{"ANTH": 1.3750074174672944, "COVID19": 0.1483329524589033, "FLU(H1N1)": 6.844530690406233, "FLU3": 0.4473981394800659, "FLU4": 1.0703365516817007, "FLUN3": 2.484780688924335, "FLUX": 3.5895854189028564, "HEP": 2.6800728499767072, "HEPA": 5.543053099616824, "HEPAB": 7.406500330964029, "HIBV": 10.311681955168394, "HPV2": 2.738993630216197, "HPV4": 18.70180617390754, "HPV9": 4.041192247515326, "HPVX": 12.632281689508984, "IPV": 24.84345985559216, "LYME": 6.2071237287177805, "MEA": 39.67190153174791, "MMR": 4.443024915716034, "MMRV": 3.505879804009131, "MNQ": 5.468437802617045, "OPV": 60.55925204780449, "PNC": 2.6210751210879284, "PNC13": 2.1828650231123308, "PPV": 2.0318251571237336, "RAB": 2.091012702926226, "RV1": 1.966500161697739, "RV5": 2.6550060774999005, "SMALL": 4.898399242247426, "TDAP": 0.9147068792617948, "TDAPIPV": 125.7675125488009, "TYP": 6.511195780321709, "UNK": 1.323604899868202, "VARCEL": 0.3915755303937859}