{"COVID19": 0.7960535115294479, "FLUN3": 109.33035031267076, "HPV4": 11.28909027224964}