{"ANTH": 16.805646213489155, "COVID19": 0.2894740041925265, "FLU(H1N1)": 16.42687365697496, "HPV2": 16.662211250481867, "HPV4": 3.1358584089582338, "HPVX": 50.99698904283257, "LYME": 37.76000268303317, "MMR": 5.208212540089352, "PPV": 3.005408044912189, "TDAP": 11.783576856372532, "VARZOS": 1.314577861}