{"COVID19": 0.079605351, "HEP": 28.27476856725426, "HEPAB": 107.64113814334392, "HPV4": 11.28909027224964, "MMR": 18.749565144321668}