{"ANTH": 0.953012310957504, "COVID19": 1.0511155300192456, "COVID19-2": 2.3895819867923818, "DTAP": 0.7781487093751485, "DTAPIPVHIB": 3.135195231978552, "FLU(H1N1)": 0.9273159454846288, "FLU3": 1.6012849265714937, "FLU4": 0.5258972507778394, "FLUC4": 1.5677115681299023, "FLUN(H1N1)": 3.2454681087332244, "FLUN3": 3.440411363897917, "FLUR4": 4.588295711764974, "FLUX": 1.6374305269221354, "HEP": 0.3609391136004318, "HPV4": 1.4626156322400752, "HPV9": 1.4941572117436277, "MEN": 4.280338407139, "MMR": 0.9010832770665018, "MMRV": 1.2870176544616851, "PNC13": 0.5016979607089305, "PPV": 0.1710173761932885, "RUB": 9.242870068765834, "RV5": 0.9325793341637278, "TDAP": 0.6536482791690978, "UNK": 0.4954937258175134, "VARCEL": 0.8301273226085227, "VARZOS": 1.7713172464498834}