{"HPV4": 54.84808620900282, "TDAP": 100.00818671287198}