{"HPV4": 56.44545136124821, "TDAP": 100.16040327916652}