{"COVID19": 2.415395273997028, "VARZOS": 3.8223161633918528}