{"COVID19": 0.3980267557647239, "FLU4": 15.555557884440718, "MENB": 55.24004179342983, "VARZOS": 4.732480300967317}