{"COVID19": 0.4905910496706882, "COVID19-2": 4.413755058099408, "DTAP": 0.4758797884027302, "DTAPHEPBIP": 5.197161474295128, "DTAPIPVHIB": 1.9173405103932577, "FLU(H1N1)": 1.7081159715826864, "FLU3": 2.6290061574615597, "FLU4": 3.3317714024434557, "FLUA3": 3.7740248420135103, "FLUA4": 3.59526012374618, "FLUC3": 10.00600761525448, "FLUC4": 3.858015642612265, "FLUN(H1N1)": 5.9781522562866005, "FLUN3": 1.0485715909888074, "FLUX": 2.5333197701356807, "FLUX(H1N1)": 1.753922608732919, "HEPA": 0.9620368112051376, "HEPAB": 1.056152713022665, "HIBV": 0.8982099799128236, "HPV2": 2.3150598541270453, "HPV4": 1.6859042892111524, "HPV9": 1.3716363203806503, "HPVX": 7.096803402723815, "MENB": 2.230225914088689, "MMR": 0.91978045349827, "MMRV": 0.787080517768401, "MNQ": 1.2171179545402788, "PNC13": 1.2346394704420174, "PPV": 0.3150140069480375, "RAB": 2.719731276150628, "RV5": 0.5703224214905667, "TD": 0.3830790249781131, "TDAP": 2.235955393986975, "UNK": 3.400980309117363, "VARCEL": 0.3369112886168988, "VARZOS": 2.205501300351916}