{"COVID19": 3.813782011574255, "FLU3": 1.489449153922056, "HPV4": 2.611813629000135}