{"COVID19": 1.981306264549552, "COVID19-2": 1.4450831777835351, "DTAPIPVHIB": 3.804367336827728, "DTP": 3.646446575175512, "FLU(H1N1)": 1.1252410879991348, "FLU3": 0.1236301669263366, "FLUN3": 2.08056497500546, "FLUX": 2.335713990494868, "HEP": 0.6600440364246941, "HPV4": 0.8775693793440452, "MEN": 5.193928422891988, "MENB": 2.208100657004476, "MMR": 1.0949418306983387, "MMRV": 1.5617170747815703, "TDAP": 0.3952892755449485, "UNK": 2.4338651812156256, "VARZOS": 0.7872521095332814, "YF": 4.645560425490003}