{"COVID19": 4.992587360606298, "COVID19-2": 2.374065220644379, "HEP": 0.7218782272008637, "HEPAB": 3.442783519073881, "HPV2": 1.875348810404863, "HPV4": 0.3561564039545637, "HPV9": 2.9883144234872554, "RV1": 5.515874561745227, "UNK": 0.987769959908939}