{"COVID19": 0.3813782011574255, "TYP": 233.4251305237096, "UNK": 50.70552460865887}