{"CHOL": 93.86242111178352, "COVID19": 1.2794623522700728, "FLU3": 0.2334211360624117, "FLU4": 0.9040705547079712, "FLUX": 1.2393584439360523, "HPV2": 1.073619765064494, "HPV4": 0.6162706315618295, "HPV9": 1.7060153238565303, "MMR": 0.3405581158677608, "PPV": 0.3918084663532805, "RV1": 26.58043489596913, "RV5": 9.872477778905672, "SMALLMNK": 9.320553874361682, "TDAP": 0.3717776457727583, "TYP": 5.225935757993498, "UNK": 0.5654891220296527, "VARCEL": 0.3137408096599745, "VARZOS": 1.1259535985185305}