{"FLU(H1N1)": 25.8805450239801, "HPV4": 274.2404310450141, "RAB": 41.20804963864587}