{"DTAPHEPBIP": 100.71813459927394, "DTAPIPVHIB": 102.0345475751022, "DTP": 18.77835572532765, "DTPIPV": 699.0714562504844, "FLUX": 1.657934877576047, "HEP": 13.464175508216316, "HIBV": 8.734601185554403, "MEA": 85.17790622992935, "MMR": 5.739662799282142, "PNC": 89.69901526, "PNC13": 6.344861000513174, "RAB": 9.020054796936662, "RV1": 103.00715132702442, "RV5": 37.92041288950946, "RVX": 87.93167968331042}