{"ANTH": 0.5487491956185441, "COVID19": 1.8614055322545904, "COVID19-2": 1.259131648018653, "DTAP": 0.4480618701684975, "FLU(H1N1)": 1.5180871767516555, "FLU3": 0.862438336640985, "FLU4": 0.9140555561010854, "FLUA3": 1.4771769108193504, "FLUA4": 0.5633023040326411, "FLUC3": 3.132152336921271, "FLUC4": 1.506376999736714, "FLUN(H1N1)": 0.3109733799566479, "FLUN3": 0.8224733416818458, "FLUN4": 1.0008835584831175, "FLUR4": 0.8795546572037757, "FLUX": 1.0416093083317215, "FLUX(H1N1)": 2.2032384099691598, "HEP": 0.2596724970887119, "HEPA": 0.0752154248460945, "HEPAB": 0.9944144956624776, "HPV2": 0.2705843692714074, "HPV4": 0.8339271897472712, "HPV9": 0.572051431709165, "HPVX": 0.5528106303401786, "IPV": 0.3474730512452763, "MEN": 0.4101323005591988, "MENB": 0.6089883613126791, "MMR": 0.1144768924316497, "MNQ": 0.4763875743942808, "PNC13": 0.3854145109481179, "PPV": 0.2799685339876954, "RAB": 0.8501817055800649, "TD": 0.1200784705207697, "TDAP": 0.9449592445310736, "TTOX": 0.6042900891277688, "TYP": 0.6560981182740119, "UNK": 1.0032814228472071, "VARZOS": 0.8684836014429453, "YF": 0.733891219262548}