{"COVID19": 29.018575225163787, "COVID19-2": 0.4978921612958356, "DTIPV": 3.2339423888170296, "EBZR": 4.757838887190797, "FLU(H1N1)": 0.0297851009901424, "FLU3": 0.045877218570255, "FLU4": 0.0673958993772459, "FLUC3": 0.2622415680708566, "FLUC4": 0.0503544100665285, "FLUN(H1N1)": 0.1042434305692718, "FLUX": 0.0863099136262933, "FLUX(H1N1)": 0.0921185550935264, "HEP": 0.0115566986252728, "HIBV": 0.047175288754576, "HPV2": 0.0302159151289337, "HPV4": 0.0229609989362649, "HPV9": 0.1196389226485111, "IPV": 0.466061185218154, "MENB": 0.0582234347143588, "MMRV": 0.0413386084871037, "PNC13": 0.0644777703558939, "PPV": 0.0439764083269518, "RAB": 0.0948600075389985, "RV1": 0.132471035152839, "RV5": 0.0299541594045055, "SMALL": 0.2170320438811904, "SMALLMNK": 0.2623173249846507, "TDAP": 0.0418663262010976, "UNK": 0.2869823214408949, "VARCEL": 0.0088299097926902, "VARZOS": 0.0152044398836899}