{"COVID19": 1.3983867375772263, "HPV4": 4.2190835545386784, "PNC13": 25.67021232294028}