{"ANTH": 0.6826987905596205, "BCG": 1.5230269639315814, "CHOL": 1.8992449365902548, "COVID19": 1.2169553682001903, "COVID19-2": 0.7188889682959791, "DT": 0.1498048881055849, "DTAP": 0.4556425703585321, "DTAPIPV": 0.3997051317545503, "DTP": 0.1391494576086756, "DTPHEP": 5.119181770303647, "FLU(H1N1)": 3.0377721887118883, "FLU3": 1.9049080952933648, "FLU4": 1.916079807885486, "FLUA3": 1.142404715, "FLUA4": 2.078419001874535, "FLUC3": 2.649495104787266, "FLUC4": 2.2199059470673568, "FLUN(H1N1)": 2.2597792079047285, "FLUN3": 1.0742064987052804, "FLUN4": 0.7174064354971188, "FLUR3": 5.190500368304746, "FLUR4": 0.579911619, "FLUX": 0.7310024245917393, "FLUX(H1N1)": 1.1305334686421755, "HEP": 0.8336336276923199, "HEPA": 0.6977777923900249, "HEPAB": 0.9791254743063592, "HIBV": 0.2266171964566077, "HPV2": 0.4800462462852542, "HPV4": 0.554807488, "HPV9": 0.6708820791230361, "HPVX": 0.5337282086029427, "IPV": 0.2339227257544859, "JEV": 1.313105543, "JEV1": 1.5904182198413732, "LYME": 0.2963505769760615, "MEA": 0.3155653942849337, "MEN": 1.0545258856785615, "MENB": 0.7039766467994625, "MMR": 0.5272887202749337, "MMRV": 0.2790534553601801, "MNQ": 0.9295029352998332, "MU": 1.8251768415744736, "PNC": 0.4191586295263096, "PNC13": 0.5549845616018522, "PNC20": 0.49878219770522, "PPV": 0.8379761311328521, "RAB": 0.8704310210856571, "RSV": 0.7496397938259157, "RUB": 0.4281633108504329, "RV1": 0.094295997, "RV5": 0.1056253326138058, "RVX": 0.3257675188034891, "SMALL": 0.5460078556217047, "SMALLMNK": 1.7280897941689837, "TD": 0.5039399687112266, "TDAP": 0.9103488973551748, "TTOX": 0.7286315479153782, "TYP": 1.0372822258605183, "UNK": 0.8897550149081137, "VARCEL": 0.2384420885783415, "VARZOS": 0.5163472160930718, "YF": 1.090715698210573}