{"6VAX-F": 30.90688008004715, "COVID19": 0.4151199293251722, "DF": 14.3877692975291, "DTAP": 2.189155440313493, "DTAPIPV": 2.3665846010940674, "DTAPIPVHIB": 5.795315693087376, "DTP": 2.884626934, "FLU(H1N1)": 1.7866086152601164, "FLU3": 1.3207565909234444, "FLU4": 1.1856370338750548, "FLUC4": 1.4095065471138517, "FLUN(H1N1)": 6.252283379453626, "FLUN3": 1.6465414203715474, "FLUX": 0.7686788977852581, "FLUX(H1N1)": 8.312746092957173, "HEP": 0.8620356270504349, "HEPA": 5.894397388392537, "HEPAB": 4.892779006515632, "HIBV": 10.96528394986522, "HPV2": 4.571948208973684, "HPV4": 3.415489095107376, "HPV9": 0.6603454199629711, "HPVX": 5.546500318857922, "IPV": 6.484818524239163, "MEA": 52.81547985077686, "MENB": 1.6688834378679709, "MMR": 2.307638786993436, "MMRV": 2.3196002328640475, "MNQ": 2.6969340981088608, "PNC": 8.790190954868052, "PNC13": 1.9285291794872867, "PNC20": 5.169231466127216, "PPV": 1.6748403965454923, "RAB": 5.592982305699329, "RV1": 3.933000323395477, "RV5": 10.868155719111742, "TD": 0.5955338769657972, "TDAP": 0.9105491207196958, "UNK": 0.8757385893387801, "VARCEL": 0.5205233636654557, "VARZOS": 0.3607073400127528}