{"COVID19": 0.7960535115294479, "FLU4": 2.4305559194438624, "FLUC4": 14.623630426306212, "FLUX": 2.642333711136825, "HEP": 5.654953713450852, "HPV4": 3.641642023306336, "HPV9": 14.14417286630364, "UNK": 4.529210516736503}