{"COVID19": 0.3980267557647239, "FLU4": 11.111112774600514, "HEPA": 34.20855627192097, "HPV4": 8.063635908749744, "TDAPIPV": 3952.693251533743}