{"ANTH": 4.796307860064816, "COVID19": 0.2754398119470295, "COVID19-2": 12.186868132641145, "FLU(H1N1)": 4.666983528914444, "FLU3": 0.5127611841371011, "FLUX": 2.747244550724916, "HEPA": 8.033007373562898, "HEPAB": 78.54646843516706, "HPV4": 2.788885739440821, "HPV9": 3.7476402196192633, "MNQ": 10.162934920411326, "PPV": 0.8606940080547474, "RAB": 7.430959770903354, "RV1": 6.917449245467376, "SMALL": 8.49893925936383, "TD": 3.1525519760493896, "TYP": 11.479924451985717, "UNK": 2.49371432501601, "VARCEL": 1.3835455376808714, "VARZOS": 1.2309153746516135, "YF": 39.17755958829902}