{"COVID19": 1.525512804629702, "MENB": 69.555170695641}