{"COVID19": 1.1441346034722764, "FLU4": 7.314752669909949, "TDAP": 20.001637342574394}