{"ANTH": 0.4132412139321381, "BCG": 7.240829214442464, "COVID19": 0.2064416784526064, "DTAPIPVHIB": 4.089964318204315, "FLU3": 0.7221571655379665, "FLU4": 0.1136472872443636, "FLUA3": 1.335301162322577, "FLUC3": 3.540261168956564, "FLUN(H1N1)": 1.4072863126851691, "FLUN3": 1.489060646892168, "FLUX": 3.2628564312128767, "FLUX(H1N1)": 3.741370324011014, "HEP": 13.5875497597913, "HEPA": 13.64773234852713, "HEPAB": 69.33886806836517, "HIBV": 1.2755343986315062, "HPV2": 4.131669768273947, "HPV4": 1.5921070017127088, "HPVX": 1.250460769053384, "IPV": 11.101318509015751, "JEV1": 15.314888874782229, "MEN": 1.856022444903493, "MENB": 1.1822408616822833, "MER": 25.99087008043665, "MMR": 0.5197738052109371, "MMRV": 1.117721131314674, "MNQ": 0.8624838687760673, "PNC": 0.7842149620554321, "PNC13": 3.3289900706983064, "PPV": 2.2390701474247767, "RAB": 1.282287258911187, "RUB": 4.0078546767106085, "RV1": 4.207622261844116, "RV5": 1.216580122896308, "RVX": 6.338823924436853, "TD": 0.8171629059731421, "TDAP": 0.7102854169948294, "TYP": 3.973193711041865, "UNK": 0.6463877074758212, "VARCEL": 0.5994053820918547, "VARZOS": 0.2762682153283698, "YF": 3.3248282536038776}