{"ANTH": 5.468687466615958, "COVID19": 0.030208174349103, "DTAPIPV": 15.748530331400396, "FLU3": 0.5846435931282836, "FLU4": 0.745021105268606, "FLUX": 1.5405109630233176, "HEP": 6.831796005880339, "HEPA": 11.586068327254178, "HEPAB": 41.99514153959427, "HIBV": 17.17719656823762, "HPV2": 16.82351748363197, "HPV4": 5.540210728182103, "HPV9": 2.116722716636806, "IPV": 31.508594043109397, "MEN": 12.1672582499229, "MMR": 4.404333325405177, "MMRV": 3.658466851108679, "PNC": 15.713892258544696, "PNC13": 8.972113044911165, "PPV": 5.893119177599342, "RV1": 24.58045071690349, "RV5": 2.650943107298745, "RVX": 41.55451239353048, "SMALL": 4.800326803899941, "TDAP": 3.809835684299885, "UNK": 1.4084867946849686, "VARCEL": 0.7814470166530847, "VARZOS": 0.2241481700754481}