{"COVID19": 1.1940802672941715, "FLU(H1N1)": 12.85581416632823, "HPV4": 8.063635908749745, "PPV": 2.3520584699312783, "VARZOS": 1.0288000654276774}