{"ANTH": 2.3037384209760137, "BCG": 10.03230349085179, "COVID19": 0.92039272545992, "COVID19-2": 0.7154717103311827, "DF": 9.01078811222044, "DTAP": 0.4674983439885921, "FLU(H1N1)": 0.557115450614053, "FLU3": 0.6867520051017862, "FLU4": 1.1153187239268634, "FLUA3": 1.850084584979226, "FLUC3": 4.905097666577783, "FLUN4": 1.5674306608143147, "FLUX": 0.6489554056830511, "HEP": 0.5446122720006517, "HEPA": 0.4716051295633795, "HEPAB": 2.079171223283834, "HPV2": 1.702183006693608, "HPV4": 3.2931563148262564, "HPV9": 3.168796779757278, "HPVX": 10.49793942082762, "LYME": 1.28101061129452, "MENB": 0.5444631756997338, "MMR": 1.086286164052502, "PNC": 1.086544409266626, "PNC13": 1.518947474730194, "PPV": 0.4134042085932251, "RAB": 0.8870617339043143, "RV1": 4.161384654571103, "RV5": 0.5602776038909285, "TD": 0.3763320362798684, "TDAP": 1.789410895458942, "TTOX": 1.893875885984583, "TYP": 2.7461780061612893, "UNK": 0.5965355836312808, "VARZOS": 1.1386176982973688}