{"COVID19": 0.88845258, "COVID19-2": 1.2709795411390146, "DTAPHEPBIP": 13.988629805454714, "DTAPIPVHIB": 10.716477622412969, "DTP": 5.320534122176167, "FLU(H1N1)": 3.303728780173735, "FLU3": 1.5033956748617243, "FLU4": 0.8690255801363529, "FLUA3": 10.97011678400255, "FLUA4": 8.355001298, "FLUX": 4.424372725624451, "HEP": 0.314164095, "HEPA": 1.330332743908038, "HPV4": 0.9513278319311496, "MEN": 7.326291961, "MENB": 1.5344456053730506, "MMR": 0.5208212540089352, "PNC13": 0.8812306945157186, "RV1": 7.291517453485998, "RV5": 9.967651388099627, "RVX": 24.913975910271287, "TDAP": 0.5564466848842585, "TTOX": 5.568769002595477, "UNK": 2.442720279, "VARZOS": 0.131457786}