{"COVID19": 0.3184214046117791, "HEP": 7.068692141813565, "HEPA": 29.93248673793085, "HPV2": 37.48997531, "HPV4": 7.055681420156026, "TD": 24.714655894080582}