{"COVID19": 1.3348237040509894, "FLUX": 23.547810434785}