{"HEP": 13.80592109521652, "HEPAB": 132.54716548434442, "VARZOS": 36.312003552222606}