{"ANTH": 4.905431867721157, "BCG": 232.9046678287817, "COVID19": 0.2415376039256017, "COVID19-2": 2.060422206946672, "DTAP": 1.287738494302055, "DTP": 15.530207707973675, "FLU(H1N1)": 1.5811963947890335, "FLU3": 0.8882768160897483, "FLU4": 0.4159240076053668, "FLUA3": 5.250403487530633, "FLUR4": 7.112445445, "FLUX": 4.251352563169863, "FLUX(H1N1)": 4.8898506429159845, "HEP": 6.35764027, "HEPA": 2.574837568854267, "HIBV": 2.3821639596966557, "HPV4": 2.508686727166587, "HPV9": 5.990018563598537, "HPVX": 4.908801084336823, "MENB": 1.4770064650649686, "MMR": 4.713577829578073, "MMRV": 2.0529082274812827, "OPV": 71.24617887976999, "PNC": 6.200392759562842, "PNC13": 5.229281044378991, "PPV": 0.5816918796604237, "RAB": 2.460014945, "SMALL": 5.767470075549388, "TD": 3.206225629502346, "TDAP": 1.076993583646952, "TTOX": 5.360312408915432, "VARCEL": 2.3537326963560905, "VARZOS": 0.5144000327138387, "YF": 12.408357082868667}