{"ANTH": 2.9153358807796104, "COVID19": 0.5131270342845361, "COVID19-2": 1.033515318669214, "DT": 1.4100563655156868, "DTAP": 1.0144019268712128, "DTAPIPV": 1.1891974209314349, "DTAPIPVHIB": 1.358510848577862, "DTPIPV": 24.210863154139044, "EBZR": 32.07011571492922, "FLU(H1N1)": 3.2465972375057004, "FLU3": 2.371374695402818, "FLU4": 3.8004323834808886, "FLUA3": 0.6667089019212866, "FLUC3": 1.76763392639016, "FLUC4": 4.104797027001109, "FLUN3": 3.735861878469704, "FLUN4": 0.5648498361608709, "FLUX": 2.145353662171301, "FLUX(H1N1)": 2.488958726739012, "HEP": 0.5106030561531003, "HEPA": 0.8521577836169976, "HEPAB": 2.25133189782326, "HIBV": 0.3179840690523536, "HPV2": 9.893421785503204, "HPV4": 2.211616379395275, "HPV9": 1.4591875748730323, "HPVX": 1.2495782985035937, "IPV": 0.7851224655781843, "LYME": 3.2451663998587104, "MENB": 0.9838072234178358, "MMR": 0.4541578839794573, "MMRV": 0.2786420450773887, "MNQ": 0.8618743395401831, "PNC": 0.3915544380361396, "PNC13": 1.756479246616013, "PNC20": 3.287285548052908, "PPV": 0.7505694709269419, "RAB": 0.9603570890362386, "TD": 0.5436202700749477, "TDAP": 2.975570141674711, "TTOX": 0.6824898291524131, "UNK": 1.6251770707903483, "VARCEL": 0.1191196581489529, "VARZOS": 1.0687859765186931, "YF": 1.6588945485518287}