{"COVID19": 0.3813782011574255, "FLUN(H1N1)": 996.3587093811}