{"COVID19": 0.2843048255462314, "FLU3": 2.9555392244440712, "FLUA3": 89.25685928802076, "FLUX": 7.686788977852582, "HEP": 5.140867012228048, "HEPAB": 48.92779006515632, "HPV4": 5.131404669204382, "PPV": 4.917940437129037}