{"COVID19": 4.046605350274694, "COVID19-2": 3.534911848792884, "FLUX": 1.2811314963087634, "PPV": 0.8196567395215062, "VARCEL": 1.3052517679792863}