{"COVID19": 1.1986172036376228, "FLU3": 1.1170868654415418, "FLU4": 2.8736528346074803, "FLUA3": 33.76404367587087, "FLUX": 2.9434763043481245, "HEP": 1.9722744421737883, "HPV4": 1.9588602217501008, "TDAP": 3.571720954031142}