{"COVID19": 0.6102051218518807, "DTAPIPV": 70.21219772749345, "FLUN(H1N1)": 83.02989244842499, "FLUX": 6.86811137681229, "HEPA": 20.082518433907246, "MENB": 23.185056898547}