{"COVID19": 48.663830554387054, "COVID19-2": 0.1298406556030444, "DF": 1.314005751125689, "EBZR": 3.2471176109757574, "FLU4": 0.005347758, "FLUX": 0.017443545, "HPV4": 0.0271783023475538, "HPV9": 0.1508322527882397, "HPVX": 0.063115085, "MENB": 0.0189906634328347, "MMR": 0.006445808, "SMALLMNK": 0.1257095023536018, "UNK": 0.6204483646485688, "VARZOS": 0.001626953}