{"ANTH": 0.5450479853023509, "COVID19": 0.1992819519415824, "COVID19-2": 0.067877095, "DTAP": 0.651416858, "DTIPV": 28.892860460423265, "DTP": 0.8620127290654456, "DTPHIB": 6.645610272849537, "FLU3": 0.7171529000489291, "FLU4": 0.070007011, "FLUX": 1.2343748723558892, "FLUX(H1N1)": 1.6475712977032235, "HEP": 42.32323848, "HEPA": 12.46007016526923, "HEPAB": 1.9429808329123448, "HIBV": 2.4166256444662277, "HPV2": 4.101000034302738, "HPV4": 0.61576856, "HPV9": 0.3950174404102818, "IPV": 3.874503486503905, "MEA": 7.827158950858372, "MMR": 0.9366267783266956, "PNC": 1.038984732683503, "PNC13": 1.294282615698517, "PPV": 1.5513577142099924, "RAB": 0.8288699002590447, "RV1": 3.530072819729395, "RV5": 1.5771600297625992, "RVX": 4.036467744238371, "TD": 0.8930318299577448, "TDAP": 0.090153378, "TTOX": 3.6186946587263034, "TYP": 4.516589652141711, "UNK": 0.261143669433456, "VARCEL": 1.0190227633541655, "VARZOS": 0.085423832, "YF": 5.2121825144841285}