{"COVID19": 0.5847799084413857, "FLU4": 2.1746561991624174, "HEP": 1.492532010293678, "HEPA": 20.656304674876026, "HEPAB": 45.44474245177523, "HPV2": 16.044650933463828, "HPV4": 3.047115900500157, "MMR": 5.089451842690426, "VARCEL": 2.2809804810414365}