{"COVID19": 0.7178883786492715, "FLU3": 0.6516340048408994, "MMRV": 8.231550414994528, "VARCEL": 7.501891359869613, "VARZOS": 7.007579632885063}