{"ANTH": 0.1803401112361412, "CHOL": 0.7777056391015145, "COVID19": 0.2501736736246888, "COVID19-2": 0.5300272691864286, "DPP": 1.2160661783236169, "DT": 0.1847702001880153, "DTAP": 0.0736025060166283, "DTAPH": 0.6790081212645419, "EBZR": 1.4007091752531768, "FLU(H1N1)": 0.2984405956577732, "FLU3": 0.2858253528211473, "FLU4": 0.2211731071666514, "FLUA3": 0.2621399656885655, "FLUA4": 0.1667835678401228, "FLUC3": 0.231626254400682, "FLUC4": 0.1631181280988008, "FLUN(H1N1)": 0.0920735623503973, "FLUN3": 0.0972951428501367, "FLUN4": 0.1480466530931483, "FLUR3": 0.957751806737862, "FLUR4": 0.21696241505635, "FLUX": 0.5545600627974946, "FLUX(H1N1)": 0.6784948135009596, "HEP": 0.2237228678220391, "HEPA": 0.096532719408687, "HEPAB": 0.1796917451722687, "HEPATYP": 3.4745319979103018, "HIBV": 0.0138884189587949, "HPV2": 0.0711799419088324, "HPV4": 0.1507653243746139, "HPV9": 0.0986190721213709, "HPVX": 0.081813044402088, "IPV": 0.0342913711633667, "JEV": 0.5361098911206056, "LYME": 0.2218560711759458, "MEN": 0.1214327154070668, "MENB": 0.0514255289946515, "MMR": 0.1045197325695906, "MMRV": 0.4385963774509125, "MNQ": 0.065749116860332, "PNC": 0.0171017123493884, "PNC13": 0.0949371429948171, "PNC20": 0.1435770007743184, "PPV": 0.0858463542926204, "RAB": 0.0977516889148408, "SMALL": 0.1597298871803289, "SMALLMNK": 0.0772262980411289, "TD": 0.0414707237761272, "TDAP": 0.0770669091862955, "TTOX": 0.1490620691482536, "TYP": 0.1078607897805324, "UNK": 0.6115333703614113, "VARCEL": 3.976745206207087, "VARZOS": 25.678459890605914, "YF": 0.0724057777698426}