{"ANTH": 2.319289619824352, "COVID19": 0.5916613937043194, "COVID19-2": 0.2467114049321097, "DTAP": 0.5246342013823186, "FLU(H1N1)": 0.3217450770680623, "FLU3": 1.020522512476204, "FLU4": 0.425015243, "FLUA4": 1.6364529200945597, "FLUC4": 1.530936227835765, "FLUN(H1N1)": 2.254363615031754, "FLUN3": 2.3871255526784005, "FLUX": 1.7830620381478242, "FLUX(H1N1)": 0.9949968119970504, "HEP": 2.570433506114024, "HEPA": 0.7834020520287246, "HEPAB": 1.7607601659216556, "HIBV": 0.4847275957162944, "HPV4": 1.2543433635832937, "HPV9": 0.2385578666242725, "IPV": 1.1678318452247896, "LYME": 2.223598849382542, "MMR": 0.8223493484351608, "OPV": 14.497318226895525, "PNC": 2.518063435106307, "PNC13": 0.172602312, "PPV": 0.4147660609626898, "RAB": 0.5005688733882152, "RUB": 3.206565818202508, "RV5": 0.3163472965029805, "SMALL": 3.521059411549845, "SMALLMNK": 1.989465726040027, "TD": 0.2151439033217025, "TDAP": 0.5473246080828772, "TTOX": 1.090727334567123, "TYP": 0.775817125, "UNK": 2.728560931455878, "VARCEL": 3.8135278669451576, "VARZOS": 3.7895649320482296}