{"COVID19": 1.57318507977438, "VARZOS": 5.868606634702644}