{"BCG": 46.37482324024415, "COVID19": 0.4269741561839766, "COVID19-2": 0.667357989, "FLU3": 0.2877073581317237, "FLU4": 0.688299021, "FLUX": 6.381485189160634, "HEPA": 4.276069533990121, "HPV2": 2.654157544324545, "HPV4": 0.4995172686836124, "HPVX": 16.39188933519618, "IPV": 19.164954745742527, "MENB": 2.444249636877426, "MMR": 3.4090118444221216, "PNC13": 1.4037303098480474, "SMALL": 14.496613973678194, "SMALLMNK": 16.179814179033496, "TDAP": 0.8863752502581108, "UNK": 1.2826082879253815, "VARCEL": 1.5383324408327306, "VARZOS": 5.34312292}