{"COVID19": 25.25939026968441, "FLU3": 0.038842212, "FLU4": 0.2794411596007314, "FLUX(H1N1)": 1.092475591667012, "HEPA": 0.2860930632060297, "HPV4": 0.067437815, "HPV9": 0.5244848790136518, "PPV": 0.064632431, "TDAP": 0.1196659537385502, "UNK": 0.1731597808071303, "VARZOS": 0.0282704916425765}