{"COVID19": 0.9666364068571868, "FLUX": 3.676290380712104, "HEP": 5.140867012228048, "HPV2": 27.26543659, "HPV4": 5.131404669204382}