{"ANTH": 3.170314947751821, "BCG": 39.55638181963939, "COVID19": 0.1898143799338562, "DTAP": 1.4723676658130698, "DTAPIPV": 2.5884681189859338, "DTP": 5.685984490104188, "FLU(H1N1)": 0.436634962061014, "FLU3": 1.4012737640098702, "FLU4": 1.2513573774340505, "FLUA3": 2.904433864591043, "FLUC4": 2.2213266988425238, "FLUN(H1N1)": 3.06100985984977, "FLUN3": 1.6171518853345048, "FLUN4": 1.22846176023944, "FLUR4": 4.327517000036395, "FLUX": 7.882194935804708, "FLUX(H1N1)": 12.304693084247404, "HEP": 5.896766298295869, "HEPA": 5.279910949759652, "HEPAB": 6.575983403874451, "HIBV": 1.385257787761098, "HPV2": 3.582061603750063, "HPV4": 3.4838360947086486, "HPV9": 2.4771553773644355, "HPVX": 5.45655608314204, "IPV": 5.138324567030148, "JEV1": 16.630278103291133, "MEN": 4.037062645135708, "MENB": 0.4267188386235643, "MMR": 2.007107768948337, "PNC13": 0.9492836606326142, "PPV": 1.0664536693553357, "RAB": 7.049588585149371, "RV5": 0.8795755932051136, "RVX": 20.71332617769827, "SMALL": 7.245213747501152, "SMALLMNK": 19.345902717618, "TD": 0.5908008311490407, "TDAP": 3.81589265677095, "TTOX": 1.4843107020523345, "TYP": 4.316027066694168, "UNK": 2.606358741566577, "VARCEL": 2.255875349960792, "VARZOS": 0.5303787686292295, "YF": 22.00299758469212}