{"BCG": 3.454519598265004, "COVID19": 5.282088086030343, "FLU(H1N1)": 0.1918369240321975, "FLU3": 0.2120571676770384, "FLU4": 0.2173187829007682, "FLUC3": 3.380316800568101, "FLUC4": 0.3243176896333424, "FLUX": 0.2225991533335516, "HEP": 0.299112711609295, "HEPA": 0.1623923323496542, "HEPAB": 0.3572699878284215, "HPV2": 0.1946116690042782, "HPV4": 0.7108551418629288, "HPV9": 0.4627652902768726, "MEA": 2.8187373733439283, "MMR": 0.0617318956660563, "PNC13": 0.207715811109429, "PPV": 0.0708055758480641, "RAB": 0.3054505027123346, "RV5": 0.1929257786982914, "SMALL": 1.0494641595570724, "TDAP": 0.6780216048330303, "UNK": 0.2051470988887074, "VARCEL": 0.1708426676083667, "VARZOS": 0.098206906158817, "YF": 9.574963646834792}