{"BCG": 3.472733615737302, "COVID19": 5.381015563511557, "COVID19-2": 0.049974455, "FLU(H1N1)": 0.1959468030653076, "FLU3": 0.2167395431258985, "FLU4": 0.2583979715023375, "FLUC3": 3.221561157, "FLUC4": 0.3101101216976798, "FLUX": 0.2245808200700621, "HEP": 0.3011959368016432, "HEPA": 0.1586878024542391, "HEPAB": 0.3566638109454735, "HPV2": 0.1987540109401415, "HPV4": 0.7192914660387095, "HPV9": 0.5822966253059932, "MEA": 2.878776154888268, "MMR": 0.062125796, "PNC13": 0.21037337534858, "PPV": 0.071747142, "RAB": 0.3048527466161496, "RV5": 0.1926594867370703, "SMALL": 1.067766523608679, "TDAP": 0.6677360218611101, "UNK": 0.1922211359888171, "VARCEL": 0.1714929330191763, "VARZOS": 0.094397878, "YF": 10.02117816512239}