{"ANTH": 9.54048193904197, "BCG": 54.537309402396446, "COVID19": 0.0399116722141491, "DTAP": 2.5414005721081976, "FLU(H1N1)": 22.645476895982583, "FLU3": 1.3748761420818978, "FLU4": 0.855981695414994, "FLUN(H1N1)": 10.599560738096809, "FLUN3": 5.599818496557249, "FLUN4": 17.224883175830424, "FLUX": 8.625070101113108, "FLUX(H1N1)": 38.70194064105166, "HEP": 3.067982465603671, "HPV2": 126.8986028373957, "HPV4": 5.739915998616574, "LYME": 21.34553551211412, "MEN": 13.979403095656094, "MMR": 1.9701103907188744, "PNC": 5.906640352502616, "TDAP": 1.06391687992417, "TYP": 7.449738208203497}