{"DTAPIPV": 120.3637675328459, "FLU3": 4.468347461766167, "HEPAB": 75.74123741962538, "HPV4": 32.90885172540169, "TD": 27.4722386484304, "TDAPIPV": 3806.166082383874}