{"6VAX-F": 0.6145097728216345, "ANTH": 2.0425744719596146, "BCG": 0.3138312987272481, "COVID19": 0.5385166843529491, "COVID19-2": 0.468027213530222, "DF": 6.014601723370481, "DPP": 2.4554252550659306, "DT": 1.977787294526387, "DTAP": 1.9772846336466736, "DTAPH": 2.74221059803138, "DTAPHEPBIP": 1.6597247731783518, "DTAPIPV": 1.3196431198950545, "DTAPIPVHIB": 1.0349646573770932, "DTP": 1.4934384748866107, "DTPHIB": 1.5467407087239666, "DTPIHI": 7.400032322794789, "FLU(H1N1)": 1.298262479566047, "FLU3": 1.926115445095997, "FLU4": 1.437342656436185, "FLUA3": 0.9416296370372028, "FLUA4": 1.1716830298675358, "FLUC3": 1.8924692830454608, "FLUC4": 1.856857299366243, "FLUN(H1N1)": 1.0544778376749058, "FLUN3": 1.2796769694460264, "FLUN4": 1.7766174494862037, "FLUR3": 3.055900540308464, "FLUR4": 1.6746956027404685, "FLUX": 2.091036790551086, "FLUX(H1N1)": 1.2062628497305488, "HBHEPB": 1.3487917907012237, "HEP": 2.45575658, "HEPA": 1.4861634774677643, "HEPAB": 2.265584121123962, "HIBV": 1.3109770788408683, "HPV2": 0.973005066714832, "HPV4": 1.039612509062448, "HPV9": 0.9361115130723572, "HPVX": 0.880365213, "IPV": 5.296110741556821, "JEV": 1.082523674647612, "JEV1": 0.6555308059682747, "LYME": 0.9374335038843686, "MEA": 2.3425200095588714, "MEN": 1.3438708429210744, "MENB": 0.9959740692366696, "MER": 1.1444458993363664, "MM": 2.187011899410485, "MMR": 1.6161449000496564, "MMRV": 0.3451455033616037, "MNQ": 1.087656436970216, "MU": 4.5146234549198985, "OPV": 0.7978821086667258, "PER": 4.220498068515302, "PNC": 1.8012314161858531, "PNC10": 6.2814137328798605, "PNC13": 1.8255551367398133, "PNC20": 2.263960342303363, "PPV": 2.359849176693753, "RAB": 2.3535534816853514, "RSV": 0.9270596336260538, "RUB": 2.119135125734839, "RV1": 0.2592306522700596, "RV5": 0.3311594810694571, "RVX": 0.8057946209599003, "SMALL": 1.255619085475248, "SMALLMNK": 0.9859119844264268, "TD": 2.420978597613761, "TDAP": 1.3310150678481474, "TDAPIPV": 1.657015975610025, "TTOX": 4.158996452930596, "TYP": 2.1841526210479687, "UNK": 1.1371546713515512, "VARCEL": 0.9756187815164944, "VARZOS": 1.0306645324878827, "YF": 2.076868214122238}