{"6VAX-F": 2.4470510272823405, "ANTH": 0.651936869318045, "BCG": 1.2667425460403423, "COVID19": 2.034613908835154, "COVID19-2": 0.905413679988198, "DF": 2.276081426270215, "DT": 0.4940597791700626, "DTAP": 0.6509309367252605, "DTAPHEPBIP": 3.2265335890380333, "DTP": 1.1409237985646854, "DTPHIB": 5.271976759364101, "FLU(H1N1)": 0.3520727124211985, "FLU3": 0.8982116498747238, "FLU4": 0.1194393063369759, "FLUA3": 0.4673224038182819, "FLUA4": 0.445965056120727, "FLUN(H1N1)": 0.2461968641910304, "FLUN3": 0.9118239472246148, "FLUN4": 0.3959253918319896, "FLUR4": 0.3480619677568191, "FLUX": 1.051609747963253, "HBHEPB": 5.359832586923291, "HEP": 1.1275821615452866, "HEPA": 0.776424504507938, "HEPAB": 0.1310078235575432, "HIBV": 1.3406384833981293, "HPV2": 0.1427601170550414, "HPV4": 0.1086100717009956, "HPV9": 0.0564877819117309, "IPV": 0.2750935646626798, "LYME": 0.8095429413449168, "MEA": 1.0336066869390632, "MEN": 1.2997664599324164, "MENB": 0.2751935536919525, "MMR": 0.9142727861120528, "MMRV": 0.2930391247859609, "MNQ": 0.5281406417437213, "OPV": 9.514804826791652, "PNC": 3.4503119135921323, "PNC13": 0.3049926216586963, "PPV": 0.7631918296986706, "RAB": 0.7852065880167612, "RV": 4.67574517932808, "RV1": 0.2085834918307019, "RV5": 0.5669343675015138, "SMALL": 0.5127945547192815, "TD": 1.0028356298284749, "TDAP": 0.2476676243508469, "TYP": 0.3461568915329356, "UNK": 0.6036371977221293, "VARCEL": 0.6936680367002724, "VARZOS": 0.0840138902216355, "YF": 0.5809820996781863}