{"BCG": 84.52185526044497, "COVID19": 0.921746171, "DTAPIPV": 12.672678831665005, "FLU3": 0.5243698624013675, "FLU4": 1.2544804745516709, "HEPAB": 8.680736947043863, "HPV4": 0.910410506, "HPV9": 3.5360432165759104, "MMR": 1.5120617051872314, "MNQ": 4.784883077289914, "PPV": 0.8725378194906356, "RV1": 29.330849869390008, "RV5": 9.531907065122594, "VARCEL": 1.3894615594618211, "VARZOS": 0.7758164427815274}