{"COVID19": 1.8482174363782928, "COVID19-2": 7.361195516360423, "FLU3": 0.2071419353136634, "FLU4": 1.0728303915867927, "FLUX": 1.6594094601694125, "HEP": 0.3657197641116959, "HPV4": 1.1043238834027411, "HPV9": 3.0480807119570006, "MMR": 0.6066896236319713, "PNC13": 1.0200084366731237, "PPV": 1.057093983047106, "SMALLMNK": 16.60416551128008, "UNK": 2.028220984346355, "VARCEL": 0.5589157470101532, "VARZOS": 0.3227733649086454}