{"COVID19": 0.8898824693673262, "FLUX": 9.15748183574972, "HPV4": 6.094231801000314, "HPVX": 98.3695804988662}