{"COVID19": 1.393093645176534, "FLUX": 4.973804632728141, "MENB": 16.247071115714654, "PNC13": 9.330677941931135, "PPV": 3.1821967534364357}