{"COVID19": 1.525512804629702, "DTP": 230.63774587985117}