{"COVID19": 0.762756402314851, "FLUX(H1N1)": 110.05864369799066, "PNC13": 19.25265924220521, "PPV": 6.562791811417449}