{"ANTH": 0.6649426805998949, "COVID19": 0.822830295575925, "DTAP": 0.5429355767685695, "DTAPHEPBIP": 1.9735060968957288, "DTAPIPV": 0.637327059553647, "DTAPIPVHIB": 0.7280672739919936, "DTP": 3.499814049770124, "FLU(H1N1)": 1.2969749214750843, "FLU3": 0.262242953167679, "FLU4": 0.7984806349596356, "FLUA3": 2.1486209611917824, "FLUC3": 1.895994635114408, "FLUC4": 0.3640600994068684, "FLUN3": 0.39817166314401, "FLUN4": 2.428982767782001, "FLUX": 2.635811854439662, "FLUX(H1N1)": 1.3330342915729376, "HEP": 1.7661240714629556, "HEPA": 0.9142269393280992, "HEPAB": 1.2049742316758585, "HIBV": 0.341075196608349, "HPV2": 1.5361899829912171, "HPV4": 1.2725774062413648, "HPV9": 1.3907592602085177, "HPVX": 0.6696870079347927, "LYME": 24.111310228417317, "MEA": 3.164149971287738, "MEN": 3.985030753575961, "MENB": 0.2104543742682026, "MMR": 1.406141721694976, "MMRV": 0.5982050263735614, "MNQ": 0.6929273809371359, "PNC": 0.4199880432187942, "PNC13": 0.7016914530188686, "PPV": 0.1991742583131243, "RAB": 2.0650958816633467, "RV1": 10.124532912677097, "RV5": 2.841163452402624, "RVX": 72.38527965324664, "SMALL": 1.5722071109058184, "TD": 0.4370583421341199, "TDAP": 0.6849875802251506, "TTOX": 0.7320503613752812, "UNK": 1.74445612185753, "VARCEL": 0.5134374314739659, "VARZOS": 0.4282954265133948, "YF": 1.7794500948508265}