{"ANTH": 4.006644130368275, "COVID19": 0.059853647, "FLU(H1N1)": 1.9452876699049293, "FLU3": 2.2734917111108244, "FLUX": 3.451211377811364, "HEP": 32.647155459097704, "HEPA": 8.089861281, "HEPAB": 14.44847491856965, "HPV2": 3.972447715, "HPV4": 1.5153141305033078, "HPVX": 6.039117123493329, "JEV1": 72.01350919775166, "JEVX": 581.8027605779154, "LYME": 18.246444249519385, "MEA": 28.57942906398945, "MMR": 10.948651179165935, "MU": 165.29858158627766, "PNC13": 1.0435626645580878, "PPV": 1.452277712977702, "RUB": 19.38706570347437, "TDAP": 1.3266278580022055, "VARCEL": 4.130317238400208, "VARZOS": 0.4732480300967316}