{"ANTH": 1.0229887393844537, "BCG": 17.924849943444983, "COVID19": 1.0780290486049893, "DTAP": 0.8352855027208761, "DTAPIPVHIB": 3.365401874886068, "FLU(H1N1)": 1.9977964579914465, "FLU3": 0.6678668804063311, "FLU4": 1.42663615902499, "FLUX": 0.5783672738368244, "HEP": 0.5833487786711204, "HEPA": 0.8426231510730312, "HEPAB": 1.8538065102705517, "HPV4": 1.775657467197933, "HPVX": 3.095546239474811, "LYME": 2.288798679620628, "MEA": 14.625896021127236, "MENB": 0.972799590148825, "MMR": 1.9560882527066408, "PNC10": 353.1432346723044, "PNC13": 1.6269852880736797, "PPV": 0.3684374350269445, "SMALL": 3.63814241979785, "SMALLMNK": 8.766534937773748, "TD": 2.0313979282290084, "TDAP": 1.7731947998736166, "UNK": 1.0674847286033446, "VARZOS": 1.1485548568829536}