{"COVID19": 1.5125016719059512, "DF": 207.6843220338983, "FLU3": 1.4135187595167298, "HEP": 2.4586755275873267, "HPV4": 2.4541500591847045, "TD": 8.596402050114985}