{"DTAPHEPBIP": 652.2437650240385, "FLU3": 7.819608058090793, "PNC13": 38.50531848441042, "RV1": 105.49110099337749, "RV5": 71.57546389706611}