{"COVID19": 1.5005416128872515, "COVID19-2": 1.772635364747803, "DTAP": 0.2885164900702543, "DTAPIPV": 1.0175680830071514, "FLU3": 0.7732616126665803, "FLU4": 2.1935193880027355, "FLUA4": 2.179735002561089, "FLUC4": 0.5812650379418841, "FLUN4": 1.9370183015141835, "FLUX": 2.037511409684733, "HEP": 0.2677511969981385, "HEPA": 0.58280585539755, "HEPAB": 0.6403244709388619, "HIBV": 0.5445669201886926, "HPV2": 0.698437041843649, "HPV4": 0.5344515099537425, "HPV9": 0.5528562355423823, "HPVX": 1.0692345706398505, "MENB": 2.7110419759567743, "MMR": 0.3327244546068802, "MMRV": 2.397538955823649, "MNQ": 2.5963702351415794, "PNC13": 0.7467698130309899, "PNC20": 5.629675008622009, "PPV": 0.5115940023516646, "RV5": 1.0398372478992657, "SMALLMNK": 6.063431661918481, "TDAP": 0.606845793160631, "TYP": 0.8457432265351796, "UNK": 2.803130967309152, "VARZOS": 0.3555642942690096, "YF": 1.4194767966775008}