{"COVID19": 1.24645558427061, "FLU(H1N1)": 1.6361264095619603, "FLU4": 0.4624268929253416, "FLUX": 0.4736628535732614, "HEP": 0.6384240968886251, "HEPA": 2.7860141179986933, "HPV4": 3.324126436909262, "HPV9": 2.642844547939596, "JEV1": 62.31575473187252, "MMR": 1.597851159914436, "PPV": 0.6069634045241571, "RUB": 16.307822477650063, "RV1": 7.359844255351918, "RV5": 1.645412963150945, "TD": 1.1052050030977745, "UNK": 3.558282428677815, "VARCEL": 1.472028101137206, "VARZOS": 0.1391264503916575, "YF": 13.587592920797348}