{"BCG": 5.8682587078920365, "COVID19": 2.750963683648225, "COVID19-2": 1.1997276577721303, "FLU3": 0.1828511331208368, "FLU4": 0.3495630985267577, "FLUC4": 0.52402707, "FLUN4": 2.768778204338628, "FLUX": 0.4755606229267626, "HEP": 0.06332535, "HEPAB": 0.6026939425719143, "HIBV": 2.0020883616326945, "HPV2": 1.3479541685783083, "HPV4": 0.7031709682601702, "HPV9": 1.4813154015385572, "HPVX": 1.0279348295307795, "MEN": 2.9567994462687106, "MENB": 0.6192829797469711, "MMR": 0.5272656114826115, "MNQ": 0.3322091274266233, "PNC13": 0.7129057303947387, "PNC20": 1.9218195372387856, "PPV": 0.1821459421158902, "RAB": 0.5151431071038856, "RV1": 0.4844681249423321, "RV5": 0.6518456625251998, "TDAP": 0.2245748952447679, "UNK": 1.308665792646213, "VARCEL": 0.096468776, "VARZOS": 0.5138121469621658}