{"COVID19": 0.2243401183278973, "DTAP": 2.986145672227132, "DTAPHEPBIP": 32.61218825120193, "FLU3": 3.4277733953274714, "FLU4": 1.005778492112618, "HEP": 0.690296054760826, "HEPA": 6.101018258402201, "HIBV": 5.6362676239529685, "HPV4": 2.1095417772693392, "MMR": 1.1451266646053455, "MMRV": 15.196708458451436, "PNC13": 5.9238951514477565, "RAB": 5.666106825313807, "SMALL": 6.480441185264921, "SMALLMNK": 63.47415170134917, "TDAP": 5.195230478590752, "VARCEL": 1.0549534724816645, "VARZOS": 6.43025062903942}