{"6VAX-F": 5.567598581972683, "ANTH": 3.925894967952352, "BCG": 0.3552542218254754, "COVID19": 0.2352444587565452, "COVID19-2": 0.2513202194067987, "DPP": 5.559415716486902, "DT": 3.500736894244385, "DTAP": 12.53666965177389, "DTAPH": 15.529334674850748, "DTAPHEPBIP": 7.017611852644673, "DTAPIPV": 7.962510336850048, "DTAPIPVHIB": 3.654803065019992, "DTIPV": 2.1761214813592464, "DTP": 0.6496378659555759, "DTPHEP": 14.333986626211948, "DTPHIB": 0.2500382144553923, "DTPIHI": 8.376770369875086, "DTPIPV": 2.416964562997404, "DTPPVHBHPB": 2.097808297235224, "FLU(H1N1)": 0.5019415458436023, "FLU3": 1.985311142708997, "FLU4": 2.3631583710734483, "FLUA3": 1.0660428362304324, "FLUA4": 0.9180697349319746, "FLUC3": 1.6477120553988371, "FLUC4": 1.6234109826359933, "FLUR3": 2.0753354242284696, "FLUR4": 2.0768978110485867, "FLUX": 0.5480449261005627, "FLUX(H1N1)": 0.185992691753737, "HBHEPB": 12.991286087504294, "HEP": 0.6161431100107486, "HEPA": 0.5857947934577389, "HEPAB": 0.5112552361266164, "HIBV": 1.7278996697112388, "HPV2": 0.2849014272710972, "HPV4": 0.540813249, "HPV9": 1.2254426525611404, "HPVX": 0.3735029714245163, "IPV": 1.3840705796151531, "JEV": 1.225416799701097, "JEV1": 0.7420550063086063, "LYME": 0.046076879, "MEN": 3.585460992484625, "MENB": 2.8372847106610304, "MENHIB": 27.795804290618204, "MMR": 0.7365580349788179, "MMRV": 1.6202462892728378, "MNQ": 3.726356194311988, "PNC": 5.564694425853641, "PNC13": 4.171346629668116, "PNC20": 2.913330697, "PPV": 4.294696650115976, "RAB": 0.655792457, "RSV": 1.049439802225276, "RUB": 0.3995707100919463, "RVX": 0.3040143491186245, "SMALL": 2.337144736497138, "SMALLMNK": 6.717187788846263, "TBE": 2.569298535, "TD": 6.4636999944196765, "TDAP": 5.8267044730940425, "TTOX": 4.984918911, "TYP": 0.3868561790261677, "UNK": 1.6494697836901344, "VARCEL": 3.3740151365009794, "VARZOS": 2.684322549759936, "YF": 1.3313615573814297}