{"COVID19": 0.033168896, "FLU3": 2.7092442890737325, "FLU4": 14.14141625858247, "PNC13": 13.21846041773578, "PPV": 16.229203442525822, "TDAP": 18.21098241439391, "UNK": 12.077894711297342, "VARZOS": 4.302254819061196}