{"ANTH": 4.5360430924644, "COVID19": 1.4029269542576723, "FLU3": 0.7330882554460119, "FLU4": 0.6189406105308418, "FLUX": 3.9560321530438793, "HEPAB": 4.078374322595213, "HIBV": 3.4684723839710574, "HPV2": 2.2215670523257605, "IPV": 8.56387427838358, "PNC": 4.270955331809584, "PNC13": 1.1847790302895511, "RV1": 3.2458800305654614, "RV5": 2.2023219660635727, "SMALL": 3.987963806316874, "SMALLMNK": 19.286376863102248, "TDAP": 0.769293743945169, "UNK": 2.358396493425994, "VARZOS": 0.3753178661728435, "YF": 9.040975289607466}