{"6VAX-F": 2.324698475918223, "ANTH": 0.3437203706108479, "BCG": 2.4073759492018154, "COVID19": 0.6745363635805798, "COVID19-2": 0.7738603941234969, "DF": 13.004036880239052, "DPP": 9.267794494238156, "DTAP": 1.0134456205531628, "DTAPHEPBIP": 1.83816937066427, "DTAPIPV": 0.3956545539938583, "DTAPIPVHIB": 1.5838116016741672, "DTP": 0.2165612637369494, "DTPPVHBHPB": 11.92611037651262, "FLU(H1N1)": 2.970401657957402, "FLU3": 1.6052094508590031, "FLU4": 1.5591972796386997, "FLUA3": 2.0010674991343977, "FLUA4": 1.6958614819079936, "FLUC3": 1.7659733966331006, "FLUC4": 0.905313804685408, "FLUN(H1N1)": 1.404971153063831, "FLUN3": 2.108508472549124, "FLUN4": 3.018919454138478, "FLUX": 3.508836935352107, "FLUX(H1N1)": 2.486615626031326, "HBHEPB": 5.091778033973148, "HEP": 0.8020582731506739, "HEPA": 0.5669024257983697, "HEPAB": 2.123752887119562, "HIBV": 2.233238115151176, "HPV2": 1.088541688772104, "HPV4": 1.1566334978174573, "HPV9": 0.4838792287325906, "HPVX": 2.9184288068888966, "IPV": 1.3079225284185445, "JEV1": 2.5452913904567644, "MEN": 2.7814146328610203, "MENB": 2.5035249693908197, "MMR": 0.8900510568496527, "MMRV": 0.3712609066664198, "MNQ": 1.221276345289768, "PER": 7.964477882922535, "PNC": 3.145003690168964, "PNC10": 23.708677257342504, "PNC13": 3.739458814351397, "PPV": 1.0814852134743007, "RAB": 2.030288159942713, "RV1": 2.99194803101047, "RV5": 1.961898348785366, "RVX": 5.272424034893436, "SMALL": 1.2195607970387996, "TD": 0.2259230152009078, "TDAP": 0.8760186809602896, "TDAPIPV": 6.2542635156542525, "TTOX": 1.8204008045861688, "TYP": 1.152310235307452, "UNK": 2.393252412995102, "VARCEL": 0.3980017816483525, "VARZOS": 0.4927395118037869, "YF": 1.6573350707153525}