{"ANTH": 1.1040205541708203, "COVID19": 1.023497371966433, "COVID19-2": 1.5390092402907796, "DTAP": 0.438628595, "DTAPHEPBIP": 4.586436001788431, "DTAPIPVHIB": 3.500455281773579, "FLU3": 0.7251508877818168, "FLU4": 1.1480116519882448, "FLUC4": 0.8523791869613822, "FLUX": 1.7256056889056817, "HEP": 1.5855010411544446, "HEPA": 1.3133083760700923, "HEPAB": 6.938194907950343, "HIBV": 3.2634773660313154, "HPV2": 2.751557821180492, "HPV4": 0.5178481776261303, "HPV9": 0.800126567, "IPV": 17.854227711375664, "LYME": 1.2380328748535463, "MEN": 2.402062938134508, "MENB": 2.533946871258249, "MMR": 0.5141562653835923, "MMRV": 0.699260179, "MNQ": 1.082710769313776, "PNC": 1.0503397570844155, "PNC13": 1.1620624543064422, "PNC20": 3.126019757, "PPV": 0.4963059156735725, "RV1": 2.3727424254488256, "RV5": 1.594459774147564, "RVX": 8.168516691892224, "SMALL": 1.957571959949245, "TD": 0.360140705196074, "TDAP": 0.549325795, "UNK": 1.3296764819776892, "VARCEL": 0.156915513090406, "VARZOS": 0.4381926204599367, "YF": 4.211595652214548}