{"COVID19": 0.6651945369024863, "FLU3": 0.723200745256952, "FLU4": 0.2279384684674488, "FLUN3": 1.4911697979500889, "FLUX": 0.7044216796730555, "HEP": 0.9521324893252772, "HEPA": 0.6826918447787166, "HEPAB": 1.5019508836752908, "HPV4": 0.4687870616154087, "IPV": 3.1538347200846046, "MEA": 11.849876096437365, "MENB": 0.7881605744548553, "MMR": 0.7829925911831425, "PNC": 1.5728730683718013, "PNC13": 1.316421144766168, "PPV": 0.4487379016353811, "RAB": 1.2841035298161605, "RV": 161.73282684393797, "RV1": 67.79100260558029, "RV5": 21.755460151083923, "RVX": 38.35801144018198, "TYP": 3.978837452108686, "VARZOS": 0.6315131052560453}