{"COVID19": 0.084429918, "COVID19-2": 1.933626994211492, "DTAP": 6.174540985499596, "DTAPIPV": 20.14630993751873, "FLUX": 45.52944240728068, "HEP": 1.4499881316540646, "HPV2": 7.690251346376246, "HPV4": 1.447319265673031, "PPV": 2.847228674127337, "TYP": 18.281434306287878, "VARCEL": 2.2088876073495616, "VARZOS": 6.8697294691461055}