{"COVID19": 0.3813782011574255, "FLU(H1N1)": 56.93719905275622, "FLU3": 2.843493839305743, "PNC": 50.47492664865872, "PPV": 4.77293949921269, "TDAP": 9.091653337533817}