{"ANTH": 1.244862682480678, "COVID19": 1.5839840280432893, "COVID19-2": 2.2273424870031118, "DTAPIPV": 3.233358385, "FLU3": 0.2686853840403701, "FLUC4": 1.9257455705423816, "FLUX": 0.3479616409727506, "HEP": 0.2327141445864548, "HEPA": 0.9854316621541022, "HPV2": 2.478676053790691, "HPV4": 4.495655418152512, "HPV9": 1.8118568547744331, "HPVX": 7.586328948520546, "MEN": 5.4268829343038885, "MMR": 1.1669853824266596, "PNC13": 0.6527634774190508, "PPV": 0.2226228181416436, "RV5": 2.4026707891424723, "UNK": 0.5964392450023379, "VARZOS": 0.097376138}