{"COVID19": 1.3348237040509894, "FLU(H1N1)": 35.585749407972635, "MMR": 11.451266646053458}