{"CHOL": 78435.01739130435, "COVID19": 0.1326755852549079}