{"6VAX-F": 3.936095193724814, "ANTH": 1.5776950360548734, "BCG": 1.0185787967067883, "CHOL": 5.016688114259839, "COVID19": 0.3697398992441706, "COVID19-2": 2.191882757669271, "DF": 0.9148644397664702, "DPP": 7.844387948629952, "DT": 0.7946979039353115, "DTAP": 1.5282952660738622, "DTAPHEPBIP": 3.1133353939094914, "DTAPIPV": 1.0054252657874958, "DTAPIPVHIB": 3.453965082119912, "DTP": 1.836287785667605, "DTPPVHBHPB": 5.04602663357513, "FLU(H1N1)": 4.072678957027696, "FLU3": 1.8143857284851272, "FLU4": 1.8309173688193936, "FLUA3": 0.939941561865564, "FLUA4": 1.435244995722133, "FLUC3": 1.4946362001319304, "FLUC4": 1.4383964477462046, "FLUN(H1N1)": 1.983198068035629, "FLUN3": 2.521594915815, "FLUN4": 1.5942616792916298, "FLUR4": 0.8399563407941842, "FLUX": 2.115848492612099, "FLUX(H1N1)": 2.455491652226087, "HEP": 1.0508150469233626, "HEPA": 1.7358239222584897, "HEPAB": 2.539825925448516, "HIBV": 0.8075846147753506, "HPV2": 3.6013335562642057, "HPV4": 6.237149626422003, "HPV9": 2.3397368499368905, "HPVX": 6.376899576156993, "IPV": 1.9939766976534896, "JEV": 1.7290689067385714, "JEV1": 6.465677592931317, "LYME": 0.6508216567622785, "MEA": 1.6625621073300434, "MEN": 0.7835801377410095, "MENB": 3.073335519791327, "MMR": 1.6299417142785353, "MMRV": 0.7864538613052096, "MNQ": 2.196072371757549, "PNC": 1.8813656135736851, "PNC13": 1.7326619808171824, "PNC20": 2.7795890919135497, "PPV": 0.8478374564608735, "RAB": 1.9896943361038115, "RV1": 2.9543416961538003, "RV5": 2.3509665690203976, "RVX": 0.8916922985299606, "SMALL": 2.171781606073224, "SMALLMNK": 1.9938202721298544, "TBE": 7.438633467391081, "TD": 0.5363106349693584, "TDAP": 2.192627723302918, "TTOX": 0.7695988689766377, "TYP": 2.5129499697528543, "UNK": 1.126338449381856, "VARCEL": 0.7612412308947668, "VARZOS": 0.93914660445974, "YF": 2.808427210630754}