{"ANTH": 0.911149494, "COVID19": 2.422035152100235, "COVID19-2": 5.334572221972541, "FLU3": 0.1964406735280047, "FLU4": 0.2342704500668782, "FLUA3": 2.9573055788199647, "FLUX": 0.7686788977852581, "HEP": 0.1703299311280377, "HIBV": 1.3417610254917909, "HPV4": 0.3410601290709861, "MENB": 1.6688834378679709, "MMR": 0.2823729690409889, "PNC13": 0.9584382176001772, "PNC20": 5.169231466127216, "PPV": 0.3268721740689994, "RAB": 1.3856108272402703, "RV5": 1.756635441004466, "VARCEL": 0.259477761104316, "VARZOS": 0.071272294}