{"COVID19": 2.110292713071088, "FLU(H1N1)": 5.930958234662106, "FLU3": 0.3224580642511667, "FLUN4": 8.25728935748572, "FLUX": 1.7170278442030724, "HPV2": 2.977357905178854, "HPV4": 0.5654441877216785, "MENB": 2.8682544616759174, "TDAP": 1.0310122341533194, "VARZOS": 1.3015055036638927}