{"COVID19": 1.6208573549190584, "FLUN(H1N1)": 49.817935469055, "FLUX(H1N1)": 44.02345747919627, "HPV2": 14.440185840117444, "PNC": 27.761209656762293}