{"COVID19": 2.388160534588344, "COVID19-2": 0.9922559575558972, "FLU3": 0.4277754140642735, "FLU4": 1.0233919660816262, "FLUX": 1.1125615625839262, "LYME": 8.943158530192067, "MMR": 1.2335240226527413, "PNC": 23.377156485378823, "PPV": 0.7118071685318342, "VARZOS": 0.311347388}