{"ANTH": 24.12589702, "COVID19": 1.495289704089098, "COVID19-2": 0.4309225872814182, "FLU3": 0.1857767512507702, "FLUN(H1N1)": 5.912873710283287, "FLUX(H1N1)": 5.225154687001653, "HEP": 1.9958660165120647, "HPV4": 3.041970432642119, "HPV9": 1.252769596729751, "LYME": 11.78635921898145, "MMR": 0.5357018612663333}