{"COVID19": 0.2388160534588344, "FLUX": 12.079239822339773, "HEP": 8.078505304929788, "HEPA": 34.20855627192097, "HPV9": 31.319239918243778, "MMRV": 54.84197693414284}