{"COVID19": 5.572374580706136, "FLUX": 1.9216972444631453, "HPV4": 1.2828511673010956, "UNK": 3.2939712848992757}