{"COVID19": 0.3184214046117791, "COVID19-2": 4.435967810249894, "FLUX": 42.27733938, "HPV4": 7.055681420156026, "MMR": 5.514577984}