{"COVID19": 1.2338829428706442, "COVID19-2": 0.7965998532491008, "FLU(H1N1)": 1.0338591812082143, "FLU3": 0.343425332417797, "FLU4": 0.5458090485768673, "FLUA4": 10.553685849592284, "FLUN3": 3.836152642549851, "FLUX": 2.113866969, "HEP": 0.5973542655053716, "HEPA": 0.8372723563057581, "HEPAB": 11.491936456584758, "HPV4": 3.332572774095835, "HPV9": 0.7665548231737987, "LYME": 2.3765036653657234, "MMR": 1.325057607372556, "MNQ": 2.08184386520684, "PNC20": 6.000646317322502, "RAB": 3.2282301378510163, "TDAP": 0.3502112, "VARZOS": 1.0325411565746871}