{"COVID19": 1.194080267294172, "FLU4": 3.7037042582001702, "FLUC4": 10.882701712599973, "FLUX": 4.026413274113257, "HPV2": 6.974879128108689, "HPV4": 1.3126849153778657, "MENB": 6.423260673654631, "MMR": 4.4641821772194445, "VARZOS": 0.5502884070892229}