{"ANTH": 6.258654451920098, "COVID19": 0.6176277244625028, "COVID19-2": 3.743830988792464, "FLU(H1N1)": 4.050461997610264, "FLU3": 0.6726399614252024, "FLU4": 1.0654491701671724, "FLUC3": 16.52419804128548, "FLUC4": 3.1833753308965904, "FLUN3": 7.488380158402106, "FLUX": 1.7494071466836911, "HEP": 0.3846907288061804, "HEPA": 3.280272519225299, "HEPAB": 7.372680694749582, "HIBV": 6.102255622784584, "HPV2": 4.108490445324296, "HPV4": 1.1678369247154805, "HPVX": 6.244529270550926, "MEN": 8.970969748543162, "PNC13": 3.2818246554378487, "PPV": 1.119255409829367, "RAB": 3.1294067662841485, "SMALL": 11.097407938470893, "TDAP": 2.7822334244212925, "UNK": 0.985950589, "VARCEL": 0.5860314060315165, "VARZOS": 0.657288931}