{"COVID19": 2.923899542206929, "DF": 59.79886656291747, "FLU3": 0.4062134056151061, "FLUN4": 10.402039839949545, "FLUX": 2.168877276888092, "PNC13": 4.053191419411623, "PPV": 1.3816403813510418}