{"COVID19": 4.510969898666872, "COVID19-2": 2.094762577, "PPV": 1.5027040224560946, "VARZOS": 0.657288931}