{"COVID19": 1.990133779, "PPV": 10.819468961683882}