{"COVID19": 1.525512804629702, "FLUX": 9.15748183574972, "HPV4": 6.094231801000314}