{"ANTH": 0.4625407214721785, "BCG": 16.050091963698584, "COVID19": 0.8259522349671737, "COVID19-2": 1.6470520106700073, "DTAP": 0.3682065725297924, "DTAPIPVHIB": 1.4665516012323556, "FLU(H1N1)": 0.9056163118699826, "FLU3": 0.8662787381991244, "FLU4": 1.0835914934981925, "FLUA3": 3.0071223649869165, "FLUA4": 2.299541641539603, "FLUN(H1N1)": 1.5821909775222862, "FLUN3": 0.8358589473445776, "FLUX": 1.5780033360443868, "FLUX(H1N1)": 2.800618898086644, "HEP": 0.7878418486231837, "HEPA": 2.5867581131545183, "HEPAB": 4.140043774743996, "HIBV": 2.04968402053654, "HPV2": 1.379999091297578, "HPV4": 1.6862634840624464, "HPV9": 1.0087485249741095, "HPVX": 1.4035868543898868, "IPV": 1.6410358803693907, "LYME": 1.0392661288908212, "MENB": 2.1246169920549933, "MMR": 0.7211371209354487, "MMRV": 1.1757851103797852, "PNC": 2.6532355520215227, "PNC13": 1.4664547766979603, "PPV": 1.703853379792737, "RAB": 0.7033987685684553, "RV1": 4.673472606503886, "RV5": 1.3376832767771738, "RVX": 6.857057589982922, "SMALL": 0.8201448272570232, "TD": 0.30231995, "TDAP": 0.7704646406089732, "TTOX": 1.5326887163106817, "TYP": 1.0901772751456074, "UNK": 1.1148825887351392, "VARCEL": 1.2001850621976724, "VARZOS": 0.6686392889906727, "YF": 1.7644911448115994}