{"COVID19": 0.762756402314851, "FLU3": 3.9098040290453966, "HPV2": 36.10046460029361, "PNC": 69.40302414190575}