{"HEP": 18.84984571150284, "MMR": 31.24927524053611, "PPV": 18.03244826947313, "TTOX": 334.1261401557286}