{"BCG": 4.827219476294977, "COVID19": 5.580460443406446, "COVID19-2": 0.3442618116565295, "DTAP": 0.2249450600547745, "FLU3": 0.088523864808575, "FLU4": 0.9961996493305932, "FLUA4": 1.6994544087764427, "FLUC4": 0.9072336501713104, "FLUR4": 1.3263717358868614, "FLUX": 0.1553578445273279, "HEP": 0.0519997028068418, "HEPA": 0.2269211122475395, "HEPAB": 0.4992360281896211, "HPV2": 0.2719432361604038, "HPV4": 0.1033894179246047, "HPV9": 0.2152599372850989, "MNQ": 0.2870885570737663, "PNC13": 0.290332278864546, "PNC20": 4.389238142315464, "PPV": 0.0494372264513555, "RAB": 0.4268253729049949, "TDAP": 0.4726284816298298, "UNK": 1.590572540005459, "VARCEL": 0.159088176811561, "VARZOS": 0.2763996464488875}