{"COVID19": 2.9238995422069283, "PPV": 2.1000933796535834, "VARZOS": 2.017333530679034}