{"ANTH": 0.3197538573376544, "COVID19": 2.81187986337824, "COVID19-2": 0.0798440803623573, "DTAP": 0.2610837746209514, "DTAPIPV": 0.736491584554127, "DTP": 0.4030366900477958, "FLU(H1N1)": 0.8728874142998105, "FLU3": 0.499566796967646, "FLU4": 0.1231655271338434, "FLUN3": 3.12153291110527, "FLUX": 0.8729108899037685, "FLUX(H1N1)": 4.443886425374212, "HEP": 0.0724403380597281, "HEPA": 0.2106557877682578, "HEPAB": 0.8115724105754742, "HEPATYP": 49.28097677770024, "HPV2": 2.6729299483690285, "HPV4": 1.7294441597433323, "HPV9": 0.0499248860879613, "HPVX": 0.3867742352511122, "MMR": 0.8071377371667637, "MNQ": 0.1331970500709217, "PPV": 0.0344127165116929, "SMALL": 0.2264898623072055, "TDAP": 1.28272331476041, "TTOX": 0.2113497658305572, "TYP": 0.6121288387859517, "UNK": 0.0664554713088582, "VARCEL": 0.4073536883650129, "VARZOS": 0.0052867443477065}