{"ANTH": 0.9853473349928492, "BCG": 17.069560345757615, "COVID19": 1.1154576982542264, "COVID19-2": 2.530585663565376, "FLU3": 0.756068174, "FLU4": 1.2834618716535249, "FLUA3": 3.198128508691298, "FLUA4": 4.898697829208144, "FLUX": 1.6798942799280476, "FLUX(H1N1)": 2.978508372069346, "HEP": 0.1842004466922101, "HEPA": 0.7799996544086215, "HEPAB": 1.7531129990772625, "HIBV": 2.911533728518134, "HPV4": 0.5552011609303102, "HPV9": 0.7141194769632131, "IPV": 3.495887510624044, "MENB": 0.8996749477757301, "MMR": 0.6127308870693354, "PNC13": 2.0871253291161755, "PPV": 2.193135600341327, "RV5": 0.9469809950691828, "SMALLMNK": 5.955436489351091, "TD": 0.6440301210183866, "TDAP": 0.6546431586873629, "UNK": 1.9070360070469488, "VARZOS": 0.7940403189542479}