{"ANTH": 2.4381231621996147, "BCG": 10.613886301915665, "COVID19": 1.095318193724126, "COVID19-2": 2.280287176585661, "DTAPIPV": 1.7444024280122594, "FLU(H1N1)": 0.5894119984757372, "FLU3": 0.3926163041719226, "FLU4": 0.8398985320355892, "FLUA3": 1.9573358652678767, "FLUC4": 1.997043366870872, "FLUN3": 1.0898197488123835, "FLUN4": 1.6582962063687678, "FLUX": 0.686811137681229, "HEP": 0.3444304639139256, "HEPA": 1.5030575127248669, "HEPAB": 1.097699093038049, "HIBV": 4.706695301839639, "HPV2": 3.625151256933249, "HPV4": 0.8048985397547584, "HPV9": 0.4733044583784163, "HPVX": 1.8329735496683144, "IPV": 2.3049765138506526, "MMR": 0.5713729719444554, "MMRV": 3.292620165997811, "MNQ": 1.265095633246223, "PNC13": 3.9157951001095337, "PPV": 1.3348051141865998, "RAB": 0.9384856025364484, "RV1": 5.296624317659122, "RV5": 3.593747141275286, "SMALL": 3.2334841672839523, "TBE": 77.51271685585779, "TDAP": 1.467625381530616, "TYP": 1.449845531203165, "UNK": 0.9487520197046356, "VARZOS": 0.303866138512323}