{"COVID19": 1.1039895296662317, "DTAP": 3.2724884079201453, "DTAPIPV": 11.541731133286596, "FLU(H1N1)": 3.899808154298372, "FLU3": 0.8688453397878659, "HEP": 1.5339912328018357, "HPV4": 2.317524769394485, "HPV9": 3.1315897725585624, "HPVX": 12.12775649986022, "MMR": 1.2549333310743518, "MMRV": 5.412526300270375, "PNC": 7.605810864866383, "RV1": 17.829481858035635, "VARCEL": 1.1561133945004545}