{"ANTH": 4.007873691287037, "COVID19": 3.6503342110782153, "FLU(H1N1)": 3.899808154298372, "FLUX": 2.2893704589374297, "PPV": 0.7192100615251998, "VARZOS": 0.6724445102263445}