{"FLUX": 42.27733938, "HEP": 28.27476856725426, "LYME": 339.8400241472985}