{"ANTH": 0.835639867, "COVID19": 2.8856939792942486, "COVID19-2": 0.628428773, "FLU3": 0.2709244289073732, "FLU4": 0.4309018804554215, "FLUA3": 5.439476189297665, "FLUC4": 1.2926966122701624, "FLUX": 0.233576461, "HEPA": 0.6614914196227814, "HEPAB": 1.486756051703645, "HPV2": 0.8285077417366674, "HPV4": 0.3127171820567768, "LYME": 7.573036749800524, "MMR": 0.2589718942585866, "MNQ": 0.8195103613037974, "PNC13": 0.438181008322733, "PPV": 0.299708281487088, "TDAP": 0.2766861969037749, "UNK": 1.6148717162737394, "VARZOS": 0.8089709916183446}