{"ANTH": 0.1245546109701364, "COVID19": 7.196782204363739, "COVID19-2": 0.301230320999063, "DF": 0.655425275, "EBZR": 6.479977844954914, "FLU3": 0.004460885, "FLU4": 0.032024893, "FLUC4": 0.064209135, "FLUX": 0.058041378, "HEP": 0.1244043165340487, "HEPA": 0.032856736, "HEPAB": 0.073848201, "HPV2": 2.5311438783936206, "HPV4": 1.4373419662895224, "HPV9": 0.4520924101478686, "HPVX": 1.7664936410713137, "MMR": 0.0257301566410342, "MNQ": 0.040705646, "PPV": 0.0148476313457992, "UNK": 0.8600874511495209, "VARCEL": 0.0118203370865303}