{"COVID19": 2.161143139892077, "FLU(H1N1)": 14.983473434935847, "HPV9": 12.031897547198689, "PNC13": 8.106382838823246}