{"COVID19": 18.30923077, "HPV4": 0.6069403372177227, "HPV9": 2.357362144}