{"FLU3": 5.418488578147465, "FLUN3": 91.10862526055897, "HEP": 9.424922856, "HPV4": 9.407575226874702, "PPV": 9.016224134736566, "RV5": 48.45386091437319, "VARCEL": 14.357769447772151}