{"ANTH": 10.449099266569776, "COVID19": 2.3836137572339093, "HPV4": 4.062821200666876, "PPV": 1.8750833746906996}