{"ANTH": 2.1833938765966696, "COVID19": 0.6281523313181125, "DTAP": 3.59235569591234, "DTAPIPVHIB": 7.182872658338921, "FLU(H1N1)": 2.1245223527147843, "FLU3": 0.4703523643964387, "FLU4": 0.6004647714105182, "FLUN3": 7.915532912426787, "FLUR3": 77.3444145620347, "FLUX": 1.87312128458517, "FLUX(H1N1)": 6.570665295402428, "HEP": 0.8304313440731741, "HIBV": 6.78047232956748, "HPV2": 2.155251617927977, "HPV4": 2.5510737771629217, "HPV9": 1.7060153238565303, "IPV": 8.308236240222875, "MEA": 31.216464642107383, "MENB": 2.076273752108686, "MMR": 3.5234666603241416, "PPV": 1.6031247172928118, "TDAP": 1.5038825069604809, "UNK": 4.644780880182492, "VARCEL": 1.2691169593764382, "VARZOS": 0.7391756448289589}