{"6VAX-F": 27.740099460536783, "COVID19": 0.0010682862777518, "FLUN4": 2.2435772203812743, "HEP": 0.1546881915430422, "HPV2": 0.808973996645235, "HPV4": 1.0938364771026206, "MEA": 11.717104375468878, "MENB": 0.7793296436486385, "MMR": 728.300558689, "MMRV": 6.7349048849955215, "MU": 553.0052049343415, "PNC13": 0.4314321398813491, "PPV": 0.2949569353446044, "TDAP": 0.5618437455779325, "VARCEL": 1.438572917020451, "VARZOS": 0.0678095304429927}