{"COVID19": 0.1316662837329207, "DTAP": 2.132961194447952, "DTAPIPV": 7.522735470802869, "DTAPIPVHIB": 8.59379407336978, "DTP": 8.237062352851826, "FLU(H1N1)": 2.541839243426617, "FLU3": 1.44807556631311, "FLU4": 2.1944258009729847, "FLUN3": 4.699847666753405, "FLUX": 9.792158794663068, "HEP": 0.4930686105434471, "HIBV": 8.124349728220494, "HPV2": 13.37054244455319, "HPV4": 5.32505691349542, "HPV9": 10.583613583184029, "HPVX": 7.904698432944607, "IPV": 30.362826986996325, "MNQ": 2.7222147108244625, "PNC": 31.134066904780145, "PNC13": 5.652156841748318, "PPV": 5.662016464752309, "RV1": 3.767539321192053, "TDAP": 3.670025200472366, "UNK": 5.582259589944096}