{"COVID19": 5.970401336, "COVID19-2": 5.027430185}