{"COVID19": 0.5883873780869833, "COVID19-2": 7.251101228293096, "FLU3": 1.1822156897776286, "FLUN4": 29.90280460685718, "FLUX": 4.697482153132134, "HEP": 1.0098131631162237, "IPV": 19.164954745742527, "PNC": 10.297080832845433, "PNC13": 8.812306945157188, "PPV": 0.9660240144360608, "UNK": 2.588120295278002, "VARCEL": 1.5383324408327306, "VARZOS": 0.8604509638122394}