{"COVID19": 1.0999750222856273, "DTP": 5.027525795746073, "FLU3": 0.1704546715660118, "FLU4": 0.4384865360708961, "FLUA4": 4.904403755762451, "FLUX": 9.740230679842885, "MEN": 14.400700175251211, "MENB": 3.048993783918509, "MMR": 0.7509027308887514, "PNC13": 0.8393529914857856, "PPV": 0.2861162642579813, "RV1": 1.146642402101929, "TDAP": 0.8197392353514097, "UNK": 2.0895133767304475, "VARZOS": 1.759302497685204}