{"COVID19": 7.164481603765031, "FLU4": 4.320988301233533}