{"COVID19": 0.1271260670524751, "HEP": 18.407894793622024, "HPV4": 18.28269540300094, "RV1": 140.6548013245033}