{"ANTH": 6.501661765865639, "COVID19": 0.5932549795782175, "FLU(H1N1)": 6.326355450306247, "FLU3": 1.4217469196528716, "FLUX": 3.74624256917034, "HEP": 5.259398512463436, "HPV4": 1.2188463602000623, "HPV9": 5.080134519928334, "MENB": 6.182681839612533, "MMR": 2.0357807370761702, "MMRV": 8.780320442660829, "PNC13": 3.422694976392037, "UNK": 3.380368307243925, "VARZOS": 0.5379556081810756}