{"BCG": 1310.088756536897, "HEPAB": 134.55142267917986, "HPV4": 14.111362840312053, "PPV": 13.52433620210485, "TTOX": 250.5946051167965}