{"COVID19": 0.2542521341049503, "FLUX": 20.60433413043687, "VARZOS": 16.13866824543227}