{"COVID19": 0.2383613757233909, "DF": 1381.3538176033935, "FLUX": 6.86811137681229, "FLUX(H1N1)": 73.37242913199378, "HEP": 4.601973698405506, "HPV4": 4.570673850750235, "MENB": 23.185056898547}