{"COVID19": 0.05085042682099, "DTAP": 14.930728361135662, "FLU4": 5.02889246056309, "FLUN3": 32.89893366727383, "FLUN4": 50.05981672975718, "HPV2": 61.88651074336047, "HPV4": 11.753161330500603, "HPV9": 14.28787833729844, "IPV": 69.58147851186659, "MMR": 12.214684422457024, "PPV": 3.2813959057087243}