{"COVID19": 6.29274031909752, "FLU(H1N1)": 8.373117507758268, "FLU3": 0.9199538891871522}