{"COVID19": 1.194080267294172, "FLUX": 12.079239822339773, "SMALL": 76.62495957515617}