{"COVID19": 0.1990133778823619, "COVID19-2": 37.705726387124095, "FLU3": 16.255465734442392}