{"FLU4": 16.09245587380189, "FLUC4": 240.64372570794004, "PNC13": 30.804254787528333, "VARZOS": 12.1040011840742}