{"FLU3": 2.0852288154908782, "FLU4": 11.49461133842992, "FLUX": 19.01938535117249, "HEPAB": 35.34591079582518, "HPV4": 3.656539080600188, "MENB": 18.5480455188376, "SMALL": 119.63891418950622, "TDAP": 14.286883816124568, "VARZOS": 3.458286052592629}