{"ANTH": 6.348407803626543, "DT": 2.1216194338081094, "DTAP": 1.2438383183599393, "DTAPIPV": 3.2433687825107547, "DTAPIPVHIB": 3.9592352825839447, "DTIPV": 66.11733876731256, "DTP": 1.9725976148129971, "FLU(H1N1)": 10.706332990488471, "FLU3": 4.271785181376722, "FLU4": 3.508772455137004, "FLUC3": 2.4990299506882363, "FLUC4": 2.4171289960836715, "FLUN(H1N1)": 3.2002666988646657, "FLUN3": 8.559265421138106, "FLUN4": 4.2475574725649405, "FLUR3": 10.496955477347637, "FLUX": 4.677102621014424, "FLUX(H1N1)": 11.418131990326192, "HEP": 2.742165055013883, "HEPA": 2.486603259641192, "HEPAB": 6.720570539646861, "HIBV": 1.8388634074851375, "HPV2": 26.868515342322382, "HPV4": 17.473019936860148, "HPV9": 4.836059105022935, "HPVX": 14.37284659871064, "JEV1": 22.54593902792637, "LYME": 4.217249524061616, "MEA": 8.947627636923578, "MEN": 6.811635087995066, "MENB": 3.740211163096811, "MMR": 2.1687194173242728, "MMRV": 1.5847010878802883, "MNQ": 4.017308083641323, "PER": 108.97369523195876, "PNC": 3.577889513791174, "PNC13": 2.651979519545736, "PPV": 0.904448816, "RAB": 4.294818622192872, "RUB": 3.031722209, "RV1": 1.3380310378561933, "RV5": 0.5988118753578561, "SMALL": 2.770530563151308, "TBE": 38.99148424802019, "TD": 1.2267874694062753, "TDAP": 3.1864391287115543, "TTOX": 1.0312535189991625, "TYP": 2.943141126708884, "UNK": 0.5982858061323761, "VARCEL": 1.2576148421406266, "VARZOS": 0.9616804889666204, "YF": 11.983148584701828}