{"ANTH": 5.626438066614496, "COVID19": 0.7261858898750978, "DT": 9.476113394792623, "DTPPVHBHPB": 120.36327984257642, "FLU(H1N1)": 2.7112951929883917, "FLU3": 1.7117549977910194, "FLU4": 0.3813378169147366, "FLUC4": 2.2809831820657824, "FLUX": 2.8142505153767434, "HEP": 3.607577371614367, "HEPA": 2.295144963875114, "HEPAB": 5.049415827975025, "HPV4": 1.8728614803074133, "HPV9": 1.0834410113591235, "LYME": 6.23425164163333, "MMR": 1.3149779880635553, "OPV": 60.801556910540654, "PNC": 2.631394280261829, "PNC13": 1.466869275596587, "PPV": 0.7536220261914773, "RV1": 1.9998312984526536, "RV5": 1.3568808321718695, "TDAP": 0.4739724488761705, "TTOX": 4.586590415820483, "UNK": 1.4487292745331104, "VARCEL": 0.8037740742717442}