{"COVID19": 0.1326755852549079, "HPV4": 169.33635408374465}