{"COVID19": 6.102051218518808, "FLU3": 0.947831279768581, "HEPAB": 16.066323089011444}