{"ANTH": 5.599517310314904, "BCG": 24.181637187855024, "DTAP": 9.32260112305056, "DTAPHEPBIP": 62.71574663692678, "DTP": 8.744559085491986, "DTPHIB": 16.752617972759193, "FLU3": 2.033098095103606, "FLUN3": 2.482938389982931, "FLUX": 1.5773652922822483, "HBHEPB": 51.14594963842367, "HEP": 4.485172335501813, "HEPA": 6.985223803098172, "HEPAB": 2.500889914798951, "HIBV": 6.441448713089107, "HPV4": 1.318463610793337, "IPV": 10.5526412908992, "LYME": 3.08771897345047, "MEN": 6.1984145801494, "MMR": 45.80506658421383, "MMRV": 1.8637472637723456, "PNC": 54.37762716273027, "PPV": 1.0048293682553031, "RAB": 6.475550657501494, "RV1": 14.338596251527036, "RV5": 2.713761664343739, "SMALL": 4.91407862389757, "TD": 4.622732464880115, "TDAP": 1.9140322815860664, "TTOX": 9.173180831640966, "TYP": 6.637681436693164, "UNK": 3.6566484092782834, "VARCEL": 4.157452108302125, "VARZOS": 0.1141886904157943}