{"COVID19": 2.229595637535718, "FLU3": 0.3554367299132179, "FLU4": 1.8497075717013665, "FLUX": 0.9365606422925852, "HPV2": 3.28186041820851, "HPV4": 1.2608755450345477, "PNC13": 1.7502417492913824, "RV5": 3.253430177139369, "TDAP": 1.136456667191727, "UNK": 3.496932731631646, "VARZOS": 0.2750909360016864}