{"COVID19": 0.6356303352623757, "DT": 86.93304027396712, "DTIPV": 1343.9139718397028, "FLUA3": 41.10405317062541, "FLUX": 3.583362457467281, "HEP": 2.401029755689829, "HEPAB": 23.05168095379903, "PPV": 2.282710195275634, "TDAP": 4.348182030994434, "TTOX": 42.07698164078791}