{"COVID19": 0.9534455028935638, "HEP": 9.203947396811012, "RAB": 75.5480910041841}