{"COVID19": 0.2487667223529525, "DF": 398.0616172316384, "HPV2": 24.99331688, "HPV4": 25.08686727166587, "PPV": 4.508112067368283, "TDAP": 8.346700273263878}