{"ANTH": 2.786426471085274, "DTAP": 2.2751586074111487, "DTP": 17.741365067680857, "FLU(H1N1)": 36.34289301239758, "FLU3": 7.27405400752632, "FLUN(H1N1)": 19.160744411175, "FLUN3": 5.013170844536965, "FLUX": 6.727945838509998, "FLUX(H1N1)": 8.38542047222786, "HEP": 2.7338457614290137, "HEPA": 9.450596910073996, "HPV4": 9.7507708816005, "MEN": 12.514894199920697, "MMRV": 3.7629944754260696, "MNQ": 2.903695691546093, "PNC": 21.773497770009644, "PNC13": 1.466869275596587, "PPV": 4.871350622907798, "RV5": 2.726684338935852, "RVX": 42.74178417620278, "SMALL": 9.969909515792184, "TDAP": 3.921889675014588, "VARCEL": 3.309657952883653, "VARZOS": 0.7050874476159729, "YF": 11.19358845379972}