{"ANTH": 0.4163283948259748, "COVID19": 2.528051707401254, "COVID19-2": 0.6505445622406306, "DTAP": 0.1698483140975262, "DTAPIPVHIB": 0.3420415551589962, "DTP": 0.3278432777254458, "FLU(H1N1)": 1.0149233342737294, "FLU3": 0.3596513946947975, "FLU4": 0.5757587074705506, "FLUA3": 1.0085987442294286, "FLUA4": 1.2831998450910644, "FLUC3": 0.8907266906969605, "FLUC4": 0.1710332094583795, "FLUN(H1N1)": 1.06297159606803, "FLUN3": 0.1870586136021255, "FLUX": 0.3528391146132607, "FLUX(H1N1)": 0.3128888235905918, "HEP": 0.2562126684337112, "HEPA": 0.2571019429660956, "HEPAB": 1.3216953823225226, "HPV2": 1.9625431399301247, "HPV4": 2.0201873373481702, "HPV9": 1.3889574366494553, "HPVX": 3.473105730880084, "JEV1": 3.853212979156297, "LYME": 0.2326213299116914, "MEN": 0.4669736641761453, "MENB": 0.5942770013155514, "MMR": 0.16300735439222, "MMRV": 0.1404102416203757, "MNQ": 0.7600485517401632, "PNC13": 0.274059206294736, "PNC20": 1.6564928596798234, "PPV": 0.1121445378953497, "RAB": 1.2918804304242382, "SMALLMNK": 0.8909840057580996, "TDAP": 0.46399230095194, "TDAPIPV": 9.46807483180068, "TYP": 0.4978850988774466, "UNK": 0.97894112580178, "VARCEL": 0.0299915699355128, "VARZOS": 0.1906824389900697}