{"ANTH": 1.5899709415733885, "BCG": 0.0876880605481289, "CEE": 2.504066093039266, "CHOL": 1.727608024568578, "COVID19": 1.0175987816803034, "COVID19-2": 0.7268509820660722, "DF": 0.157521560170526, "DPP": 0.6753126686186912, "DT": 1.3346844180701498, "DTAP": 0.2208551498719604, "DTAPH": 0.3770705859257071, "DTAPHEPBIP": 0.0446260893230958, "DTAPIPV": 0.1008916743779094, "DTIPV": 1.5861867579572622, "DTOX": 2.5397109438024907, "DTP": 0.3788710404597143, "EBZR": 2.333628782458543, "FLU(H1N1)": 2.3022283262128345, "FLU3": 1.6639082412885453, "FLU4": 1.480075373008535, "FLUA3": 0.7768226975549584, "FLUA4": 0.9265944050316164, "FLUC3": 1.5443653158479649, "FLUC4": 1.9340763117176012, "FLUN(H1N1)": 0.8699141317589595, "FLUN3": 0.4866406212724635, "FLUN4": 0.3974973040576252, "FLUR3": 1.063753623248758, "FLUR4": 1.278118154562118, "FLUX": 1.208675078721891, "FLUX(H1N1)": 1.6899599800075342, "HBHEPB": 0.1854667280732398, "HEP": 1.9358206761935208, "HEPA": 0.6323250131991168, "HEPAB": 1.6647711112462056, "HIBV": 0.0154254527698757, "HPV2": 0.4849186897616795, "HPV4": 1.1278679878889315, "HPV9": 0.7965367714173347, "HPVX": 0.7274660842151157, "IPV": 0.3619260752435185, "JEV": 2.680136682357632, "JEV1": 2.597111694214568, "JEVX": 1.4565765241833866, "LYME": 2.5853827170629686, "MEA": 0.5008988458917961, "MEN": 1.169816515982452, "MENB": 0.7013124881087317, "MER": 1.8886930121060408, "MMR": 0.5850508564798972, "MMRV": 0.0067583671710267, "MNQ": 0.8471727164282365, "MU": 0.8276821769996728, "OPV": 0.2194401332145815, "PNC": 0.0284920302322187, "PNC13": 0.3009155994668577, "PNC20": 0.3986871916333689, "PPV": 0.4017758792512027, "RAB": 2.8555820827771745, "RUB": 2.574698924669821, "RV5": 0.0048971461537769, "SMALL": 0.3815874031138003, "SMALLMNK": 0.5147257220700661, "TBE": 1.280785544161312, "TD": 1.622034892515347, "TDAP": 1.0999032778132838, "TDAPIPV": 1.3672275145834207, "TTOX": 1.7744478266185555, "TYP": 0.7194117439604775, "UNK": 0.8029951366916246, "VARCEL": 0.1953316103962347, "VARZOS": 0.7153352582283137, "YF": 1.0060317626330766}