{"COVID19": 0.0612348855022652, "MENB": 19.728586354796366, "OPV": 951.6453893, "PNC13": 11.33010892948781, "RV1": 66.55846701130808, "RVX": 5125.160758684378}