{"COVID19": 2.255484949333436, "COVID19-2": 3.969023830223589, "FLU4": 4.093567864326505, "VARZOS": 1.245389552886136}