{"COVID19": 1.0234973719664329, "FLU3": 0.6634883973241794, "FLUA3": 20.03725412588221, "FLUN3": 11.156158195170486, "HEP": 1.1540721864185413, "HEPAB": 10.983789606463665, "HPV2": 6.120812296095379, "HPV4": 4.908300118369409, "HPVX": 18.73358781165278, "MMR": 1.913220933094048, "VARZOS": 0.9859333960348576}