{"ANTH": 3.2873570726286943, "COVID19": 1.04879005318292, "FLU3": 1.0785666287021785, "FLUX": 1.87312128458517, "HEP": 3.248452022403886, "HPV2": 3.244985582048864, "HPV4": 1.2465474138409731, "HPV9": 2.5686073415367985, "LYME": 7.355015981702244, "MMR": 2.082048481100629, "PNC13": 1.730576111658895, "PPV": 0.5899138706892089, "SMALL": 5.825115672148243, "TDAP": 2.272913334383454, "VARZOS": 0.272000026608409}