{"COVID19": 5.720673017361381, "MENB": 18.5480455188376}