{"ANTH": 2.039336843884077, "BCG": 35.32823613133206, "COVID19": 1.0635796916336069, "COVID19-2": 2.075544571768299, "DTAP": 1.079852459347463, "DTAPHEPBIP": 5.633005290787133, "DTAPIPV": 1.757731739515057, "DTPPHIB": 190.37326410873328, "FLU(H1N1)": 3.337288101868502, "FLU3": 0.5160465312521395, "FLU4": 0.7007008056054377, "FLUN(H1N1)": 2.31488344362321, "FLUN4": 3.6875655905317153, "FLUX": 2.7275702824638195, "FLUX(H1N1)": 4.100457714, "HEP": 1.2910853227056742, "HEPA": 0.5357044606341091, "HPV2": 1.3449318498146798, "HPV4": 2.3628328476801577, "HPV9": 0.9831151543843336, "HPVX": 2.053570028570439, "MENB": 1.2385659594939422, "MER": 42.751583058430974, "MMR": 0.2097266794666853, "PNC13": 0.3548579977915645, "PPV": 0.3647012009556364, "RAB": 2.062882487191793, "RV1": 1.9400450025717604, "RV5": 0.6503873948238011, "TDAP": 0.2240724905574195, "TYP": 1.5950244696761235, "UNK": 1.6358322408077666, "VARCEL": 0.3863076981463359, "VARZOS": 0.3755936746799458, "YF": 2.581604493751199}