{"COVID19": 0.6151322589091188, "COVID19-2": 4.268572799, "HEP": 1.0281734024456095, "MEA": 78.98314941320722, "MMR": 11.24973909, "SMALL": 30.36083303921282, "TD": 3.594859039138994, "VARCEL": 3.190615432838256, "VARZOS": 1.8201847311412755, "YF": 20.98140379466884}