{"COVID19": 1.3348237040509894, "DTAPHEPBIP": 326.1218825120192, "FLU3": 3.9098040290453966}