{"COVID19": 1.2966858839352466, "DF": 219.2625107306974, "HPV2": 13.752557942968997, "HPV4": 5.484808620900282, "UNK": 7.243646372665553}