{"COVID19": 5.974925151466332, "FLU4": 1.6420873340614173, "FLUX": 1.6819864596274996, "VARZOS": 0.4940408646560899}