{"COVID19": 2.2882692069445527, "HPV4": 5.773482758842403, "HPV9": 11.430302669838753}