{"COVID19": 2.786187290353068, "HEPA": 34.20855627192097}