{"COVID19": 1.3532909696000617, "HPV4": 2.6878786362499145, "HPV9": 10.439746639414592, "VARZOS": 2.3662401504836583, "YF": 54.95129565}