{"COVID19": 2.09758010636584, "HEPAB": 21.207546477495107, "HPV4": 4.570673850750235, "TDAP": 4.000327468514879}