{"COVID19": 0.4406724795966586, "FLU3": 3.680482807798278, "FLU4": 2.7290452428843364, "FLUA4": 25.92931437184311, "FLUN3": 9.425030199368168, "FLUX": 7.829136921886889, "FLUX(H1N1)": 15.765552934918778, "HEP": 3.0294394893486705, "HEPAB": 9.279408460633094, "HPV2": 5.171031077735751, "MENB": 4.762072568399123, "MMR": 1.6163418227863506, "PPV": 0.9327128415244724, "TD": 3.4089180543559428, "UNK": 2.498874767854623, "VARZOS": 0.8302597019240906}