{"COVID19": 6.864807620833659, "PNC13": 8.556737440980092}