{"ANTH": 8.175719779535264, "COVID19": 0.7654360687783154, "COVID19-2": 2.038147372276978, "FLU4": 2.1021024168163134, "HEP": 6.652886721706885, "HPV4": 4.838181545249848, "LYME": 18.36973103498911, "PPV": 3.005408044912189}