{"COVID19": 0.6356303352623758, "FLUA3": 135.0561747034835, "HPV4": 18.28269540300094}