{"COVID19": 0.3813782011574255, "DTAPHEPBIP": 173.93167067307692, "HEP": 3.681578958724405, "MMR": 21.14079996194485, "PPV": 3.5001556327559724, "UNK": 21.73093911799666}