{"COVID19": 0.3980267557647239, "HPV2": 99.9732675, "HPV9": 73.07822647590214}