{"ANTH": 0.4696224389469562, "COVID19": 2.485850684652617, "COVID19-2": 0.5868475826311949, "FLU(H1N1)": 1.375294663110053, "FLU3": 0.3036740993433318, "FLU4": 0.5191114798000609, "FLUC4": 1.5475480752922188, "FLUN(H1N1)": 1.5992916683484752, "FLUX": 0.9350427158058872, "HEP": 0.1775681169802767, "HPV2": 0.4635693688641234, "HPV4": 0.2649666000434919, "HPV9": 0.3669439059338283, "HPVX": 1.4210693812035249, "IPV": 1.7870042635471357, "MENB": 0.4465821553492198, "MMR": 0.1470467627101567, "MNQ": 0.9803474199753692, "PNC": 0.8912105828816147, "PNC13": 0.7440641253026167, "PPV": 0.1688177957920887, "RAB": 0.7275899615170218, "SMALL": 15.39906816300575, "TD": 0.6183462075209414, "TDAP": 0.4831313367771593, "TTOX": 1.5534038165940962, "UNK": 0.9813972504901716, "VARCEL": 0.271370668162486, "VARZOS": 0.3143896411447845}