{"IPV": 1484.4048749198205, "MMR": 15.26835552807128, "OPV": 2138.1880846873464, "PNC": 92.53736552254098}