{"ANTH": 4.201411553372289, "COVID19": 0.1501987757602732, "DTP": 13.30133530544042, "FLU3": 1.3933256343807765, "FLUX": 7.572060784153289, "HEP": 52.08509999231048, "HEPAB": 7.475079037732215, "HPV4": 3.2722000789129395, "LYME": 9.440000670758293, "MMR": 1.302053135022338}