{"ANTH": 4.217294118399334, "COVID19": 1.3092983913750984, "DF": 8.193083141182642, "DTAP": 0.8516636498330502, "DTAPHEPBIP": 4.642304377395292, "DTAPIPV": 1.499192834039006, "FLU3": 0.5081333756160082, "FLU4": 0.2868530458788215, "FLUN3": 1.8765880166715911, "FLUX": 1.0376283375040152, "FLUX(H1N1)": 6.300315918310736, "HEP": 3.438455819940718, "HEPA": 0.4288082227880551, "HEPAB": 0.9433961956181096, "HIBV": 0.80231567600754, "HPV2": 1.0296032684575718, "HPV4": 0.8910338914819953, "HPV9": 0.8149948427692515, "HPVX": 1.575313566707822, "IPV": 1.980967359768444, "MEA": 7.44307164064482, "MEN": 2.3381919768535107, "MENB": 1.9908456728627115, "MMR": 1.825564247921566, "MMRV": 1.4086075576461223, "PNC": 2.9744153203673886, "PNC13": 0.5490954507580807, "PPV": 0.1871740980083407, "RAB": 0.8065632491549904, "RV1": 0.7508263415898753, "SMALL": 0.9224827309985651, "TD": 0.342180908432407, "TDAP": 0.5357581431046714, "VARCEL": 0.1501713128087778, "VARZOS": 0.1732236305413123, "YF": 2.0913288036458555}