{"ANTH": 9.758117156219509, "COVID19": 2.1493444811295093, "FLUX": 2.7275702824638195, "HEP": 0.8976117005477543, "HEPA": 3.800950696880108, "HPV2": 4.760631785851961, "HPV4": 0.8959595454166382, "PPV": 0.858688013, "UNK": 2.300551373580446}