{"BCG": 66.75611498277182, "COVID19": 0.7739409139869633, "COVID19-2": 2.957311873499929, "DT": 13.051987909249888, "DTIPV": 203.16435425019145, "DTP": 6.061367987289305, "FLU3": 0.4141519932342011, "FLU4": 0.4922644900139468, "FLUA3": 6.214085140305243, "FLUX": 4.479718079808127, "HEP": 1.0874910987405484, "HEPA": 1.5155689487559925, "HPV2": 1.898226598156162, "HPV4": 2.9904874893376534, "HPV9": 2.792798464047216, "PNC": 3.649598269869268, "PNC13": 3.050413942554411, "PPV": 0.6891381504257249, "RAB": 2.9115366749605687, "TDAP": 0.6339266030326995, "TTOX": 6.344167218146746, "UNK": 0.917308459085874, "VARZOS": 0.92793731391516}