{"COVID19": 0.3813782011574255, "FLU3": 31.278432232363173}