{"COVID19": 0.0268332644335768, "DTAP": 79.14638899594937, "DTAPH": 121.12881046383583, "DTAPIPVHIB": 1377.2047652188153, "DTP": 5.067175354453492, "DTPPHIB": 450.2478786063692, "FLU(H1N1)": 3.145571551335631, "FLU3": 0.1720155104173798, "FLUN3": 5.815444165567593, "FLUN4": 4.350937178246415, "FLUX": 0.4473792526792507, "HEP": 0.6015908205798778, "MMRV": 2.0311843308941797, "PPV": 0.5755036681746745, "TDAP": 2.153987167293904}