{"COVID19": 49.76985525104402, "HPV9": 0.8725421885373094, "VARZOS": 0.0923969556036198}