{"COVID19": 0.7322461462222569, "FLU(H1N1)": 3.953972156441404, "FLU3": 1.1091642635589778, "FLU4": 0.5549122715104099, "FLUC4": 3.3192238028681387, "FLUX": 3.532171565217749, "HEPAB": 7.363731415796912, "HPV2": 1.991749771050682, "HPV4": 4.469103320733563, "MMR": 1.2723629606726066, "TDAP": 10.606928893789451, "TDAPIPV": 183.74594880473876, "UNK": 3.1912567935519567, "VARCEL": 0.5820432951622975}