{"COVID19": 0.8898824693673262, "FLUA3": 49.75753804865181, "HEP": 2.906509704256109, "HPV4": 2.8867413794212013, "MNQ": 16.046739348017883, "RV1": 46.88493377483444}