{"COVID19": 0.076275640231485, "DTAPIPV": 6.740370981839371, "FLU4": 20.920192635942453, "FLUC4": 15.77991643986492, "FLUX": 0.6593386921739798, "HEP": 2.281970428961408, "HEPA": 1.9279217696550957, "HEPAB": 4.241509295499021, "HIBV": 3.6072112793299, "MEN": 10.512511127933385, "MENB": 26.61241313572351, "MNQ": 29.163204554223807, "PNC13": 2.484214095768414, "RAB": 7.311105581050074, "TDAP": 2.439224066167609, "UNK": 2.4534931262254287, "VARZOS": 8.589936324181693}