{"COVID19": 1.334823704050989, "FLU4": 2.6381075202953914, "FLUX": 1.329311879383024, "HEP": 0.8907045867881626, "HPV4": 0.88464655175811, "HPV9": 11.430302669838753, "IPV": 17.956510583707505, "MMR": 1.477582793039156, "MMRV": 6.372813224511892, "RV1": 6.805877483443708, "RV5": 4.617771864326846, "UNK": 2.4534931262254287}