{"DTAPIPVHIB": 26.36999825253193, "FLU3": 5.37598053993742, "FLU4": 114.20452555601338, "FLUR4": 38.59196667155744, "FLUX": 4.643230226577323, "HPV9": 12.879214275874652, "MNQ": 4.120108751518106, "PPV": 3.750166749381399, "TDAP": 1.351461982606378, "VARCEL": 1.1404902405207182}