{"COVID19": 0.5970401336470859, "FLUN4": 299.02804606857177, "PPV": 3.864096057744243, "TDAP": 7.154314519940466}