{"COVID19": 0.12569266, "COVID19-2": 3.142143865593675, "DTAP": 4.914430580295597, "DTAPIPV": 16.034818113535316, "FLU4": 6.763286036713355, "FLUC4": 9.550125992689772, "FLUR4": 55.41780409227289, "FLUX": 3.523111615, "HEP": 2.356230713937855, "HIBV": 18.561027519303103, "HPV9": 9.134778309487768, "MMR": 5.983903769464361, "MMRV": 42.65487094877776, "MNQ": 18.93592026331753, "PPV": 1.1040274450697838, "RV1": 8.829184399459237, "TDAP": 4.173350136631939, "UNK": 2.957851766032002, "VARCEL": 3.589442361943038, "VARZOS": 0.4829061531599303}