{"COVID19": 0.073106955, "DTAP": 4.224685937447092, "DTAPIPV": 42.85669568526712, "FLU3": 0.5703672187523647, "FLU4": 2.7777781936501285, "FLUN4": 14.426791696290746, "FLUX": 1.4834154167785685, "HEP": 0.9920971427106758, "HEPA": 17.73776991877384, "HEPAB": 9.442205100293323, "HIBV": 42.024967968233454, "HPV9": 7.829809979560944, "MENB": 9.864293177398183, "MMRV": 6.734979623491226, "MNQ": 5.204609663017099, "PPV": 1.9320480288721216, "RAB": 8.070575345, "RV5": 5.100406412039283, "TDAP": 3.577157259970233, "VARCEL": 1.5113441523970688, "VARZOS": 9.014248192318698}