{"COVID19": 0.4576538413889106, "FLU3": 3.1278432232363174, "FLUX": 8.241733652174748, "HEP": 5.522368438086608, "MMR": 20.357807370761705}