{"COVID19": 0.7960535115294479, "FLUX": 24.158479644679545, "HIBV": 55.68308255790932}