{"ANTH": 14.756177163063647, "COVID19": 0.6087468029342837, "COVID19-2": 1.795510780339243, "FLU3": 1.5858990960431605, "FLU4": 1.8518521291000851, "HEP": 1.3464175508216316, "HPV4": 7.427033073848448, "MMR": 2.2320910886097223, "PPV": 1.288032019248081, "RAB": 10.95292368199452, "VARCEL": 4.202273985}