{"COVID19": 0.3980267557647239, "FLUX": 28.18489292, "HEPA": 34.20855627192097, "HPV4": 8.063635908749744}