{"COVID19": 0.597040134, "FLU3": 3.612325718764976, "FLUX": 9.394964306264267, "HPV4": 6.271716817916468, "VARZOS": 2.629155723}