{"6VAX-F": 16.616133401697365, "COVID19": 0.2581801867385942, "DT": 3.354798534062489, "DTAP": 8.280473267874196, "DTAPHEPBIP": 8.769664067550098, "DTAPIPV": 4.255284710757179, "DTAPIPVHIB": 3.235310709974505, "DTIPV": 51.86245193341135, "DTP": 6.222940866909981, "DTPHIB": 5.958984916484814, "DTPIHI": 199.63969844626277, "DTPIPV": 231.5750688200281, "FLU(H1N1)": 0.9569277151723734, "FLU3": 0.8061451606279169, "FLU4": 0.8168759326802988, "FLUA3": 1.5862302398060142, "FLUN(H1N1)": 3.3491049054826894, "FLUN3": 3.550643768474748, "FLUN4": 2.692292664457529, "FLUX": 0.6960923692715159, "FLUX(H1N1)": 2.9595601666686564, "HEP": 2.819519096910416, "HEPA": 2.859206014318997, "HEPAB": 0.8895782918412377, "HIBV": 0.7565459897923448, "HPV2": 2.4392205811009195, "HPV4": 2.699027089370965, "IPV": 7.509636803978856, "LYME": 2.200324108811764, "MEA": 21.12629425273934, "MENB": 3.300923355047369, "MMR": 28.326817492869083, "MMRV": 0.6629436575834519, "MNQ": 0.5115571268663419, "PNC": 2.804162591592151, "PNC13": 1.8273710467177824, "PPV": 0.2651633055118161, "RAB": 2.289336091035882, "RUB": 4.761008575689783, "RV5": 0.4803722409199068, "SMALL": 0.8698578772167679, "TDAP": 0.6745914786703, "TTOX": 1.6237761371445, "UNK": 1.8047729097997225, "VARCEL": 1.437756010196476, "VARZOS": 0.2457665215040446}