{"COVID19": 5.52998391678267, "DTAP": 7.963055125939019, "HEP": 1.8407894793622024}