{"ANTH": 5.793559989385223, "COVID19": 0.5113934970065478, "FLU(H1N1)": 11.502464455102269, "FLU3": 1.2637750396914411, "FLU4": 2.413868381070283, "FLUA3": 9.26856100906259, "FLUN4": 7.85252027133446, "FLUX": 7.891021581869439, "HEP": 2.2312599749844884, "HEPA": 2.3626492275185, "HPV2": 2.8314089882583224, "HPV4": 1.6454425862700843, "PER": 332.6340762867647, "PNC13": 6.223081775258248, "PPV": 2.121306444094529, "UNK": 1.491338959078202, "VARZOS": 0.2373333565504745}