{"6VAX-F": 10.717765700661936, "ANTH": 0.9519786750454028, "COVID19": 1.3146546645667023, "COVID19-2": 1.9869893694523608, "DT": 2.16391766915719, "DTAP": 1.037531612500198, "DTP": 0.998431800345676, "FLU(H1N1)": 1.8586680865970475, "FLU3": 1.4877623485382256, "FLU4": 0.4372949965707035, "FLUA3": 1.0231528386627535, "FLUC4": 0.5208738651687014, "FLUN(H1N1)": 4.3272908116443, "FLUN3": 3.436667717147212, "FLUN4": 0.8668366533291287, "FLUX": 3.337484943512833, "FLUX(H1N1)": 3.8239702479215, "HEP": 0.4210956325338372, "HEPA": 0.5221889950311743, "HEPAB": 1.1488378373507642, "IPV": 1.2048740867855687, "JEV1": 11.734784981975992, "MEN": 1.4221470681728063, "MMR": 0.7992159927452797, "MNQ": 0.3299654194938742, "OPV": 27.798761664407536, "PNC": 1.2030860089604465, "PNC13": 1.343697046348019, "PNC20": 5.044773709024917, "PPV": 0.9241335003976164, "RV5": 0.3098504930608923, "TDAP": 0.4343460877866318, "TYP": 1.5173897975539083, "UNK": 2.1683283549755434, "VARCEL": 0.2746082791709321, "VARZOS": 0.3181774681465288}