{"COVID19": 0.1990133778823619, "FLUX": 42.27733938, "HPV4": 11.28909027224964, "MEN": 263.7465106}