{"COVID19": 0.034611022, "DTAP": 4.914430580295597, "FLU(H1N1)": 6.034361751541822, "FLU3": 5.292477215864966, "FLU4": 0.785634237, "FLUN(H1N1)": 10.452049487874495, "FLUX": 2.615093157413765, "FLUX(H1N1)": 9.236384547730196, "HEP": 1.1540721864185413, "HEPA": 7.405976100106603, "HEPATYP": 1183.2998819362456, "HPV2": 105.3772279084529, "HPV4": 15.00448707071155, "MMR": 0.9469477345617004, "MNQ": 2.9965934423431784, "PPV": 0.5464378263476707, "TDAP": 7.538955085528664, "VARCEL": 0.8701678453195244, "VARZOS": 0.9859333960348576}