{"BCG": 85.44178473042109, "COVID19": 0.9870965206427482, "FLU(H1N1)": 4.744766587729685, "FLU4": 1.3410379894834907, "FLUX": 4.2629656821593525, "HEP": 1.871989301046308, "HEPA": 4.016503686781449, "JEV": 145.04006346025383, "MENB": 9.431209585849626, "MMR": 1.526835552807128, "PPV": 0.8750389081889931, "RAB": 7.554809100418409, "SMALL": 8.640588247019894, "TD": 3.2050945089835463}