{"COVID19": 2.388160534588344, "FLU4": 5.982906878631046, "HPV2": 23.07075403912874}