{"COVID19": 0.5141178928627684, "DT": 18.91939531799525, "FLU(H1N1)": 5.475624552324987, "FLU3": 1.226827602599426, "FLU4": 1.440329433744511, "FLUX": 10.35363413343409, "HEP": 1.5855010411544443, "HEPA": 2.196879760582081, "HPV2": 5.5540704168272885, "HPV4": 1.5825827484462116, "HPV9": 2.0113273341991413, "HPVX": 8.421521126339321, "IPV": 9.846215282216344, "PNC13": 1.4552433487415537, "PPV": 0.4963059156735725, "RAB": 4.220392611410732, "TD": 3.661430502826753, "TDAP": 4.769543013293644, "TTOX": 9.196132298, "UNK": 1.329676481977689, "VARZOS": 0.6634318178926144}