{"ANTH": 4.153567529494719, "BCG": 1.087506806072394, "CHOL": 10.714615437755048, "COVID19": 0.0600057503539297, "DT": 3.398274784450807, "DTAP": 2.198703149071348, "DTAPHEPBIP": 1.661062219925395, "DTAPIPV": 0.1787327901421131, "DTAPIPVHIB": 1.6358698724748937, "DTP": 3.141267447608102, "DTPHIB": 8.305081869148479, "FLU(H1N1)": 1.151838566867939, "FLU3": 2.330913249768176, "FLU4": 0.5671198674022451, "FLUA3": 0.2005501109300773, "FLUC3": 0.5317150843490129, "FLUC4": 0.7155930671009262, "FLUN(H1N1)": 0.6343540170083405, "FLUN3": 0.5587929285311903, "FLUN4": 1.02054415078715, "FLUR4": 0.2988134882290723, "FLUX": 1.1700460766692478, "FLUX(H1N1)": 0.5605703414159117, "HBHEPB": 2.300157259937594, "HEP": 10.264160653284716, "HEPA": 4.000915703520978, "HEPAB": 0.6755429967348197, "HIBV": 5.223916785126973, "HPV2": 0.0612651075100443, "HPV4": 0.5997539443951851, "HPV9": 0.2426815853468949, "HPVX": 0.1878078541556631, "IPV": 2.1291400139627683, "JEV": 5.540579673778797, "JEV1": 4.601290610373782, "LYME": 1.5307314298653267, "MEA": 28.583429507870267, "MEN": 2.7929094388770945, "MENB": 0.5913298252551837, "MER": 39.11059727300564, "MM": 44.80566543693144, "MMR": 18.24281136085424, "MMRV": 2.275616326329545, "MNQ": 0.7129609956921211, "OPV": 16.34630941786886, "PNC": 4.990245262503815, "PNC13": 0.5902454611193422, "PPV": 1.0564078554077416, "RAB": 4.6620634688675855, "RUB": 37.80975475798171, "RV": 8.0300194104565, "RV1": 0.537648422985997, "RV5": 0.4256824530836557, "SMALL": 16.2152771564809, "TBE": 15.88739327026493, "TD": 4.20955195588216, "TDAP": 0.4688216722103523, "TTOX": 2.056898146095902, "TYP": 1.936108058363393, "UNK": 1.23592683459207, "VARCEL": 19.447263386248636, "VARZOS": 0.4550769675948382, "YF": 2.7484257364240383}