{"ANTH": 1.0086301188119555, "BCG": 0.3145289332980714, "CHOL": 1.549112907483267, "COVID19": 0.8056496160787853, "COVID19-2": 1.554236771275163, "DF": 0.8476123320877421, "DT": 0.1226737791460361, "DTAP": 0.484626825762564, "DTAPHEPBIP": 0.8005446640368683, "DTAPIPV": 0.6207365221487633, "DTAPIPVHIB": 0.2953375072775132, "DTIPV": 1.896436674171002, "DTP": 0.2264484495629368, "FLU(H1N1)": 1.6689398056192042, "FLU3": 1.1643578018410723, "FLU4": 1.4318919525549605, "FLUA3": 1.1032781300634669, "FLUA4": 1.1079316035117142, "FLUC3": 1.384724336663877, "FLUC4": 1.0949785219447556, "FLUN(H1N1)": 1.530504929924885, "FLUN3": 1.003003939945161, "FLUN4": 1.279641376402789, "FLUR3": 3.1801631025813597, "FLUR4": 2.077080536021401, "FLUX": 0.5958616061944297, "FLUX(H1N1)": 1.7319284968456854, "HBHEPB": 0.6652519371339234, "HEP": 0.4646387698464356, "HEPA": 0.90525300163927, "HEPAB": 0.9449616616178448, "HIBV": 0.1383557563412818, "HPV2": 0.212772875836701, "HPV4": 0.9238292748865105, "HPV9": 0.8728645960463144, "HPVX": 0.4891004861830558, "IPV": 0.6150471368061377, "JEV": 3.2045184022150104, "JEV1": 1.3305855102890929, "JEVX": 5.224604781479436, "LYME": 0.0803284356818627, "MEA": 0.5133152855617118, "MEN": 0.5645643673320881, "MENB": 0.7015836148646979, "MER": 1.1289978536688847, "MMR": 1.057433583798408, "MMRV": 0.8745769255478691, "MNQ": 0.9757618461251644, "OPV": 0.7871113877001091, "PNC": 0.2044522621094559, "PNC13": 1.161490630510093, "PNC20": 1.716473882584641, "PPV": 0.3110481431232165, "RAB": 1.1430487967912717, "RUB": 0.69650493645339, "RV5": 0.0175656086623881, "SMALL": 4.038756470104514, "SMALLMNK": 1.69313763363228, "TD": 0.4256642977990936, "TDAP": 0.9351189667251018, "TTOX": 0.5346470566351419, "TYP": 1.506894479249278, "UNK": 1.2514074546208256, "VARCEL": 1.9277262248158928, "VARZOS": 2.7264985602351444, "YF": 1.7330943047170864}