{"COVID19": 0.5307023410196319, "FLUX": 14.09244646, "MMR": 15.624637620268055, "RV5": 48.45386091437319}