{"COVID19": 0.326895600992079, "HPV9": 19.050504449731257, "MMR": 7.634177764035639, "MMRV": 71.83898543995224, "PNC13": 12.835106161470138, "RV5": 52.05488283422991}