{"ANTH": 2.5696706748454363, "BCG": 10.615168857827662, "CEE": 17.079624937988285, "COVID19": 0.3343622157849975, "COVID19-2": 0.6923186755881338, "DT": 2.783014965804969, "DTAP": 1.141265869357745, "DTAPIPV": 0.7949808643135553, "DTAPIPVHIB": 3.5679310853113173, "DTP": 2.588367951328946, "DTPHIB": 4.977481378450057, "FLU(H1N1)": 1.3008082692832963, "FLU3": 2.024660728556175, "FLU4": 1.1433999812494886, "FLUA3": 1.9888429145879036, "FLUA4": 1.521652850152007, "FLUC3": 0.8186913084155596, "FLUC4": 0.4734801082379077, "FLUN(H1N1)": 0.6977430204312711, "FLUN3": 2.219154607158405, "FLUN4": 0.5545024455081407, "FLUR4": 0.4482734405846138, "FLUX": 4.029255782601865, "FLUX(H1N1)": 1.8522661787142929, "HEP": 5.429423801688411, "HEPA": 2.9401624080914344, "HEPAB": 4.756406512112409, "HIBV": 1.9597430071142368, "HPV2": 3.165649941358148, "HPV4": 1.9884864274454368, "HPV9": 1.0390269167189878, "HPVX": 2.480934602083746, "IPV": 4.356850334620764, "JEV1": 14.772001886718288, "LYME": 12.357819059901765, "MEA": 2.9292469438478737, "MEN": 1.779666063476174, "MENB": 1.873814172097348, "MER": 12.886013234739476, "MM": 12.30829952691482, "MMR": 2.5302181336627854, "MMRV": 0.5180753556531712, "MNQ": 1.3051153165129172, "MU": 8.468279204959288, "PNC": 3.912052419534221, "PNC13": 1.6196888190554393, "PNC20": 0.5784242826943835, "PPV": 2.160861004961392, "RAB": 1.243304850388567, "RUB": 10.96218256889048, "RV1": 0.2917262546011481, "RV5": 0.4905892093929111, "SMALL": 2.3596857263415267, "SMALLMNK": 1.232851654, "TD": 1.47650354289144, "TDAP": 1.4029984743579869, "TTOX": 1.6914924408828649, "TYP": 2.168564867018264, "UNK": 1.2808644289343205, "VARCEL": 0.5550307619688115, "VARZOS": 0.74844579, "YF": 2.728078507581055}