{"ADEN_4_7": 55.97777060656083, "ANTH": 3.86172296, "COVID19": 0.9552642138353376, "COVID19-2": 1.7286292899541134, "DTAP": 0.3377378659670186, "DTAPIPV": 2.2070395718068267, "DTAPIPVHIB": 1.3451959988863402, "FLU(H1N1)": 1.6658238074678833, "FLU3": 0.3683958240100259, "FLU4": 1.4423841119666856, "FLUA3": 1.3770342947660987, "FLUC4": 1.3144836338252774, "FLUN3": 3.079728177821712, "FLUN4": 1.1533339785253471, "FLUX": 0.7165650742065967, "HEP": 0.2386056419177574, "HEPA": 1.3490698248081512, "HEPAB": 0.7548466910472924, "HIBV": 1.8795977234737324, "HPV2": 2.115090285674708, "HPV4": 0.7205802301435941, "HPV9": 1.2351249545222898, "IPV": 4.528428125576293, "MEN": 1.849554772841297, "MENB": 1.947815295960149, "MMR": 0.7944730993356638, "MMRV": 1.0783534790421343, "MNQ": 1.2517415645230998, "PNC13": 3.172430500256587, "PNC20": 2.406991369921789, "PPV": 1.5590012913089166, "RAB": 1.292198861358904, "RV1": 1.215252908914333, "RV5": 2.878447183032071, "RVX": 6.2896432873055135, "SMALL": 4.545548449, "TD": 0.2773032919391931, "TDAP": 1.7121436457977186, "TYP": 2.002741398722548, "UNK": 1.2282604791149838, "VARZOS": 0.5771317440204045, "YF": 1.6184813586350435}