{"ADEN_4_7": 35.13393524866011, "ANTH": 2.143501377096934, "BCG": 18.500812095843205, "COVID19": 0.7960535115294479, "COVID19-2": 1.4190327134939176, "DTAP": 0.2119780796078206, "DTAPHEPBIP": 4.436922229042905, "DTAPIPVHIB": 0.8442999535263737, "FLU(H1N1)": 0.7822320789035694, "FLU3": 0.6712310805963645, "FLU4": 1.110120098800408, "FLUA3": 1.7300889024990809, "FLUA4": 1.3238558394074829, "FLUC3": 2.138254500060709, "FLUN3": 1.9299267486790952, "FLUX": 1.5910826647705612, "FLUX(H1N1)": 1.6112811810137253, "HEP": 1.9021207945243772, "HEPA": 1.270344264739771, "HEPAB": 3.813680713670289, "HIBV": 5.553432988856495, "HPV2": 1.0588519064736932, "HPV4": 0.7036832760974843, "HPV9": 0.5799859244119219, "HPVX": 2.4284280496586934, "IPV": 17.263873443886027, "LYME": 3.002120354658114, "MENB": 0.7306883835109765, "MER": 16.822145798519934, "MMR": 0.6642892876641866, "MMRV": 1.0155921654470896, "MNQ": 0.784822092, "PNC": 2.035786501815867, "PNC13": 2.695714646908549, "PNC20": 3.0241142674083448, "PPV": 2.07496665, "RV1": 1.910910051119711, "RV5": 2.319599724624248, "SMALL": 1.893644190736428, "TD": 0.3484004355112681, "TDAP": 0.9784764085886606, "TYP": 1.8861797300138283, "UNK": 1.8068444447889165, "VARCEL": 0.075833289, "VARZOS": 0.4668814646694214}