{"COVID19": 4.000168895435476, "COVID19-2": 1.390072862198123, "FLU3": 0.4473981394800659, "FLU4": 0.3535354064645618, "FLUC4": 2.1270735165536307, "FLUR4": 6.045578628247951, "FLUX": 0.384339448892629, "HEP": 0.2570433506114024, "HPV4": 0.5154835740753261, "MENB": 1.2554554953052233, "MMR": 0.4261264805527652, "PPV": 0.4940396786157023, "TYP": 3.240799717932851, "VARZOS": 0.1075563704765299}