{"COVID19": 0.597040134, "DTAP": 9.087060318282424, "DTAPIPVHIB": 17.761569392702974, "FLU4": 1.440329433744511, "FLUN3": 10.123180584506551, "HPV4": 4.427094224411624, "HPV9": 4.059901470883452, "MEA": 80.44580032826661, "MMR": 18.341965902053804, "MNQ": 5.4937546442958265, "TDAP": 1.8548222829475285}