{"ANTH": 1.8730779735208305, "COVID19": 1.7148684149945777, "COVID19-2": 1.4007894405334649, "DTAP": 0.6094174841279861, "DTIPV": 39.375823378742886, "FLU3": 0.5672254549910419, "FLU4": 0.5151234274584471, "FLUN3": 0.6705515142374284, "FLUX": 0.5276397984746958, "FLUX(H1N1)": 2.2460947693467483, "HEP": 1.0014657789276231, "HEPA": 0.9233341808692986, "HEPAB": 1.3525220967790246, "HPV2": 4.099149528807532, "HPV4": 2.1011816381256034, "HPVX": 3.392054499960904, "LYME": 2.5080322696226043, "MENB": 0.3544212519523108, "MMR": 0.4685940315520597, "PNC13": 0.1962054445065499, "PPV": 0.0668819547660377, "SMALL": 1.3225390174010043, "TD": 0.4905756901505428, "TDAP": 0.3831731291680919, "TTOX": 1.2328287614498368, "UNK": 1.1701274909690509, "VARCEL": 0.1075111819089594, "VARZOS": 0.5673750555034782}