{"COVID19": 0.497533445, "COVID19-2": 9.426431596781024, "FLUC4": 58.49452170522485, "FLUX": 10.56933484, "PPV": 6.762168101052425}