{"COVID19": 8.008942224305935, "MMR": 4.362387293734651}