{"COVID19": 0.3813782011574255, "MEN": 1314.063890991673}