{"COVID19": 0.5200611833964892, "DTAPIPV": 16.5205171123514, "FLUN3": 10.321234091693752, "FLUX": 3.296693460869899, "HEP": 4.601973698405506, "HPV2": 5.662817976516645, "HPV4": 2.193923448360113, "MMR": 1.796277120949562, "MMRV": 7.747341567053673, "MNQ": 5.978197012006663, "PNC13": 3.0200249791694445, "PPV": 3.2144286423269137, "RAB": 8.8880107063746, "RUB": 55.63845315904139, "SMALLMNK": 49.16135278829984, "VARCEL": 1.6548289764418265}