{"COVID19": 1.1441346034722764, "PNC13": 51.34042464588055}