{"6VAX-F": 3.754513057656661, "ANTH": 5.635276301095469, "BCG": 1.9174368921140097, "COVID19": 0.114069786, "COVID19-2": 0.1381668244306489, "DT": 3.778332886884357, "DTAP": 2.9421082000510848, "DTAPHEPBIP": 0.9213148060672698, "DTAPIPV": 1.1512177107153558, "DTAPIPVHIB": 1.757282424342178, "DTP": 5.992209942531862, "DTPHIB": 13.540064983228682, "DTPPVHBHPB": 5.660935306297028, "FLU(H1N1)": 0.7589974626985129, "FLU3": 6.439500887, "FLU4": 0.2282547011656745, "FLUC4": 0.171224359181046, "FLUN(H1N1)": 1.5161214641752017, "FLUN3": 8.322585152, "FLUN4": 3.625248170559468, "FLUX": 8.211168643275911, "FLUX(H1N1)": 2.6834983719010688, "HEP": 7.363829763278289, "HEPA": 1.4096240995052056, "HEPAB": 1.5794737805332928, "HIBV": 4.775776396833628, "HPV2": 0.4394429340786426, "HPV4": 0.1448911476086312, "IPV": 3.939931959477172, "JEV": 3.3067870098044607, "LYME": 4.252690769601822, "MEA": 25.57217493878673, "MEN": 1.932208868916989, "MENB": 0.8105655435572975, "MER": 13.989720078417747, "MM": 53.50728893239015, "MMR": 14.21618250201306, "MMRV": 0.8443412871092372, "MNQ": 0.5435374693880078, "MU": 27.60020256438763, "OPV": 14.63533736783265, "PNC": 4.463460029276162, "PNC13": 1.2278112883411043, "PPV": 0.9462505418666588, "RAB": 1.3500302117205276, "RUB": 11.904213682045226, "RV1": 2.226772242, "RV5": 1.174423364064866, "SMALL": 1.969070179978316, "SMALLMNK": 0.6689787787159842, "TD": 2.119704313281588, "TDAP": 0.6638023781388062, "TDAPIPV": 10.123985642420855, "TTOX": 0.7338055786729032, "TYP": 1.56812889577396, "UNK": 1.1757242639315997, "VARCEL": 5.248358098487143, "VARZOS": 0.1305391771138465, "YF": 2.114285835}