{"COVID19": 0.0381378201157425, "HPV4": 1.7140026940313382, "IPV": 34.790739255933296, "MMR": 412.2455992579245, "MMRV": 12.347325622491793}