{"BCG": 131.4488995852632, "COVID19": 0.2288269206944552, "FLU4": 2.0631353684361398, "HEPA": 6.17923644120223, "HPV4": 1.4063611848462263, "HPV9": 5.861693676840386, "HPVX": 22.70067242281528, "MENB": 14.64319383066126, "OPV": 328.9520130288225, "PPV": 1.3462137049061431, "RV1": 122.50579470198676, "RV5": 23.21366396661604, "RVX": 115.07403432054592, "TYP": 17.955779271054585, "VARZOS": 0.6207180094397027}