{"COVID19": 21.62391003126949, "COVID19-2": 2.761286207138681, "DF": 0.244803696387083, "DTAPHEPBIP": 0.0693525893855805, "DTAPIPV": 0.0223968306634924, "EBZR": 2.417748103767858, "FLU4": 0.0256739883117451, "FLUA4": 0.1439365644884426, "FLUC4": 0.0127937332575528, "FLUN4": 0.0212912907753027, "FLUX": 0.0657760068010754, "HEP": 0.0058723611634268, "HEPA": 0.0064060772802808, "HPV4": 0.0014579889473139, "HPV9": 0.0243094484683937, "MENB": 0.014791891263893, "MMR": 0.0170491833190384, "MMRV": 0.0210066680801604, "PNC13": 0.0122833777763491, "PNC20": 0.2478266206145474, "PPV": 0.0055829789973776, "RAB": 0.0361502947623498, "RV1": 0.0448707362796161, "RV5": 0.0152215352006095, "RVX": 0.1192984220341128, "SMALLMNK": 0.199954461456519, "TDAP": 0.0026584488347077, "UNK": 0.9930555440266022, "VARZOS": 0.0186755358643373}