{"FLU3": 5.911078448888143, "HEP": 16.964861140352554, "HEPA": 19.95499115862057, "HIBV": 37.12205503860621, "HPV2": 24.99331688, "HPV4": 4.703787613437351, "LYME": 56.64000402454975, "MEA": 362.0061014771997, "PNC": 104.84300484351714}