{"COVID19": 1.293586956235353, "FLU3": 2.031933216805299, "FLU4": 4.861111838887725, "PNC13": 9.913845313301834, "UNK": 9.058421033473008}