{"ANTH": 4.718948055870222, "COVID19": 0.9534455028935636, "DTAP": 7.832513238628543, "FLU(H1N1)": 4.591709601028728, "HIBV": 22.545070495811878, "HPV4": 0.88464655175811, "LYME": 10.558006812443542, "MMR": 6.210856485995096, "PNC": 8.955228921536225, "PNC13": 5.0498778340210375, "RAB": 7.311105581050074, "TDAP": 1.6130352695624512}