{"ANTH": 1.048655123526716, "COVID19": 2.223155855527432, "COVID19-2": 1.3104159282409833, "DTP": 3.306634349531916, "DTPHEP": 243.2198980734767, "FLU(H1N1)": 2.048100685350944, "FLU3": 0.9199538891871522, "FLU4": 0.2883952665555894, "FLUN3": 1.8866771995569225, "FLUX": 0.2954026398628941, "HEPA": 0.8637642337164407, "HEPAB": 3.814306920412789, "HPV2": 1.035138769900892, "HPV4": 0.5940225943213301, "MENB": 0.997206748324602, "MMR": 0.3283517317864791, "MMRV": 1.4161807165581983, "PNC13": 1.1080667189758393, "PPV": 0.5686173410614396, "RV5": 1.0261715254059658, "TD": 1.3834940326547682, "TDAP": 0.3584522821249892, "VARZOS": 0.4401454976026983}