{"COVID19": 0.0133790506139403, "FLU3": 1.6672272548146043, "FLUX": 0.6930711373473639, "HEP": 25.28096954248616, "HEPA": 3.958014775263584, "HEPAB": 18.090947587116624, "HIBV": 3.651349676, "MMR": 21.56199991596992, "PNC": 19.38274039123846, "PPV": 2.2922603732381104, "UNK": 1.1879896437341648, "VARCEL": 29.027664318321964, "VARZOS": 0.5915600376209146}