{"COVID19": 0.2104155592592692, "FLU3": 0.2805240558956338, "FLU4": 0.359206604325935, "FLUX": 0.7391689374147756, "HEP": 1.7732375718626725, "HPV9": 1.02056273837846, "MER": 82.14971436138015, "MM": 156.98651677270098, "MMR": 99.24431093246332, "MMRV": 1.76390366035597, "MU": 776.8708440878077, "TDAP": 0.4464651192538927, "VARCEL": 0.756917289672943, "VARZOS": 0.2171121288623175}