{"COVID19": 2.2882692069445527, "FLU3": 0.5686987678611486, "FLUX": 3.052493945249907, "HPV4": 3.104608653339782, "TYP": 12.732279846747796, "VARZOS": 0.4401454976026982}