{"COVID19": 0.0401450738060447, "HPV2": 317.6840884825837, "HPV4": 17.14002694031338, "HPVX": 44.2663112244898, "LYME": 32.72982111857498, "SMALL": 25.921764741059683}