{"COVID19": 0.3813782011574255, "FLUX": 9.15748183574972, "HEPAB": 58.909851326375296, "TDAP": 25.002046678217997, "VARZOS": 2.689778040905378}