{"ANTH": 3.8565945095497023, "BCG": 6.191833429871116, "COVID19": 0.6450495464558208, "COVID19-2": 0.7792916423411976, "DT": 0.8115757928616617, "DTAP": 1.909651851185442, "DTAPHEPBIP": 2.9751319791041926, "DTAPIPV": 1.2383074666087162, "DTAPIPVHIB": 0.3774595620645259, "DTP": 1.5093713821776362, "DTPHIB": 1.4515205436566283, "FLU(H1N1)": 1.519924252958537, "FLU3": 1.3036298215837598, "FLU4": 1.148813656136341, "FLUA3": 1.5474002398238431, "FLUA4": 1.184173412257402, "FLUC3": 0.9559453412313912, "FLUC4": 1.1071518303828047, "FLUN(H1N1)": 0.4072227073197855, "FLUN3": 0.4304344500498848, "FLUN4": 0.9716350453193058, "FLUR4": 0.5234267210604286, "FLUX": 1.7658005202135243, "FLUX(H1N1)": 1.441138014539463, "HEP": 0.835262624, "HEPA": 1.2309128591319922, "HEPAB": 1.4861695601645113, "HIBV": 0.7020719629050821, "HPV2": 0.7095894381120037, "HPV4": 1.1094372710393752, "HPV9": 0.6921378987457187, "HPVX": 0.3612537594533593, "IPV": 1.2681025589935977, "MEN": 1.0383720890046024, "MENB": 1.310040516840233, "MMR": 1.0441285283234023, "MMRV": 0.6050336304791172, "MNQ": 0.8191870830547623, "PNC": 2.048846719208093, "PNC13": 3.9655381253207342, "PNC20": 2.704783052410143, "PPV": 0.974922113087254, "RAB": 1.088382006254976, "RSV": 2.0304588276296203, "RV1": 0.5111816095787741, "RV5": 0.3435090572897666, "SMALL": 2.1183835585548705, "SMALLMNK": 6.496198586686563, "TD": 0.5459647850368887, "TDAP": 1.0350439130597495, "TTOX": 1.1843778107134924, "TYP": 0.8424292295532421, "UNK": 1.381427194937901, "VARCEL": 0.6143578052137054, "VARZOS": 2.4103443232061537, "YF": 0.9086434714226662}