{"COVID19": 0.6899130433255216, "COVID19-2": 1.8852863193562048, "FLU4": 3.988604586, "FLUR4": 33.25068245536373, "FLUX": 4.336137372121969, "HPV2": 7.497995063, "PNC13": 3.965538125320734, "PPV": 2.774222810688175, "TDAP": 2.504010081979163, "VARCEL": 4.417775214699123, "VARZOS": 1.213456487427517}