{"COVID19": 0.0715084127170172, "FLU4": 4.470126631611636, "FLUA3": 52.52184571802135, "FLUX": 38.03877070234499, "HPV4": 6.452716024588567, "SMALL": 28.801960823399646, "TYP": 38.90418842061827, "VARZOS": 4.539000444027826, "YF": 65.29593264716505}