{"COVID19": 0.4131597179205443, "HPV2": 25.11336667846512, "HPV4": 21.3298113035011, "HPVX": 76.98488908606922, "MMR": 3.81708888201782}