{"COVID19": 1.7911204009412578, "HPV4": 5.644545136124821, "VARZOS": 2.3662401504836583}