{"6VAX-F": 1.7856501095224722, "ANTH": 0.8994161394009428, "COVID19": 0.6711117897979173, "COVID19-2": 1.0576200874467094, "DF": 3.3227585966766338, "DT": 0.3605228860983129, "DTAP": 2.129081672450047, "DTAPHEPBIP": 2.3538208770264832, "DTAPIPV": 2.284561748183084, "DTAPIPVHIB": 0.8683732733827279, "DTP": 4.680454346538019, "DTPHIB": 3.2042178006360063, "DTPIPV": 6.190227903456395, "FLU(H1N1)": 1.4443210486294382, "FLU3": 1.3468899927061238, "FLU4": 1.222249119258379, "FLUA3": 1.3654352380204144, "FLUA4": 1.3024142753891987, "FLUC4": 0.7821572883248321, "FLUN(H1N1)": 1.0788941086963726, "FLUN3": 0.9506645090778064, "FLUN4": 0.8673059747440333, "FLUR3": 1.8687615491007303, "FLUR4": 1.2708469717717852, "FLUX": 1.5439060285065642, "FLUX(H1N1)": 1.74948711080621, "HBHEPB": 3.910889566580998, "HEP": 2.453923839933043, "HEPA": 1.2226356575091204, "HEPAB": 1.6298747292830775, "HIBV": 1.1409036216929918, "HPV2": 1.6230810770255284, "HPV4": 1.587145510778045, "HPV9": 0.7857299230352253, "HPVX": 1.1186432439401754, "IPV": 0.8033943035828003, "JEV": 1.5691315917084798, "JEV1": 3.910889566580998, "LYME": 1.7749360693370382, "MEA": 4.529514089921374, "MEN": 1.6603695373540994, "MENB": 0.9057645668450264, "MMR": 7.138683132634959, "MMRV": 0.4278445261718866, "MNQ": 0.8267029490573204, "PER": 6.11768405720339, "PNC": 1.0027527418010582, "PNC13": 0.7533649268688994, "PPV": 0.3717485557665657, "RAB": 1.7225949088901913, "RUB": 2.047671738128169, "RV1": 0.228335716435882, "RV5": 0.051623125782233, "SMALL": 0.3741189210327935, "SMALLMNK": 0.9043206464213858, "TD": 0.6609637735602828, "TDAP": 1.1120122839017843, "TDAPIPV": 9.6097971421775, "TTOX": 1.2228148094163995, "TYP": 0.6317894185953886, "UNK": 0.9103821066842994, "VARCEL": 0.4435469474732622, "VARZOS": 0.4399031267339742, "YF": 1.9100652020297464}