{"COVID19": 1.7911204009412578, "COVID19-2": 7.541145277424819, "UNK": 14.49347365355681}