{"COVID19": 3.1683727480770734, "DTIPV": 128.2573500095982, "FLU3": 0.5256879366783727, "FLU4": 1.0099867703222942, "FLUX": 0.686811137681229, "HPV2": 2.4066976400195736, "HPV4": 0.6884697013682363, "MNQ": 1.265095633246223, "PNC13": 0.6390924229777663, "PPV": 0.8823921763250351, "TDAP": 0.4149717290990538, "UNK": 0.631189103012351, "VARZOS": 0.303866138512323}