{"COVID19": 7.5625083595297555, "MMR": 2.4037904031181627, "UNK": 3.716275295783797}