{"COVID19": 3.283720735058973, "HEP": 1.570820476, "HIBV": 12.374018346202073, "MENB": 7.672228026865254, "PPV": 1.5027040224560946}