{"COVID19": 0.2933678470441735, "DTAPIPV": 38.297562396814605, "FLU3": 2.978898307844112, "HEP": 2.510167471857549, "HPV4": 2.4930948276819467, "MEA": 190.13664827465405, "MMR": 4.164096962201258, "SMALL": 23.565240673690617, "VARCEL": 3.83619444538787, "VARZOS": 5.096421551189137}