{"COVID19": 0.0423753556841583, "DTAP": 18.37628105985928, "DTAPIPV": 12.210816996085816, "DTAPIPVHIB": 43.09723595003353, "DTP": 27.133852456453077, "DTPIPV": 1537.2091322045897, "FLU3": 0.9199538891871522, "FLU4": 3.602788628463109, "FLUN(H1N1)": 14.439981295378262, "FLUN3": 7.628738241686685, "FLUN4": 23.557560814003377, "FLUX(H1N1)": 12.760422457738049, "HEP": 3.346889962476732, "HEPA": 3.492611901549086, "HIBV": 6.53480304226431, "HPV4": 4.2190835545386784, "HPVX": 12.830814847678202, "MENB": 4.032183808442956, "MMR": 29.38438233704284, "MMRV": 5.726295940865758, "PNC": 8.046727436742694, "PNC13": 6.896474952431716, "RAB": 6.569399217755139, "VARCEL": 3.778937811874618}