{"COVID19": 5.148605715625244, "MEN": 46.93085324970261, "PNC13": 5.500759783487203}