{"COVID19": 0.4302991954213232, "COVID19-2": 2.7053435972824467, "DT": 8.966148215919489, "DTAP": 2.1031187636199498, "DTAPIPV": 6.862061900115549, "DTAPIPVHIB": 4.170107596547655, "DTP": 4.163896269529174, "FLU(H1N1)": 2.5823906185637493, "FLU3": 1.6255465734442394, "FLU4": 1.3705337343119577, "FLUN3": 2.376746745927625, "FLUN4": 3.575335333428576, "FLUX": 2.2547914335034243, "FLUX(H1N1)": 3.975661174892562, "HEP": 0.2458675527587327, "HPV2": 2.619386921473132, "HPV4": 5.058790452187339, "HPV9": 1.9147133574472175, "HPVX": 3.991068708, "MEN": 11.517314873675502, "MENB": 2.412228899276412, "MMR": 1.6519440655790014, "MMRV": 3.3527846160611343, "PNC": 20.68651216643388, "PNC13": 9.459081767, "PPV": 1.442595861557851, "UNK": 1.2658055592626036, "VARCEL": 1.1335081142978014, "VARZOS": 0.3113473882215339}