{"ANTH": 12.100065273712191, "COVID19": 0.6368428092235583, "COVID19-2": 3.016458110969928, "FLU4": 6.481482451850299, "FLUA4": 60.15600934267601, "FLUN4": 32.89308507, "HPV2": 11.996792100346944, "HPV4": 2.2578180544499284, "VARZOS": 1.9718667920697155}