{"COVID19": 0.597040134, "COVID19-2": 50.27430185}