{"COVID19": 4.1218182509706365, "DTAPIPVHIB": 3.145440968030769, "FLU(H1N1)": 1.8667934115657776, "FLU3": 0.4129165971269066, "FLU4": 0.2629486253889197, "FLUC4": 1.5728348085486277, "FLUX": 0.5404415509622786, "HEPA": 0.7875497425061665, "HPV2": 1.8937948642776972, "HPV4": 0.9080808975000468, "MMR": 0.2993795201582603, "MNQ": 0.9963661686677772, "PNC13": 1.0099755668042076, "PPV": 0.3442776032218989, "UNK": 0.4971129863594006}