{"COVID19": 0.4767227514467819, "FLUR3": 1295.518943914081, "FLUX": 10.302167065218436, "MMR": 11.451266646053458, "VARZOS": 3.0260002960185504}