{"COVID19-2": 731.2120879584687, "TTOX": 483.8852888690609}