{"ANTH": 2.419973361984729, "COVID19": 0.519590843824942, "COVID19-2": 0.3001691658285996, "DTAP": 0.5893708563606181, "FLU(H1N1)": 1.4081747498620665, "FLU3": 4.522890670219651, "FLU4": 4.0196487540073615, "FLUA3": 2.3323845960305536, "FLUC3": 4.1191535047185655, "FLUC4": 8.028147646636866, "FLUR3": 8.509155625051436, "FLUR4": 2.314883785557677, "FLUX": 4.042846972237182, "HEP": 1.2035337752745332, "HEPA": 0.1978573244719925, "HEPAB": 2.6225325404981583, "HPV2": 0.237113067982224, "HPV4": 0.7757216851522862, "HPVX": 2.184192988050483, "LYME": 12.588392737913455, "MENB": 0.4572238007930385, "MMR": 0.1505507529472928, "PNC13": 1.0174815784484998, "PPV": 0.9649551869753308, "RAB": 1.492307970453019, "SMALL": 0.8519889808072204, "SMALLMNK": 2.0584802891652645, "TD": 0.6331050881942808, "TDAP": 2.1795581345638486, "TTOX": 2.387591885867077, "TYP": 0.5749387451322896, "UNK": 1.512343733149726, "VARCEL": 0.2082145011476969, "VARZOS": 0.631690297485354, "YF": 0.9649645218792864}