{"ANTH": 2.5527563868591123, "COVID19": 0.3569605031858238, "COVID19-2": 0.3168548435892781, "FLU3": 1.4196913305189864, "FLU4": 2.346743646359591, "FLUA3": 4.125317025916926, "FLUC4": 1.966202410259659, "FLUX": 3.6923440504968736, "HEP": 8.741957431421607, "HEPA": 1.0061340079976755, "HEPAB": 2.261368448389578, "HPV2": 1.2601672374314017, "HPV4": 1.9548208263635745, "LYME": 23.538702971241456, "MENB": 2.330803451199571, "MMR": 4.093791516227438, "OPV": 55.97914055, "PNC": 2.4228425489048075, "PNC13": 0.6664769958522241, "PPV": 0.687678112, "RAB": 1.932868885057856, "RUB": 102.0548566901508, "TD": 3.365399951534377, "TDAP": 0.4208420305847333, "TTOX": 4.211674035576411, "TYP": 2.995697218257257, "UNK": 1.842390718672476, "VARZOS": 0.6093322275923584}