{"COVID19": 0.2984698965579851, "DT": 49.98649815753109, "DTAPIPV": 21.063659318248035, "DTAPIPVHIB": 24.062623405435385, "DTP": 72.83297238311089, "FLU3": 0.7819608058090793, "PNC13": 3.8505318484410416, "TD": 15.18202662150101, "TDAP": 5.12862495963446, "TTOX": 234.6110491486356, "UNK": 3.802914345649415, "VARCEL": 2.1099069449633285}