{"COVID19": 14.397027093692811, "HPV4": 0.3561564039545637, "UNK": 1.9884519454376024, "VARZOS": 0.1571948205723922}