{"COVID19": 0.7627564023148511, "FLU4": 2.7745613575520496, "FLUX": 2.841977121439568, "FLUX(H1N1)": 30.361005158066387, "HEP": 1.9042649786505543, "HPV4": 6.094231801000313, "HPVX": 30.52849049964814, "SMALL": 17.877079131765296, "TDAP": 3.448558162512827}