{"COVID19": 3.203576889722374, "HPV4": 1.1923497001957135, "HPV9": 10.160269039856669, "RAB": 9.85409882663271, "VARZOS": 0.5262609210467044}