{"COVID19": 0.3980267557647239, "FLU4": 38.88889471, "SMALL": 107.27494340521864}