{"COVID19": 1.5799954047950484, "DTAPHEPBIP": 74.54214457417582, "FLU4": 2.298922267685984, "HPV9": 6.531601525622144, "UNK": 4.346187823599331, "VARZOS": 1.4240001393028472, "YF": 33.580765361399166}