{"COVID19": 0.839032042546336, "DTP": 61.50339890129364, "FLU4": 5.364151957933963, "HPV9": 15.240403559785005, "PNC13": 10.26808492917611, "UNK": 10.141104921731774}