{"COVID19": 1.6415844310689185, "COVID19-2": 3.0215375535473914, "FLU(H1N1)": 2.352776820361828, "FLU4": 1.3410379894834907, "FLUX": 1.373622275362458, "HPV9": 1.8893062264196283, "MMR": 1.526835552807128, "PNC10": 834.7021910436287, "PNC13": 1.2729030903937328, "SMALL": 4.284589213398295, "TDAP": 1.6668031118811997, "VARZOS": 1.9280709850737667}