{"ANTH": 3.6120343143698, "COVID19": 1.1822724235880189, "COVID19-2": 4.5136548639411656, "DTAP": 2.949279676273711, "DTAPIPVHIB": 11.882776990338462, "EBZR": 561.424988688514, "FLU3": 0.3861534843501626, "FLU4": 0.9933614736914744, "FLUC4": 5.941820387850371, "FLUN(H1N1)": 12.300724807174074, "FLUN4": 9.888358860198949, "HEP": 0.6817738812452602, "HPV4": 0.6771368667778126, "HPV9": 2.8222969555157413, "IPV": 27.83259140474664, "MMR": 2.2902533292106915, "PPV": 1.993759537645807}