{"BCG": 43.66962521789657, "COVID19": 0.074142239, "DTAP": 2.006725820287369, "FLU3": 1.1114848365430696, "FLUX": 9.308771973179274, "FLUX(H1N1)": 31.26160923847143, "HEP": 6.806888729153803, "HEPAB": 13.683195526696258, "HIBV": 3.7122055038606216, "HPV2": 10.253668461834994, "HPV4": 11.853544785862123, "HPV9": 1.8269556618975535, "HPVX": 39.56662942978388, "IPV": 27.285698282074105, "MENB": 2.301668408059576, "MMR": 8.445750065, "MMRV": 6.451997286369745, "MNQ": 2.472189589933122, "PNC13": 1.3218460417735778, "PPV": 0.90919907241041, "RAB": 3.8335232886980815, "RV1": 7.271093034848782, "TDAP": 2.546450930826268, "UNK": 1.207789471129734, "VARCEL": 0.7178884723886075, "VARZOS": 0.3976874202493543, "YF": 19.394574936248507}