{"COVID19": 0.6368428092235583, "HEPA": 43.538162527899416, "HEPAB": 97.85558013031265, "SMALL": 44.697893085507765}