{"COVID19": 4.179280935529602, "COVID19-2": 3.4277933079203726, "MMRV": 17.449719933590902}