{"COVID19": 5.148605715625244, "FLUX": 2.9434763043481245, "PNC13": 5.500759783487203}