{"COVID19": 0.1906891005787127, "HPV4": 27.42404310450141, "SMALL": 259.21764741059684}