{"COVID19": 0.4898790840181218, "COVID19-2": 5.586033539, "FLU3": 3.751261323, "FLUA3": 35.065194720293874, "FLUX(H1N1)": 32.65721679376033, "HEP": 2.019626326232447, "MMR": 3.348136632914584, "TTOX": 35.799229302399496, "VARZOS": 2.7302770967119137}