{"ANTH": 0.6251597851793883, "COVID19": 10.79777032026961, "COVID19-2": 0.7812094956821247, "FLU(H1N1)": 0.608303408683293, "FLU3": 0.1339547418944889, "FLU4": 0.3445922028651368, "FLUC4": 1.028391990204872, "FLUN3": 1.1247498689666269, "FLUX": 0.1761054199182638, "HPV2": 0.6171019589793779, "HPV4": 0.471811494270992, "TDAP": 0.2136927066514358}