{"COVID19": 0.4576538413889106, "FLU3": 3.1278432232363174, "FLUN3": 52.63829386763813, "MMR": 20.357807370761705, "PNC13": 15.402127393764166}