{"COVID19": 0.9552642138353376, "FLU3": 2.031933216805299, "FLU4": 4.861111838887725, "VARZOS": 5.070514608179268}