{"COVID19": 0.3813782011574255, "FLU4": 5.364151957933963, "FLUN4": 53.39713784507432, "HEP": 7.889097768695153, "HEPA": 16.066014747125795, "HPV4": 7.835440887000403, "HPVX": 59.02174829931973}