{"COVID19": 1.525512804629702, "PPV": 13.125583622834895}