{"COVID19": 1.5478818279739268, "COVID19-2": 16.75810062, "VARZOS": 0.5502884070892229}