{"COVID19": 3.68665594452178, "FLU3": 1.0089816849149411, "FLUA4": 58.22001877808329, "PNC": 17.91045784307245}