{"6VAX-F": 28.13413496423759, "ANTH": 0.8311783507498686, "COVID19": 0.722117741535781, "COVID19-2": 2.083225321819, "DF": 13.081002060638196, "DTAP": 2.047642746670033, "DTAPHEPBIP": 7.411860966182255, "DTAPIPV": 2.393597649800913, "DTAPIPVHIB": 11.031575200199605, "FLU(H1N1)": 0.8087670319993782, "FLU3": 1.2917346644633758, "FLU4": 1.6278495826100174, "FLUA3": 5.386855971079114, "FLUA4": 5.1273311992062, "FLUN(H1N1)": 5.67725760331111, "FLUN3": 4.511853760083269, "FLUX": 1.9111266439825505, "FLUX(H1N1)": 5.016918231247438, "HEP": 1.444805696011031, "HEPA": 1.3731636536004954, "HIBV": 5.167924468954011, "HPV2": 2.4754604297344187, "HPV4": 0.4701264532200241, "HPV9": 0.6494490153317474, "IPV": 3.1627944778121173, "MENB": 0.7903996669959203, "MMR": 2.124292943036004, "PNC": 3.1636706161552475, "PNC13": 3.57150780145256, "PPV": 0.4500200099257678, "RAB": 1.2877515512076834, "RV1": 3.6168377483443703, "RV5": 7.49045552411157, "SMALL": 1.4728275421056636, "TDAP": 0.2841141667979318, "TTOX": 2.7493482322105733, "UNK": 0.8667611044215191, "VARCEL": 0.2397621528367418, "VARZOS": 0.137937335431045, "YF": 6.697018733042569}