{"HPV2": 288.8037168023489, "HPVX": 885.326224489796}