{"COVID19": 4.322286279784155, "HPV2": 8.022325466731914, "HPV4": 3.1341763548001613}