{"ANTH": 0.3000766968861064, "COVID19": 4.665742128736096, "COVID19-2": 0.5627594314713715, "DTAP": 0.1224457477079295, "DTAPHEPBIP": 0.6684537689203572, "DTAPIPV": 0.647946454291147, "DTAPIPVHIB": 0.2466064402299296, "FLU3": 0.2015882458904561, "FLU4": 0.4143268762564853, "FLUA3": 0.2422221939339955, "FLUC4": 2.3537867636812666, "FLUR4": 1.0832659191324123, "FLUX": 0.0422436373766004, "HEPAB": 0.1358413174320721, "HIBV": 0.2311129727915107, "HPV2": 0.2220997565770434, "HPV4": 0.0281128068728871, "HPV9": 0.0585718814749615, "IPV": 0.2852430582090354, "MENB": 0.6428719242729335, "MMR": 0.1881111564033422, "MMRV": 0.202518923587769, "MNQ": 0.5476562312769767, "PNC": 0.1422557502268116, "PNC13": 1.3130204184815746, "PNC20": 3.5847507617065038, "PPV": 0.283942576440415, "SMALL": 0.5317285075089165, "SMALLMNK": 2.5715169150802994, "TD": 0.098567745022559, "TDAP": 0.3083500104199547, "UNK": 0.3123543610389663, "VARCEL": 0.4564310671566304, "VARZOS": 0.3842540058436255, "YF": 0.6024227512296108}