{"COVID19": 0.0199013377882361, "MENB": 21.24616992054993, "MMRV": 9.363264354609752, "SMALL": 1966.7072957623411, "SMALLMNK": 44.59314639587281, "UNK": 7.246736826778405}