{"COVID19": 6.235752506980676, "HEPAB": 10.983789606463665, "HPV9": 4.474177131177682, "PNC13": 3.23717398}