{"FLU3": 3.2510931468884787, "HEP": 32.31402121971915, "HEPA": 23.94598939034468, "HPV4": 12.543433635832937, "MMR": 20.83285016035741, "VARCEL": 8.614661668663292}