{"FLU3": 3.1278432232363174, "HEP": 31.556391074780613, "HEPA": 24.09902212068869, "HPV4": 12.188463602000628, "MMR": 20.357807370761705, "VARCEL": 8.439627779853314}