{"HPV4": 36.56539080600188, "HPV9": 57.15151334919376, "HPVX": 221.331556122449, "UNK": 38.02914345649415}