{"COVID19": 4.378294313411963, "COVID19-2": 6.855586615840745}