{"COVID19": 9.552642138353376, "TDAP": 4.173350136631939}