{"COVID19": 18.30615365555642, "HEPAB": 5.46586249419977, "RAB": 4.673077794073244}