{"COVID19": 4.021052773072856, "COVID19-2": 0.6898227244891215, "FLU(H1N1)": 0.537143387290153, "FLU3": 0.5392833143510892, "FLU4": 0.4571720418693717, "FLUA3": 3.5742654930978617, "FLUN(H1N1)": 1.8799220931718867, "FLUX": 0.9419124173913996, "HEP": 0.3137709339821936, "HPV2": 1.0918855077593532, "HPV4": 0.3116368534602433, "PNC13": 0.2906061772408333, "RAB": 0.855261407594537, "SMALL": 1.96005782541094, "TD": 0.362840887809458, "TDAP": 0.3781027853038638, "TYP": 2.647544013501432, "UNK": 0.8642987149203215, "VARCEL": 0.1592382599972323, "VARZOS": 0.0915236384429051}