{"COVID19": 0.3813782011574255, "FLU(H1N1)": 25.8805450239801, "FLU3": 6.255686446472635, "FLU4": 7.314752669909949, "FLUN4": 72.8142788796468, "HPV2": 26.25488334566808}