{"COVID19": 10.297211431250489, "FLU3": 0.5686987678611486, "SMALLMNK": 45.58598167642349}