{"COVID19": 1.6950142273663356, "FLUX": 1.7170278442030724, "HEP": 1.1504934246013765, "HEPA": 5.020629608476812, "HEPAB": 11.045597123695368, "HPV4": 4.87538544080025, "VARZOS": 0.5043333826697585}