{"COVID19": 1.001117778038242, "DTAP": 8.531844777791807, "HPV4": 1.9588602217501008, "HPV9": 8.164501907027681, "OPV": 458.1831610044314, "PPV": 1.8750833746906996, "VARZOS": 2.793231042478662}