{"ANTH": 2.645671532414924, "BCG": 3.170381622650133, "CHOL": 3.901868533313208, "COVID19": 0.9149871968944956, "COVID19-2": 0.3958611458398516, "DF": 9.981910522580524, "DT": 0.927249927176338, "DTAP": 0.7033846926677888, "DTAPH": 3.406687940808935, "DTAPHEPBIP": 0.8064837898287956, "DTAPIPV": 0.1302034264765757, "DTAPIPVHIB": 0.1487412975146678, "DTIPV": 9.554875224826327, "DTP": 0.4278331968709559, "FLU(H1N1)": 0.9710219993493308, "FLU3": 0.7776268979384033, "FLU4": 0.3872582922588562, "FLUA3": 1.609553544678568, "FLUA4": 0.2789090684779141, "FLUC3": 0.7748083176572633, "FLUC4": 0.5211155699785244, "FLUN(H1N1)": 0.7703407371123395, "FLUN3": 1.3862912405109966, "FLUN4": 0.7432326640978485, "FLUR3": 1.6016305905289212, "FLUR4": 0.2176799232748952, "FLUX": 1.4777565843786116, "FLUX(H1N1)": 0.8170143670744745, "HEP": 2.108315188104929, "HEPA": 1.04713317718697, "HEPAB": 2.6344778232913173, "HIBV": 0.4184052674756301, "HPV2": 2.838919356927442, "HPV4": 2.8998906812959038, "HPV9": 0.9576979738887396, "HPVX": 3.846855103307617, "IPV": 0.172045071270262, "JEV1": 1.675620665020216, "LYME": 3.25265303041739, "MEA": 1.939869962301309, "MEN": 1.219360245275292, "MENB": 0.5168186057880445, "MM": 5.434241965242625, "MMR": 1.19011442369377, "MMRV": 0.3666388059880024, "MNQ": 0.3301185356978157, "PNC": 0.859214164554698, "PNC13": 1.1991690589975217, "PPV": 0.3840637698199161, "RAB": 1.2642072867139578, "RUB": 1.7548306191163332, "RV": 11.702375226184753, "RV1": 2.690178908865481, "RV5": 2.40889688403962, "RVX": 2.081258620421066, "SMALL": 0.4008313706673833, "TD": 0.6559263181175629, "TDAP": 0.4657320089081277, "TTOX": 1.1977358635372797, "TYP": 1.1922348409352137, "UNK": 0.9697993355411352, "VARCEL": 0.2747359841527199, "VARZOS": 0.511813240348988, "YF": 0.9087109847293728}