{"ANTH": 0.4097685986890108, "COVID19": 0.2179304006613859, "COVID19-2": 2.5746904505579886, "DF": 12.915884222565625, "DTAPIPVHIB": 1.348046129156044, "DTP": 2.587800795285847, "DTPIPV": 48.08263858903245, "FLU(H1N1)": 2.004830952561839, "FLU3": 2.2509216599001984, "FLU4": 1.373467073155211, "FLUA3": 2.651874398104865, "FLUC4": 0.6740720608065548, "FLUN3": 2.2179056404903705, "FLUN4": 2.246723892499621, "FLUX": 4.114815626636439, "FLUX(H1N1)": 1.2331500694452735, "HEP": 1.91804403059448, "HEPA": 1.6971142338513163, "HEPAB": 4.486786983955241, "HPV2": 24.06697640019574, "HPV4": 11.284091935073093, "HPV9": 2.9142414738965656, "HPVX": 36.08316489914744, "LYME": 1.8361750978162683, "MENB": 0.7804226726018624, "MMR": 0.515387528373714, "MNQ": 1.2846406500519931, "PNC13": 1.7428149809068365, "PPV": 1.4332533841026611, "SMALLMNK": 3.511525199164274, "TD": 1.62741047000575, "TDAP": 1.1316343616732332, "TTOX": 4.077685018559502, "UNK": 1.721262504395775, "VARZOS": 0.732518803647142, "YF": 1.646115949088194}