{"COVID19": 0.1906891005787127, "FLUX(H1N1)": 440.2345747919626, "RV1": 210.98220198675497}