{"COVID19": 0.2232135579125523, "FLUX": 1.60546306643798, "MEN": 9.43465593724352, "MMR": 0.7989502959977272}