{"Acne ": 2.8943809398626428, "Acute febrile neutrophilic dermatosis ": 6.634634804836901, "Acute lymphocytic leukaemia recurrent ": 16.003557433818624, "Acute pulmonary oedema ": 4.703200832599902, "Adverse event ": 11.495086735934722, "Anaemia ": 2.384579389336615, "Ascites ": 2.692870506318313, "Aspiration pleural cavity ": 197.14187567627616, "Atrial fibrillation ": 2.229927328934941, "Back disorder ": 2.2719091286628488, "Blast cell crisis ": 109.22375482219668, "Blast cell proliferation ": 220.94495881242807, "Blast crisis in myelogenous leukaemia ": 48.87093153735267, "Blood disorder ": 5.0115704348312615, "Bone marrow disorder ": 24.01807590942227, "Bone marrow failure ": 4.066230714832817, "Bone marrow transplant ": 57.5797450471399, "Bone pain ": 2.4044314156253144, "Cardiac disorder ": 2.8237789212132216, "Cardiac failure ": 4.0948822638290805, "Cardiac failure congestive ": 4.369320382554774, "Cardiomegaly ": 2.342140589692949, "Cellulitis ": 2.11163914374498, "Chronic myeloid leukaemia ": 31.67543986635461, "Chronic myeloid leukaemia recurrent ": 67.695276543408, "Chronic myeloid leukaemia transformation ": 63.33824132155883, "Chylothorax ": 246.4346928007508, "Clostridium difficile infection ": 2.302652651206349, "Colitis ": 5.147579309064161, "Cytomegalovirus colitis ": 7.747378279755652, "Cytomegalovirus enterocolitis ": 20.096597514153, "Cytopenia ": 14.195674988659032, "Death ": 3.0955379074819898, "Dialysis ": 2.0407428764158344, "Drug resistance ": 2.3768187423880542, "Dyspnoea exertional ": 2.163196769848902, "Electrocardiogram QT prolonged ": 3.005192238850612, "Enterocolitis ": 4.007591691421756, "Enterocolitis haemorrhagic ": 17.94287258450815, "Eye haemorrhage ": 2.001490514118895, "Fluid retention ": 13.009506275855774, "Full blood count decreased ": 12.560052394155456, "Gallbladder disorder ": 2.766935122549561, "Gastrointestinal haemorrhage ": 3.3973685983653867, "Gastrointestinal infection ": 3.700380359652028, "Gene mutation ": 30.13713785139111, "Generalised oedema ": 3.022556364643147, "Graft versus host disease ": 4.342558962680672, "Haematochezia ": 2.25613447702314, "Haematotoxicity ": 4.18291779009479, "Haemorrhage ": 2.173939979543705, "Haemothorax ": 9.280297829664793, "Hospitalisation ": 12.146825424779822, "Intentional product use issue ": 4.0174721438645, "Internal haemorrhage ": 4.193435703955299, "Intestinal haemorrhage ": 2.6777595367461493, "Iron deficiency anaemia ": 2.633098621141812, "Leukaemia ": 9.611546395556612, "Leukaemia recurrent ": 11.621405669090858, "Lower gastrointestinal haemorrhage ": 3.111106895934293, "Lung disorder ": 2.0766461174880537, "Lung infiltration ": 4.648382745863988, "Lymphocytosis ": 10.32387784063538, "Malignant neoplasm progression ": 11.37571149675828, "Nephrotic syndrome ": 4.129193005343136, "Neuropathy peripheral ": 2.753664306520925, "Oedema ": 2.8288642460091658, "Pancytopenia ": 5.441121560058406, "Pericardial effusion ": 37.59568427821048, "Peripheral arterial occlusive disease ": 5.747034098392515, "Philadelphia chromosome positive ": 192.5274851188784, "Platelet count decreased ": 2.82738743825597, "Platelet count increased ": 3.0776449567349133, "Platelet transfusion ": 16.00890211337492, "Pleural effusion ": 109.2133794519122, "Pleurisy ": 14.555241378223528, "Pneumonia ": 3.621915036173572, "Pneumonia fungal ": 4.469600005136266, "Prescribed underdose ": 52.94852112096044, "Pulmonary alveolar haemorrhage ": 2.164208839156093, "Pulmonary arterial hypertension ": 29.84099635259896, "Pulmonary congestion ": 2.0745240644969254, "Pulmonary hypertension ": 36.73884058237484, "Pulmonary oedema ": 35.82384011054767, "Rectal cancer ": 5.159626074196619, "Red blood cell count decreased ": 3.0586655438707, "Respiratory tract congestion ": 3.683894496107481, "Retinal haemorrhage ": 2.576803306524529, "Right ventricular failure ": 3.663126823974151, "Splenomegaly ": 4.41534119793763, "Stem cell transplant ": 26.569155703680966, "Subdural haematoma ": 3.095648272598268, "Therapeutic response decreased ": 4.488711423594883, "Therapy non-responder ": 4.272067117253211, "Thrombocytopenia ": 3.4909548383879643, "Transfusion ": 8.59006720776718, "Transplant ": 8.928009173052821, "Tumour lysis syndrome ": 3.2651310485254226, "White blood cell count abnormal ": 3.2217981393792985, "White blood cell count increased ": 3.625381617941589}