{"Acute graft versus host disease": 2.4761277403317647, "Acute leukaemia": 5.94417906878282, "Acute myeloid leukaemia": 2.274366398299472, "Acute pulmonary oedema": 2.364344183645966, "Adenovirus infection": 3.1526652185126327, "Anaemia": 2.562729945496668, "Antiphospholipid syndrome": 6.000474285740672, "Anuria": 5.161571915354844, "Aplastic anaemia": 25.878435733093163, "Ascites": 2.339815984259176, "Aspergillus infection": 3.880147154559228, "Atypical haemolytic uraemic syndrome": 216.2035817871704, "Azotaemia": 2.5298864992063663, "BK virus infection": 6.924371248208181, "Bacteraemia": 11.135772321064056, "Bacterial infection": 2.128518308891705, "Bacterial sepsis": 6.538036081634028, "Bilirubin conjugated increased": 3.0858455178312214, "Biopsy bone marrow": 46.72572520895088, "Blood albumin decreased": 3.501883505923867, "Blood alkaline phosphatase decreased": 14.828594614505556, "Blood bilirubin abnormal": 12.1997425493231, "Blood bilirubin increased": 3.414474464372369, "Blood calcium decreased": 3.178532224479821, "Blood creatinine abnormal": 15.787918175425444, "Blood creatinine decreased": 5.04732889681092, "Blood creatinine increased": 4.36955935726567, "Blood immunoglobulin G decreased": 10.976265228361523, "Blood iron increased": 10.418399079275746, "Blood lactate dehydrogenase abnormal": 101.25475683678924, "Blood lactate dehydrogenase decreased": 55.95308771719836, "Blood lactate dehydrogenase increased": 35.56879967520331, "Blood phosphorus increased": 3.859792334823805, "Blood product transfusion dependent": 118.65662604723413, "Blood urea abnormal": 11.147074865013968, "Blood urea increased": 3.46748611787698, "Blood urine present": 4.953933738107312, "Bone marrow disorder": 3.371383080703969, "Bone marrow failure": 7.493755737741591, "Bone marrow transplant": 23.43464587357212, "Brain death": 4.2979058698090045, "Brain herniation": 3.416566970038664, "Brain oedema": 2.6122143898852146, "Breakthrough haemolysis": 1445.457490807326, "Bronchopulmonary aspergillosis": 2.0063333890840225, "Budd-Chiari syndrome": 72.90268676269388, "C3 glomerulopathy": 223.61260198953107, "Catheter site infection": 9.406026243120222, "Catheter site pain": 5.933264638663731, "Cellulitis": 2.538291894183596, "Cerebral ischaemia": 2.447746903307313, "Cerebral thrombosis": 2.853484709085433, "Cholangitis": 2.144495550562955, "Cholecystitis": 4.313681649176924, "Cholecystitis acute": 2.094329216266205, "Cholelithiasis": 6.006089678134395, "Chromaturia": 13.039199139140528, "Clostridium difficile colitis": 2.1275989735741425, "Clostridium difficile infection": 3.511297795772576, "Complement factor C3 decreased": 116.1064159145342, "Complement factor C4 decreased": 40.65927226254822, "Complement factor abnormal": 398.8518921237636, "Complement factor decreased": 46.72572520895088, "Complement factor increased": 92.95526397805294, "Complications of transplanted kidney": 8.115480122109352, "Condition aggravated": 3.832067108249301, "Congenital aplasia": 3.273777648808284, "Coombs direct test positive": 13.324693482824175, "Coombs test positive": 36.2909655248785, "Critical illness": 24.626050630017804, "Cytomegalovirus infection": 2.9601174603673224, "Cytomegalovirus viraemia": 4.225045239394994, "Device related infection": 18.367194571694, "Device related sepsis": 10.21334632086281, "Dialysis": 9.081431989782336, "Disease complication": 6.432455918025368, "Disease recurrence": 4.047279806272615, "Drug level below therapeutic": 3.126765410390254, "End stage renal disease": 6.824515993377244, "Endocarditis": 5.166882071605969, "Enterococcal infection": 6.98605824612428, "Enterococcal sepsis": 20.68554313048513, "Epstein-Barr viraemia": 10.645571121736992, "Escherichia bacteraemia": 7.3440781025868835, "Escherichia infection": 3.5523368456675706, "Escherichia sepsis": 9.6912800331151, "Escherichia test positive": 19.18818422318626, "Escherichia urinary tract infection": 12.786681220250896, "Exposure during pregnancy": 4.946387181722742, "Exposure via breast milk": 2.735350139679372, "Extravascular haemolysis": 1918.0550230097808, "Eyelid ptosis": 2.856473011776091, "Foetal death": 2.007891850605745, "Foetal distress syndrome": 3.5170824529250417, "Foetal growth restriction": 2.2706051188267558, "Gallbladder disorder": 2.3024280036148377, "Gastroenteritis": 2.523809025454057, "Gastroenteritis viral": 4.56978182774044, "Gastrointestinal infection": 3.2075994660017324, "Gene mutation": 18.91004049148605, "Glomerular filtration rate decreased": 2.4095523909266183, "Glomerulonephritis": 4.512951320548305, "Glomerulonephritis membranoproliferative": 30.2219430048036, "Glomerulosclerosis": 14.064299512472532, "Graft loss": 50.34185270030078, "Graft versus host disease": 9.746955301883135, "Graft versus host disease in gastrointestinal tract": 3.329436792457472, "Haematocrit abnormal": 22.530966179682263, "Haematocrit decreased": 10.347416795639123, "Haematology test abnormal": 36.96601394173455, "Haematuria": 2.5780001041469798, "Haemodialysis": 5.911820949467304, "Haemoglobin abnormal": 23.822083738152024, "Haemoglobin decreased": 16.1909510063951, "Haemoglobinuria": 371.0713233141034, "Haemolysis": 192.63669030211705, "Haemolytic anaemia": 4.997996780678127, "Haemolytic uraemic syndrome": 58.00253211012946, "Haptoglobin abnormal": 420.2864946301463, "Haptoglobin decreased": 149.62864045334135, "Haptoglobin increased": 96.7641693229658, "Hepatic vein thrombosis": 30.212448172203665, "Hepatomegaly": 2.017432548750733, "Hospitalisation": 7.728899475393187, "Hypervolaemia": 7.352133293023371, "Immunosuppression": 6.51870339049537, "Inappropriate schedule of product administration": 6.137312415465194, "Incorrect dose administered": 8.971283679950222, "Infection": 4.413725064656599, "International normalised ratio decreased": 2.174529904158778, "Intestinal perforation": 3.804749126279064, "Intravascular haemolysis": 97.64772412391892, "Iron binding capacity total decreased": 64.20905133480194, "Iron overload": 32.5748009006544, "Jaundice": 2.716281644896358, "Kidney fibrosis": 11.360469572455772, "Kidney transplant rejection": 14.971613758345857, "Klebsiella infection": 7.061934218380748, "Laboratory test abnormal": 13.688188631590554, "Low birth weight baby": 2.093504109445224, "Malignant hypertension": 23.629400612034257, "Maternal exposure during breast feeding": 2.5023135859666623, "Mean cell volume increased": 11.097166853296049, "Meningitis": 6.48169470954232, "Meningitis meningococcal": 111.47147675039942, "Meningococcal bacteraemia": 207.6172862137629, "Meningococcal infection": 242.53582199273248, "Meningococcal sepsis": 335.03516497457986, "Microangiopathic haemolytic anaemia": 10.13724450905645, "Microangiopathy": 9.021246785125504, "Multimorbidity": 34.603260520172654, "Multiple organ dysfunction syndrome": 5.580668908764598, "Myasthenia gravis": 43.32096471376138, "Myasthenia gravis crisis": 156.909936016623, "Myelodysplastic syndrome": 9.820036981114429, "Necrotising fasciitis": 3.522004274252127, "Neurological decompensation": 6.681689329903158, "Neuromyelitis optica spectrum disorder": 43.26446860664242, "Neutrophil count increased": 2.2948521153665173, "Ocular icterus": 3.673485958480167, "Off label use": 3.975140808349325, "Oliguria": 2.399618766485799, "Pancytopenia": 2.0638205288533795, "Paroxysmal nocturnal haemoglobinuria": 340.7192574474543, "Pericardial effusion": 2.040191650791764, "Peritonitis": 3.4172283699725168, "Peritonitis bacterial": 7.496208646636274, "Plasmapheresis": 43.98045934079035, "Platelet count abnormal": 21.19407323280058, "Platelet count decreased": 6.190854079584632, "Platelet count increased": 3.2034060955091457, "Platelet transfusion": 10.44128039054577, "Pneumonia": 2.1410016555313267, "Pneumonia fungal": 2.915137879511847, "Pneumonia klebsiella": 8.782564074549969, "Poor venous access": 47.51892150649618, "Portal hypertension": 4.1963517272845, "Portal vein thrombosis": 5.933926847168577,