{"Acromegaly": 1167.8586757180838, "Arterial occlusive disease": 61.40886252165932, "Blood cholesterol abnormal": 125.68558345530217, "Blood growth hormone increased": 1567.6136640463608, "Blood pressure increased": 2.6867497856468776, "Bradycardia": 8.070330517226365, "Cellulitis": 10.484020847367836, "Chest discomfort": 3.04205091747726, "Drug hypersensitivity": 6.223032204913022, "Drug intolerance": 7.66977011149899, "Fall": 2.4860273494299947, "Gait disturbance": 3.142575354991156, "Goitre": 97.82226335142823, "Heart rate decreased": 15.84040714212818, "Hypersensitivity": 4.052739252482582, "Inappropriate schedule of product administration": 7.913379590326489, "Incorrect route of product administration": 16.851669547281585, "Injection site bruising": 42.68564604487056, "Injection site oedema": 48.44739766612511, "Injection site pain": 2.163032452951404, "Insulin-like growth factor increased": 2152.5677485815067, "Limb injury": 28.849978134739857, "Peripheral swelling": 2.480743531082287, "Polyp": 126.81002671235574, "Pulmonary embolism": 5.5440660845432586, "Syringe issue": 158.79809861795198, "Tendonitis": 21.905398881491408, "Vital functions abnormal": 721.8178136516517, "Weight decreased": 2.1154762204860043, "Wound infection": 82.84083206435105}