{"Anaemia ": 2.7779060769933666, "Cytopenia ": 19.408090829709096, "Decreased appetite ": 7.484137183796419, "Diarrhoea ": 2.6546182154293465, "Febrile neutropenia ": 2.600021384872554, "Gastrointestinal disorder ": 3.3255390937417397, "Granulocyte count decreased ": 35.40515316876338, "Haemoglobin decreased ": 6.601374361586855, "Interstitial lung disease ": 5.915587462163558, "Leukopenia ": 9.691648078360767, "Malignant neoplasm progression ": 2.341822028937473, "Myelosuppression ": 98.16820857735608, "Neuropathy peripheral ": 6.868056683700585, "Neutropenia ": 8.98674136639577, "Neutrophil count decreased ": 46.5933605454822, "Platelet count decreased ": 24.203811143532118, "Red blood cell count decreased ": 15.814446673867652, "Renal impairment ": 2.069044047804484, "Thrombocytopenia ": 5.371263958732753, "White blood cell count decreased ": 32.39378602539339}