{"Back pain": 3.2535292471658583, "Bone pain": 4.1287137660365465, "Calciphylaxis": 159.30080992833138, "Fall": 5.765425314138002, "Femur fracture": 16.10478800098519, "Hip fracture": 15.484716274988267, "Hospitalisation": 2.0386633959000635, "Hypercalcaemia": 76.67013068304536, "Muscle spasms": 2.469262203061878, "Nephrolithiasis": 6.143134211067866, "Renal impairment": 2.354725013778273, "Skin necrosis": 19.31323140631608, "Spinal compression fracture": 18.35043349921976, "Spinal fracture": 13.013928960845346, "Upper limb fracture": 19.51463055554854}