{"Bronchospasm": 71.21449624211903, "Chest discomfort": 8.083221560439734, "Condition aggravated": 2.514484175069501, "Cough": 12.825271405484347, "Cystic fibrosis": 706.7825124193597, "Death": 2.662542502907519, "Drug intolerance": 7.478322078284209, "Dyspnoea": 4.937724657453175, "Forced expiratory volume decreased": 189.36367883747508, "Haemoptysis": 72.22021283293803, "Infection": 4.371839808250974, "Lower respiratory tract infection": 10.94610738108935, "Oxygen saturation decreased": 12.153973291157918, "Pneumonia": 3.457184468562118, "Pulmonary function test decreased": 166.51235418965229, "Wheezing": 9.03421848054096}