{"Anaemia": 3.221139019553731, "Ascites": 10.14915246132696, "Bone disorder": 10.893484085997594, "Breast cancer": 12.773341168622522, "Breast cancer metastatic": 138.3994817997619, "Burning sensation": 2.8588241058322024, "Cellulitis": 2.494823195421424, "Cholangitis": 15.685979048365702, "Colitis": 3.2960868771241767, "Cytogenetic analysis abnormal": 137.05939990758466, "Dehydration": 2.8097865473627905, "Disease progression": 5.21830205447912, "Drug-induced liver injury": 2.004265402097739, "Dyspnoea exertional": 3.8190710535249415, "Enterocolitis": 11.859604200114305, "Febrile neutropenia": 11.1327560184904, "Gene mutation": 91.3961623391678, "Hepatic lesion": 55.30702437836333, "Hypophagia": 23.78003164441682, "Hypoxia": 2.816162523260792, "Immune-mediated enterocolitis": 17.59032851999298, "Interstitial lung disease": 10.92154847537796, "Joint stiffness": 8.050645948755175, "Liver disorder": 2.642989716356119, "Malignant neoplasm progression": 23.199986162423457, "Metastases to bone": 67.35189139787303, "Metastases to central nervous system": 13.197444504172031, "Metastases to liver": 33.89317051002639, "Metastases to lung": 27.63412771485676, "Metastases to pelvis": 264.92328007524685, "Metastases to peritoneum": 49.41912303055205, "Metastases to skin": 81.71431836821557, "Metastasis": 30.71685088447018, "Mouth ulceration": 9.370436500008594, "Mucosal inflammation": 4.013792314933522, "Myelosuppression": 5.778864293248316, "Nail avulsion": 1241.19955539701, "Neoplasm progression": 12.139220611551323, "Neuropathy peripheral": 8.785004301437997, "Neutropenia": 3.591824914948494, "Neutrophil count decreased": 3.848992886754123, "PIK3CA-activated mutation": 384.2762242630757, "Palmar-plantar erythrodysaesthesia syndrome": 3.692960490420063, "Pancreatic carcinoma": 3.9089567940666585, "Pancreatic carcinoma metastatic": 22.55899605603173, "Peripheral sensory neuropathy": 14.671557522902848, "Pleural effusion": 8.436913854392818, "Pneumonitis": 10.89664039951243, "Pulmonary mass": 23.2670822950978, "Skin disorder": 2.1930768722299785, "Spinal compression fracture": 11.192615021638726, "Staphylococcal infection": 5.857026410008794, "Stomatitis": 5.317968489156255, "Thrombocytopenia": 2.4600118324117664, "Tumour marker increased": 50.55661377691028, "White blood cell count decreased": 2.5571074605085102}