{"Alopecia": 2.6241823660695704, "Dermatitis": 18.482951534780625, "Dermatitis acneiform": 178.3444788149086, "Disease progression": 5.1633589549275785, "Dry skin": 11.59659415397186, "Ejection fraction decreased": 25.74398628167961, "Folliculitis": 13.794110190105965, "Malignant neoplasm progression": 25.4187534355958, "Metastatic malignant melanoma": 432.5070243040728, "Paronychia": 142.97919276519008, "Product use in unapproved indication": 30.552040506122225, "Product use issue": 12.723801347784429, "Rash": 5.143558256953128, "Skin toxicity": 60.95514494200553, "Therapeutic response decreased": 8.513841285544412}