{"Loss of consciousness ": 26.50042158332387, "Syncope ": 22.356515565132643}