{"Drug ineffective ": 14.822806754746676, "Drug ineffective for unapproved indication ": 179.0166295612363, "Off label use ": 10.704645331921489}