{"Drug interaction ": 12.28502374971411, "Hyperkalaemia ": 37.21698331899839}