{"Anaemia ": 9.07720204718618, "Bedridden ": 2.886133874536462, "Blood alkaline phosphatase decreased ": 168.24900498148753, "Blood alkaline phosphatase increased ": 8.514820350451952, "Blood lactate dehydrogenase increased ": 2.1035855469421563, "Blood test abnormal ": 11.552122865732096, "Bone marrow failure ": 11.195563972528, "Bone marrow infiltration ": 191.6961859485745, "Bone pain ": 11.592977078852812, "Cancer pain ": 58.63330464800885, "Cytopenia ": 3.0320461890814507, "Death ": 4.442159241223041, "Decreased appetite ": 2.66011209923953, "Disease progression ": 11.416595869811308, "Disseminated intravascular coagulation ": 3.432885531902864, "Femur fracture ": 3.916114511767302, "Fracture ": 2.385889912485718, "Full blood count abnormal ": 6.235813645803122, "General physical health deterioration ": 19.89063277251192, "Haematotoxicity ": 21.636823630609022, "Haemoglobin abnormal ": 11.868087732710553, "Haemoglobin decreased ": 13.41192386233636, "Hip fracture ": 2.1735032765630296, "Hormone-refractory prostate cancer ": 2531.64539760757, "Hospitalisation ": 2.316762870105822, "Hydronephrosis ": 8.682038977987448, "Laboratory test abnormal ": 5.109347993959273, "Leukopenia ": 3.309170650389392, "Malignant neoplasm progression ": 3.833058014482327, "Metastases to bone ": 106.22421418528654, "Metastases to bone marrow ": 112.18539757329346, "Metastases to central nervous system ": 13.794139072933582, "Metastases to liver ": 46.14883717192665, "Metastases to lung ": 20.97677760725499, "Metastases to lymph nodes ": 39.55039531435719, "Metastases to meninges ": 26.34510649230741, "Metastases to spine ": 72.41624308179424, "Metastasis ": 56.17192846609832, "Musculoskeletal chest pain ": 2.9521658499840675, "Myelosuppression ": 6.721688788318357, "Neutropenia ": 2.575306574065629, "Neutrophil count decreased ": 4.347183286645701, "No adverse event ": 9.26591997490989, "Osteonecrosis of jaw ": 41.595890843858456, "Pancytopenia ": 9.63964719827858, "Pathological fracture ": 42.76582127475856, "Pelvic pain ": 4.167684597142023, "Physical deconditioning ": 6.917627610377852, "Platelet count decreased ": 10.10074188601193, "Pre-existing condition improved ": 25.73337451081017, "Prostate cancer ": 41.50683373793359, "Prostate cancer metastatic ": 274.5854082570385, "Prostate cancer stage IV ": 669.6419292504548, "Prostatic specific antigen increased ": 246.02777608228257, "Red blood cell count decreased ": 3.6771648295936767, "Sepsis ": 2.018308417063776, "Spinal compression fracture ": 15.676576970586376, "Spinal cord compression ": 125.827529060048, "Spinal pain ": 5.5720946801880205, "Subdural haematoma ": 3.644857750081609, "Thrombocytopenia ": 6.969837955676304, "Transfusion ": 5.448950213336653, "Weight decreased ": 2.23881337343016, "White blood cell count decreased ": 3.423085248372752}