{"Anaemia": 9.074151212624416, "Bedridden": 2.8851654539730327, "Blood alkaline phosphatase decreased": 168.1925427076586, "Blood alkaline phosphatase increased": 8.511961997703326, "Blood lactate dehydrogenase increased": 2.102879681179484, "Blood test abnormal": 11.548245860798938, "Bone marrow failure": 11.191806673675416, "Bone marrow infiltration": 191.63186198919604, "Bone pain": 11.589084110463023, "Cancer pain": 58.61362665818138, "Cytopenia": 3.028617536857068, "Death": 4.440666566954851, "Decreased appetite": 2.65919295287684, "Disease progression": 11.412760804851938, "Disseminated intravascular coagulation": 3.431733579833558, "Femur fracture": 3.914800425238691, "Fracture": 2.385089294128976, "Full blood count abnormal": 6.233720673247319, "General physical health deterioration": 19.88394878925993, "Haematotoxicity": 21.629561732648952, "Haemoglobin abnormal": 11.864105421691882, "Haemoglobin decreased": 13.407418123061667, "Hip fracture": 2.172773961450536, "Hormone-refractory prostate cancer": 2530.7950590700366, "Hospitalisation": 2.315985315993159, "Hydronephrosis": 8.67912569056462, "Laboratory test abnormal": 5.107633534309299, "Leukopenia": 3.3076424186462328, "Malignant neoplasm progression": 3.83177098721678, "Metastases to bone": 106.1885235553158, "Metastases to bone marrow": 112.14775325467676, "Metastases to central nervous system": 13.789509431424143, "Metastases to liver": 46.13333725429729, "Metastases to lung": 20.96973600594865, "Metastases to lymph nodes": 39.537118861861096, "Metastases to meninges": 26.33626632134654, "Metastases to spine": 72.39193727257059, "Metastasis": 56.153072190287546, "Musculoskeletal chest pain": 2.951175256135856, "Myelosuppression": 6.7194315192487, "Neutropenia": 2.574331111688125, "Neutrophil count decreased": 4.345723984297105, "No adverse event": 9.262809788397272, "Osteonecrosis of jaw": 41.58192692163472, "Pancytopenia": 9.636410146883472, "Pathological fracture": 42.75146840466586, "Pelvic pain": 4.166286162054194, "Physical deconditioning": 6.915306453406476, "Platelet count decreased": 10.09734864493156, "Pre-existing condition improved": 25.724739474041545, "Prostate cancer": 41.492892838745455, "Prostate cancer metastatic": 274.4932174182316, "Prostate cancer stage IV": 669.4171959392986, "Prostatic specific antigen increased": 245.9450899602774, "Red blood cell count decreased": 3.675930822729843, "Sepsis": 2.017631003272275, "Spinal compression fracture": 15.671315940287217, "Spinal cord compression": 125.78528886115907, "Spinal pain": 5.570224834524219, "Subdural haematoma": 3.643634650229967, "Thrombocytopenia": 6.966839332713939, "Transfusion": 5.447121828592839, "Weight decreased": 2.23806171613736, "White blood cell count decreased": 3.4219360000256294}