{"Neutropenia": 26.722796434023117, "Pyrexia": 3.738313506213567}