{"Aggression": 11.30751142083474, "Confusional state": 3.519031613972401, "Delirium": 16.60492679529581, "Dizziness": 2.4660890824827795, "Drug interaction": 6.528500494655908, "Hallucination": 8.504855877447458, "Intentional overdose": 10.644863180880686, "Restlessness": 15.078464057384542, "Seizure": 2.5007045823785146, "Somnolence": 5.976770742414698, "Suicide attempt": 9.169613523031614, "Syncope": 3.5159807361696007}