{"Acute kidney injury ": 2.064464228115815, "Coma ": 3.954640347295145, "Cystic fibrosis ": 291.21197508291993, "Drug hypersensitivity ": 3.365402598431708, "Drug reaction with eosinophilia and systemic symptoms ": 8.919600813126442, "Drug resistance ": 14.390025647687796, "Eosinophilia ": 19.18348230403525, "Haemoptysis ": 6.239221114461407, "Hepatic enzyme increased ": 3.312947252087437, "Hepatic function abnormal ": 2.050770917060521, "Infection ": 3.182001480149856, "Infective pulmonary exacerbation of cystic fibrosis ": 112.58805987505896, "Multiple organ dysfunction syndrome ": 6.5848186566809535, "Off label use ": 2.2777791200898347, "Pathogen resistance ": 55.97792805790844, "Pneumonia ": 2.3354444439338824, "Pseudomonas infection ": 65.86105513431144, "Rash maculo-papular ": 3.864900755734383, "Renal impairment ": 2.0553352644625478, "Respiratory tract infection ": 18.13877969437827, "Septic shock ": 10.637145308357953, "Shock ": 11.323559073794, "Skin exfoliation ": 8.08104651117738, "Staphylococcal infection ": 11.905407732441558, "Tracheo-oesophageal fistula ": 751.2570500801398}