{"Anaemia ": 6.236287167680149, "Aplasia pure red cell ": 172.36431590406747, "Disease progression ": 2.6595364504418875, "Drug ineffective ": 2.4356686940264782, "Dyspnoea exertional ": 5.943574659825215, "Dysuria ": 6.802686601984546, "Ejection fraction decreased ": 14.655123957676537, "Eosinophilia ": 8.870304500094988, "Face oedema ": 8.155972602707898, "Febrile bone marrow aplasia ": 95.85085367940256, "Generalised oedema ": 20.58629853871493, "Haemoglobin decreased ": 17.484827947962575, "Hyperkalaemia ": 4.1854908015195935, "Pruritus ": 3.5176137602039232, "Pulmonary embolism ": 2.3926110737733217, "Rash maculo-papular ": 6.885778303271618, "Therapy non-responder ": 29.646928610442718}