{"Acute kidney injury": 11.00017893332338, "Acute myocardial infarction": 27.47800415566948, "Affective disorder": 109.6591311425823, "Aggression": 14.535234038188143, "Agitation": 5.973381414487798, "Anaemia": 6.289040513319541, "Atrial fibrillation": 7.299971513571996, "Atrial flutter": 132.11433638144547, "Bradycardia": 8.381395270500526, "Cardiac failure chronic": 114.53269885402406, "Cardiac failure congestive": 18.922203568784237, "Chronic obstructive pulmonary disease": 10.863595264000493, "Gastrointestinal haemorrhage": 7.374994973018202, "Hypotension": 8.325111662165197, "Platelet count decreased": 9.64128768973362, "Pneumonia": 2.2590383605759903, "Syncope": 3.3741208927076194}