{"Abnormal behaviour ": 16.6327666826383, "Adverse drug reaction ": 7.406526535955066, "Affective disorder ": 15.975556950926018, "Aggression ": 13.718824718970282, "Anger ": 8.412027317854058, "Anticonvulsant drug level increased ": 53.10643467084547, "Behaviour disorder ": 31.83180048056962, "Coagulopathy ": 11.621960265885397, "Cognitive disorder ": 11.773118964915284, "Delirium ": 2.9891997513517103, "Depressed mood ": 5.250185683210288, "Depression ": 3.860691487296666, "Drug ineffective ": 3.706601759352004, "Drug ineffective for unapproved indication ": 19.57758478632129, "Drug intolerance ": 3.0202577624951927, "Drug resistance ": 9.846605225472588, "Dysarthria ": 3.353894036007678, "Dystonia ": 7.855907506312775, "Epilepsy ": 11.911218636710496, "Exposure during pregnancy ": 3.41206712951712, "Foetal exposure during pregnancy ": 2.727986055011248, "Gait disturbance ": 2.176449379460503, "Generalised tonic-clonic seizure ": 8.376903608315061, "Gingival disorder ": 47.87628306976799, "Hallucination ": 4.337772292008388, "Hallucination, visual ": 4.354156378080129, "Hyponatraemia ": 3.1231792000907967, "Intestinal atresia ": 1301.3554673539454, "Irritability ": 9.979120438565484, "Maternal exposure before pregnancy ": 55.54997841708654, "Maternal exposure during breast feeding ": 31.63918674749975, "Maternal exposure during pregnancy ": 13.402411002774071, "Memory impairment ": 6.0700529536339065, "Mood swings ": 8.259207953150085, "Multiple-drug resistance ": 383.9333592629885, "Myoclonic epilepsy ": 80.28682712562556, "Myoclonus ": 12.946037358036394, "Nephrolithiasis ": 2.760119299145742, "Off label use ": 7.778001872383929, "Overdose ": 9.244613032529807, "Oxygen saturation decreased ": 2.0226916491779696, "Partial seizures ": 13.619399023248173, "Partial seizures with secondary generalisation ": 610.7360466308605, "Patent ductus arteriosus ": 53.23991995776781, "Petit mal epilepsy ": 23.244622915869808, "Postictal paralysis ": 345.63629709145465, "Premature baby ": 11.030295800604376, "Premature delivery ": 24.3147215911612, "Prescribed overdose ": 4.52465246155034, "Product use in unapproved indication ": 2.515080837778473, "Product use issue ": 3.796214371767524, "Psychotic disorder ": 3.146909279314742, "Pulmonary haemorrhage ": 17.43455959639538, "Respiratory arrest ": 3.03289447280678, "Salivary hypersecretion ": 9.206596484649689, "Seizure ": 16.780753532714236, "Somnolence ": 3.6738898939732985, "Speech disorder ": 2.9433795418342923, "Status epilepticus ": 79.90432061527258, "Suicidal ideation ": 5.3183167014938695, "Therapeutic product effect incomplete ": 2.8306722230930075, "Therapeutic product ineffective for unapproved indication ": 625.9010999964784, "Therapeutic response unexpected ": 12.308380398785625, "Therapy non-responder ": 3.3030826995273275, "Treatment failure ": 2.2359148514497305, "Underdose ": 5.9146100755234645, "Weight increased ": 4.52689709748678}