{"Atrial fibrillation": 3.573051576306949, "Blood lactate dehydrogenase increased": 15.394581403588946, "Contusion": 9.074132003070314, "Disease progression": 12.037425945531531, "Gastrointestinal disorder": 3.1732215726123765, "Haemoglobin decreased": 4.378308385204996, "Haemorrhage": 3.0681788348271937, "Haemorrhage subcutaneous": 42.19485753973184, "Myelodysplastic syndrome": 19.880619736329056, "Myelosuppression": 22.305217271544183, "Neutropenia": 2.9269698717288395, "Neutrophil count decreased": 3.985331950813275, "Off label use": 10.07156723927262, "Petechiae": 8.51423323903242, "Platelet count decreased": 7.15903087668843, "Prescribed underdose": 37.800265656865406, "Sepsis": 2.863726747743638, "Underdose": 17.415428879345832, "White blood cell count decreased": 4.685050467870497, "White blood cell count increased": 10.603829055390763}