{"Cellulitis": 27.599986625047823, "Condition aggravated": 6.664073304317863, "Drug ineffective": 2.220240328480463, "Gastrointestinal haemorrhage": 5.74002712676863, "Growth retardation": 397.05889983740735, "Muscle abscess": 1507.303276494352, "Osteoporosis": 10.236979833369356, "Pneumonia streptococcal": 1284.7406007768789, "Product use in unapproved indication": 9.818044199080132, "Secondary adrenocortical insufficiency": 471.6832882559841, "Staphylococcal infection": 46.722405571583664, "X-linked lymphoproliferative syndrome": 39948.25834000792}