{"General physical health deterioration ": 23.64948355769369, "Hypophagia ": 129.91825049650234, "Off label use ": 2.9458778296066823, "Placental insufficiency ": 1995.0411285213304, "Staphylococcal infection ": 101.24909970862343, "Thrombocytopenia ": 11.737579113449806, "Transaminases increased ": 46.20561549648564, "Treatment failure ": 35.35237306579503}