{"General physical health deterioration": 23.64948355769369, "Hypophagia": 129.91825049650234, "Off label use": 2.9457618106591665, "Placental insufficiency": 1995.0411285213304, "Staphylococcal infection": 101.24909970862343, "Thrombocytopenia": 11.736474983171036, "Transaminases increased": 46.20278531343868, "Treatment failure": 35.35237306579503}