{"Adverse event ": 7.263108871264496, "Injection site swelling ": 2.458172360727372, "Interchange of vaccine products ": 5.423395614628828, "Neck pain ": 3.2345181669802874, "Pallor ": 6.8690288750390645, "Presyncope ": 5.612881996941176, "Syncope ": 4.246273962058561}