{"Abdominal abscess": 5.403095107001551, "Abdominal adhesions": 7.965344055111967, "Abdominal operation": 5.193368855168888, "Abortion": 2.4104496336379198, "Abortion missed": 2.237641744302947, "Abortion spontaneous": 2.6889848605295485, "Abscess": 5.650176867335564, "Abscess intestinal": 10.63146616944403, "Adverse drug reaction": 3.355590098400398, "Adverse event": 2.4037914747227824, "Alopecia": 2.576556454899124, "Anal abscess": 4.855441324347547, "Anal fistula": 7.457756284708322, "Ankle operation": 4.934941025448542, "Ankylosing spondylitis": 77.0656137026122, "Anti-cyclic citrullinated peptide antibody": 4.463552164771494, "Anti-cyclic citrullinated peptide antibody positive": 4.017129818210734, "Arthritis": 2.0668807812810552, "Arthritis bacterial": 3.5163504461458084, "Arthritis infective": 3.4372175831677723, "Arthrodesis": 14.202457832095291, "Arthropathy": 4.304498566760303, "Axial spondyloarthritis": 68.6573289879897, "Back injury": 2.1210293469977315, "Basal cell carcinoma": 2.173187934419552, "Blister": 7.964060284421388, "Blood pressure diastolic abnormal": 3.4930122630741085, "Blood pressure diastolic increased": 2.2015161041394777, "Bone erosion": 2.3923695795306616, "Breech presentation": 6.121163519938034, "Bronchitis": 2.485087725210056, "Butterfly rash": 4.213206068264923, "C-reactive protein abnormal": 4.372444007424441, "C-reactive protein decreased": 6.777750347482879, "Caesarean section": 9.274755043025657, "Carpal tunnel syndrome": 2.580462338797691, "Cellulitis": 2.0988551404226183, "Clostridium difficile infection": 3.002213175735472, "Coeliac disease": 2.611155419131056, "Colectomy": 3.3408417447739844, "Colitis microscopic": 2.438816257706198, "Colostomy": 7.05936456594162, "Confusional state": 2.7865187634270883, "Contraindicated product administered": 9.138520266724, "Contraindication to medical treatment": 8.903784433049616, "Contusion": 3.855594909891202, "Crohn's disease": 27.1536418603596, "Croup infectious": 8.166727712834675, "Cutaneous T-cell lymphoma": 4.55586961985208, "Dactylitis": 4.663934901016317, "Demyelinating polyneuropathy": 2.549052433408721, "Demyelination": 2.281568595564829, "Dermatitis psoriasiform": 5.964164782131716, "Device issue": 6.347843877272049, "Diabetic eye disease": 10.135841020808693, "Disseminated tuberculosis": 6.94468028658797, "Diverticular perforation": 4.433278504918567, "Drug hypersensitivity": 2.9657155630110377, "Drug ineffective": 4.322435178681882, "Drug intolerance": 5.01269985092357, "Drug specific antibody present": 5.189775273766961, "Duodenal ulcer perforation": 4.919323499046497, "Ear infection": 2.2755026958857165, "Ear pain": 3.5544377052590046, "Enteritis infectious": 3.172898137501744, "Enthesopathy": 4.328441253509409, "Exposure to SARS-CoV-2": 6.633551718025674, "Exposure via breast milk": 5.600649890041035, "Eye infection": 2.0049306453959512, "Facet joint syndrome": 3.2543189072526446, "Fear of injection": 4.088949618311697, "Fibromyalgia": 2.296382009721766, "Fine motor skill dysfunction": 4.224482099589967, "Fistula": 13.355300283373024, "Folliculitis": 30.643919889638155, "Foot operation": 3.350374282246914, "Fungal infection": 3.2534511514182567, "Gallbladder operation": 2.899247530926276, "Gastric infection": 3.128070403872572, "Gastroenteritis viral": 2.378401320924316, "Gastrointestinal disorder": 8.254677481736199, "Gastrointestinal infection": 2.0417458194208997, "Gastrointestinal inflammation": 2.249110812914209, "Gestational diabetes": 5.49513050315054, "Gestational hypertension": 2.654389356451843, "Glossodynia": 3.538408502972722, "Grip strength decreased": 5.761603135850685, "Groin abscess": 5.1510122468968245, "Guttate psoriasis": 3.691014670204133, "Hand deformity": 4.257824102988123, "Helicobacter infection": 4.974396903837434, "Hepatic enzyme increased": 2.167260666520184, "Hernia": 2.6087709966668733, "Hernia repair": 3.8871431123845, "Hidradenitis": 9.398876952570834, "Hip arthroplasty": 3.717132529579189, "Hip surgery": 3.1391986460072365, "Hospitalisation": 2.8711697256835227, "Hypersensitivity": 4.42357141946574, "Hysterectomy": 2.6311859919486573, "Ileal stenosis": 11.301975106472202, "Ileostomy": 10.6820679586089, "Ill-defined disorder": 15.220620153338212, "Immunosuppression": 3.0283457418376774, "Impaired healing": 23.843841898852624, "Inability to afford medication": 10.508868076719644, "Infection": 8.483501186320796, "Inflammation": 2.28495385801277, "Inflammatory bowel disease": 3.71221539379242, "Inflammatory marker increased": 4.7006781087799325, "Infusion related reaction": 2.386433018408605, "Injection site bruising": 2.538978821496924, "Injection site discolouration": 17.046408770011475, "Injection site haemorrhage": 2.10987748534042, "Injection site irritation": 3.7857816576239913, "Injection site rash": 2.6904884098333994, "Injection site urticaria": 3.250726721707547, "Injection site vesicles": 2.142686123476002, "Insurance issue": 41.84398261048992, "Intentional dose omission": 12.84132044178221, "Intentional product use issue": 2.0781401840147944, "Intercepted product prescribing error": 6.132617721590867, "Intervertebral discitis": 2.368370648238561, "Intestinal obstruction": 3.2275841518088275, "Intestinal resection": 15.432819973256064, "Intestinal stenosis": 19.61052928612009, "Intestinal ulcer": 3.955712277361165, "Intra-abdominal fluid collection": 2.8244472843351622, "Iron deficiency anaemia": 2.181421129313813, "Irritable bowel syndrome": 29.225412989568053, "Joint arthroplasty": 10.137806650864336, "Joint effusion": 3.538957970803576, "Joint injury": 2.687476638478505, "Joint lock": 2.5447231649887745, "Joint stiffness": 2.8233845173711005, "Joint swelling": 10.014610898329872, "Joint warmth": 2.267299540860866, "Juvenile idiopathic arthritis": 11.80636611549604, "Kidney infection": 2.576065208960662, "Knee arthroplasty": 4.01810637009588, "Knee operation": 4.766740774216468, "Large intestinal stenosis": 11.22658337565087, "Latent tuberculosis": 9.261473185615198, "Ligament rupture": 5.206005370473124, "Limb operation": 2.7372223375682108, "Lip ulceration": 10.039787174782123, "Liver function test increased": 2.9891505070482745, "Loss of personal independence in daily activities": 3.032478427374976, "Loss of therapeutic response": 3.0995583106290168, "Low birth weight baby": 5.001200151987979, "Lower respiratory tract infection": 20.259104689155127, "Lung adenocarcinoma": 2.7853411413752327, "Lupus-like syndrome": 9.277622123897132, "Lymph node tuberculosis": 7.378427894103275, "Lymphoproliferative disorder": 3.467813663719439, "Maternal exposure before pregnancy": 55.72949676224931, "Maternal exposure during breast feeding": 13.10703964498834, "Maternal exposure during pregnancy": 8.500361924054161, "Meningitis": 2.3079102876524717, "Menopause": 6.38221926166177, "Mouth ulceration": 2.040017542687915, "Muscle injury": 53.27707227251906, "Muscle spasticity": 3.264402615606399, "Mycobacterium tuberculosis complex test positive": 13.200621705389882, "Nail disorder": 7.333464786126508, "Nail operation": 20.74109551889321, "Nail psoriasis": 12.584651601708872, "Nasopharyngitis": 6.923583146695927, "Neck mass": 2.864564243255378, "Neck surgery": 5.017847706167466, "Needle issue": 5.280546999076598, "Non-alcoholic fatty liver": 8.972028118650744, "Onychomadesis": 7.6379571048673345, "Onychomycosis": 12.498332587118398, "Optic neuritis": 2.067397141142286, "Oral infection": 4.2134120977346186, "Ovarian disorder": 11.15823879620858, "Palmoplantar pustulosis": 17.15924758291604, "Papilloma viral infection": 2.157452691048843, "Paradoxical psoriasis": 26.15177672994138, "Pemphigus": 3.6582172553097054, "Peripheral swelling": 4.449309221869319, "Peripheral venous disease": 2.9083587511426905, "Perirectal abscess": 10.017706463459527, "Peritoneal tuberculosis": 13.942961654350846, "Pertussis": 5.73848130530222, "Pharyngitis streptococcal": 5.90320101543447, "Pneumonia legionella": 6.975598641932013,