{"Acute kidney injury ": 3.2959360786638765, "Atrial fibrillation ": 4.931400790226213, "Bradycardia ": 7.710796698915945, "Cerebrovascular accident ": 3.64274916671208, "Drug interaction ": 11.200062245279208, "Erythema multiforme ": 27.12061159193146, "Gastrointestinal haemorrhage ": 21.000419612953703, "Hypotension ": 3.36307978422681, "Rectal haemorrhage ": 11.599419205452095, "Treatment failure ": 6.931379670745067}