{"Asthma": 25.290203684662824, "Blood test abnormal": 50.85673159442715, "Chronic obstructive pulmonary disease": 12.746683007749708, "Cough": 3.2967430013488928, "Drug intolerance": 5.803328697589451, "Dyspnoea": 3.0699086272874894, "Full blood count abnormal": 44.69104487310736, "Gastrooesophageal reflux disease": 19.83139000450531, "Inflammatory bowel disease": 167.861493551287, "Loss of personal independence in daily activities": 16.424389136078307, "Nasopharyngitis": 6.798541204081533, "Obstructive airways disorder": 81.25887567309145, "Pneumonia": 2.1384378514288143, "Therapeutic product effect decreased": 13.85321575408534, "Therapeutic product effect incomplete": 16.78249805602869, "Weight decreased": 4.09835450614966, "Weight increased": 6.561338307726702, "Wheezing": 30.306131037981448}