{"5-hydroxyindolacetic acid ": 499.4579594245425, "Abdominal hernia ": 4.5474259602847695, "Abdominal lymphadenopathy ": 9.759370540798306, "Abdominal mass ": 6.468663761623113, "Acne ": 3.125891664429479, "Alveolitis ": 3.1906543612341203, "Anaemia ": 2.1570735096351243, "Aphthous ulcer ": 10.51274848222767, "Ascites ": 5.301498375640612, "Atelectasis ": 4.082852631121483, "Atypical pneumonia ": 6.171036234868677, "Biliary obstruction ": 3.2376706260655514, "Blood albumin decreased ": 3.462448718389714, "Blood bilirubin abnormal ": 7.802715664683691, "Blood calcium increased ": 2.3403314432368343, "Blood cholesterol increased ": 2.512657951130949, "Blood chromogranin A increased ": 51.08027883029757, "Blood creatinine decreased ": 2.568708812284544, "Blood creatinine increased ": 2.77306004088811, "Blood lactate dehydrogenase increased ": 3.536346838385686, "Blood magnesium decreased ": 2.228789683783329, "Blood phosphorus decreased ": 2.5728424348296017, "Blood potassium decreased ": 2.1305310899788896, "Blood pressure diastolic decreased ": 9.092616237261607, "Blood pressure diastolic increased ": 2.499541575222969, "Blood pressure increased ": 2.0400831043519703, "Blood pressure systolic increased ": 9.611864717547988, "Blood triglycerides increased ": 5.776707406822929, "Blood urine present ": 2.5053126709686, "Body temperature decreased ": 6.274821373163245, "Bone cancer ": 6.003434854442488, "Bone lesion ": 9.948441682015956, "Bowel movement irregularity ": 3.9177210908273854, "Brain neoplasm ": 4.15923941283406, "Breast cancer ": 7.69211205303828, "Breast cancer female ": 4.0395693042904295, "Breast cancer metastatic ": 30.027715219178152, "Breast cancer recurrent ": 45.78169764025509, "Breast cancer stage II ": 2.5560390220774245, "Breast cancer stage IV ": 20.87903442957103, "Bundle branch block left ": 2.113348141775294, "Cachexia ": 4.862888257165355, "Cancer pain ": 6.824567845854038, "Carbohydrate antigen 15-3 increased ": 33.69136190591275, "Carcinoembryonic antigen increased ": 9.251810685309112, "Carcinoid syndrome ": 35.26338707495082, "Carcinoid tumour ": 25.124995252613115, "Carcinoid tumour pulmonary ": 124.10684493735268, "Cellulitis ": 2.1386922874364607, "Central nervous system lesion ": 2.4324825114246997, "Chapped lips ": 2.939501014896292, "Cholangitis ": 3.3657958534526253, "Clear cell renal cell carcinoma ": 10.43651603177777, "Coccydynia ": 5.593357305773886, "Concomitant disease aggravated ": 7.396489726408137, "Concomitant disease progression ": 9.22591754807395, "Cough ": 3.4703943817435525, "Crepitations ": 9.87161685521753, "Death ": 3.1521652151322668, "Decreased appetite ": 2.292394012593065, "Dehydration ": 2.5633147801284784, "Dermatitis acneiform ": 2.122595009066924, "Diabetes mellitus ": 4.081175119782228, "Disease progression ": 2.9406368613263028, "Dry skin ": 3.817373380609828, "Dyslipidaemia ": 2.0256709571599485, "Eating disorder ": 3.711984735048484, "Ejection fraction decreased ": 3.0706982150428592, "Epistaxis ": 2.656562792161421, "Exposed bone in jaw ": 42.05720486695459, "Eyelid oedema ": 2.2329637381596434, "Faeces discoloured ": 2.1523963114399183, "Feeding disorder ": 5.230621270443996, "Flatulence ": 2.0057526816575786, "Fractured sacrum ": 9.769904617971568, "Frequent bowel movements ": 2.0952357970050968, "Gallbladder disorder ": 2.0746916290197914, "General physical health deterioration ": 2.468976506471777, "Generalised oedema ": 2.8778620779073507, "Gingival swelling ": 2.7058668508747967, "Gingivitis ": 2.7370410412370303, "Glomerular filtration rate decreased ": 2.012363621273318, "Glucose tolerance impaired ": 3.191880854662179, "Haematocrit decreased ": 2.985292321842172, "Haemoglobin decreased ": 2.86928839708625, "Hepatic lesion ": 19.424493777696824, "Hepatic mass ": 9.544977231954917, "Hepatic neoplasm ": 10.010872653601751, "Hepatic pain ": 2.6467467875753243, "Hydronephrosis ": 2.355897066629236, "Hypercholesterolaemia ": 4.382970083063183, "Hyperglycaemia ": 5.648373004664907, "Hyperlipidaemia ": 4.740089003813893, "Hypertriglyceridaemia ": 6.691169263402753, "Hypophagia ": 3.2685191469359127, "Hypophosphataemia ": 2.031309109486191, "Hypoxia ": 2.075621553182282, "Ingrowing nail ": 17.27073874395147, "Injection site hypersensitivity ": 4.325629874317341, "Injection site mass ": 2.7466937902185693, "Interstitial lung disease ": 18.38645350175561, "Intestinal metastasis ": 18.58988144173605, "Intestinal obstruction ": 3.31715443991416, "Invasive ductal breast carcinoma ": 3.507314396638059, "Iron deficiency anaemia ": 2.321564740074885, "Jugular vein thrombosis ": 3.082204146471866, "KL-6 increased ": 49.38753817057257, "Lip ulceration ": 4.308765376520227, "Liver abscess ": 2.9437723717783646, "Liver function test increased ": 2.051059716885652, "Lung consolidation ": 4.913301794652878, "Lung disorder ": 4.942857754399042, "Lung infiltration ": 8.936308768339808, "Lung neoplasm ": 6.287154585902235, "Lung opacity ": 6.294669682747965, "Lymphadenopathy mediastinal ": 6.464462867837981, "Lymphangiosis carcinomatosa ": 35.32766317841092, "Lymphocyte count decreased ": 4.704634047013764, "Lymphocyte count increased ": 2.8116550337994286, "Lymphoedema ": 3.349879022962376, "Malignant ascites ": 10.65652931067766, "Malignant neoplasm progression ": 28.992812975770253, "Malignant pleural effusion ": 14.9870654855149, "Mass ": 2.679310747889804, "Metastases to adrenals ": 16.67909751977598, "Metastases to bone ": 29.473717364568763, "Metastases to central nervous system ": 16.832961994307073, "Metastases to chest wall ": 48.23251351460835, "Metastases to kidney ": 23.88215817212511, "Metastases to liver ": 37.86328708578322, "Metastases to lung ": 23.47041266434797, "Metastases to lymph nodes ": 14.897583730474066, "Metastases to meninges ": 4.5901097025415, "Metastases to pancreas ": 17.951142535889385, "Metastases to peritoneum ": 16.39410410068564, "Metastases to pleura ": 19.00742993054101, "Metastases to skin ": 21.59419135596566, "Metastases to spine ": 22.782134037202567, "Metastases to the mediastinum ": 24.129649230925665, "Metastasis ": 15.476127537598192, "Metastatic renal cell carcinoma ": 10.201155270081228, "Mouth ulceration ": 7.061031308176213, "Mucosal inflammation ": 17.805555917671324, "Musculoskeletal pain ": 2.061481348245846, "Nail disorder ": 5.515484474578983, "Nasal discharge discolouration ": 17.186241379549326, "Necrosis ": 2.6043610037800784, "Needle issue ": 6.743415216481868, "Neoplasm ": 2.6849896087158025, "Neoplasm progression ": 14.766692290719275, "Neoplasm recurrence ": 2.851068581942908, "Nephritic syndrome ": 52.05237856534719, "Neuroendocrine tumour ": 170.68746585727607, "Neuroendocrine tumour of the lung ": 117.59567765322556, "Neuroendocrine tumour of the rectum ": 224.0023327940353, "Oedema ": 2.3228574040088965, "Oedema peripheral ": 3.292260042409957, "Oncologic complication ": 21.26754160233977, "Onychoclasis ": 6.931663734707629, "Oral pain ": 5.999807247439297, "Organising pneumonia ": 2.239683745433949, "Orthopnoea ": 2.8104044762110227, "Osteonecrosis of jaw ": 13.30002107270266, "Ovarian cyst ": 2.738394351629312, "PIK3CA-activated mutation ": 39.19263695492248, "Palmar-plantar erythrodysaesthesia syndrome ": 2.9568123020456776, "Pancreatic neuroendocrine tumour ": 175.0589038120881, "Pancreatic neuroendocrine tumour metastatic ": 97.65212229684352, "Paronychia ": 5.100274896045671, "Pathological fracture ": 2.224091513190162, "Pericardial effusion ": 2.94644895546623, "Platelet count decreased ": 3.4092589138839258, "Platelet count increased ": 2.567058554965121, "Pleural effusion ": 5.85024531693692, "Pleural thickening ": 6.412706273956337, "Pneumocystis jirovecii pneumonia ": 6.639894025005895, "Pneumonia ": 2.4807119872560977, "Pneumonia bacterial ": 2.5478311057672065, "Pneumonitis ": 32.928356301331306, "Productive cough ": 2.580564808163351, "Protein total decreased ": 6.586807731232621, "Pulmonary mass ": 5.010748721030412,