{"Abortion spontaneous": 3.1330095999477057, "Aphasia": 3.722152370413929, "Blood HIV RNA increased": 161.48362298599707, "Condition aggravated": 2.037388976246975, "Depressed level of consciousness": 3.4339370663475286, "Drug interaction": 2.4446326528610127, "Drug resistance": 16.338730060176587, "Exposure during pregnancy": 6.658141928916503, "Foetal exposure during pregnancy": 6.160317009750506, "Foetal growth restriction": 11.893823751249432, "Generalised tonic-clonic seizure": 4.2633749946342725, "Gestational diabetes": 33.81449259053695, "Hepatitis C": 4.765148696447183, "Immune reconstitution inflammatory syndrome": 203.1557820626649, "Immune reconstitution inflammatory syndrome associated tuberculosis": 372.8722313325229, "Lactic acidosis": 4.342632317561691, "Leukocytosis": 6.986331431046132, "Live birth": 10.904616724138082, "Liver injury": 3.84765355622666, "Mental status changes": 5.956877568247251, "Muscular weakness": 2.306513241887995, "Nephropathy toxic": 122.68740612527888, "Pancytopenia": 2.3538100855586124, "Pathogen resistance": 83.16547948207413, "Pericardial effusion": 6.064657975868012, "Polyneuropathy": 27.501523657553747, "Premature baby": 5.612270060079436, "Progressive multifocal leukoencephalopathy": 31.865709654787818, "Psychiatric symptom": 29.68566372575558, "Renal disorder": 3.6872848184822216, "Renal impairment": 2.0599371832513715, "Renal tubular disorder": 22.02158730724053, "Skin lesion": 4.152409441463069, "Treatment noncompliance": 28.696180028118555, "Viral load increased": 25.150319199271856, "Viral mutation identified": 183.7559197868926, "Virologic failure": 213.4464445613229}