{"5-hydroxyindolacetic acid": 499.4178760842281, "Abdominal hernia": 4.547060998182137, "Abdominal lymphadenopathy": 9.758587289560127, "Abdominal mass": 6.468144606178311, "Acne": 3.125640769979904, "Alveolitis": 3.190398293148186, "Anaemia": 2.15690033855101, "Aphthous ulcer": 10.51190464722891, "Ascites": 5.301072828596213, "Atelectasis": 4.082524940608525, "Atypical pneumonia": 6.170540963473899, "Biliary obstruction": 3.237410783435237, "Blood albumin decreased": 3.4621708253365675, "Blood bilirubin abnormal": 7.802089445957797, "Blood calcium increased": 2.340143614196821, "Blood cholesterol increased": 2.512456270254482, "Blood chromogranin A increased": 51.07617925634806, "Blood creatinine decreased": 2.568502658340516, "Blood creatinine increased": 2.7728374384115635, "Blood lactate dehydrogenase increased": 3.5360629969159, "Blood magnesium decreased": 2.228610808425931, "Blood phosphorus decreased": 2.572635948662627, "Blood potassium decreased": 2.130360092139089, "Blood pressure diastolic decreased": 9.091886459546034, "Blood pressure diastolic increased": 2.4993409714484405, "Blood pressure increased": 2.039883353706457, "Blood pressure systolic increased": 9.6110931999429, "Blood triglycerides increased": 5.776243748205767, "Blood urine present": 2.505111595242968, "Body temperature decreased": 6.274317741678512, "Bone cancer": 6.002953035117815, "Bone lesion": 9.947643234050572, "Bowel movement irregularity": 3.9174066656756494, "Brain neoplasm": 4.158905596908886, "Breast cancer": 7.6914945442322145, "Breast cancer female": 4.039245095720937, "Breast cancer metastatic": 30.025304783360625, "Breast cancer recurrent": 45.77802293862209, "Breast cancer stage II": 2.5558338840323898, "Breast cancer stage IV": 20.87735875708968, "Bundle branch block left": 2.113178531711932, "Cachexia": 4.86249796828422, "Cancer pain": 6.824020122833124, "Carbohydrate antigen 15-3 increased": 33.68865787589469, "Carcinoembryonic antigen increased": 9.251068153288362, "Carcinoid syndrome": 35.26055695164124, "Carcinoid tumour": 25.12297879041613, "Carcinoid tumour pulmonary": 124.09688449829794, "Cellulitis": 2.1385206277187554, "Central nervous system lesion": 2.432287287259083, "Chapped lips": 2.9392651027138585, "Cholangitis": 3.365525723288506, "Clear cell renal cell carcinoma": 10.43567843204312, "Coccydynia": 5.59290840728708, "Concomitant disease aggravated": 7.3958960701623395, "Concomitant disease progression": 9.225177086773352, "Cough": 3.4700832746350314, "Crepitations": 9.870824565774306, "Death": 3.151912110882329, "Decreased appetite": 2.292187610581883, "Dehydration": 2.5629713303267376, "Dermatitis acneiform": 2.1224246565439056, "Diabetes mellitus": 4.0808475162525495, "Disease progression": 2.9404008053310178, "Dry skin": 3.8170669719432686, "Dyslipidaemia": 2.025508381688176, "Eating disorder": 3.711686803078365, "Ejection fraction decreased": 3.0704517580104542, "Epistaxis": 2.6563495417761334, "Exposed bone in jaw": 42.05382949677738, "Eyelid oedema": 2.232784519607994, "Faeces discoloured": 2.152223558873582, "Feeding disorder": 5.230201437869639, "Flatulence": 2.0054278729503, "Fractured sacrum": 9.769120522963082, "Frequent bowel movements": 2.0950676331265328, "Gallbladder disorder": 2.0745251195486287, "General physical health deterioration": 2.4687783191896284, "Generalised oedema": 2.87763109881739, "Gingival swelling": 2.7056496873107467, "Gingivitis": 2.7368213733069697, "Glomerular filtration rate decreased": 2.0122021094934275, "Glucose tolerance impaired": 3.191624683823824, "Haematocrit decreased": 2.9850527168898173, "Haemoglobin decreased": 2.869058070268579, "Hepatic lesion": 19.422934706136093, "Hepatic mass": 9.54421117217398, "Hepatic neoplasm": 10.01006919845913, "Hepatic pain": 2.646534367556543, "Hydronephrosis": 2.3557079886584806, "Hypercholesterolaemia": 4.3826182998012735, "Hyperglycaemia": 5.647919568059884, "Hyperlipidaemia": 4.739708554037388, "Hypertriglyceridaemia": 6.690632217436224, "Hypophagia": 3.268256810997209, "Hypophosphataemia": 2.031146082066013, "Hypoxia": 2.0754549574311936, "Ingrowing nail": 17.269352634420148, "Injection site hypersensitivity": 4.325282709791495, "Injection site mass": 2.746473342139388, "Interstitial lung disease": 18.38497704141028, "Intestinal metastasis": 18.588389484632984, "Intestinal obstruction": 3.316888197367843, "Invasive ductal breast carcinoma": 3.5070329076266646, "Iron deficiency anaemia": 2.320550473135397, "Jugular vein thrombosis": 3.0819567821269693, "KL-6 increased": 49.383574297019024, "Lip ulceration": 4.308419573735097, "Liver abscess": 2.9435361162506477, "Liver function test increased": 2.0508950950988045, "Lung consolidation": 4.912907468524892, "Lung disorder": 4.942460990996539, "Lung infiltration": 8.935591502222245, "Lung neoplasm": 6.286650000726438, "Lung opacity": 6.2941644758001, "Lymphadenopathy mediastinal": 6.463944047692348, "Lymphangiosis carcinomatosa": 35.32482778798121, "Lymphocyte count decreased": 4.704256447732936, "Lymphocyte count increased": 2.811429381483246, "Lymphoedema": 3.349610165735503, "Malignant ascites": 10.655674058665232, "Malignant neoplasm progression": 28.990484085185503, "Malignant pleural effusion": 14.985862645559529, "Mass": 2.6790957090526226, "Metastases to adrenals": 16.677758887778452, "Metastases to bone": 29.471351298415268, "Metastases to central nervous system": 16.831610834294263, "Metastases to chest wall": 48.22864251164216, "Metastases to kidney": 23.88024146973297, "Metastases to liver": 37.86024728044821, "Metastases to lung": 23.468528615121848, "Metastases to lymph nodes": 14.8963879754962, "Metastases to meninges": 4.5897413169678245, "Metastases to pancreas": 17.949701841569926, "Metastases to peritoneum": 16.392788299494537, "Metastases to pleura": 19.00590443158831, "Metastases to skin": 21.59245823015479, "Metastases to spine": 22.780305503711837, "Metastases to the mediastinum": 24.127712662245457, "Metastasis": 15.474885369391473, "Metastatic renal cell carcinoma": 10.200336495491236, "Mouth ulceration": 7.060464537761432, "Mucosal inflammation": 17.804126521012517, "Musculoskeletal pain": 2.0613158892128367, "Nail disorder": 5.515041807431839, "Nasal discharge discolouration": 17.184862063019043, "Necrosis": 2.6041519851375607, "Needle issue": 6.742873980859075, "Neoplasm": 2.684774116894966, "Neoplasm progression": 14.765506789818623, "Neoplasm recurrence": 2.850839766979131, "Nephritic syndrome": 52.048201006349096, "Neuroendocrine tumour": 170.67376561554318, "Neuroendocrine tumour of the lung": 117.58623992052208, "Neuroendocrine tumour of the rectum": 223.98435528804765, "Oedema": 2.3226709528494816, "Oedema peripheral": 3.291913726400339, "Oncologic complication": 21.265834739832467, "Onychoclasis": 6.931107411245455, "Oral pain": 5.9993256640854415, "Organising pneumonia": 2.239503995073812, "Orthopnoea": 2.810178921938966, "Osteonecrosis of jaw": 13.298953544969752, "Ovarian cyst": 2.7381745750860524, "PIK3CA-activated mutation": 39.18949146316312, "Palmar-plantar erythrodysaesthesia syndrome": 2.9565749695968706, "Pancreatic neuroendocrine tumour": 175.04485266481146, "Pancreatic neuroendocrine tumour metastatic": 97.6442848512827, "Paronychia": 5.099865559109202, "Pathological fracture": 2.2239130163867578, "Pericardial effusion": 2.946212464481739, "Platelet count decreased": 3.408985226189868, "Platelet count increased": 2.56685252510067, "Pleural effusion": 5.849229136795186, "Pleural thickening": 6.412191616901577, "Pneumocystis jirovecii pneumonia": 6.639361088191408, "Pneumonia": 2.4805128262559086, "Pneumonia bacterial": 2.5476266220056845, "Pneumonitis": 32.9257125893692, "Productive cough": 2.580357679967095, "Protein total decreased": 6.586279086080081, "Pulmonary mass": 5.010346545702173, "Pulmonary toxicity": 4.730866619484466, "Rales": 2.577428377861485, "Recurrent cancer": 6.722234962891587, "Red blood cell count decreased": 2.3737943282564853,