{"Asthenia ": 2.578260237827025, "Feeling abnormal ": 4.188819983194419, "Gastritis ": 29.63207932518932, "Urticaria ": 3.872641258125325}