{"BK virus infection ": 149.3936424243999, "Foetal exposure during pregnancy ": 7.827990452198647, "Fungal peritonitis ": 1916.125622920623, "Live birth ": 48.0223760262891, "Off label use ": 4.999771701566923, "Peritonitis ": 41.09252560238984, "Premature baby ": 25.52749024781719, "Respiratory failure ": 8.026258961254051, "Sepsis ": 10.895298941351989, "Systemic candida ": 218.76541966221316, "Thrombocytopenia ": 2.062031435991037, "Thrombotic microangiopathy ": 112.3892235278637, "Treatment failure ": 7.548694838418296}