{"Abdominal discomfort ": 2.7221421031876054, "Anhedonia ": 8.890327335125598, "Anxiety ": 3.07090957720799, "Condition aggravated ": 3.023400683919979, "Depression ": 7.246560925543954, "Drug ineffective ": 3.684046978129013, "Drug interaction ": 4.938149239229934, "Drug intolerance ": 4.066895885148028, "Dry mouth ": 5.464969975574975, "Electrocardiogram QT prolonged ": 7.206060387942967, "Extrapyramidal disorder ": 34.82692629723762, "Hepatic enzyme increased ": 4.059472798678062, "Hyperhidrosis ": 3.735703102688356, "Hyponatraemia ": 11.996810438920177, "Off label use ": 2.166901394186165, "Overdose ": 2.7657241129280954, "Product use in unapproved indication ": 3.321710721425925, "Sedation complication ": 50.73090015381563, "Sleep disorder ": 5.576274140013453, "Suicidal ideation ": 9.64852572009864, "Suicide attempt ": 4.243832930264444, "Tachycardia ": 5.768584291247288, "Therapy non-responder ": 17.17513717426437, "Type 2 diabetes mellitus ": 20.76083486774135, "Vertigo ": 4.40874978521634, "Weight decreased ": 2.26619573459899, "Weight increased ": 4.625625762765139}