{"Acute kidney injury ": 2.581765815120143, "Adverse event ": 8.35749858790516, "Angioedema ": 7.385229777316709, "Asthenia ": 7.7767120719421134, "Atrial enlargement ": 775.9646085531555, "Blood pressure decreased ": 4.593591274828652, "Cardiac failure ": 6.397124660390862, "Dehydration ": 6.559043068384429, "Disease progression ": 3.262781432038645, "Gait disturbance ": 4.454981946324356, "Hyperkalaemia ": 6.505488191029216, "Hypotension ": 4.9821225238333176, "Hypovolaemia ": 71.48626663745546, "N-terminal prohormone brain natriuretic peptide increased ": 148.79490798639085, "Overdose ": 2.644313198169167, "Pulmonary arterial pressure increased ": 244.09730022711895, "Tricuspid valve incompetence ": 58.410053902137946, "Urinary tract infection ": 5.65841191026963}