{"Acute kidney injury ": 9.34802797271922, "Ascites ": 22.175002988121147, "Cardiac failure congestive ": 11.048272480415577, "Cardiomegaly ": 63.15613650567877, "Coronavirus infection ": 170.60553019527586, "Cough ": 2.138413298817364, "Drug interaction ": 5.816056793342344, "Drug level increased ": 98.44054676239128, "Dysphagia ": 8.96625979299257, "Haemoptysis ": 26.029058926580912, "Hypoglycaemia ": 4.931146788071819, "Immunosuppressant drug level increased ": 292.806821929976, "Inflammatory marker increased ": 179.42922398324947, "Labelled drug-drug interaction medication error ": 48.53508073081731, "Leukopenia ": 8.228827180716044, "Lower respiratory tract infection ": 19.765855286211934, "Lung consolidation ": 334.1482293927682, "Multimorbidity ": 960.2672617602084, "Myocardial ischaemia ": 67.86487204535443, "Oesophageal carcinoma ": 73.47984765264044, "Oesophageal perforation ": 1472.667815408806, "Off label use ": 3.501873125417027, "Pleural effusion ": 13.451571400694606, "Pneumonia ": 4.257978971336005, "Productive cough ": 20.920691495028183}