{"Acute myocardial infarction ": 2.11438949342669, "Amnesia ": 2.617336120980133, "Asthenia ": 2.531134296221345, "Bone pain ": 2.212184549356868, "Cardiac failure congestive ": 3.216598003308982, "Cognitive disorder ": 3.4751226011348493, "Constipation ": 2.8312609803086417, "Dehydration ": 2.584430308430509, "Drug interaction ": 4.238820824172262, "Erectile dysfunction ": 2.9694318195545573, "Faeces discoloured ": 4.086715239920283, "Fall ": 3.4681410299230726, "Gastrointestinal disorder ": 2.8013964642198563, "Gynaecomastia ": 8.348679304373578, "Haematuria ": 4.770931430403489, "Hot flush ": 12.87472113055851, "Malignant neoplasm progression ": 18.53751142033012, "Metastases to bone ": 21.176231017645318, "Metastases to spine ": 29.12586942559325, "Muscular weakness ": 2.015200400007508, "Pelvic pain ": 7.067882601254196, "Pollakiuria ": 3.5114183829130763, "Presyncope ": 2.195981414943367, "Prostate cancer ": 22.22920148214569, "Prostate cancer metastatic ": 102.2266905141083, "Prostatic specific antigen abnormal ": 192.27628273134397, "Prostatic specific antigen increased ": 217.35708087756328, "Restless legs syndrome ": 4.474860887646192, "Spinal compression fracture ": 11.137412704764388, "Underdose ": 6.262036910490101}