{"Clostridium difficile infection ": 36.05915405235726, "Condition aggravated ": 2.5640313461279045, "Confusional state ": 3.6128796141465065, "Cross sensitivity reaction ": 205.13037800670944, "Delirium ": 9.147956580578294, "Drug ineffective ": 3.995585119611569, "Drug interaction ": 3.827202361981588, "Drug intolerance ": 4.326750183684414, "Drug reaction with eosinophilia and systemic symptoms ": 17.272108767290977, "Drug resistance ": 14.928830600133995, "Drug-induced liver injury ": 11.6844180815453, "Hidradenitis ": 209.6121553729037, "Hypotension ": 2.824947923559972, "Macular degeneration ": 23.499619126453133, "Mobility decreased ": 7.119663964112632, "Pathogen resistance ": 36.75798309471927, "Rash maculo-papular ": 7.599847646099263, "Scar ": 47.26430635587062, "Seizure ": 2.9078166495155826, "Skin lesion ": 18.363471439040357, "Skin odour abnormal ": 151.6783115345313, "Suicidal ideation ": 4.3421375079959725, "Treatment failure ": 9.848499797022344, "Wound secretion ": 213.8818134471567}