{"Ankylosing spondylitis ": 17.687758158197074, "Arthritis ": 2.194497127806509, "Bronchitis ": 3.1556564677496084, "Condition aggravated ": 2.862439595385037, "Drug ineffective ": 5.44452129121055, "Drug ineffective for unapproved indication ": 8.014931198548112, "Drug intolerance ": 3.074957687058699, "Drug specific antibody ": 118.6208654256426, "Dry eye ": 11.645524700313649, "Fibrosis ": 46.537228323332975, "Gait inability ": 6.314367742740171, "Gastric haemorrhage ": 14.295689138236703, "Gastrointestinal disorder ": 2.758593164817002, "Ill-defined disorder ": 4.136068713236246, "Inflammation ": 8.211937068420342, "Infusion related reaction ": 2.755980402086721, "Joint swelling ": 6.734660466452948, "Lower respiratory tract infection ": 7.993038953770923, "Metabolic surgery ": 135.73418500554973, "Mobility decreased ": 3.1574895531528955, "Mouth ulceration ": 5.967306600523477, "Musculoskeletal stiffness ": 4.673732889500736, "Pancytopenia ": 3.1591460241836087, "Pharyngitis ": 23.03344890703354, "Product use in unapproved indication ": 2.035284267643749, "Psoriatic arthropathy ": 5.280557119405412, "Renal cyst ": 16.668164453284717, "Rheumatoid arthritis ": 5.631322626424913, "Sleep apnoea syndrome ": 15.490376288416511, "Synovitis ": 7.351519167574231, "Therapeutic product effect decreased ": 4.728010150576854, "Therapeutic product effect incomplete ": 2.193100388495488, "Toothache ": 20.25336712824321, "Treatment failure ": 5.132143088343799, "Urinary tract infection ": 2.926756893845459, "Vasculitis ": 6.094589287386944, "Vitiligo ": 46.50624058279444}