{"Blood glucose increased": 19.75753765638221, "Chest pain": 3.815785153627956, "Cough": 5.442942176737209, "Dyspnoea": 4.677016863381564, "Hyperglycaemia": 12.53631536929412, "Hypoglycaemia": 7.455950214066011}