{"Disease progression ": 15.656924415897135, "Drug resistance ": 24.285949596603377, "Malignant neoplasm progression ": 15.509173382992389, "Maternal exposure during pregnancy ": 9.569216513522722, "Metastases to central nervous system ": 68.3430419709596, "Neoplasm progression ": 20.35142371057902}