{"Abdominal discomfort": 6.659750684260724, "Abdominal pain upper": 3.7657906257391063, "Adjustment disorder with depressed mood": 61.30277575283727, "Adverse drug reaction": 2.347908264423284, "Alanine aminotransferase abnormal": 14.15957057368352, "Alopecia": 6.171295376896089, "Amnesia": 5.917278702494962, "Anal abscess": 3.5056966125328723, "Anti-cyclic citrullinated peptide antibody": 64.23401385262568, "Anti-cyclic citrullinated peptide antibody positive": 28.092508313799986, "Antibody test positive": 6.022164447106668, "Arthritis": 5.742169223621758, "Arthropathy": 14.991597381683468, "Asthma": 2.469495432065034, "Autoimmune disorder": 23.446222938073245, "Back injury": 25.35943514537494, "Basal cell carcinoma": 5.948055788320435, "Blepharospasm": 22.64347244750191, "Blister": 13.388410247714932, "Blood cholesterol": 12.160286065646591, "Blood cholesterol increased": 15.94880599594087, "Blood magnesium increased": 15.274339002351184, "Blood parathyroid hormone decreased": 21.408313323844627, "Body height below normal": 23.43303418319124, "Body temperature": 2.253260601374896, "Bone density increased": 20.20258202607362, "Bone erosion": 57.39440041919529, "Breast cancer stage I": 22.904182607066375, "Breast cancer stage II": 39.70986709121448, "Breast cancer stage III": 88.52794108854617, "Bunion operation": 16.787359344727705, "Bursitis": 30.314246862932205, "C-reactive protein": 17.56228449331537, "C-reactive protein abnormal": 29.577755591447133, "C-reactive protein increased": 10.921975440780797, "Colitis ulcerative": 3.727294240779463, "Condition aggravated": 2.790533834883867, "Confusional state": 4.397992178550276, "Contraindicated product administered": 17.15669557897606, "Contusion": 5.203083807785207, "Crohn's disease": 2.700149922809108, "Cyst": 2.964061660613872, "Deafness neurosensory": 3.364908280055548, "Deep vein thrombosis postoperative": 35.628808069944526, "Deformity": 8.230712323403948, "Delirium": 3.726424469169743, "Depression": 2.260664002139402, "Disability": 11.792513734963494, "Discomfort": 5.388689232694495, "Dislocation of vertebra": 56.28169291299853, "Drug hypersensitivity": 6.3726546320373885, "Drug ineffective": 2.13721053453374, "Drug intolerance": 7.467424440104997, "Drug specific antibody": 3.0535344804056086, "Drug tolerance": 5.7123329959021385, "Drug tolerance decreased": 10.424361328446915, "Drug-induced liver injury": 2.1118725701995067, "Dry mouth": 4.107443439775451, "Duodenal ulcer perforation": 28.05787125401948, "Ear infection": 4.466869729438858, "Ear pain": 5.721388987934711, "Enthesopathy": 18.749146120960493, "Epigastric discomfort": 4.410548357968583, "Epilepsy": 4.123184214704286, "Epstein-Barr viraemia": 4.781006377427552, "Exostosis": 20.161274679174117, "Facet joint syndrome": 50.98486852091079, "Fear of injection": 12.048885045617668, "Fibromyalgia": 13.867897090605986, "Finger deformity": 4.598575359437049, "Folliculitis": 37.44384211657482, "Foot deformity": 11.851920354377272, "Foot operation": 6.44035047144176, "Gait inability": 5.864223907254919, "Gastrointestinal disorder": 6.273051201594593, "Gastrointestinal toxicity": 2.987268534119775, "Gastrooesophageal reflux disease": 4.375320458528795, "General physical health deterioration": 4.220113954313813, "Glossodynia": 12.545508815812305, "Granuloma": 2.029811566391851, "Granuloma skin": 15.873460123118894, "Grip strength decreased": 7.823468964933189, "Hand deformity": 15.574822213638438, "Helicobacter infection": 18.71979509112216, "Hepatic enzyme increased": 5.271144458121476, "Hip arthroplasty": 9.402012568945342, "Human antichimeric antibody positive": 31.050882124126453, "Hypercalcaemia": 3.2426618220390004, "Hypercholesterolaemia": 21.10372963586569, "Hypersensitivity": 3.3405351907153142, "Ill-defined disorder": 11.719058409573616, "Impaired healing": 26.347293509938613, "Infection": 5.800129687832262, "Inflammation": 6.3011925495727175, "Inflammatory marker increased": 3.10161202885721, "Infusion related reaction": 8.088783008785661, "Infusion site reaction": 142.59488943461523, "Injury": 5.995942188969836, "Intentional product use issue": 6.017868286319677, "Irritable bowel syndrome": 28.471055383750624, "Joint destruction": 23.2061020357899, "Joint dislocation": 5.580822404097319, "Joint effusion": 4.445238767926507, "Joint injury": 2.6461823404171314, "Joint range of motion decreased": 16.987291846741233, "Joint stiffness": 3.57642791335034, "Joint swelling": 10.142075487750692, "Juvenile idiopathic arthritis": 12.69075821063018, "Keratitis": 3.639916825124701, "Knee arthroplasty": 9.608013754360067, "Lip dry": 35.081534918210686, "Live birth": 20.481010563554022, "Liver function test increased": 7.510072940923513, "Liver injury": 6.234426444766801, "Lower respiratory tract infection": 17.766568993545725, "Lung disorder": 3.8649957690811534, "Lupus vulgaris": 7.416590058765951, "Lupus-like syndrome": 2.5302788497561126, "Maternal exposure during pregnancy": 4.0269430278235046, "Mean cell haemoglobin decreased": 12.67426175639904, "Mean cell volume decreased": 15.17663317675065, "Mean platelet volume decreased": 33.43629807720985, "Medication error": 2.5690288933952465, "Mobility decreased": 4.911186425367307, "Monocyte count increased": 6.664675665738876, "Muscle injury": 55.342635451091255, "Muscle spasticity": 14.681150299009458, "Musculoskeletal deformity": 94.3016459929373, "Musculoskeletal pain": 8.040490428855728, "Musculoskeletal stiffness": 2.4505928340228724, "Nail disorder": 32.031197120741275, "Nasopharyngitis": 5.975373607677288, "Night sweats": 7.685939104433996, "Obesity": 11.23174663510611, "Onychomadesis": 29.40170431181298, "Osteoarthritis": 6.137642016500419, "Panniculitis": 7.336970830511453, "Pemphigus": 10.648022528173502, "Pericarditis": 3.060557010682567, "Peripheral swelling": 4.306006403966413, "Peripheral venous disease": 6.978953287063144, "Physical disability": 2.920296795161282, "Pleural fibrosis": 22.84060209695842, "Pleural thickening": 11.481333752274583, "Presbyacusis": 33.715307282371825, "Prescribed underdose": 2.222214556680877, "Product use issue": 2.5339004086567067, "Psoriatic arthropathy": 3.381154154126727, "Pulmonary fibrosis": 2.4149388750349767, "Red blood cell sedimentation rate": 30.0403683165922, "Red blood cell sedimentation rate abnormal": 11.229667801459438, "Red blood cell sedimentation rate increased": 5.467282779962984, "Red cell distribution width decreased": 69.3679888439009, "Red cell distribution width increased": 2.506582333461751, "Respiratory disorder": 5.853704660088353, "Respiratory tract congestion": 2.87375404461545, "Retinitis": 7.381688407250523, "Rheumatic fever": 13.65517488085094, "Rheumatoid arthritis": 6.101438062329308, "Rheumatoid factor positive": 13.035815573804806, "Rheumatoid lung": 15.615580203277398, "Rheumatoid nodule": 12.427355017890552, "Sciatica": 2.981251192311463, "Seronegative arthritis": 7.113872176615304, "Sinusitis": 12.634943456683253, "Sleep disorder due to general medical condition, insomnia type": 55.88231022858083, "Spinal fusion surgery": 4.481770542372643, "Spondylitis": 3.816607061082314, "Stomatitis": 6.807118034592655, "Swelling": 4.962751571871745, "Swollen joint count increased": 19.682559956983248, "Synovitis": 10.2532646246841, "Systemic lupus erythematosus": 6.674290346891963, "Systemic lupus erythematosus rash": 8.64290427068908, "Tenosynovitis": 2.9922363766505007, "Therapeutic product effect decreased": 13.2840236306881, "Treatment failure": 4.0608825263063775, "Type 2 diabetes mellitus": 2.12894227095542, "Vascular access complication": 18.84427211959225, "Viral upper respiratory tract infection": 3.7438171623697754, "Walking aid user": 6.150198795536324, "Weight increased": 3.2206469477832638, "White blood cell count abnormal": 5.24049227373138, "Wound": 6.751327164317323, "Wound infection": 8.118497490867515, "Wrist deformity": 15.488297320208538, "X-ray abnormal": 10.689411445373567}