{"Off label use ": 5.159578181043231, "Product use issue ": 19.95552235996222}