{"Bradycardia ": 16.132973088012957, "Bronchiolitis ": 88.99038388210653, "Drug titration error ": 2301.0846467385527, "Hypoglycaemia ": 23.191139644224226, "Hypoglycaemic seizure ": 309.97633300646106, "Hypotension ": 2.223812821691633, "Irritability ": 11.936885285375954, "Off label use ": 13.713121645871585, "Product administered to patient of inappropriate age ": 229.77071380582444, "Product use issue ": 19.676594100050394, "Sleep disorder ": 21.843204118528053, "Somnolence ": 2.54127000041944}