{"Acute kidney injury ": 20.92162756123594, "Hypercalcaemia ": 408.7547512422973, "Hypervitaminosis ": 12004.371426589903, "Intentional product misuse ": 32.936759697651475, "Off label use ": 5.461430253220837}