{"Abdominal tenderness": 3.410877309239667, "Accidental exposure to product by child": 2.037489263820788, "Accidental overdose": 3.6926340494637753, "Accidental poisoning": 14.743583935036874, "Acidosis": 7.246006245476541, "Acute generalised exanthematous pustulosis": 5.497423500303809, "Acute hepatic failure": 5.198536209734825, "Acute kidney injury": 4.391430470062005, "Acute respiratory distress syndrome": 2.382062540116234, "Agranulocytosis": 3.0137154871918246, "Akinesia": 3.960895766381687, "Alcohol poisoning": 3.729612664217967, "Allergy to animal": 9.175357807641348, "Anaphylactic reaction": 2.090677218960239, "Angioedema": 3.4970233298550104, "Angular cheilitis": 7.9874225207337854, "Anuria": 7.2769335264959665, "Apnoea": 3.631296901804918, "Apraxia": 5.172364318192487, "Areflexia": 3.50762368398444, "Aspiration": 4.54225494009999, "Atelectasis": 5.624286585018202, "Atrial septal defect": 3.859485214972025, "Bile acids increased": 61.41582330443742, "Blood bicarbonate decreased": 6.452367242388922, "Blood lactic acid increased": 2.1723422195706834, "Blood pH decreased": 8.454115236572726, "Blood pH increased": 53.51177802850528, "Blood urea increased": 3.1689928655357806, "Brain death": 5.066412453155303, "Brain injury": 3.330092388874432, "Brain oedema": 3.635715323157788, "Bronchial hyperreactivity": 5.398674588874039, "Bronchial wall thickening": 6.9248377859446, "Bronchitis chronic": 3.5857353558993936, "Cardiac arrest": 2.552187720480773, "Cardio-respiratory arrest": 6.738354162465168, "Cardiogenic shock": 2.041106759695461, "Cardiomegaly": 2.1579729183478453, "Central nervous system lesion": 2.3132078356378023, "Cleft lip": 10.109739423056384, "Cleft lip and palate": 10.489817364835014, "Cleft palate": 6.895170942029214, "Clonus": 8.130967822280532, "Clostridium difficile infection": 2.937779657568792, "Coagulopathy": 2.202746257509168, "Colitis ischaemic": 2.444441148385308, "Colitis microscopic": 2.4139553955588497, "Coma": 3.676952746331235, "Coma scale abnormal": 6.542061949641314, "Completed suicide": 17.919053205852165, "Congenital central nervous system anomaly": 10.467357041451663, "Congenital musculoskeletal disorder": 13.645697509034193, "Conjunctival hyperaemia": 2.098918728544862, "Cross sensitivity reaction": 12.514375501789168, "Depressed level of consciousness": 2.8995600580208354, "Dermatitis exfoliative": 3.088083754021449, "Dermatitis exfoliative generalised": 2.3934449847342383, "Device adhesion issue": 28.950730584148705, "Device dislocation": 14.110663322031057, "Device maintenance issue": 743.4573162383549, "Device malfunction": 2.5455265988379234, "Device power source issue": 62.711849612710495, "Diastolic dysfunction": 4.438616625349551, "Disease complication": 4.417866413052234, "Drug abuse": 3.3190646431895936, "Drug dose titration not performed": 12.809088712565975, "Drug eruption": 2.0056057109762158, "Drug hypersensitivity": 3.1942261297563386, "Drug interaction": 3.299103146964631, "Drug screen positive": 4.314457297995316, "Drug-induced liver injury": 2.536419936513905, "Duodenal ulcer": 3.2477249138437525, "Duodenal ulcer haemorrhage": 3.697066731239334, "Electrocardiogram QRS complex prolonged": 4.547230693119836, "Electrocardiogram QT prolonged": 2.023541868498093, "Electrocardiogram ST segment elevation": 6.101544281606271, "Electrocardiogram abnormal": 2.079868322699556, "Emergency care": 7.76404271422803, "Endometritis": 36.744256841442905, "Environmental exposure": 30.26608135453977, "Epidermal necrosis": 8.183632570142185, "Erection increased": 2.037564499430488, "Erythema multiforme": 2.542645888303666, "Escherichia infection": 4.67761650013148, "Eustachian tube dysfunction": 18.003712058957543, "Female sterilisation": 49.44178507727904, "Fine motor skill dysfunction": 13.427173322029796, "Fixed eruption": 3.0815867775439307, "Flushing": 2.109792529308372, "Gastric ulcer": 3.924211168396506, "Gastric ulcer haemorrhage": 3.72347004096194, "Gastritis erosive": 2.533927960427998, "Gastrointestinal erosion": 16.01021425643838, "Gastrointestinal haemorrhage": 2.494089515472328, "Gastrointestinal inflammation": 3.823729664809397, "Gastrointestinal sounds abnormal": 5.882996192688777, "Glomerulonephritis membranous": 7.434827410278267, "Grip strength decreased": 6.139970379343966, "Haematemesis": 3.154722094241915, "Haemodynamic instability": 10.204744273461664, "Heart disease congenital": 2.8984929862073123, "Heart valve incompetence": 7.822223871148866, "Hepatic failure": 2.5509820954148985, "Hepatic necrosis": 6.645869215485291, "Hepatic steatosis": 2.0216697672535373, "Hepatitis cholestatic": 2.32192566387324, "Hepatitis toxic": 2.314175832170516, "Hepatomegaly": 3.111446480438999, "Hepatosplenomegaly": 2.695171323125412, "Holoprosencephaly": 76.05493062621257, "Hyperkalaemia": 2.5297884008727545, "Hyperlactacidaemia": 24.455305479800668, "Hyperreflexia": 6.066033988604476, "Hypertonia": 3.195441236438478, "Hypoalbuminaemia": 3.1185802282696566, "Hypochromic anaemia": 7.818708061437475, "Hypopnoea": 3.6924967073905592, "Hypotension": 2.1556487399141235, "Ileal perforation": 16.40441571088534, "Inadequate analgesia": 5.982020252083279, "Incorrect drug administration rate": 18.85882844249825, "Incorrect product administration duration": 2.1952434858681915, "Infusion site discharge": 17.165168815656862, "Infusion site discomfort": 86.64669945403669, "Infusion site erythema": 11.321036271383736, "Infusion site induration": 68.27301634097113, "Infusion site irritation": 28.950730584148705, "Infusion site pain": 8.791612452961692, "Infusion site pruritus": 8.285468295992716, "Infusion site swelling": 15.67994701180688, "Intentional overdose": 15.42563573305376, "Intentional product misuse": 3.095496506239056, "Intervertebral disc disorder": 4.606975019570369, "Intervertebral disc protrusion": 2.263177869068653, "Ischaemia": 2.372733228347009, "Kidney malformation": 25.19540824670632, "Kounis syndrome": 11.838898999097168, "Lactic acidosis": 2.578609870747207, "Latent tuberculosis": 13.111466005016824, "Leukocytosis": 2.548119555363333, "Lip oedema": 3.4133699219745286, "Liver injury": 3.157679125370897, "Lower gastrointestinal haemorrhage": 2.552378735170446, "Lung infiltration": 2.0594952091627805, "Major depression": 2.246361793521384, "Maternal exposure timing unspecified": 3.561150708794245, "Mean cell haemoglobin concentration decreased": 10.539002001634856, "Medication error": 4.122416061940643, "Medication overuse headache": 38.600606785520434, "Mental status changes": 2.594181172410285, "Metabolic acidosis": 8.897707699755824, "Methaemoglobinaemia": 7.708713393385037, "Microcephaly": 10.278007081658211, "Micturition frequency decreased": 46.92675426571587, "Miosis": 2.6745878246892283, "Mitochondrial toxicity": 6.2847230363399085, "Mucosal disorder": 5.722286277135559, "Multiple organ dysfunction syndrome": 2.379473465686365, "Muscle spasticity": 3.649548247837165, "Mydriasis": 2.5652130632079517, "Nasal dryness": 5.938367951767789, "Nasal polyps": 3.6454367159063694, "Nerve compression": 7.566259766154312, "Nikolsky's sign": 7.631664031108398, "Normal newborn": 2.9850252416662397, "Nystagmus": 2.097273707735886, "Obstructive airways disorder": 2.246851247486843, "Oesophagitis": 2.7151886728225905, "Oligoarthritis": 45.2498501146721, "Oliguria": 3.410384022741265, "Oral mucosa erosion": 3.970336670804131, "Overdose": 6.127109600245635, "Patent ductus arteriosus": 7.528151899539772, "Peptic ulcer": 4.524677504824427, "Periorbital oedema": 3.1811899939487613, "Poisoning": 4.946990114197902, "Poisoning deliberate": 3.3126944559816027, "Polyarthritis": 2.2837519670866677, "Post-traumatic stress disorder": 2.6121524953192066, "Potentiating drug interaction": 2.097540495392128, "Product administration interrupted": 15.227805495879991, "Pseudomonal sepsis": 6.332117654840045, "Pseudomonas infection": 3.130919492115618, "Pulseless electrical activity": 5.761632120987281,