{"Blast crisis in myelogenous leukaemia ": 141.51094928623797, "Blood pressure fluctuation ": 4.052033348550526, "Blood test abnormal ": 7.181520238101033, "Chronic graft versus host disease ": 56.18357150192813, "Chronic myeloid leukaemia ": 96.9391996516454, "Chronic myeloid leukaemia recurrent ": 141.45313302170487, "Complex regional pain syndrome ": 37.07209115343562, "Cytogenetic analysis abnormal ": 551.4544893422169, "Cytopenia ": 26.45298438250614, "Disease progression ": 5.030803122872174, "Disease recurrence ": 4.067362611445565, "Drug ineffective ": 2.145950680162116, "Drug ineffective for unapproved indication ": 2.945392797713113, "Drug interaction ": 2.1768250265932623, "Drug intolerance ": 10.132902389397584, "Drug resistance ": 45.99026976991454, "Dry skin ": 2.7122510713922305, "Febrile neutropenia ": 3.0719832743901807, "Fluid retention ": 4.42129688860326, "Gastrointestinal stromal tumour ": 255.4870030956045, "Gastrooesophageal reflux disease ": 2.3583125643022504, "Gene mutation ": 62.62944124860421, "Generalised oedema ": 11.580828066156808, "Haematotoxicity ": 20.50221729377359, "Hepatotoxicity ": 5.330414666910616, "Hunger ": 11.328279483676983, "Hyperkeratosis ": 16.53611659902419, "Lactose intolerance ": 37.813715070727866, "Lung disorder ": 3.404027941339955, "Malignant neoplasm progression ": 16.41465427309384, "Metastases to liver ": 27.180022868590324, "Metastases to peritoneum ": 48.13174253446147, "Mouth swelling ": 7.228522037921586, "Mouth ulceration ": 2.986113713927086, "Movement disorder ": 2.7920799647795715, "Mucosal inflammation ": 2.3608688022802897, "Myelosuppression ": 2.4957919360987244, "Neoplasm progression ": 4.908439294023079, "Neoplasm recurrence ": 30.84256562737216, "Neuropathy peripheral ": 2.0313274762088147, "Neurotoxicity ": 4.388141512395203, "Neutropenia ": 2.325218513097499, "Odynophagia ": 9.137249758967762, "Oedema ": 3.0447025153450173, "Oral mucosal blistering ": 8.304051904634319, "Palmar-plantar erythrodysaesthesia syndrome ": 2.707908004736528, "Pancytopenia ": 4.118235984590463, "Pericardial effusion ": 3.617691784872147, "Periorbital oedema ": 9.42145148794145, "Peripheral arterial occlusive disease ": 15.406600670784329, "Philadelphia chromosome positive ": 162.23793971528576, "Pleural effusion ": 3.405736471819357, "Recurrent cancer ": 26.689566410059797, "Scleroderma ": 21.877934745389677, "Second primary malignancy ": 30.34395867149284, "Skin exfoliation ": 2.045808915975054, "Skin toxicity ": 14.279151036202869, "Splenomegaly ": 6.260347917411717, "Stomatitis ": 2.403518240615583, "Therapeutic response decreased ": 7.140173436846499, "Therapy non-responder ": 9.308598914826076, "Thrombocytopenia ": 2.58870878004068, "Treatment failure ": 8.046699336737802, "Type 2 diabetes mellitus ": 3.774559951740285, "White blood cell count increased ": 5.744098437062779}