{"Condition aggravated": 2.027760630417852, "Drug intolerance": 3.585108058030616, "Dry eye": 34.10584149134583, "Eye irritation": 324.3741309271525, "Eye pain": 72.48049292124732, "Eye pruritus": 51.54901934553404, "Eye swelling": 16.442496623357297, "Intentional product misuse": 6.831764581064476, "Lacrimation increased": 111.14353348151823, "Multiple use of single-use product": 267.97990693400607, "Ocular discomfort": 33.26831969137706, "Ocular hyperaemia": 83.92988741684864, "Off label use": 7.598123681463827, "Prescribed overdose": 42.16403842664547, "Product availability issue": 39.08392780175632, "Product use in unapproved indication": 3.13751735246158, "Recalled product administered": 223.1545420209044, "Swelling of eyelid": 40.99568776187496, "Therapy interrupted": 52.68667732857445, "Vision blurred": 6.614781387406226, "Visual impairment": 5.959429557153886}