{"Alanine aminotransferase increased ": 15.199951144193657, "Dry eye ": 77.82005651515487, "Insomnia ": 9.916105429983393, "Rash ": 6.043010574963553}