{"Asthenia": 3.3676182627717512, "Off label use": 4.266100130784049}