{"Actinic keratosis": 16.527244594502537, "Acute coronary syndrome": 2.2112747198431477, "Acute graft versus host disease": 2.9754000907972125, "Acute graft versus host disease in skin": 10.978294965445931, "Acute leukaemia": 31.327730510152374, "Acute lymphocytic leukaemia": 4.305886396688705, "Acute myeloid leukaemia": 29.867327429083023, "Acute myeloid leukaemia recurrent": 5.065169889454023, "Acute respiratory distress syndrome": 2.08540070567166, "Adenocarcinoma": 6.824853500780653, "Alanine aminotransferase abnormal": 4.095332633510832, "Alveolar proteinosis": 60.09298710381449, "Anaemia": 9.679463009899507, "Ascites": 4.26574108970212, "Aspergillus infection": 4.387693849812149, "Atypical mycobacterial infection": 13.560363430836237, "Autoimmune haemolytic anaemia": 3.058782412542934, "B-cell lymphoma": 4.579234646330851, "BK virus infection": 4.532120530282789, "Bacteraemia": 4.0762206434611095, "Basal cell carcinoma": 14.179998703937608, "Basophil count increased": 47.12477992299383, "Blast cell count increased": 170.55760727137766, "Blast cell crisis": 59.59556402375964, "Blast cells present": 77.26328339680032, "Blood bilirubin abnormal": 9.848901771880392, "Blood bilirubin increased": 2.063128447110906, "Blood creatinine abnormal": 5.2638655115579, "Blood disorder": 2.402887974818406, "Blood fibrinogen decreased": 8.738616695828075, "Blood lactate dehydrogenase increased": 12.778400709553582, "Blood potassium increased": 4.468510515495924, "Blood test abnormal": 2.087914004267117, "Blood uric acid increased": 2.0642300582126536, "Bone marrow disorder": 4.948869212899512, "Bone marrow failure": 3.018727194949302, "Bone marrow oedema": 9.920524249243169, "Bone pain": 2.473754060631246, "Bowen's disease": 62.5039694005586, "Bronchopulmonary aspergillosis": 3.076214448069253, "COVID-19 pneumonia": 2.0295579820418705, "Cachexia": 4.096549312134162, "Cardiac failure": 3.240843525628905, "Cardiac tamponade": 6.200842882617498, "Cerebral atrophy": 2.946719614177709, "Chronic graft versus host disease": 7.724895238447313, "Chronic lymphocytic leukaemia": 4.370996217257311, "Chronic myeloid leukaemia": 7.044115777540347, "Concomitant disease aggravated": 18.304296543207776, "Concomitant disease progression": 4.967769080767834, "Coronavirus infection": 7.735810487359698, "Creatinine renal clearance decreased": 2.8643656107263813, "Cystitis haemorrhagic": 2.962347958511822, "Cytokine storm": 25.902007661000315, "Cytomegalovirus infection": 4.119715122603307, "Cytomegalovirus infection reactivation": 3.0950537163822665, "Cytopenia": 12.694927732883158, "Death": 3.0060523729611046, "Diffuse large B-cell lymphoma": 10.125944857806116, "Diffuse large B-cell lymphoma stage IV": 67.63130154274111, "Disseminated tuberculosis": 15.505871196714654, "Dysphagia": 2.187173823096936, "Early satiety": 29.290741236796947, "Embolism": 2.123906130089238, "Epstein-Barr virus infection": 7.062068764725214, "Epstein-Barr virus infection reactivation": 4.17864784685497, "Erysipelas": 3.1119792930730514, "Escherichia sepsis": 7.085066108730372, "Escherichia urinary tract infection": 4.221589741136783, "Extramedullary haemopoiesis": 67.63130154274111, "Fasciitis": 43.12172376829006, "Fibrosis": 6.9906185844532684, "Full blood count abnormal": 4.174054840512145, "Full blood count decreased": 6.864549410321958, "Gamma-glutamyltransferase increased": 2.019385055193068, "Gastric ulcer": 2.6700429948396933, "Gastric varices haemorrhage": 26.3197505794818, "Gastrointestinal haemorrhage": 2.311847075427322, "General physical condition abnormal": 6.985947192479478, "General physical health deterioration": 3.1781983535141887, "Glomerular filtration rate decreased": 2.739039268546146, "Graft versus host disease": 8.898408166039426, "Graft versus host disease in gastrointestinal tract": 4.946653998405916, "Graft versus host disease in skin": 6.313849346398749, "Haematocrit abnormal": 17.43811155070475, "Haematocrit decreased": 10.45915323035157, "Haematocrit increased": 25.09826838520145, "Haematoma": 2.663874116361004, "Haematoma muscle": 2.372213621056585, "Haematotoxicity": 3.141661215605704, "Haemoglobin abnormal": 13.85744780869198, "Haemoglobin decreased": 15.291785113558053, "Haemoglobin increased": 10.487344168427972, "Haemolysis": 4.442414071943248, "Haemorrhage": 2.421289736360781, "Haemorrhage subcutaneous": 2.102382873307404, "Haemorrhagic diathesis": 2.2434705110878865, "Haemosiderosis": 88.30832907156403, "Haptoglobin decreased": 9.25034823936566, "Hepatitis B reactivation": 9.474871024021782, "Hepatomegaly": 6.643179267591862, "Hepatosplenomegaly": 11.061301136715556, "Hepatotoxicity": 2.060573320134922, "Herpes virus infection": 4.386958954300336, "Herpes zoster": 3.7766626563107946, "Hyperkeratosis": 2.053906392331211, "Hypertriglyceridaemia": 3.614439892547741, "Hyperuricaemia": 3.1068183740292614, "Hypogammaglobulinaemia": 3.3697185912527936, "Immunosuppression": 7.456102833237416, "Inappropriate schedule of product administration": 2.3982282949705684, "Increased appetite": 2.3635478735914908, "Infection": 3.687647970524888, "Iron deficiency": 2.704246404773918, "Iron overload": 21.953949849237564, "Kaposi's sarcoma": 7.692420246027545, "Laboratory test abnormal": 2.139168639565919, "Leukaemia": 14.987967603259468, "Leukocytosis": 11.866231306932306, "Liver abscess": 4.379096068991414, "Lung neoplasm malignant": 2.003059686613432, "Lymph node tuberculosis": 60.95984945328534, "Lymphocyte count decreased": 4.879353823303812, "Lymphocyte count increased": 5.883789310451248, "Lymphocytosis": 6.906210802647011, "Lymphoma": 3.2879441256676487, "Lymphopenia": 3.1364570351249177, "Mean cell haemoglobin concentration decreased": 17.357443163724362, "Mean cell volume decreased": 14.90781545394081, "Mean cell volume increased": 13.538031511884128, "Metastases to liver": 2.086661801475497, "Metastases to lymph nodes": 2.304850779786278, "Monocyte count increased": 4.314703907947692, "Multiple organ dysfunction syndrome": 2.6158106544859736, "Mycobacterial infection": 9.090337228224843, "Mycobacterium avium complex infection": 5.451852272314436, "Myelodysplastic syndrome": 2.0246731180673074, "Myelofibrosis": 325.649488032203, "Myeloproliferative neoplasm": 38.98554006133119, "Myositis": 2.7500682781119186, "Necrosis": 2.755357324310602, "Neoplasm": 2.478075722248186, "Neoplasm skin": 15.644661437916223, "Neuroendocrine carcinoma of the skin": 82.90671046043676, "Neutrophil count increased": 9.571747706181236, "Neutrophil percentage increased": 11.60156884359678, "Night sweats": 3.352461665096579, "Oesophageal varices haemorrhage": 14.849565829668188, "Pancytopenia": 3.878666344966976, "Platelet count abnormal": 15.916778242750372, "Platelet count decreased": 13.065967799640422, "Platelet count increased": 55.84720009267695, "Platelet disorder": 7.056240947713863, "Pleural effusion": 2.2653328219606435, "Pneumocystis jirovecii pneumonia": 5.175698408417468, "Pneumonia": 2.6666490345885383, "Pneumonia fungal": 3.013734966686728, "Pneumonitis": 2.094469014569613, "Polycythaemia vera": 152.283281656998, "Portal hypertension": 5.501747821002779, "Portal vein thrombosis": 7.404538962492322, "Post herpetic neuralgia": 2.260410612159087, "Post procedural haemorrhage": 4.507086874985171, "Primary myelofibrosis": 400.3402440581692, "Product supply issue": 9.656479382561484, "Product use in unapproved indication": 5.160840334755516, "Progressive multifocal leukoencephalopathy": 4.522983552804912, "Pulmonary alveolar haemorrhage": 2.982980934284573, "Pulmonary arterial hypertension": 2.561714910035653, "Pulmonary hypertension": 5.021567313279503, "Pulmonary mass": 2.019084831100026, "Pulmonary tuberculosis": 9.13927380027386, "Pyoderma gangrenosum": 6.270867534750741, "Rectal cancer": 4.393145243569486, "Red blood cell count decreased": 6.556104982169239, "Red blood cell count increased": 21.943196076681197, "Red cell distribution width increased": 15.070755496723075,