{"Acute kidney injury ": 5.454048554662987, "Angioedema ": 8.718896859635164, "Blood pressure increased ": 7.1385618572660565, "Cardiac failure ": 2.4031115456880623, "Cough ": 3.5418484600312663, "Hyperkalaemia ": 26.84115267850989, "Hypertension ": 2.3184099723719807, "Hyponatraemia ": 6.337541657451082, "Hypotension ": 6.889319793358886, "Muscle spasms ": 2.107211367889008, "Nasopharyngitis ": 2.2712750421827206, "Neutropenia ": 3.388512342282296, "Orthostatic hypotension ": 9.627466976359532, "Presyncope ": 11.031226228445153, "Renal failure ": 2.037714341154249, "Swelling face ": 3.0261685818216084, "Syncope ": 2.7685604600654976, "Vertigo ": 2.2446032418181536, "Vulvovaginal candidiasis ": 155.6799966179927, "Weight decreased ": 2.619495660694392}