{"Chills": 5.291165159512767, "Off label use": 9.696496417306651}