{"Abnormal behaviour": 5.756936452959672, "Abortion": 4.8974764052425614, "Abortion induced": 6.1130793150500295, "Abortion missed": 2.200371953678508, "Abortion spontaneous": 4.106755260062297, "Accident": 2.270230885605653, "Accidental exposure to product": 6.3313198248933, "Accidental exposure to product by child": 2.6669369548944286, "Accidental overdose": 2.665715939114686, "Acute psychosis": 9.311174072780108, "Adverse drug reaction": 4.460199161785076, "Affect lability": 4.1838055624258015, "Affective disorder": 11.31245086719104, "Aggression": 14.27825035064523, "Agitation": 4.30176296930408, "Agranulocytosis": 3.04553555914662, "Alcohol abuse": 2.443001347224849, "Ammonia increased": 3.57118576963517, "Amnesia": 3.968286633825159, "Anger": 11.922926947431003, "Anisocoria": 2.862617832475548, "Anticonvulsant drug level abnormal": 23.467818565260785, "Anticonvulsant drug level above therapeutic": 10.517459379000629, "Anticonvulsant drug level below therapeutic": 15.613129793324951, "Anticonvulsant drug level decreased": 10.620374147846348, "Anticonvulsant drug level increased": 11.997395172019864, "Apathy": 3.934438478680909, "Aphasia": 3.3101144596496765, "Aplastic anaemia": 3.762600739027637, "Apraxia": 2.3987763436716176, "Arnold-Chiari malformation": 8.754358791036903, "Aspiration": 3.2704402130765966, "Asthenopia": 2.401378373691028, "Ataxia": 5.818569829368833, "Atonic seizures": 12.087341520354796, "Atrial septal defect": 4.035017599409113, "Atrophy": 3.1627882763509585, "Attention deficit hyperactivity disorder": 3.6765973924171336, "Auditory disorder": 2.0739266354514805, "Aura": 32.08199012750153, "Autism spectrum disorder": 2.687610712276309, "Balance disorder": 3.130730108017715, "Behaviour disorder": 17.137727840557282, "Bradycardia neonatal": 6.760664222956425, "Bradyphrenia": 3.945282432521906, "Brain injury": 3.659589083540871, "Brain lobectomy": 75.90318793611925, "Brain malformation": 12.297721493526062, "Brain neoplasm": 10.138056478812556, "Brain neoplasm malignant": 2.18670568250981, "Brain oedema": 2.9549201986966933, "Brain operation": 42.367883211935066, "Breast feeding": 4.43085251984712, "Bronchial obstruction": 2.347355146261094, "Caesarean section": 9.444928757228002, "Calcinosis": 2.877423932822298, "Catatonia": 4.751063121539212, "Cell death": 6.620489645626279, "Cerebellar atrophy": 3.1835256726183743, "Cerebellar syndrome": 3.1602789768811066, "Cerebral arteriovenous malformation haemorrhagic": 148.2029576147614, "Cerebral disorder": 2.0337845951180418, "Cerebrospinal fluid leakage": 3.124914522970636, "Cervical vertebral fracture": 2.0913302079384315, "Change in seizure presentation": 34.78367373933861, "Cholestasis": 5.181789874253369, "Clavicle fracture": 2.517694702845303, "Cleft lip": 7.464477834214778, "Cleft lip and palate": 12.776725182032406, "Cleft palate": 8.48768246410119, "Clonic convulsion": 2.6581361467549884, "Clonus": 4.078226645786888, "Clumsiness": 3.167213372201454, "Cognitive disorder": 4.142314669844695, "Coma": 2.6703252476594783, "Communication disorder": 3.389334430449012, "Concussion": 3.8566864103780873, "Confusional state": 2.190049230080912, "Congenital central nervous system anomaly": 5.14979451688972, "Congenital foot malformation": 10.298883918096818, "Congenital musculoskeletal disorder": 3.94923095786999, "Congenital musculoskeletal disorder of limbs": 6.049093464150563, "Convulsive threshold lowered": 32.525634297921414, "Coordination abnormal": 3.721878886209749, "Craniocerebral injury": 5.530435129765543, "Craniofacial fracture": 6.768323196800519, "Craniotomy": 11.252890843714871, "Crying": 2.306183885617688, "Cryptorchism": 6.459208641424974, "Daydreaming": 4.344824325148146, "Deja vu": 30.659884840400814, "Delusion": 3.630936393382455, "Depersonalisation/derealisation disorder": 3.326839077110582, "Depressed mood": 3.077349570901074, "Depression": 4.35579355606082, "Depressive symptom": 2.3299272927267687, "Dermatitis exfoliative": 2.302156436116518, "Developmental delay": 5.957345731846353, "Diastolic hypotension": 22.436696982720417, "Diet failure": 173.14810907489195, "Diplopia": 3.1217027153064847, "Disability": 2.727021595603889, "Disinhibition": 2.1517644384008108, "Disorientation": 2.038017173595857, "Disturbance in attention": 2.735240925951926, "Drooling": 3.610613077269485, "Drop attacks": 6.262087241266308, "Drug level below therapeutic": 2.6875317895988244, "Drug level decreased": 4.1597534378370415, "Drug level increased": 2.210521945618221, "Drug reaction with eosinophilia and systemic symptoms": 5.79703559091276, "Drug screen positive": 4.243929569801572, "Drug withdrawal convulsions": 7.363409245311645, "Dysarthria": 2.519768671487279, "Dyschromatopsia": 2.341275909637081, "Dysgraphia": 2.641456722033596, "Dyskinesia": 2.7992603737321464, "Dysmorphism": 4.952210724596361, "Dysphemia": 5.516796096846513, "Dystonia": 2.148328565333581, "Ectopic pregnancy": 2.087263774987293, "Educational problem": 5.576056915362185, "Electroencephalogram abnormal": 7.725110651124828, "Emotional disorder": 5.790214324942186, "Encephalitis autoimmune": 6.879221247982857, "Encephalopathy": 4.722780810784731, "Enuresis": 2.949215496011369, "Eosinophilia": 2.7058028366735174, "Epilepsy": 13.629174147513815, "Epilepsy congenital": 42.56641176407645, "Epileptic aura": 15.358171505039556, "Exophthalmos": 3.3285676716224857, "Exposure via breast milk": 4.811605304682174, "Face injury": 4.789289008738435, "Feeling drunk": 3.2270484088857145, "Fibroadenoma of breast": 5.975115561111926, "Flight of ideas": 9.799089132133316, "Focal dyscognitive seizures": 58.978940357867394, "Foetal anticonvulsant syndrome": 3.4281545341271635, "Foetal death": 2.524508255107876, "Foetal distress syndrome": 2.735307263665935, "Foetal exposure during pregnancy": 2.3194200171251835, "Foetal growth restriction": 4.649515305725992, "Foetal malformation": 11.824963940566684, "Foetal malnutrition": 22.90514944777268, "Food aversion": 2.132671859958023, "Food interaction": 2.518681754062273, "Frustration tolerance decreased": 3.263322234505051, "Gamma-glutamyltransferase increased": 2.1876871319357667, "Gastrointestinal tube insertion": 2.2549236967474333, "Generalised tonic-clonic seizure": 22.688763669656822, "Gingival disorder": 3.961454023216485, "Gingival hypertrophy": 4.361989239904805, "Gingival recession": 4.55913770045477, "Gingival swelling": 3.186319986787728, "Glioblastoma": 13.130619227214034, "Glioblastoma multiforme": 14.246605441202384, "Glioma": 10.191694057385243, "Growth retardation": 3.844087876823985, "Haemangioma": 2.5344356121319214, "Hallucination": 3.261384376255992, "Hallucination, auditory": 3.9474269924309753, "Hallucination, visual": 3.675190669085266, "Head injury": 3.2501384298992724, "Head titubation": 4.237552567148993, "Hepatic cytolysis": 4.684967337296163, "Hepatic failure": 2.0116748160030773, "Hepatitis acute": 2.1477852284715166, "Homicidal ideation": 3.656746442459725, "Hostility": 14.145058934366778, "Hyperammonaemia": 4.215939566476828, "Hypersomnia": 3.186325860386709, "Hypertonia": 3.343986264894684, "Hypoglycaemia neonatal": 2.9716734521825767, "Hypomania": 2.6990587390999234, "Hyponatraemia": 2.312719221899107, "Hyponatraemic syndrome": 6.912020216649908, "Hypospadias": 4.902013659480922, "Hypothermia": 3.33014939125787, "Hypotonia": 2.4079265017512865, "Hypotonia neonatal": 5.598737195292245, "Hypovitaminosis": 4.322061295997354, "Ileus paralytic": 2.812877829746246, "Impatience": 6.788737708419065, "Implant site erosion": 15.36318762310279, "Implant site extravasation": 20.60837105032082, "Implant site infection": 15.95143265341054, "Implant site swelling": 20.37471901130056, "Impulsive behaviour": 4.837347029700292, "Inability to afford medication": 2.1437875420509758, "Inappropriate antidiuretic hormone secretion": 2.846070609226251, "Induced labour": 10.983927120617308, "Infantile apnoea": 3.972689761257669, "Infantile spasms": 7.413659287333687,