{"Abortion spontaneous ": 6.708010821351965, "Accident ": 2.2698265090541785, "Accidental overdose ": 2.731468809454636, "Anti-insulin antibody ": 60.51446007654668, "Anti-insulin antibody increased ": 42.24135693190912, "Anti-insulin antibody positive ": 65.54256120743777, "Arterial occlusive disease ": 4.452209429941644, "Blindness ": 4.996811570925369, "Blindness unilateral ": 5.340982813071396, "Blood glucose abnormal ": 15.898193397272356, "Blood glucose decreased ": 29.189055914170343, "Blood glucose fluctuation ": 49.34411776392753, "Blood glucose increased ": 32.632497950668935, "Blood ketone body ": 49.52114955389936, "Blood ketone body increased ": 12.435394888071787, "Blood ketone body present ": 33.404584010333835, "Caesarean section ": 2.5725167096039185, "Cardiac operation ": 8.343784117306644, "Cataract ": 7.6274511904606035, "Cataract operation ": 11.119449694123473, "Cerebrovascular accident ": 3.930474651540381, "Coronary arterial stent insertion ": 6.089964122745548, "Coronary artery bypass ": 2.6046800893845363, "Coronary artery occlusion ": 3.332643557418689, "Dementia ": 3.502844074267552, "Dementia Alzheimer's type ": 7.023380447787936, "Dermatitis allergic ": 2.033118901061256, "Device breakage ": 38.12530261797387, "Device defective ": 8.905525675249285, "Device delivery system issue ": 11.086550692073589, "Device failure ": 57.062834096024055, "Device information output issue ": 61.78094890984487, "Device issue ": 17.539454442666727, "Device leakage ": 9.967770233278, "Device malfunction ": 30.10624552781451, "Device mechanical issue ": 19.43946140360441, "Device occlusion ": 7.443442486982543, "Diabetes mellitus inadequate control ": 28.45367603973401, "Diabetic coma ": 23.696570480335687, "Diabetic complication ": 15.972291042383242, "Diabetic foot ": 20.344386665350797, "Diabetic hyperglycaemic coma ": 30.04175447263743, "Diabetic ketoacidosis ": 18.388140824666596, "Diabetic ketosis ": 18.22546555655237, "Diabetic metabolic decompensation ": 21.728037728530648, "Diabetic nephropathy ": 8.541939893518224, "Diabetic neuropathy ": 12.64338406508318, "Diabetic retinopathy ": 22.545218006903, "Dialysis ": 12.867675214138, "Disability ": 9.672015123887183, "Expired product administered ": 4.756628150636741, "Exposure during pregnancy ": 9.110907759417248, "Exposure via breast milk ": 3.895024508278608, "Extra dose administered ": 3.581489010946356, "Eye haemorrhage ": 3.070288391555473, "Eye operation ": 5.94635035443528, "Fall ": 2.108519059731171, "Foetal death ": 3.147920386783332, "Foetal distress syndrome ": 7.333661966332029, "Foetal exposure during pregnancy ": 8.898565197663387, "Foetal growth restriction ": 2.078601464502144, "Foetal macrosomia ": 41.43538494344274, "Gangrene ": 5.532445247267643, "Gastric dilatation ": 13.06417487450303, "Gestational hypertension ": 10.42982170893441, "Glaucoma ": 3.941069370397288, "Glycosylated haemoglobin abnormal ": 18.28899499981921, "Glycosylated haemoglobin decreased ": 16.062942918259004, "Glycosylated haemoglobin increased ": 18.864414336949903, "Hepatic cirrhosis ": 2.489053552219734, "Hip fracture ": 2.323481040538985, "Hospitalisation ": 3.679227575066503, "Hyperglycaemia ": 11.34060881009752, "Hyperglycaemic unconsciousness ": 88.43868834814944, "Hyperinsulinaemic hypoglycaemia ": 13.556973157449654, "Hypoglycaemia ": 23.534065387498018, "Hypoglycaemia neonatal ": 34.73321346683186, "Hypoglycaemia unawareness ": 35.38645981053781, "Hypoglycaemic coma ": 28.799798076918613, "Hypoglycaemic encephalopathy ": 20.251674391830758, "Hypoglycaemic seizure ": 42.525194626210286, "Hypoglycaemic unconsciousness ": 66.29622330524269, "Incorrect dose administered ": 2.441650830376014, "Incorrect dose administered by device ": 46.90545637174282, "Injection site atrophy ": 93.30764804742874, "Injection site bruising ": 9.22956943458334, "Injection site discolouration ": 8.485966240901787, "Injection site erythema ": 4.857376712430522, "Injection site extravasation ": 4.395854657437314, "Injection site haemorrhage ": 3.2031583462315405, "Injection site hypersensitivity ": 44.45499172669084, "Injection site hypertrophy ": 48.60182647065912, "Injection site induration ": 11.30649294693091, "Injection site mass ": 23.58107779973397, "Injection site nodule ": 12.987068176609336, "Injection site oedema ": 4.433314725857291, "Injection site pruritus ": 8.740300564584297, "Injection site rash ": 10.97844969449756, "Injection site reaction ": 4.114331596347724, "Injection site swelling ": 2.0640411473575746, "Injection site urticaria ": 27.167168800624683, "Insulin resistance ": 14.961892558651355, "Intentional dose omission ": 6.966707818988658, "Intervertebral disc protrusion ": 2.1369276490123568, "Jaundice neonatal ": 41.368028329314974, "Ketoacidosis ": 6.9490218930578544, "Knee operation ": 5.214745948474147, "Leg amputation ": 17.19800812639043, "Lipoatrophy ": 21.88253394069027, "Lipodystrophy acquired ": 10.242424622805435, "Lipohypertrophy ": 22.755453490831044, "Liquid product physical issue ": 9.255694770450212, "Localised infection ": 7.943715523025998, "Low birth weight baby ": 3.629158159883025, "Lower limb fracture ": 3.144520046999083, "Macular degeneration ": 4.952040199595427, "Maternal exposure during pregnancy ": 6.406750246669916, "Myocardial infarction ": 2.7526349727555184, "Needle issue ": 2.6686461125603103, "Neonatal respiratory distress syndrome ": 6.966338753399174, "Neoplasm malignant ": 2.4395184968672896, "Osteomyelitis ": 2.376699498403231, "Pancreatic carcinoma ": 2.6328489590195447, "Parkinson's disease ": 2.080299468795502, "Post procedural haemorrhage ": 2.0661060150427715, "Pre-eclampsia ": 19.20793612579897, "Pregnancy ": 3.3106054400373, "Premature baby ": 12.03020437085858, "Premature delivery ": 9.660720204820374, "Premature labour ": 3.151873147420036, "Product administration error ": 2.470478097143442, "Product communication issue ": 20.14782096978226, "Product container issue ": 17.11373965462868, "Product dispensing error ": 4.630873659602108, "Product leakage ": 7.794624856468626, "Product physical issue ": 10.355565363942771, "Product quality issue ": 10.178689697245726, "Product storage error ": 11.31339515297005, "Product use complaint ": 5.06773272916548, "Renal disorder ": 2.3261728046523658, "Renal transplant ": 7.9629372065228194, "Respiratory disorder neonatal ": 29.521348740205312, "Retinopathy ": 5.4030603618121535, "Road traffic accident ": 3.0535359425482933, "Shock hypoglycaemic ": 11.670328721241091, "Skin reaction ": 3.3825724115326827, "Skin ulcer ": 3.069922889751004, "Sopor ": 2.267081193228252, "Spinal operation ": 2.087569562098111, "Spinal stenosis ": 3.1765705964814805, "Staphylococcal infection ": 2.172171688203573, "Stent placement ": 2.9597525650870518, "Stillbirth ": 4.949026992548856, "Surgery ": 3.09334220537124, "Toe amputation ": 19.544256783098888, "Treatment noncompliance ": 3.863995959109338, "Ventricular septal defect ": 4.34426985822138, "Weight increased ": 2.068116296010535, "Wheelchair user ": 5.280469474473868, "Wrong product administered ": 19.17303623246681, "Wrong technique in product usage process ": 2.536656019225945}