{"Abdominal distension ": 2.029979046351197, "Alopecia ": 2.278752816790884, "Anaemia ": 7.917730241563449, "Ascites ": 6.352302478703547, "Bacteraemia ": 3.005459280679409, "Biliary obstruction ": 31.98337498721818, "Blood bilirubin increased ": 2.6460735743371093, "Blood potassium decreased ": 2.0863835900605374, "Cancer pain ": 22.77968776464956, "Carbohydrate antigen 19-9 increased ": 42.57335920705888, "Carcinoembryonic antigen increased ": 42.55156315410201, "Chromaturia ": 4.276619544596277, "Colon cancer ": 7.129126715469529, "Colon cancer metastatic ": 27.655400712636325, "Colorectal cancer metastatic ": 31.77209285306245, "Constipation ": 3.0480924006547734, "Cytopenia ": 13.812080230516608, "Death ": 11.340613591005068, "Decreased appetite ": 4.048070830752336, "Dehydration ": 4.588668462598244, "Diarrhoea ": 3.075102886713893, "Disease progression ": 33.53438385997516, "Dysphonia ": 2.201331234690422, "Febrile neutropenia ": 9.407784526088236, "Feeding disorder ": 2.7428534297056557, "Full blood count abnormal ": 6.023692379471247, "Gastrointestinal toxicity ": 8.75236664587835, "General physical health deterioration ": 2.427989080984312, "Haematotoxicity ": 7.130697356303676, "Haemoglobin decreased ": 3.645895770628058, "Hepatic failure ": 3.0403359611977687, "Hospitalisation ": 7.42618719347173, "Hydronephrosis ": 5.704149244143079, "Hyperbilirubinaemia ": 2.556312633099909, "Hypophagia ": 2.41741965171428, "Inappropriate schedule of product administration ": 8.573613017843925, "Intentional product use issue ": 6.709232006755912, "Intercepted product prescribing error ": 50.29835026126475, "Intestinal obstruction ": 9.856655872826012, "Intra-abdominal fluid collection ": 22.33568371094168, "Jaundice ": 2.7572258199978266, "Large intestinal obstruction ": 35.05839673789991, "Leukocytosis ": 2.549562938245106, "Leukopenia ": 7.582926750515908, "Malignant neoplasm progression ": 5.398532703412329, "Metastases to central nervous system ": 2.7283763054667407, "Metastases to liver ": 2.0058006572712084, "Metastases to lung ": 2.995133353364316, "Nausea ": 2.018168492003554, "Neutropenia ": 17.474663003731553, "Neutrophil count decreased ": 4.345476928298887, "No adverse event ": 2.6711274281813404, "Onychoclasis ": 13.521904378026498, "Palmar-plantar erythrodysaesthesia syndrome ": 2.95466344205187, "Pancytopenia ": 4.316328080531182, "Performance status decreased ": 11.054507460595712, "Platelet count decreased ": 3.300458465927376, "Prescribed underdose ": 12.061890520799398, "Product availability issue ": 42.75693475670063, "Product prescribing error ": 2.4059803976167813, "Product use issue ": 3.912583577097015, "Red blood cell count decreased ": 8.974819528740571, "Septic shock ": 2.000584116995454, "Small intestinal obstruction ": 13.558433677410653, "Surgery ": 2.298846964427156, "Taste disorder ": 2.652450755374248, "Terminal state ": 8.481058799994022, "Thrombocytopenia ": 4.577310986305621, "Transfusion ": 11.417484940528787, "Umbilical hernia ": 13.986086143251596, "Urinary tract infection ": 3.0301102318131417, "Vomiting ": 2.332975531476016, "Weight decreased ": 3.198387762034814, "White blood cell count decreased ": 6.711295721444728}