{"Diarrhoea ": 10.615012529823211, "Hepatic cytolysis ": 122.11118204794056}