{"Abdominal discomfort ": 8.203096816302743, "Abdominal pain lower ": 53.635991976801535, "Contusion ": 12.902804217982728, "Eye haemorrhage ": 77.41697412515178, "Hypoaesthesia ": 7.042494970994402, "Multiple sclerosis ": 92.35270030804791, "Musculoskeletal stiffness ": 12.858548505148864, "Vomiting ": 2.204069747062679}