{"Acne ": 3.865636637777612, "Acute polyneuropathy ": 18.550491100071337, "Amylase increased ": 2.317058432512847, "Anaplastic thyroid cancer ": 107.3960896031414, "Aspartate aminotransferase increased ": 2.023352671061999, "BRAF V600E mutation positive ": 111.732402846743, "Blindness ": 2.3150491481420974, "Blindness unilateral ": 2.274405063755457, "Blood albumin decreased ": 2.0701002513827924, "Blood calcium increased ": 2.577697898592423, "Blood creatine phosphokinase increased ": 6.735145285361813, "Blood lactate dehydrogenase increased ": 4.528790580533598, "Blood sodium decreased ": 2.3583757126130926, "Body temperature fluctuation ": 3.6736529871470096, "Brain neoplasm ": 11.375793718285378, "Brain neoplasm malignant ": 10.109197679668249, "Brain oedema ": 2.949462287465767, "C-reactive protein increased ": 3.3208199504652347, "Cardiac dysfunction ": 4.445948014653985, "Cardiomyopathy ": 3.503776402091129, "Cardiotoxicity ": 4.198907467459966, "Cell death ": 4.750027300384772, "Central nervous system lesion ": 11.914530964391025, "Cerebral disorder ": 2.381488841366805, "Cholangitis ": 4.815352855375657, "Cholestasis ": 4.683314590844747, "Colon cancer ": 2.1869595158399298, "Concomitant disease aggravated ": 3.572676712201394, "Concomitant disease progression ": 4.156892797559645, "Cutaneous sarcoidosis ": 15.40497449953932, "Death ": 5.00117615218492, "Dehydration ": 2.5350056158082994, "Dermatitis acneiform ": 17.89565332767047, "Disease progression ": 3.087920370927154, "Disseminated intravascular coagulation ": 2.3933374034148223, "Drug resistance ": 2.039196824706073, "Dry skin ": 3.153320323456388, "Dysphagia ": 2.48122294134146, "Ejection fraction abnormal ": 7.852849835832617, "Ejection fraction decreased ": 20.20283254462189, "Electrolyte imbalance ": 2.3677905708133062, "Encephalitis ": 2.754156714888123, "Erythema nodosum ": 21.6150175839276, "Eye disorder ": 2.170084256193644, "Fistula ": 3.3935040049406746, "General physical health deterioration ": 2.091430168229065, "Glioma ": 40.09074554321754, "Haemophagocytic lymphohistiocytosis ": 10.831384908967244, "Hepatic cytolysis ": 5.374563372540807, "Hepatic enzyme abnormal ": 2.606531854955437, "Hepatic lesion ": 3.5467034862827203, "Hepatitis ": 2.3985144491506976, "Hospice care ": 10.62283498436832, "Hospitalisation ": 2.455472691875326, "Hyperkeratosis ": 5.901501649971897, "Hyperpyrexia ": 4.269125840476595, "Hyperthermia ": 5.235849971520797, "Intestinal metastasis ": 21.687245922570543, "Intestinal perforation ": 3.960601882081469, "Iridocyclitis ": 3.4687485683041044, "Left ventricular dysfunction ": 2.192436164083205, "Lipase increased ": 3.830614050862919, "Liver disorder ": 2.676789269560892, "Liver function test increased ": 4.3246056087454114, "Lung adenocarcinoma ": 20.598264502973123, "Lung adenocarcinoma stage IV ": 47.45248308747861, "Lung neoplasm malignant ": 7.526168423111554, "Lung opacity ": 2.348278209407672, "Lymphocyte count decreased ": 3.5939439380494864, "Lymphoedema ": 3.579509541583436, "Macular oedema ": 4.772524171679895, "Malignant melanoma ": 64.03054324406182, "Malignant melanoma stage III ": 54.38052734536953, "Malignant melanoma stage IV ": 182.9944745065283, "Malignant neoplasm progression ": 21.414420371112428, "Malignant pleural effusion ": 9.124079053679669, "Melanocytic naevus ": 6.2175471404663565, "Melanoma recurrent ": 153.2119819876857, "Meningitis ": 2.324092423199864, "Metastases to adrenals ": 14.589020435136348, "Metastases to bone ": 9.656950559939787, "Metastases to bone marrow ": 22.585871291859128, "Metastases to central nervous system ": 82.53499261484295, "Metastases to kidney ": 23.562192365356974, "Metastases to liver ": 8.854432934553861, "Metastases to lung ": 14.76734707992742, "Metastases to lymph nodes ": 18.56970240604992, "Metastases to meninges ": 29.611906397240787, "Metastases to peritoneum ": 10.160155812159358, "Metastases to skin ": 34.301064275930294, "Metastases to spleen ": 22.585871291859128, "Metastasis ": 23.40704979929865, "Metastatic malignant melanoma ": 184.77386873663477, "Metastatic neoplasm ": 8.050283087717638, "Neoplasm ": 6.164231283551559, "Neutrophil count increased ": 3.194014718298717, "Non-small cell lung cancer ": 60.33700972276355, "Panniculitis ": 33.126236917580684, "Papilloedema ": 4.668197301718378, "Paronychia ": 3.3856004634457206, "Pneumonitis ": 3.779837005069093, "Polyneuropathy ": 2.351097961791508, "Product storage error ": 2.3554100402015554, "Product use in unapproved indication ": 5.589253280500519, "Protein total decreased ": 6.385838608670719, "Pulmonary mass ": 2.8087882270481943, "Pyrexia ": 3.2013586110704533, "Rash maculo-papular ": 2.3701106085002603, "Rash pustular ": 2.5146215323180927, "Recurrent cancer ": 14.22858399655825, "Retinal detachment ": 13.613952438710836, "Retinal vein occlusion ": 3.334135001803889, "Retinopathy ": 4.503406878502394, "Rhabdomyolysis ": 5.105861713078274, "Sarcoidosis ": 6.378226086359593, "Second primary malignancy ": 13.001679803304334, "Serous retinal detachment ": 37.03445642689844, "Skin cancer ": 2.330630129479124, "Skin lesion ": 2.5095559123046605, "Skin mass ": 3.649676029315638, "Skin toxicity ": 6.592807795233899, "Soft tissue sarcoma ": 58.41541493545706, "Squamous cell carcinoma ": 4.031246219712018, "Squamous cell carcinoma of skin ": 4.642306902251658, "Systemic inflammatory response syndrome ": 3.8748247051520415, "Therapy partial responder ": 2.9612114573624844, "Thyroid cancer ": 4.020398599762232, "Tubulointerstitial nephritis ": 2.205861343676207, "Uveitis ": 28.61920950305159, "Ventricular hypokinesia ": 4.581137954754486, "Vision blurred ": 2.208958882173063, "Visual acuity reduced ": 2.6044406314163044, "Visual impairment ": 3.3629855414440617, "Vitiligo ": 5.293387619662759, "Vitreous floaters ": 3.790070874074254, "Vogt-Koyanagi-Harada disease ": 29.88034123290466}