{"Abscess ": 2.122205229408155, "Abscess limb ": 2.2822416028897563, "Action tremor ": 27.84286958552345, "Acute graft versus host disease ": 13.51308298186652, "Acute graft versus host disease in intestine ": 6.581540307748151, "Acute graft versus host disease in skin ": 10.958466725344543, "Acute lymphocytic leukaemia ": 4.344493844457715, "Acute myeloid leukaemia ": 4.306534482996878, "Acute respiratory distress syndrome ": 2.909579435012572, "Adenovirus infection ": 2.79352658759279, "Agranulocytosis ": 2.0361812506376182, "Airway remodelling ": 339.58378892615184, "Angiodysplasia ": 18.634936975850778, "Arthritis ": 3.6538095580888497, "Arthritis bacterial ": 11.7098688324948, "Arthritis infective ": 4.325801482980193, "Arthrodesis ": 14.677417560233964, "Aspergillus infection ": 3.070950899119901, "Atopy ": 153.53550276360943, "Atypical mycobacterial infection ": 5.047644442187632, "Autoinflammatory disease ": 29.169554532888203, "B-cell lymphoma ": 2.7643591427470477, "BK virus infection ": 4.770657727589728, "Bacteraemia ": 2.8035165209913875, "Bacterial infection ": 2.366458461609237, "Benign abdominal neoplasm ": 165.9414240888942, "Benign ovarian tumour ": 39.32899244457196, "Bicytopenia ": 2.3911908765952847, "Blood immunoglobulin E increased ": 12.2320088189661, "Blood iron decreased ": 4.2397270109538825, "Blood pressure diastolic abnormal ": 44.60910514567497, "Blood pressure diastolic decreased ": 9.399491748967844, "Blood pressure diastolic increased ": 12.986421946421276, "Blood pressure fluctuation ": 2.221300094559552, "Blood pressure systolic abnormal ": 39.57823648112768, "Blood pressure systolic increased ": 7.964291621386266, "Blood test abnormal ": 2.061911351679701, "Body temperature decreased ": 6.254419221704143, "Bone marrow failure ": 2.9496365084246565, "Bronchitis ": 3.2512474815829533, "Bronchopulmonary aspergillosis ": 2.549755574728489, "Bronchopulmonary dysplasia ": 11.590866869201236, "Bursa disorder ": 25.03159398630535, "C-reactive protein increased ": 2.931282845900943, "Cardiac septal defect ": 78.07940163432635, "Cardiotoxicity ": 2.213649456317265, "Catheter site pain ": 13.634770004585016, "Cell death ": 2.701128564906756, "Cellulitis ": 2.5520380525700643, "Central nervous system lymphoma ": 24.451601587179177, "Central nervous system mass ": 1229.3545372773394, "Cheilitis ": 5.041176657886832, "Cholelithiasis ": 2.0930801673690014, "Chondritis ": 79.55151568043685, "Chondrodermatitis nodularis chronica helicis ": 433.3969778062538, "Chronic graft versus host disease ": 5.662895687414068, "Chronic sinusitis ": 6.220702374888782, "Clinodactyly ": 16.890677860388443, "Cold urticaria ": 23.91936157796233, "Condition aggravated ": 2.670489593238829, "Congenital aplasia ": 3.298034464318245, "Congenital foot malformation ": 10.754129827194864, "Contusion ": 2.433857040288677, "Crohn's disease ": 2.009539107045673, "Cushingoid ": 6.302913247816661, "Cystitis ": 2.018333717302362, "Cystitis haemorrhagic ": 2.878927827237539, "Cytomegalovirus chorioretinitis ": 4.621902530687314, "Cytomegalovirus infection ": 2.704358660341864, "Cytomegalovirus infection reactivation ": 4.533693167267168, "Cytomegalovirus test positive ": 7.637652729705631, "Cytomegalovirus viraemia ": 4.04419748024166, "Dactylitis ": 15.335636897161702, "Dental restoration failure ": 39.22088388840281, "Dermatitis atopic ": 3.01407703555923, "Dermatitis exfoliative generalised ": 3.624599497675807, "Diaphragmatic disorder ": 11.402566925772032, "Diffuse alopecia ": 4.36622825250318, "Diffuse large B-cell lymphoma ": 4.2550864121936565, "Diffuse large B-cell lymphoma recurrent ": 8.067824499709847, "Disability assessment scale score increased ": 149.32577481034104, "Disease recurrence ": 2.145774538073849, "Disseminated intravascular coagulation ": 2.1577238682920936, "Disseminated tuberculosis ": 4.364934865312127, "Diverticulitis ": 4.263534888588175, "Drug clearance decreased ": 20.15825378359944, "Drug ineffective ": 2.608532987742045, "Drug ineffective for unapproved indication ": 2.650902310453519, "Drug resistance ": 2.2997523685923595, "Duodenitis ": 4.294912259135163, "Dyslipidaemia ": 2.4361771665827, "Ear infection ": 2.5140709592911725, "Encephalitis ": 3.267239466262561, "Endocarditis ": 2.2081796098312885, "Enthesopathy ": 3.1153764683877943, "Eosinophil count decreased ": 34.62703478432783, "Eosinophil count increased ": 6.440821610108237, "Eosinophilic granulomatosis with polyangiitis ": 8.405528270328112, "Eosinophilic myocarditis ": 77.54521044076739, "Eosinophilic pneumonia ": 11.611539858685896, "Epigastric discomfort ": 4.274281154185458, "Epstein-Barr virus associated lymphoproliferative disorder ": 9.562356267342984, "Epstein-Barr virus infection ": 2.349490599655975, "Epstein-Barr virus infection reactivation ": 6.482839888090762, "Erysipelas ": 2.936882119576772, "Escherichia urinary tract infection ": 4.667647904540283, "Eustachian tube dysfunction ": 19.56749366796689, "Febrile bone marrow aplasia ": 8.05808736448486, "Febrile neutropenia ": 5.939602253351101, "Fibromyalgia ": 5.409520646046038, "Fine motor skill dysfunction ": 2.601177752903931, "Finger deformity ": 2.205163117056464, "Follicular lymphoma ": 6.749275816961422, "Food allergy ": 3.545669948095321, "Foot deformity ": 3.603022210928081, "Fungal infection ": 4.672353284830303, "Gastroenteritis ": 2.212072920442408, "Graft versus host disease ": 4.565569365925122, "Graft versus host disease in gastrointestinal tract ": 4.449219040248449, "Graft versus host disease in skin ": 4.513754711445736, "Granulocytopenia ": 2.2536571219641703, "Grip strength decreased ": 29.255564376239136, "Growth retardation ": 6.372239753599802, "Haematotoxicity ": 2.695406933591852, "Haemoglobin increased ": 2.530238492929478, "Haemophagocytic lymphohistiocytosis ": 3.399820832663249, "Haemorrhagic disease of newborn ": 146.23141070904936, "Heart rate decreased ": 3.823242509053709, "Hepatic cirrhosis ": 2.402973221822516, "Hepatic cytolysis ": 3.384673012885153, "Hepatic enzyme abnormal ": 2.7086943387108438, "Hepatic enzyme increased ": 2.4627770087137715, "Hepatic fibrosis ": 3.11179458827036, "Hepatic steatosis ": 4.71717751563075, "Hepatitis ": 2.107396992549177, "Hepatitis B reactivation ": 7.572580587747764, "Hepatocellular injury ": 2.2773875282915883, "Hepatotoxicity ": 2.0846600525657006, "Hernia ": 2.0302163710272287, "Herpes simplex ": 3.795340454575125, "Herpes virus infection ": 2.6482337682729367, "Hiatus hernia ": 2.8967052859513065, "Hodgkin's disease ": 2.890843176311133, "Human papilloma virus test positive ": 5.461207995713782, "Hypersensitivity pneumonitis ": 5.647973478582461, "Hyperthermia malignant ": 4.156609620018274, "Hypertransaminasaemia ": 3.770724786589712, "Hypogammaglobulinaemia ": 5.217861004154536, "Hysterectomy ": 5.848384042759211, "Ichthyosis ": 37.07500869439725, "Illness ": 2.1048150467018893, "Immunosuppression ": 7.1884626568275305, "Infection ": 2.366666544110412, "Infusion related reaction ": 2.863534061549834, "Injection related reaction ": 2.80183805109018, "Interstitial lung disease ": 3.1066998989057337, "Intervertebral disc degeneration ": 2.230448978354386, "Joint destruction ": 7.382546500159423, "Joint effusion ": 5.324050424101543, "Joint stiffness ": 2.5267073441297434, "Joint swelling ": 4.705871396889209, "Kaposi's sarcoma ": 2.535430934241771, "Klebsiella infection ": 2.610137132189445, "Lacrimation increased ": 2.662963271355986, "Latent tuberculosis ": 8.986951198342148, "Leukaemia recurrent ": 9.15323382639019, "Leukoencephalopathy ": 17.08604728385845, "Leukopenia ": 3.176384803800352, "Ligament sprain ": 2.1705543009091555, "Limb mass ": 4.991275058257167, "Lip blister ": 5.037144722518463, "Lip injury ": 6.198313270573319, "Lip ulceration ": 6.239772171286459, "Localised infection ": 2.8038428788548546, "Loss of personal independence in daily activities ": 2.61209946774204,