{"Erythema": 3.4847251178668635, "Febrile convulsion": 44.177967816225895, "Injection site erythema": 9.239081312419753, "Injection site swelling": 6.5697580854623325, "Injection site warmth": 9.453555700609286, "Pyrexia": 4.403753940175887, "Rash": 2.622843291489126, "Urticaria": 3.650192534834957}