{"Abdominal pain": 2.376389242629678, "Bacterial endophthalmitis": 3913.820333543581, "Constipation": 3.786498101750929, "Disease progression": 2.786520313663726, "Endophthalmitis": 48.67939417933724, "Hypertension": 2.232863540936824, "Intestinal obstruction": 13.719040317628911, "Macular oedema": 49.39423957211921, "Neuropathy peripheral": 16.316666463453135, "Neutropenia": 3.5917301746319508, "Off label use": 5.058372550899695, "Ovarian cancer": 41.772609923864295, "Pulmonary embolism": 2.0226646515951123, "Rectal haemorrhage": 4.942017048857083, "Thrombocytopenia": 4.148315808003399}