{"Balance disorder": 5.218219641160419, "Confusional state": 2.4794313637043484, "Delusion": 27.76609363995252, "Drug interaction": 2.808906238412724, "Dyskinesia": 16.903616598255795, "Feeling abnormal": 3.0964588332033385, "Hallucination": 10.668591887877795, "Hallucination, visual": 26.680345183922075, "Impulse-control disorder": 196.8637368244121, "Muscle spasms": 2.701126862665208, "Paraesthesia": 3.016199069711891, "Parkinson's disease": 37.36175526731196, "Parkinsonism": 49.79497931617493, "Restless legs syndrome": 44.914537122909735, "Somnolence": 3.760981846667725, "Tremor": 2.025572429393085}