{"Acute coronary syndrome ": 3.087925402979168, "Acute leukaemia ": 11.176246968425763, "Acute myeloid leukaemia ": 17.345181884714155, "Acute myocardial infarction ": 3.7500235484250375, "Acute respiratory distress syndrome ": 2.977634247453474, "Acute respiratory failure ": 3.064471804300969, "Antibody test positive ": 20.66925026279972, "Aplastic anaemia ": 8.982684556704914, "Atelectasis ": 4.484617580991387, "Bacteraemia ": 3.389601660596536, "Biopsy bone marrow abnormal ": 626.922686658039, "Blast cell count increased ": 18.90257243573125, "Blood blister ": 15.059613537086902, "Bone marrow disorder ": 34.29551846940135, "Bone marrow failure ": 2.7653250396083124, "Cardiac failure congestive ": 3.0831628535593083, "Cardiac operation ": 3.292851521059287, "Cerebrovascular accident ": 2.218281948621779, "Chronic lymphocytic leukaemia ": 65.19615218052027, "Chronic myeloid leukaemia ": 7.391607919050483, "Chronic myelomonocytic leukaemia ": 94.18328327149382, "Chronic obstructive pulmonary disease ": 2.272520148987166, "Colon cancer ": 2.439802816128359, "Contusion ": 4.031802295293554, "Death ": 4.6084819653539855, "Deep vein thrombosis ": 6.6693390811726845, "Drug ineffective ": 4.708756064623125, "Ecchymosis ": 10.495947772092176, "Embolic stroke ": 5.517723805720633, "Embolism ": 19.10742456150288, "End stage renal disease ": 2.08161450725286, "Epistaxis ": 3.814291566420444, "Evans syndrome ": 88.72577118324857, "Failure to thrive ": 8.235299558146043, "Fibrosis ": 8.887544667574392, "Gastrointestinal haemorrhage ": 3.2976614403712707, "Gingival bleeding ": 5.727288356321504, "Haematological malignancy ": 89.06962410391, "Haemolysis ": 2.371862999466807, "Haemolytic anaemia ": 3.15142464965738, "Haemorrhage ": 5.925795297407532, "Haemorrhage intracranial ": 6.177479515365452, "Haemorrhagic diathesis ": 6.169661660172122, "Hepatic cirrhosis ": 5.375563519809614, "Hospitalisation ": 10.694966266236486, "Hypervolaemia ": 2.727583185079108, "Immune thrombocytopenia ": 19.30216738565376, "Immunosuppression ": 5.897940324943267, "Increased tendency to bruise ": 7.163117585870479, "Iron deficiency anaemia ": 2.9437158384846045, "Ischaemic stroke ": 2.3602931562124865, "Leukaemia ": 5.240278610971806, "Leukocytosis ": 10.095916600891856, "Loss of therapeutic response ": 11.631305082728998, "Lung cancer metastatic ": 11.467003295264314, "Lung infiltration ": 2.1311599455599515, "Lung neoplasm malignant ": 3.222570331459524, "Lymphoma ": 11.45106539331197, "Malnutrition ": 6.010383354639162, "Marrow hyperplasia ": 37.25801268760016, "Megakaryocytes increased ": 116.04096468830942, "Metastases to central nervous system ": 2.2319180727125825, "Mouth haemorrhage ": 14.5808009714183, "Mucosal haemorrhage ": 32.88185867075616, "Multimorbidity ": 70.97405534452291, "Myelodysplastic syndrome ": 45.83262020298119, "Myelofibrosis ": 172.97106796132394, "Myeloproliferative neoplasm ": 33.1015936978901, "Neutrophilia ": 7.265477843620469, "Non-Hodgkin's lymphoma ": 15.2589506438617, "Normochromic normocytic anaemia ": 6.497698601778965, "Oedema peripheral ": 2.073364648811989, "Ovarian cancer ": 5.093898146353857, "Pancytopenia ": 2.8743240396404888, "Petechiae ": 13.91609803673088, "Plasma cell myeloma ": 3.043583585862543, "Platelet count abnormal ": 460.8840840660201, "Platelet count decreased ": 23.80966116232555, "Platelet count increased ": 57.43959250496793, "Platelet disorder ": 28.565846645997446, "Pleural effusion ": 4.769703720102466, "Pneumonia ": 2.0303820629317406, "Portal hypertension ": 6.3400550753037965, "Portal vein thrombosis ": 9.267955716133097, "Post procedural complication ": 3.8925661779645377, "Pulmonary embolism ": 3.889300773120176, "Pulmonary haemorrhage ": 4.167726210467282, "Purpura ": 4.146955793793382, "Refusal of treatment by patient ": 28.88365778285081, "Respiratory failure ": 3.5677381090846887, "Sepsis ": 4.192723972528166, "Skin haemorrhage ": 5.2744455099479, "Splenectomy ": 311.73620254576184, "Splenomegaly ": 8.178013985838023, "Subdural haematoma ": 3.1179691023027325, "Surgery ": 3.460631573381158, "Therapeutic product effect decreased ": 6.578052971960744, "Therapeutic response decreased ": 83.09796888638398, "Therapy non-responder ": 7.145311460460656, "Thrombocytopenia ": 7.866046156448394, "Thrombocytosis ": 43.84949571751786, "Thrombosis ": 4.1292473083755565, "Treatment noncompliance ": 2.0192496068647863, "Unevaluable event ": 3.153059293777298, "Venous thrombosis ": 3.3918256674430105, "Viral infection ": 2.617038220945177, "White blood cell count increased ": 4.054179709338397}