{"Acute kidney injury": 12.206761895527944, "Atrial fibrillation": 6.665139202308041, "Hyperkalaemia": 11.221860241022112, "Hypotension": 9.32037220242935}