{"Epiphysiolysis ": 882.160968263104, "Intracranial pressure increased ": 66.21940442186816, "Meningioma ": 137.41681124373372, "Pneumonia ": 2.8336723434818083, "Scoliosis ": 165.5105509865673, "Seizure ": 2.878030355072476}