{"Gamma-glutamyltransferase abnormal ": 1002.8322798423314, "Hepatic cirrhosis ": 52.45252841805807, "Product dose omission issue ": 6.862924498692259, "Pruritus ": 12.693377056655589}