{"Agitation ": 2.0781078963859687, "Ankle fracture ": 11.93051982137408, "Balance disorder ": 6.40007148496775, "Burning sensation ": 2.048363051342529, "Colitis ulcerative ": 4.479616177531013, "Cystitis ": 9.502557385770825, "Depressed mood ": 3.943279236267077, "Depression ": 2.663208415682806, "Drug hypersensitivity ": 2.3120015287754905, "Dysuria ": 4.783148104567157, "Fall ": 3.3049713627916786, "Feeling abnormal ": 4.286433740276772, "Flushing ": 8.826861607626638, "Gait disturbance ": 3.157758411947072, "Gait inability ": 3.200188349749077, "Hiatus hernia ": 12.404243996863334, "Hypersomnia ": 10.1666284150812, "Hypoaesthesia ": 2.9323980622877683, "Illness ": 3.0043904013298826, "Immunodeficiency ": 11.728567939078518, "Inflammation ": 3.799330447727375, "Infusion related reaction ": 35.30788970180757, "Lymphocyte count decreased ": 18.01233369918397, "Memory impairment ": 4.090194422574117, "Mental impairment ": 7.43367500524008, "Mobility decreased ": 2.555939187076532, "Multiple sclerosis ": 23.996016100282844, "Multiple sclerosis relapse ": 5.086907429152187, "Muscle spasms ": 3.052193819826842, "Muscular weakness ": 3.4830625458159554, "Musculoskeletal stiffness ": 2.34470884066925, "Nasopharyngitis ": 4.949656553002624, "Neck pain ": 2.500260601103013, "Oropharyngeal pain ": 3.157104655656428, "Osteitis ": 99.13066707064216, "Peroneal nerve palsy ": 51.69733706757736, "Rhinorrhoea ": 3.939346059938994, "Sneezing ": 6.554693245858747, "Somnolence ": 4.509738093834221, "Thrombosis ": 2.1192417828723364, "Tooth disorder ": 15.648369038755764, "Urinary tract infection ": 2.763459031075877}