{"Acute myocardial infarction": 9.35550442101695, "Bradycardia": 3.232926801355928, "Cardiac arrest": 12.874130494253755, "Cardiac failure": 2.4775882900395065, "Cardiac tamponade": 99.2925357550834, "Cardio-respiratory arrest": 9.684193719005332, "Cardiogenic shock": 21.47309423000936, "Cerebral haemorrhage": 6.251988302359264, "Chest pain": 2.0049694070971675, "Coagulation time abnormal": 6112.261523717118, "Coagulopathy": 20.283819701341173, "Coronary artery dissection": 1089.2542757072365, "Coronary artery occlusion": 37.35231260250416, "Coronary artery perforation": 7196.372120109358, "Coronary artery thrombosis": 731.2447008081293, "Death": 2.177920083353408, "Device occlusion": 152.72878465706273, "Device related thrombosis": 252.83703855717584, "Haematoma": 7.602528803716543, "Haemoglobin decreased": 5.936204469293225, "Haemorrhage": 9.510545799059694, "Haemorrhage intracranial": 30.169453963045854, "Hypotension": 3.675187308095426, "International normalised ratio increased": 11.86043449487409, "Myocardial infarction": 4.128972686019072, "Off label use": 2.2153288858824287, "Overdose": 2.990223381675826, "Platelet count decreased": 2.9170750797567284, "Post procedural haemorrhage": 34.2588339284578, "Pulmonary haemorrhage": 62.2819798164794, "Puncture site haemorrhage": 603.795835892118, "Reperfusion injury": 2923.133191845433, "Respiratory arrest": 10.383147837131364, "Respiratory failure": 4.717831041274878, "Thrombocytopenia": 3.43998358040071, "Thrombosis": 15.06689162095558, "Thrombosis in device": 1411.7258483360908, "Vascular stent thrombosis": 89.51621675808734, "Ventricular fibrillation": 28.014567990503814}