{"Arthritis ": 3.443238462424279, "Arthropathy ": 2.3308015051993154, "Back pain ": 2.4096132842581617, "Blood pressure systolic increased ": 14.86984103462028, "Bronchitis ": 6.544003010432597, "Bursitis ": 12.21398946587801, "Cellulitis ": 5.055185786478892, "Coeliac disease ": 19.939869933649923, "Constipation ": 2.3500809979590622, "Contraindicated product administered ": 3.857741509304713, "Cystitis ": 7.194059560977343, "Drug hypersensitivity ": 8.396550816373425, "Drug ineffective ": 2.7478270399802107, "Fine motor skill dysfunction ": 59.64259648944277, "Fluid retention ": 21.144083904748868, "Food allergy ": 59.89588168216377, "Gait disturbance ": 3.204433564804455, "Gastric ulcer ": 11.331536926191276, "Heart rate decreased ": 7.639315555863181, "Hepatic enzyme increased ": 7.180405049501145, "Hyperhidrosis ": 2.060605839325512, "Hypersensitivity ": 3.0147967468381345, "Immunodeficiency ": 41.19538630829245, "Infusion related reaction ": 5.1587347396241885, "Injection site induration ": 10.478637025516663, "Instillation site inflammation ": 5488.458910089917, "Intervertebral disc protrusion ": 16.25229229033568, "Joint dislocation ": 25.12274136452823, "Joint effusion ": 35.654266509805666, "Joint swelling ": 2.9086239638211517, "Lethargy ": 2.4940697925235287, "Memory impairment ": 2.084766456628006, "Nasopharyngitis ": 2.1688320068792786, "Osteoarthritis ": 11.016220108711304, "Product use issue ": 2.784619438870995, "Rash erythematous ": 6.495387841387592, "Rheumatoid arthritis ": 11.052196031653216, "Temperature regulation disorder ": 53.63763133864882, "Treatment failure ": 6.598547505570691, "Upper respiratory tract infection ": 21.531977178920023, "Urinary retention ": 2.2328524441611832, "Urinary tract infection ": 2.6792868190187065, "Vascular pain ": 54.5145175641762, "Viral infection ": 10.36460480020837, "Vitamin C decreased ": 2771.332428029834, "Vitamin D decreased ": 49.84455832493192}