{"Acute respiratory distress syndrome": 2.085089840636897, "Antineutrophil cytoplasmic antibody positive": 334.82379520779006, "Anxiety": 4.184483921032506, "Arteriosclerosis": 94.04125245024495, "Arteriosclerosis coronary artery": 134.87173287386997, "Asthma": 9.535597473530563, "Asthma-chronic obstructive pulmonary disease overlap syndrome": 45.98258184337311, "Breast conserving surgery": 25.04691404904983, "Bronchiectasis": 8.991435254329664, "Bronchitis": 2.2137365910200764, "Bronchospasm paradoxical": 28.004217501239417, "Candida infection": 5.038645786684179, "Capillaritis": 340.92076466197153, "Cardiac murmur": 3.4606675284303416, "Cardiac pacemaker insertion": 4.870767357536254, "Choking": 5.440132286604418, "Chronic obstructive pulmonary disease": 16.103298671033716, "Condition aggravated": 7.0194853904592005, "Conjunctivitis allergic": 501.8586392072335, "Contraindicated product prescribed": 16.00492877015562, "Cough": 2.510581247439032, "Dust allergy": 778.5265350418694, "Dysphonia": 2.4291229468287776, "Dyspnoea": 3.668002020155052, "Dyspnoea exertional": 2.233586478772062, "Dysuria": 2.4431385863607664, "Emphysema": 11.374434353079742, "Eosinophilic granulomatosis with polyangiitis": 163.87951462525564, "Expired product administered": 2.292434119589378, "Eye disorder": 3.447257683678464, "Forced expiratory volume decreased": 131.2388577090135, "Full blood count abnormal": 35.224706129151855, "Glaucoma": 3.4749107087156177, "Haemoptysis": 38.17418876090326, "Hospitalisation": 2.3189500030345624, "Hypomania": 6.455445180043111, "Hypothyroidism": 17.998906336397237, "Hypoxia": 29.44448850019058, "Ill-defined disorder": 3.007246428613916, "Inability to afford medication": 10.106397769075995, "Jaundice cholestatic": 5.675143719615152, "Labelled drug-drug interaction medication error": 3.282906298825487, "Loss of personal independence in daily activities": 17.518069261422145, "Lower respiratory tract infection": 2.043247619570736, "Lung disorder": 28.637294936027303, "Lung neoplasm malignant": 9.88570216641368, "Mite allergy": 803.6621048435467, "Mycotic allergy": 1029.335445414839, "Nasal congestion": 2.2811884820310686, "Nasal polyps": 7.376806018305943, "Neoplasm malignant": 2.0337387666960214, "Neuritis": 304.741275491901, "Neurological symptom": 136.9654211957681, "Nodule": 85.73532531818536, "Normochromic normocytic anaemia": 386.3410094888442, "Obstruction": 14.585760046753316, "Obstructive airways disorder": 67.17227073171374, "Oral candidiasis": 5.599558497368258, "Oral pain": 2.1225586142702206, "Oxygen therapy": 10.73050880517652, "Pain in extremity": 2.044982819298563, "Pneumonia": 3.6853610342420335, "Product complaint": 8.609315683185786, "Product dispensing error": 3.1323630042090533, "Product dose omission issue": 2.798146817145694, "Product prescribing issue": 6.289135674421059, "Product use in unapproved indication": 2.415338084373309, "Productive cough": 30.195563057228767, "Pulmonary alveolar haemorrhage": 150.9443917057108, "Pulmonary congestion": 2.913883770873646, "Pulmonary embolism": 7.344083260581602, "Pulmonary fibrosis": 46.04009724517306, "Pulmonary mass": 2.2727299723518404, "Pulmonary resection": 132.97758905116666, "Pulmonary vasculitis": 1051.319867986339, "Respiratory disorder": 3.073818100741375, "Respiratory symptom": 199.92470116922703, "Rhinitis allergic": 4.193257042989371, "Rhinorrhoea": 2.513492137373364, "Sarcoidosis": 5.200121920024449, "Schizophrenia": 3.9019599376997456, "Sinus disorder": 6.186830362960381, "Sinusitis": 2.0924156276719623, "Sleep disorder due to a general medical condition": 8.867796623997487, "Therapeutic product effect incomplete": 3.78525791044472, "Therapy cessation": 3.9640556405171616, "Total lung capacity increased": 60.44459068687416, "Treatment noncompliance": 2.298776222213451, "Urinary retention": 6.200385379785451, "Vasculitis": 4.829891293210546, "Wheezing": 5.523926426806713, "Wrong technique in device usage process": 22.184309370255598}