{"Carcinoembryonic antigen increased ": 71.55271718577454, "Colorectal cancer metastatic ": 179.06056635253694, "Conjunctivitis ": 14.84816037599784, "Constipation ": 3.746494245105028, "Decreased appetite ": 2.0507185418991187, "Dehydration ": 2.319805337464837, "Dermatitis acneiform ": 252.1960532479539, "Diarrhoea ": 2.895725298359987, "Disease progression ": 2.6827067926305115, "Drug resistance ": 5.462208552802176, "Febrile neutropenia ": 10.10843594832608, "Hepatic encephalopathy ": 23.76121476728033, "Hyperammonaemia ": 27.327104888389982, "Hypomagnesaemia ": 104.78900949670944, "Interstitial lung disease ": 8.23785319977784, "Leukopenia ": 2.493709518175643, "Metastases to liver ": 18.687314237067422, "Myelosuppression ": 4.677550248368575, "Neuropathy peripheral ": 18.821014919104133, "Neurotoxicity ": 29.940356339272107, "Neutropenia ": 11.851961271274202, "Neutrophil count decreased ": 4.382190066521645, "Palmar-plantar erythrodysaesthesia syndrome ": 5.486448857272092, "Paraesthesia ": 2.317240975091024, "Paronychia ": 236.9122316971992, "Peripheral sensory neuropathy ": 38.809223758920666, "Pneumonia aspiration ": 9.305473080743532, "Polyneuropathy ": 17.62130888824201, "Rash ": 3.5228901889837947, "Rash maculo-papular ": 3.111255042219162, "Rash pustular ": 38.03705630434703, "Renal tubular disorder ": 35.64491850837888, "Skin disorder ": 12.844063465430075, "Skin toxicity ": 211.77842395279416, "Stomatitis ": 14.775462739678083, "Therapeutic product effect incomplete ": 2.1212230937447853, "Therapy partial responder ": 74.4823847479434, "Thrombocytopenia ": 6.577652329002839, "Venoocclusive liver disease ": 27.736317591500065}