{"Abdominal discomfort ": 2.295053504635189, "Adverse drug reaction ": 21.581837887027127, "Adverse reaction ": 48.55819001664136, "Bronchiectasis ": 21.00905712958486, "Cerebrovascular accident ": 2.394732718545204, "Cough ": 3.541896485043054, "Death ": 3.5399156404638354, "Decreased appetite ": 7.512051753676739, "Drug intolerance ": 2.557877738884144, "Dyspepsia ": 2.375431447975917, "Erythema ": 2.533073561078234, "Forced vital capacity decreased ": 405.76837801449045, "Gastrointestinal disorder ": 3.178118821584988, "Hypoxia ": 4.280869916629347, "Idiopathic pulmonary fibrosis ": 166.8642218539805, "Illness ": 8.242357090670469, "Interstitial lung disease ": 4.001933157703228, "Lower respiratory tract infection ": 7.363690924686139, "Oxygen saturation decreased ": 5.823960767821354, "Photosensitivity reaction ": 81.87302339553328, "Pneumonia ": 2.44732457716062, "Pulmonary function test decreased ": 46.75724283173488, "Rash ": 2.2413771349890736, "Transaminases increased ": 3.3914089065389272, "Weight decreased ": 6.143638566505758}