{"Febrile convulsion ": 218.51300411561223, "Pyrexia ": 2.2849047481931057}