{"Disease progression ": 108.19691133660572, "Off label use ": 2.748651637836165}