{"Acute kidney injury ": 8.015651642333145, "Angioedema ": 6.576439548123348, "Blood pressure increased ": 4.776165062191402, "Hyperkalaemia ": 10.57789017706332, "Hypertension ": 2.591275157070762, "Hyponatraemia ": 6.851189071467454, "Hypotension ": 8.082714785579464, "Lactic acidosis ": 11.059916099594156, "Syncope ": 5.539313156083034, "Therapy non-responder ": 13.038655792751152, "Urinary retention ": 8.228538927804658}