{"Blood alkaline phosphatase increased": 23.79542210462477, "Blood calcium increased": 121.49477305195362, "Decreased appetite": 2.297148457924558, "Hypercalcaemia": 273.23643781903644, "Nausea": 2.5397712807688992, "Palpitations": 3.195143846090982, "Spinal fracture": 50.47369314178402, "Weight decreased": 5.452312202527639}