{"Asthenia ": 2.9435838743004075, "Colorectal cancer metastatic ": 397.3651147397352, "Decreased appetite ": 2.0713801593944225, "Diarrhoea ": 2.809967493333536, "Drug intolerance ": 3.873010062679604, "Dysphonia ": 5.548416506217792, "Encephalopathy ": 9.23306606636068, "Gastrointestinal stromal tumour ": 37.71499409464941, "General physical health deterioration ": 3.087177415854483, "Hepatocellular carcinoma ": 24.1944534690259, "Hypertension ": 3.246599268796801, "Hypothyroidism ": 5.385802107028406, "Metastases to lung ": 39.116001822785215, "Mucosal inflammation ": 16.534102229623297, "Oedema peripheral ": 2.3460148261258373, "Off label use ": 3.943005251426815, "Palmar-plantar erythrodysaesthesia syndrome ": 87.94473375117687, "Platelet count decreased ": 2.2626307378641197, "Product use in unapproved indication ": 2.5693435902860995, "Stomatitis ": 9.67790234399723, "Thrombocytopenia ": 2.37662727164976, "Venous thrombosis ": 30.666122971379}