{"Asthenia": 3.713188259149104, "Bone pain": 23.16044402044602, "Dizziness": 2.0268358566460973, "Extramedullary haemopoiesis": 2219.0164051742645, "Fall": 2.168238075307737, "Haemoglobin decreased": 18.306211593979267, "Hypertension": 2.1647217229558424, "Syncope": 2.328199008701451}