{"Adrenal insufficiency": 5.57433466154503, "Ageusia": 2.821985525302036, "Anosmia": 2.091614902948057, "Aphonia": 30.49818160930581, "Arrhythmia": 4.280978231886595, "Asphyxia": 6.064662161264986, "Asthma": 6.957030332543725, "Asthmatic crisis": 30.24820815684373, "Atrial fibrillation": 2.088358708870187, "Bronchitis": 4.113702591006953, "Bronchospasm": 3.93423190087266, "Candida infection": 5.332213467043225, "Catarrh": 26.412475179229464, "Chest discomfort": 2.3078034328037025, "Choking": 2.2579712221713835, "Chondrocalcinosis pyrophosphate": 93.2131983123444, "Chronic obstructive pulmonary disease": 6.210501689746335, "Circumstance or information capable of leading to medication error": 15.403796822418244, "Condition aggravated": 2.5125567541626066, "Cortisol decreased": 15.22020898015522, "Cough": 6.894830589512865, "Diabetes insipidus": 16.066569472745726, "Drug effective for unapproved indication": 8.4967692179955, "Dry throat": 9.737700678941952, "Dysphonia": 33.776965470290435, "Dyspnoea": 2.962598123224978, "Eating disorder": 3.760359037113616, "Emphysema": 3.849993342152198, "Expired product administered": 3.996726633513987, "Extra dose administered": 4.547101710141916, "Fear": 2.53138939542242, "Foreign body in throat": 22.68240933183316, "Fungal pharyngitis": 340.2434842976009, "Gingival pain": 5.892239857535707, "Glaucoma": 7.035630884168263, "Hospitalisation": 2.98429976160136, "Ill-defined disorder": 2.138050591156522, "Intraocular pressure increased": 3.99282462525096, "Laryngeal oedema": 3.2226990820626957, "Lower respiratory tract infection": 2.415331173572774, "Lung neoplasm malignant": 2.670035907621879, "Meningitis bacterial": 78.1304303029806, "Muscle spasms": 3.5753502109139275, "Nasal congestion": 2.179668623377172, "Nasal discomfort": 7.069956232398336, "Nasopharyngitis": 3.44678315410031, "Oesophageal candidiasis": 66.56762370251242, "Oral candidiasis": 16.891231761485606, "Oral discomfort": 3.714242304878363, "Oral fungal infection": 38.85855409399144, "Oral pain": 9.450982469993644, "Oropharyngeal discomfort": 10.198770429109883, "Oropharyngeal pain": 5.2617035974429145, "Palpitations": 4.142397361176336, "Pharyngeal disorder": 17.440806358920618, "Pneumonia": 4.879631899148201, "Prinzmetal angina": 44.69007450243696, "Product complaint": 30.22467662418756, "Product dispensing error": 5.722550759897726, "Product prescribing issue": 15.576082414777268, "Product use in unapproved indication": 4.395782825017909, "Product use issue": 2.6654142874445914, "Productive cough": 11.245277341145908, "Respiratory disorder": 3.513107506681759, "Respiratory tract infection": 4.927005773753839, "Rhinitis": 5.308669703196212, "Rhinorrhoea": 4.440984642980419, "Secretion discharge": 14.596052652349638, "Sinusitis": 3.329126912064684, "Sneezing": 2.5883406083312512, "Sputum discoloured": 11.518009619141704, "Sputum increased": 14.931764189827392, "Swelling face": 2.70352315219541, "Tachycardia": 2.4550585443036885, "Taste disorder": 2.424192544424069, "Therapy cessation": 15.065164637026536, "Therapy interrupted": 9.032214630686475, "Thirst": 2.8728566195327683, "Throat irritation": 10.43334403567379, "Treatment noncompliance": 5.239383374540791, "Urinary retention": 2.5965041655489483, "Vision blurred": 2.078632902143086, "Wheezing": 5.816755531185711, "Wrong technique in device usage process": 14.33720168115818, "Wrong technique in product usage process": 3.6715627100336623}