{"Abdominal pain": 6.064764127533578, "Abdominal pain upper": 2.6714991153295933, "Condition aggravated": 3.03605788152068, "Defaecation urgency": 138.6835707644756, "Diarrhoea": 4.914686856072868, "Flatulence": 18.668820306514707, "Frequent bowel movements": 24.48324583090658, "Haematochezia": 22.429862933830425, "Infection": 3.401989397300177, "Intentional dose omission": 161.68423900628736, "Intentional product use issue": 9.529521865024185, "Lower respiratory tract infection": 38.60930812577993, "Mucous stools": 230.5545196447674, "Oropharyngeal pain": 3.1328507814803235, "Product dose omission issue": 4.1373207573419375, "Stress": 19.057788030558893, "Weight decreased": 8.422461160119319, "Weight increased": 13.87420717167038}