{"Acute kidney injury": 2.3388852017317108, "Altered state of consciousness": 5.84545652419119, "Blood glucose decreased": 5.147961219419824, "Blood glucose increased": 2.940196085464504, "Depressed level of consciousness": 3.56984247287949, "Drug interaction": 8.326404360676671, "Glycosylated haemoglobin increased": 10.050717719234516, "Hyperglycaemia": 4.522722420950192, "Hyperkalaemia": 5.778444635114419, "Hypoglycaemia": 71.80241591451644, "Hypoglycaemic coma": 74.39386919495901, "Inappropriate schedule of product administration": 3.0792771849677902, "Lactic acidosis": 20.635407602360583, "Loss of consciousness": 2.57261559484694, "Medication error": 17.68794989665085, "Metabolic acidosis": 11.586812331360129, "Myoclonus": 12.87899500681118, "Pancreatitis acute": 5.093129475791856, "Sopor": 44.78243475853676}