{"Diarrhoea": 2.5036433699764395, "Drug interaction": 6.067452934974008}