{"Abnormal weight gain": 5.844719752000349, "Abortion induced": 2.406804424088067, "Abscess": 2.215172342875747, "Acne": 48.28799154725069, "Adenocarcinoma of colon": 8.502584586204156, "Adverse drug reaction": 4.115643075660525, "Alanine aminotransferase increased": 2.251497959767095, "Alopecia areata": 3.2816221960115097, "Ankle fracture": 2.010785037473997, "Ankylosing spondylitis": 2.740502188036837, "Aphthous ulcer": 4.654877464059297, "Arthritis": 3.239781860498574, "Arthritis bacterial": 3.579710145998364, "Autoimmune disorder": 2.5378324857900827, "Basal cell carcinoma": 3.4267096136339203, "Blood cholesterol increased": 5.692191286036434, "Blood creatine phosphokinase increased": 9.2273138553766, "Blood iron decreased": 3.851378730247112, "Blood triglycerides increased": 6.08280357680665, "Breast cancer female": 11.434171600555716, "C-reactive protein increased": 3.2193377715557885, "Cellulitis": 2.666736030245744, "Cerebrovascular accident": 2.45725881116352, "Clostridium difficile infection": 2.594368059909305, "Colectomy": 16.86010954523838, "Colitis ulcerative": 6.825088940554495, "Colon cancer": 2.7669168560099977, "Coronavirus infection": 10.590958273888855, "Crohn's disease": 3.420913320434586, "Cutaneous T-cell lymphoma": 19.79352519504253, "Cytomegalovirus colitis": 7.816991524822693, "Cytomegalovirus infection": 2.261166496199863, "Deep vein thrombosis": 4.615440868449578, "Dermatitis acneiform": 12.647724315834663, "Dermatitis atopic": 74.41847015510488, "Diverticulitis": 5.060329565299181, "Diverticulitis intestinal perforated": 93.13321749475104, "Diverticulum": 2.524780953005868, "Diverticulum intestinal haemorrhagic": 6.284673034019529, "Eczema": 3.224190553330547, "Eczema herpeticum": 251.4088891281736, "Embolism": 5.12286971818122, "Embolism venous": 14.991067074716028, "Erysipelas": 4.251572581841722, "Erythema nodosum": 3.2443334935014256, "Faecal calprotectin increased": 22.822491508261507, "Folliculitis": 4.532756837440648, "Foot deformity": 2.102469250205938, "Foot operation": 5.343728108083647, "Frequent bowel movements": 3.602311933750688, "Frustration tolerance decreased": 2.5417027037971858, "Furuncle": 4.965253144851592, "Gastrointestinal perforation": 24.585505658215705, "General symptom": 10.9416287543033, "Genital herpes": 18.492770235745017, "Genital herpes zoster": 68.77505227064998, "Gingival pain": 6.64556612979422, "Haematocrit decreased": 2.086892732968893, "Hepatitis B": 3.7427343481723234, "Hepatitis E": 20.153480267784808, "Herpes ophthalmic": 35.041685281600294, "Herpes simplex": 16.660184351716676, "Herpes virus infection": 20.772925021600937, "Herpes zoster": 10.132960571407825, "Herpes zoster disseminated": 15.070652717335111, "High density lipoprotein increased": 23.29461949501023, "Hordeolum": 11.088576857376932, "Hypercholesterolaemia": 5.589889432036182, "Ileostomy": 44.419145394754246, "Immunodeficiency": 4.402767954120173, "Immunosuppression": 8.373648942701143, "Impetigo": 18.77673497566645, "Infection": 2.3158795703439417, "Inflammation": 2.5734851937211123, "Inflammatory bowel disease": 4.310297131766532, "Inflammatory marker increased": 3.770315460831331, "Intervertebral disc protrusion": 2.7781580923787472, "Intestinal perforation": 5.886135346442828, "Joint arthroplasty": 14.365386117708816, "Joint dislocation": 3.77414152855097, "Joint effusion": 3.7176903263129137, "Joint lock": 11.05575341248968, "Joint swelling": 2.269530834597184, "Knee arthroplasty": 2.3615956868147365, "Knee operation": 13.674257204505924, "Laboratory test abnormal": 3.848600489876647, "Large intestine perforation": 3.0552950423669656, "Lichenification": 33.643037548600574, "Lipids increased": 24.463276362652337, "Liver abscess": 5.167140572681395, "Liver function test increased": 3.3917850266218883, "Loss of therapeutic response": 12.474602042207144, "Low density lipoprotein increased": 32.752083561806664, "Lung neoplasm malignant": 2.67159446348705, "Lung opacity": 4.76851561153506, "Lymphocyte count decreased": 2.313012442958937, "Lymphocyte count increased": 4.935641035164708, "Lymphoma": 5.703873718687124, "Lymphopenia": 3.700926823491523, "Malabsorption": 5.823319031513019, "Malignant melanoma": 3.76671441919269, "Meningitis": 3.781622176954624, "Middle insomnia": 3.485751518855452, "Mobility decreased": 2.0806755927729164, "Mouth ulceration": 2.026595379879625, "Musculoskeletal disorder": 4.637191805398272, "Neoplasm malignant": 2.173143974391931, "Nerve compression": 3.6887652585268, "Neuroendocrine carcinoma of the skin": 27.121008505975063, "Ophthalmic herpes zoster": 9.633438659922293, "Oral candidiasis": 2.5117021592241957, "Oral herpes": 10.63158919847345, "Organising pneumonia": 2.358659241082788, "Osteoarthritis": 2.76009506262012, "Ostomy bag placement": 429.4756896737913, "Overweight": 3.582355717443691, "Pain of skin": 2.300886528262314, "Papilloma viral infection": 6.657472651351819, "Papule": 2.0210288182134826, "Phlebitis": 3.910286132817981, "Platelet count increased": 4.767040776168548, "Pneumocystis jirovecii pneumonia": 9.259363737595075, "Pneumonia bacterial": 3.8008173629931736, "Polyarthritis": 3.603096765145468, "Portal vein thrombosis": 4.479269291615943, "Post herpetic neuralgia": 3.4027934212015105, "Post procedural complication": 2.8859516441939697, "Post procedural infection": 5.760553634569338, "Product residue present": 49.28854878727334, "Psoriasis": 3.446990237333143, "Psoriatic arthropathy": 3.124552412675261, "Pulmonary embolism": 7.0693411740730046, "Pulmonary thrombosis": 3.466796007833671, "Purulent discharge": 6.189888923183759, "Pustule": 8.319022454219752, "Rash pustular": 5.490306524150304, "Red blood cell sedimentation rate increased": 2.379149599534041, "Respiratory tract infection": 4.802190196783728, "Retinal artery occlusion": 3.2205726395740206, "Retinal detachment": 2.342646398939883, "Retinal vein occlusion": 5.782430950692493, "Rheumatic disorder": 5.935076745649219, "Rheumatoid arthritis": 7.010658667884783, "Rosacea": 28.782105964682536, "Semen discolouration": 281.32331418923536, "Skin cancer": 3.834460634460203, "Skin disorder": 4.0992513176823175, "Skin lesion": 3.114191853322711, "Skin plaque": 4.581448387236343, "Sluggishness": 2.0297640777563317, "Spinal compression fracture": 2.3385270942241543, "Spinal fracture": 2.633322352995437, "Spinal operation": 5.263853503819379, "Spinal pain": 2.051991419835044, "Spinal stenosis": 2.828774897854293, "Squamous cell carcinoma": 2.8734146081110303, "Squamous cell carcinoma of skin": 6.107475566061689, "Subcutaneous abscess": 4.1075232480520745, "Superficial vein thrombosis": 2.419650249940031, "Superinfection": 10.964382100420629, "Surgery": 3.245233338287654, "Suspected COVID-19": 2.4478201425573203, "Synovitis": 4.205473027920404, "Therapeutic product effect decreased": 4.595543285937847, "Therapeutic product effect incomplete": 4.322893890497591, "Therapeutic response shortened": 4.075667005363176, "Thrombosis": 3.3502237626978366, "Tongue neoplasm malignant stage unspecified": 13.650786008308922, "Tonsillitis": 3.535301996118612, "Tooth abscess": 2.8278876827907213, "Transaminases increased": 3.2627674513934024, "Tuberculosis": 4.8639678234905, "Ulcer": 5.210048446739557, "Unevaluable event": 6.49664671793017, "Upper respiratory tract infection": 2.81947510517638, "Varicella zoster virus infection": 9.662735858293374, "Venous thrombosis": 2.984455620275952, "Venous thrombosis limb": 7.449497138615168, "Vitamin D decreased": 4.008090052715969, "Vulvovaginal mycotic infection": 3.135168175014865, "Weight increased": 5.6708430708250175}