{"Bradycardia": 17.292315872430073, "Condition aggravated": 9.511550497386043, "Dyspnoea exertional": 40.80273422367407, "Hypotension": 8.088631519447818, "Left-to-right cardiac shunt": 20394.860412082395, "Pulmonary hypertension": 102.00807033669888, "Therapeutic product effect incomplete": 20.75869366568164, "Vascular resistance pulmonary decreased": 79946.97217693867}