{"Myelosuppression": 25.945340301620405, "Off label use": 36.22825570857228}