{"Acute myocardial infarction ": 5.27425411888543, "Acute respiratory failure ": 2.0849890719467794, "Aortic valve stenosis ": 18.686773899753693, "Ascites ": 2.159338827572346, "Blindness ": 2.77538486915733, "Blindness unilateral ": 2.292071863349082, "Blood potassium decreased ": 3.849831335416373, "Blood pressure abnormal ": 2.812260876014433, "Blood pressure decreased ": 3.196709479030938, "Blood pressure diastolic abnormal ": 17.986525269218156, "Blood pressure diastolic increased ": 8.626600819360837, "Blood pressure systolic abnormal ": 18.298201427140228, "Blood pressure systolic increased ": 2.83232864221768, "Blood urine present ": 2.154138867592138, "Bradycardia ": 3.032438785622027, "Cardiac arrest ": 3.117569094702355, "Cardiac failure ": 3.3668424705518327, "Cardiac failure chronic ": 6.243108876084706, "Cardio-respiratory arrest ": 2.598528224645253, "Cardiogenic shock ": 5.457572158318087, "Cardiomegaly ": 3.838548750865446, "Cardioversion ": 16.144124748598774, "Carotid artery stenosis ": 8.654882544316697, "Circulatory collapse ": 2.361503825826227, "Completed suicide ": 3.952708396662169, "Disease progression ": 2.1215191073545943, "Drug ineffective for unapproved indication ": 2.036832974608958, "Drug interaction ": 2.922029830485636, "Dyschromatopsia ": 23.04524250915977, "Dyspepsia ": 3.1599159678592583, "Dyspnoea exertional ": 4.203366135241993, "Ear infection ": 2.7089588197975654, "Emotional disorder ": 2.3232156438278952, "Erectile dysfunction ": 7.753459628164362, "Erection increased ": 13.849516792828432, "Essential hypertension ": 10.512962713762334, "Exercise tolerance decreased ": 2.0939113016873887, "Eye haemorrhage ": 3.340113090596747, "Fluid retention ": 5.228181747611984, "Flushing ": 5.172087673620214, "Foetal exposure during pregnancy ": 3.8869326701876297, "Foetal growth restriction ": 5.807199561487288, "Haemodynamic instability ": 13.95609906640038, "Haemoperitoneum ": 11.033157092236992, "Haemoptysis ": 3.241616977688742, "Hypervolaemia ": 8.36017983770305, "Hypoacusis ": 2.927163252978739, "Hypotension ": 4.003674522018887, "Hypoxia ": 4.075372613822369, "Implantable defibrillator insertion ": 25.749770746545995, "Intentional product misuse ": 2.088038196609052, "Ischaemic stroke ": 3.8034227662386986, "Left ventricular hypertrophy ": 6.765230377894711, "Left-to-right cardiac shunt ": 391.0388391056505, "Low birth weight baby ": 2.805055652249801, "Maculopathy ": 17.732171691654205, "Malignant melanoma ": 10.874259051185092, "Maternal exposure during pregnancy ": 3.500998077933269, "Myocardial rupture ": 98.62741075263312, "Nasal congestion ": 4.903028496670616, "Oedema ": 4.0061419508836895, "Oedema peripheral ": 2.135272736936991, "Off label use ": 2.3506839054252, "Optic ischaemic neuropathy ": 75.23133853382573, "Ovarian cyst ": 5.196500991959199, "Oxygen saturation decreased ": 5.834543748083668, "Pain in jaw ": 9.434279023778418, "Penile pain ": 16.692366677633938, "Pericardial effusion ": 3.635812119953557, "Premature baby ": 12.684793034210598, "Premature delivery ": 42.25080244367314, "Prescription drug used without a prescription ": 14.7685029771604, "Priapism ": 52.61127406357554, "Product contamination ": 122.30050970217188, "Product counterfeit ": 88.98924937323102, "Product substitution issue ": 3.434213382524677, "Product use issue ": 2.8464683223840743, "Pulmonary arterial hypertension ": 35.90049776212775, "Pulmonary arterial pressure increased ": 50.3140559679749, "Pulmonary hypertension ": 25.67079141601149, "Pulmonary hypertensive crisis ": 154.89982622942753, "Pulmonary oedema ": 5.90920893639601, "Respiratory arrest ": 4.489935694678202, "Respiratory failure ": 2.6569114172657624, "Retinal vein occlusion ": 5.923870450942348, "Right ventricular dysfunction ": 46.27767370872581, "Right ventricular failure ": 34.67934897692163, "Self-medication ": 20.359204309053364, "Stress ": 2.6225849839214184, "Subarachnoid haemorrhage ": 4.296289355427225, "Sudden death ": 3.613650152188775, "Sudden hearing loss ": 7.163089731070371, "Therapy non-responder ": 2.349940471280815, "Toxicity to various agents ": 2.624526114735678, "Transient global amnesia ": 23.6167519778792, "Tricuspid valve incompetence ": 9.719907738195158, "Type V hyperlipidaemia ": 46.70673341204428, "Ventilation perfusion mismatch ": 140.679676670132, "Ventricular tachycardia ": 3.770439724460064, "Vision blurred ": 2.6986618795781907, "Visual acuity reduced ": 3.8887951264231178, "Visual field defect ": 5.638836987703472}