{"Dizziness ": 2.793465152464892, "Ejaculation disorder ": 137.4318489637387, "Ejaculation failure ": 726.424772227731, "Erectile dysfunction ": 35.6252305452816, "Fall ": 2.411651125548482, "Hypotension ": 2.4335698850660203, "Nasal congestion ": 27.12149106958791, "Orthostatic hypotension ": 25.114345544340733, "Pollakiuria ": 14.650789830120049, "Retrograde ejaculation ": 2112.8729472760488, "Syncope ": 2.8974743140765757}