{"Accidental overdose ": 2.167754391955064, "Adverse reaction ": 2.880010058198766, "Altered state of consciousness ": 2.325831338877234, "Anti-insulin antibody increased ": 59.33583015662892, "Anti-insulin antibody positive ": 85.92377329816652, "Arterial occlusive disease ": 7.868104115259915, "Bladder disorder ": 2.336487484794882, "Blindness ": 2.9446450514647147, "Blindness unilateral ": 6.007833031212383, "Blood glucose abnormal ": 31.09160162049538, "Blood glucose decreased ": 23.342584118340607, "Blood glucose fluctuation ": 35.05051604653073, "Blood glucose increased ": 22.68102677647207, "Blood immunoglobulin E increased ": 2.705869704756, "Blood testosterone decreased ": 4.174941701338904, "Body mass index decreased ": 19.291730549696872, "Breast mass ": 2.942529427564948, "Cardiac operation ": 2.707884562497488, "Cataract ": 5.567179224070009, "Cataract operation ": 4.741317706965829, "Cataract subcapsular ": 27.86075734754604, "Circumstance or information capable of leading to medication error ": 4.3416142873570704, "Cold sweat ": 6.389651502926942, "Coronary artery bypass ": 2.067180869317517, "Cystoid macular oedema ": 18.28054947007877, "Decreased insulin requirement ": 86.5598897231919, "Dengue fever ": 7.023262360475538, "Device breakage ": 10.872104828391423, "Device defective ": 10.500894062131238, "Device delivery system issue ": 10.14842775513015, "Device failure ": 2.672783589001094, "Device issue ": 25.297186875418888, "Device leakage ": 6.973198821459808, "Device malfunction ": 5.668482407997738, "Device operational issue ": 149.2685631211664, "Device use issue ": 9.380587072768376, "Diabetes mellitus inadequate control ": 35.97878951050089, "Diabetic coma ": 16.647019762471544, "Diabetic hyperglycaemic coma ": 14.604165075366192, "Diabetic ketoacidosis ": 10.414905369798202, "Diabetic metabolic decompensation ": 34.54838936392488, "Diabetic neuropathy ": 9.022097189309632, "Diabetic retinal oedema ": 74.65499416522792, "Diabetic retinopathy ": 25.62535292506332, "Disability ": 4.110727697261855, "Drug dose omission by device ": 5.867757818378583, "Drug ineffective ": 2.0242300473953865, "Episcleritis ": 20.25263306984255, "Expired device used ": 22.927041270887827, "Expired product administered ": 14.903526541911017, "Exposure during pregnancy ": 3.5266191998398755, "Exposure via breast milk ": 4.679806767191686, "Extra dose administered ": 7.200250256029633, "Eye disorder ": 2.0224992256868477, "Eye haemorrhage ": 4.1376915037159385, "Feeding disorder ": 2.200481598379397, "Foetal death ": 2.6517066733453296, "Foetal exposure timing unspecified ": 31.996543563908563, "Foot fracture ": 2.231357501520031, "Glaucoma ": 2.369939819928134, "Glycosylated haemoglobin increased ": 18.337459709271396, "Haemodialysis ": 4.399460559223785, "Hospitalisation ": 2.695624824094257, "Hunger ": 10.082621613127468, "Hyperglycaemia ": 46.0319744874429, "Hyperhidrosis ": 2.609194761429089, "Hyperinsulinaemic hypoglycaemia ": 69.5945885267812, "Hyperphagia ": 6.448577327692834, "Hypoglycaemia ": 42.34131185817496, "Hypoglycaemia neonatal ": 6.384772064162495, "Hypoglycaemia unawareness ": 12.24910543048068, "Hypoglycaemic coma ": 26.75085237494848, "Hypoglycaemic encephalopathy ": 26.810776635127752, "Hypoglycaemic seizure ": 30.74112026948308, "Hypoglycaemic unconsciousness ": 36.21847582303528, "Incorrect dose administered ": 5.788217640698246, "Incorrect dose administered by device ": 18.20653141122177, "Induration ": 2.9074057633998875, "Infarction ": 2.5236176431260184, "Injection site abscess ": 5.370000190017354, "Injection site atrophy ": 10.28397994628966, "Injection site bruising ": 6.9708808808052725, "Injection site discolouration ": 15.114670136864794, "Injection site haematoma ": 2.073989742540092, "Injection site haemorrhage ": 9.32127309417551, "Injection site hypersensitivity ": 16.83129912904313, "Injection site induration ": 2.7167980293634484, "Injection site infection ": 5.354479576643265, "Injection site injury ": 12.294740008179598, "Injection site mass ": 2.4272433607256487, "Injection site nodule ": 7.265806005051203, "Injection site oedema ": 3.33371711902046, "Injection site urticaria ": 4.612655303432383, "Insulin resistance ": 9.37935011209292, "Intentional product misuse ": 2.351465915269948, "Intestinal haemorrhage ": 3.23129869500408, "Ketoacidosis ": 11.672285212230252, "Ketonuria ": 9.11514108200945, "Ketosis ": 10.538052985742596, "Kidney infection ": 2.0473225956662087, "Leg amputation ": 4.660726542374589, "Limb operation ": 5.10137353160867, "Lipoatrophy ": 7.125962489516124, "Lipodystrophy acquired ": 16.60002005215803, "Liquid product physical issue ": 7.7358756873391075, "Localised infection ": 3.8379834481655744, "Loss of consciousness ": 3.9167986581702574, "Macular degeneration ": 2.0058052895522818, "Macular oedema ": 8.016697006377177, "Maternal exposure timing unspecified ": 2.697791923505208, "Medication error ": 7.345847296120676, "Multiple lentigines syndrome ": 366.7779925124033, "Multiple use of single-use product ": 118.0375707069236, "Near death experience ": 3.485166423720468, "Nervousness ": 4.356519650079207, "Pancreatic carcinoma metastatic ": 2.781309411080744, "Pancreatic disorder ": 7.440167161696918, "Polydipsia ": 4.6502909501666005, "Poor quality product administered ": 4.811088468265711, "Postprandial hypoglycaemia ": 21.529138873615903, "Premature baby ": 2.436063399738545, "Product administration error ": 5.531902959028437, "Product complaint ": 8.971059113318463, "Product dispensing error ": 2.1700914004896266, "Product odour abnormal ": 4.190460787440595, "Product physical consistency issue ": 7.495901403956943, "Product prescribing error ": 2.753771634500222, "Product quality issue ": 7.321487308441586, "Product storage error ": 22.440878059765357, "Product use issue ": 3.203746619264044, "Reaction to excipient ": 3.455825536814637, "Renal disorder ": 2.498579569981992, "Renal transplant ": 4.630432785192785, "Retinal detachment ": 2.7577817439844647, "Retinal haemorrhage ": 3.028669202061544, "Retinopathy ": 8.404037389713883, "Road traffic accident ": 2.490099813857005, "Shock hypoglycaemic ": 20.10688559038641, "Sopor ": 16.184612484409396, "Substance use ": 12.853629370532426, "Tendon disorder ": 2.7638024226646825, "Therapeutic product effect delayed ": 6.61364248628943, "Therapeutic response decreased ": 2.578719328131786, "Thermal burn ": 4.782710996071542, "Thirst ": 3.5401881717143766, "Tinea infection ": 28.121610736862504, "Tinea pedis ": 16.430660482397638, "Toe amputation ": 7.771512294073851, "Type I hypersensitivity ": 3.5320080350561143, "Type III immune complex mediated reaction ": 47.4973388468732, "Type IV hypersensitivity reaction ": 2.6959263537112155, "Unevaluable event ": 2.7757365196115167, "Urine ketone body present ": 14.101791098860597, "Vision blurred ": 2.571685654584165, "Visual impairment ": 4.656397479508501, "Weight increased ": 3.0033977762618456, "Wheelchair user ": 6.771274412636358, "Wrong product administered ": 72.10811377078747, "Wrong technique in device usage process ": 7.34919612818718, "Wrong technique in product usage process ": 2.1722458020917}