{"Acute kidney injury ": 2.587392476279438, "Angioedema ": 3.835539714065976, "Atrial fibrillation ": 3.154185122295811, "Blood glucose increased ": 2.143764055540013, "Completed suicide ": 19.66567288460777, "Diabetes mellitus ": 7.759073765927343, "Diabetes mellitus inadequate control ": 24.894974495762845, "Drug interaction ": 3.1260122672941804, "Hyperkalaemia ": 6.01427606706304, "Hypoglycaemia ": 13.790223559575583, "Infusion site extravasation ": 175.88972800076286, "Lactic acidosis ": 21.52830886033204, "Loss of consciousness ": 2.3883140827112337, "Pemphigoid ": 36.49822139696445, "Product monitoring error ": 290.8439585151044, "Toxicity to various agents ": 5.338830471858231, "Tremor ": 2.0420897356310355, "Wrong patient received product ": 94.19399297381086}