{"COVID19": 1.1634628245430394, "COVID19-2": 8.196897040679152, "FLU(H1N1)": 5.913674516510985, "FLU3": 1.3269767946483588, "FLU4": 3.174603649885861, "FLUX": 1.691093575127568, "HPV4": 1.1289090272249642, "TDAP": 2.00320806558333}