{"MICARDIS": 33.597946141138486, "null": 3.3601769526731515}