{"CYTARABINE": 12.071573834927326, "EXJADE": 6.156810747961655, "KAFTRIO": 25.482286294343577, "KALETRA": 16.717448987301786, "REYATAZ": 91.59487959699156, "ROACTEMRA": 8.625370382212012, "TASIGNA": 16.73196857723267, "null": 1.0312028854936863}