{"BUSULFAN": 113.45779562216876, "OPSUMIT": 50.87624731714959, "TRACLEER": 23.360554708260626, "null": 0.9516457478709924}