{"APIXABAN": 325.4498570287546, "BUDESONIDE": 117.87009940609104}