{"VELTASSA": 291.3353824941928, "null": 0.5049055256884603}