{"ARIPIPRAZOLE": 4.792505042597516, "BUPRENORPHINE": 9.833412644520626, "CLOPIDOGREL": 4.069683823479804, "COMIRNATY": 0.8655014756196975, "CYTARABINE": 4.3491671698186, "FENTANYL": 6.943831080255423, "GARDASIL": 1.7010309434695736, "KEPPRA": 2.1763510756146363, "OLANZAPINE": 3.937358061498183, "SPIKEVAX": 0.2328318156394445, "TWINRIX": 16.515962612042877, "VAXZEVRIA": 0.5701770261779406, "null": 1.0628513183686044}