{"ADALIMUMAB": 0.2281691322734816, "AIMOVIG": 0.4011180415401929, "APROVEL": 2.316157012955151, "ARAVA": 0.2756291365497483, "BENLYSTA": 0.8196309888947786, "BRILIQUE": 1.023110034286203, "CHAMPIX": 0.32426783449911, "CICLOSPORIN": 0.6045833051540368, "CIMZIA": 0.2004857053233858, "COMIRNATY": 0.6844689303855755, "COSENTYX": 0.3443395470217258, "CYMBALTA": 0.1605806650465004, "DUPIXENT": 9.657588786118367, "ELIQUIS": 0.244318101822519, "FASLODEX": 0.8408593914254304, "GARDASIL": 0.6040838730640222, "INCIVO": 1.6969311343664524, "JAKAVI": 0.9352559160517914, "JARDIANCE": 0.8703271891962298, "KEYTRUDA": 0.3964637555027473, "MMRVAXPRO": 26.97762269354571, "NEXAVAR": 1.0662225438844048, "NIMENRIX": 2.379259540249586, "OMALIZUMAB": 0.8937619238389771, "PEGASYS": 0.4881301741263947, "PEGINTERFERON": 0.9815492457871704, "PEGINTRON": 0.5899721184616749, "RINVOQ": 0.9863090409007416, "ROACTEMRA": 1.7683711196878724, "SHINGRIX": 37.9863897226526, "SPIKEVAX": 0.5304134903219001, "STELARA": 0.4181354323422197, "STIVARGA": 1.6168382227848714, "SUTENT": 0.1231240968798134, "TOZINAMERAN": 0.6358431849531075, "VAXZEVRIA": 0.4798336116283321, "XELJANZ": 0.2444210104753963, "XOLAIR": 0.3942448261148148, "ZOSTAVAX": 29.708326729029046, "null": 1.3994479761745913}