{"CIMZIA": 18.38263412236862, "ENTYVIO": 16.54140683664536, "PEGASYS": 5.259920454766123, "STELARA": 29.601740175848995, "SUTENT": 2.9271107066077224, "VOTRIENT": 12.622624450274008, "null": 0.335079122974743}