{"ABACAVIR": 1.3960511230350103, "AFINITOR": 1.7902133183868572, "ATRIPLA": 4.103694418045182, "CICLOSPORIN": 1.3841221604784528, "CLOPIDOGREL": 1.836058877653047, "DENOSUMAB": 20.313165597450908, "ENTRESTO": 13.36585830485748, "EXJADE": 2.4061117849041787, "FORXIGA": 12.144871828577896, "JARDIANCE": 3.140052707638863, "KEYTRUDA": 1.1069036211219168, "RASILEZ": 7.777418992279464, "REVATIO": 5.492073195898689, "STRIBILD": 3.9269584221099176, "SUTENT": 2.75239839647671, "TRUVADA": 7.446884595025429, "null": 1.0292150492484766}