{"ADENURIC": 109.21631177962252, "ALEMTUZUMAB": 46.00479487808789, "COMIRNATY": 0.1825303676179422, "LEMTRADA": 46.658476293052544, "null": 0.8797037733824712}