{"CICLOSPORIN": 54.88882740040719, "null": 0.8420635730178451}