{"ABILIFY": 0.3860468788115931, "ANGIOX": 10.383147837131364, "ANORO": 0.9017768740185854, "ARAVA": 0.1023892811365658, "ARIPIPRAZOLE": 2.4303484268856086, "AVANDIA": 1.006449049276976, "BENZODIAZEPINE": 15.15325368812598, "BEXSERO": 2.558074007313248, "BRIDION": 19.376069631782933, "BRIVARACETAM": 3.03289447280678, "BUCCOLAM": 27.030711394120697, "BUPIVACAINE": 3.5617465211596944, "BUPRENORPHINE": 4.293700570245658, "CASPOFUNGIN": 1.5109979875660418, "CELLCEPT": 0.3813749977518364, "CHAMPIX": 0.2433874589910725, "CICLOSPORIN": 0.3053798623465798, "CLOPIDOGREL": 0.5250889809290592, "COMIRNATY": 0.1530133620537517, "CUBICIN": 1.912041311301508, "CYMBALTA": 0.5213603848374186, "DEXAMETHASONE": 0.8729720190135175, "DEXDOR": 15.698888846479743, "DULOXETINE": 7.05564681564225, "ELIQUIS": 0.4481006754689581, "ESBRIET": 0.4340294776079793, "ESOMEPRAZOLE": 1.4504119254178067, "EXFORGE": 0.6779359274418726, "EXJADE": 0.5221648870441397, "FENTANYL": 13.293357802471784, "GARDASIL": 0.6204924115064018, "GLIBENCLAMIDE": 2.537681922005944, "HUMALOG": 0.2693490248508786, "HYDROCORTISONE": 2.0903741293829423, "IBRANCE": 0.1174703860715965, "IBUPROFEN": 4.814101312041238, "INFANRIX": 1.5020063967621444, "INSULIN": 0.3596423293083211, "IRESSA": 0.8496848067290478, "JEVTANA": 1.2551959393384224, "KEPPRA": 0.8948119402615535, "LANTUS": 0.3137228602285932, "LEVETIRACETAM": 0.5907383030343455, "LEVOFLOXACIN": 0.4825903478343296, "LYRICA": 0.374383079849524, "MIDAZOLAM": 12.273394013827234, "MIRCERA": 2.2219640631112245, "MMRVAXPRO": 0.2698395193080549, "NAGLAZYME": 3.7352027350288832, "NALOXONE": 14.68365083925587, "NEXAVAR": 0.3446186010404762, "NOT": 7.860429297354565, "OLANZAPINE": 3.744083445579604, "OPIOID": 54.78702525440836, "OPSUMIT": 0.5226916329422583, "OXYBUTYNIN": 4.455577458540758, "PANTOPRAZOLE": 0.7624799066499428, "PEGASYS": 0.3123795610731542, "PEGINTRON": 0.2550101471664145, "PLAVIX": 0.3195331970266798, "PREGABALIN": 8.65390308627428, "PREVENAR": 3.912567626387817, "PROPRANOLOL": 11.056388594375356, "REVATIO": 2.112811488233991, "ROTATEQ": 1.3161807133932255, "SILDENAFIL": 4.4881942808425785, "SOLIRIS": 0.322260888392201, "SPIKEVAX": 0.1444638457504464, "SPINRAZA": 8.090625846430132, "STALEVO": 1.5563127483859274, "SUBOXONE": 2.004328676138488, "SUFENTANIL": 3.5092173992090943, "SUTENT": 0.2815719197524391, "SYNAGIS": 5.939632004807681, "TAMIFLU": 1.2913769140336264, "TORISEL": 1.7480386180157717, "TOZINAMERAN": 0.2511646627873112, "TRACLEER": 1.4552341557165072, "TRAZODONE": 91.75444738262584, "TRELEGY": 0.5155215355774696, "UNKNOWN": 7.437398555243909, "UNSPECIFIED": 57.9486603798576, "VAXZEVRIA": 0.049273846537433, "VIMPAT": 1.409156718595191, "VOTRIENT": 0.5660779611353818, "XOLAIR": 1.300670598973792, "ZYPREXA": 1.4704151209900047, "null": 3.888754526308427}