{"BUPRENORPHINE": 14.336940713770767, "CYMBALTA": 4.110527010473364, "LEVEMIR": 29.518148860235986, "SUBOXONE": 10.604332462773012, "ZYPREXA": 4.234480986408012, "null": 2.586880359946778}