{"COMIRNATY": 0.7090124428221841, "PEGASYS": 4.077166531413983, "PEGINTRON": 16.190850188273497, "VAXZEVRIA": 0.8656257590477695, "VIAGRA": 19.101362640800307, "null": 0.2512166165395845}