{"BUSULFAN": 190.06893961592425, "DOXORUBICIN": 185.46856782293065, "SOMATROPIN": 128.62945455890866, "null": 1.1410188114864512}