{"COMIRNATY": 2.626573297646525, "VAXZEVRIA": 1.9178097868560475, "null": 0.3773868520040616}