{"SIMPONI": 69.3848263262437, "null": 0.6671588520219112}