{"ALEMTUZUMAB": 14.969159915456345, "AMIKACIN": 18.113661635648967, "ASPARAGINASE": 46.20120275181276, "AZACITIDINE": 10.788052278201825, "AZATHIOPRINE": 4.296953895506367, "BASILIXIMAB": 24.4099178951502, "BLINATUMOMAB": 42.72199471662792, "BORTEZOMIB": 6.431472475851303, "BUDESONIDE": 6.0440470551298615, "BUSULFAN": 23.45629891576169, "CANCIDAS": 36.52320069456084, "CARMUSTINE": 17.246744755243064, "CASPOFUNGIN": 123.17096430585688, "CELLCEPT": 10.019641054440182, "CICLOSPORIN": 23.20960903153845, "CIMZIA": 1.3179539860195677, "CLADRIBINE": 23.72396171552516, "CLOFARABINE": 31.13863881843494, "CRESEMBA": 37.95264855299348, "CYTARABINE": 15.935425382432026, "DEXAMETHASONE": 10.386760328861705, "DOXORUBICIN": 5.890724589947423, "ESOMEPRAZOLE": 4.914861960065954, "GANCICLOVIR": 6.04004687555517, "HYDROCORTISONE": 4.03508640411214, "IBRUTINIB": 55.08954281720174, "JAKAVI": 4.387693849812149, "LEVOFLOXACIN": 2.2400627302207523, "MEPOLIZUMAB": 5.674142225687422, "METHOTREXATE": 3.069323690797092, "MICAFUNGIN": 77.7193910044586, "MYCOPHENOLATE": 22.9935490410116, "NOXAFIL": 30.32686296215917, "OMALIZUMAB": 1.3266701772082985, "OPDIVO": 1.4262668994433956, "POSACONAZOLE": 30.36901757396796, "RITUXIMAB": 4.614899114539711, "ROACTEMRA": 3.69058786739076, "SOLIRIS": 3.880147154559228, "TACROLIMUS": 13.91952464524402, "TAMIFLU": 1.5444390594965158, "VFEND": 38.75906954946362, "VORICONAZOLE": 57.90992094083037, "XOLAIR": 1.2211064904199287, "YESCARTA": 5.149610333616589, "null": 0.3420395866368706}