{"ACTRAPID": 6.7637408373775605, "AIMOVIG": 0.401135871979058, "ARIPIPRAZOLE": 5.0544471936301445, "AUBAGIO": 2.7378812138530573, "BENLYSTA": 1.123235290088684, "CIMZIA": 1.4053022959282904, "COMIRNATY": 4.4457074317200735, "COSENTYX": 0.7913568468631513, "ENTYVIO": 0.6958214868228767, "FASENRA": 1.6378238619775412, "HIZENTRA": 1.083399189058684, "HUMIRA": 1.3420322501500643, "IBRANCE": 0.3606112136779213, "ICLUSIG": 2.3584602267752177, "JANSSEN": 31.505736418313735, "JARDIANCE": 0.290466282608786, "JCOVDEN": 24.785248983100423, "KAFTRIO": 3.045523213154118, "KESIMPTA": 5.556937183258048, "KEYTRUDA": 0.1802187989420164, "LEMTRADA": 1.7980279958175902, "METFORMIN": 3.699339718112823, "NUCALA": 1.1561604655398503, "OMALIZUMAB": 0.9163899024730996, "PANTOPRAZOLE": 1.1907558536710616, "PLEGRIDY": 2.343851627991173, "RINVOQ": 1.253512350928312, "RITUXIMAB": 1.6627636341156264, "ROACTEMRA": 1.226144888751474, "SEMAGLUTIDE": 12.460136442818133, "SIMPONI": 0.4145798358709818, "SOLIRIS": 4.834011252177906, "SPIKEVAX": 2.9114461030813183, "SPINRAZA": 4.789618612811015, "STELARA": 1.1039566902411602, "SYNAGIS": 1.6186155744305106, "TELMISARTAN": 3.7698750474433584, "TOZINAMERAN": 2.155046444553194, "TRELEGY": 0.6354734196065625, "TREMFYA": 2.473437590364278, "VAXZEVRIA": 1.8507134354850563, "VEKLURY": 15.945922007038895, "XELJANZ": 0.4847905560369598, "XOLAIR": 0.4237221184310132, "null": 0.0695568442432439}