{"CANNABIDIOL": 228.33166332942892, "COMIRNATY": 1.3489601426583913, "SPIKEVAX": 0.9968645138129736, "STELARA": 7.141751001225828, "VAXZEVRIA": 0.8191246295678126, "null": 0.4551111918531689}