{"AIMOVIG": 1.2434760957856823, "ARAVA": 0.3898151884774748, "AVAMYS": 9.666191985819763, "BUDESONIDE": 1.0803450561536685, "CAPECITABINE": 2.594722771394552, "COMIRNATY": 0.5443714897569768, "COSENTYX": 1.2253931686778727, "DEXAMETHASONE": 0.939185331097856, "ELIQUIS": 0.4063905237724919, "ENTRESTO": 1.4843534626214197, "FASENRA": 2.329724868962989, "FLUTICASONE": 16.436782612582842, "GARDASIL": 2.0593722454874515, "HUMIRA": 2.467111749239992, "HYDROCORTISONE": 2.770592022300437, "IBRANCE": 1.1590329789360276, "MEPOLIZUMAB": 24.72955207482545, "MMRVAXPRO": 1.5660206557195635, "NIMENRIX": 2.3283171001890066, "NUCALA": 12.060427134334642, "OFEV": 3.507581480832375, "OMALIZUMAB": 9.119354964688991, "OPSUMIT": 5.242248597347933, "PANTOPRAZOLE": 6.325350553613174, "SIMPONI": 2.2592287120582357, "SPIKEVAX": 0.4138718993242189, "STELARA": 0.6779329971447855, "SUTENT": 0.2717854490756862, "TOZINAMERAN": 1.7458222319946546, "TRACLEER": 2.364734917583493, "TWINRIX": 11.77671855157093, "UMECLIDINIUM": 23.8905267024696, "VAXZEVRIA": 0.5454148464361158, "XELJANZ": 2.321015128880997, "XOLAIR": 4.112645436382335, "ZOSTAVAX": 8.261111908794483, "null": 0.7924123261461494}