{"COSENTYX": 12.097881620985778, "KALETRA": 29.81291877964241}