{"CICLOSPORIN": 17.949211266950037, "null": 0.9768327477008965}