{"ALIMTA": 6.506928888966977, "BEVACIZUMAB": 2.798264761842213, "BRAFTOVI": 5.37626273244945, "BUSULFAN": 2.7976045944644503, "CAELYX": 9.01758605148926, "CICLOSPORIN": 4.054276546222424, "COMIRNATY": 0.1050450698250094, "CONTRAST": 82.6334529674112, "COSENTYX": 2.1333108195549166, "EMEND": 12.205053323347792, "HYDROCORTISONE": 10.445511434852934, "LEVOFLOXACIN": 3.1358123947609737, "OPTIMARK": 98.62015591298464, "PEGASYS": 0.6938889134841688, "PEGINTERFERON": 2.8590961768122565, "PEMETREXED": 7.596153956270079, "SPIKEVAX": 0.0535014202411056, "SUTENT": 0.3585362394815324, "VAXZEVRIA": 0.0643285599327511, "ZOSTAVAX": 1.0071480123616643, "null": 1.7505266701189903}