{"AIMOVIG": 16.4360003560904, "ARANESP": 1.709712771209816, "BENLYSTA": 3.4356332218278096, "BENZODIAZEPINE": 5.040554654149069, "BUPRENORPHINE": 0.9561856175354976, "CARIPRAZINE": 26.793883643369128, "CLOPIDOGREL": 1.1530961404867586, "COMIRNATY": 0.0109571291268995, "COSENTYX": 7.90980797807932, "CYMBALTA": 0.2736191165044379, "FENTANYL": 1.396750958669415, "GARDASIL": 0.2581431851511615, "GLIBENCLAMIDE": 9.795380822874098, "HUMALOG": 0.8717109155020664, "IBUPROFEN": 1.8689650838940035, "KEPPRA": 6.3313198248933, "LANTUS": 0.7171235617208591, "LEVETIRACETAM": 1.0132891840962026, "LYRICA": 0.64195810518997, "METHOTREXATE": 0.4890418596095984, "MICARDIS": 1.3469320782001075, "MMRVAXPRO": 0.3652111270847282, "NEULASTA": 5.244019986987424, "NINLARO": 5.489540689415383, "NUCALA": 3.519369823198464, "OLANZAPINE": 0.9721593797942664, "PEGASYS": 0.1553267617123968, "PEGINTRON": 0.2944541581973668, "PLAVIX": 0.2584731823908684, "QUTENZA": 15.709376464122007, "SIMPONI": 35.529132067159274, "STELARA": 5.365478909753827, "SUBOXONE": 5.538336475743187, "TESTOSTERONE": 12.080499856820271, "TOZINAMERAN": 0.0385290621074979, "TREMFYA": 58.69326288632909, "TRULICITY": 1.0776868217469684, "VAXZEVRIA": 0.0335168193733084, "VIAGRA": 0.8856261238482491, "VIMPAT": 4.240859210788143, "ZOSTAVAX": 0.7136638751643477, "ZYPADHERA": 1.9337724727857728, "ZYPREXA": 1.2989358781627591, "null": 2.719416208694733}