{"CAELYX": 191.984106825042, "CICLOSPORIN": 137.82891756072598, "MYCOPHENOLATE": 116.2992879854938}