{"COMIRNATY": 0.122080082511328, "LATUDA": 22.695998013031364, "ZYPREXA": 7.375252268434184, "null": 2.307652101764861}