{"APIXABAN": 50.31116994589158, "AZATHIOPRINE": 124.56196605666882, "IBUPROFEN": 20.954325284871675, "MEPOLIZUMAB": 25.027962803260447, "NUCALA": 14.507027001928282, "OMALIZUMAB": 64.87490353304156, "XOLAIR": 9.540569282855714, "null": 0.3926335650862119}