{"ACLIDINIUM": 25.707633823946264, "ARAVA": 0.6256715702565667, "AVAMYS": 30.475380767345754, "BENLYSTA": 1.6347279390279974, "BENRALIZUMAB": 126.47872099501672, "BUDESONIDE": 10.174278711507355, "COMIRNATY": 0.0833867453208642, "COMTAN": 6.939904049131369, "COSENTYX": 2.1678719353245373, "CYMBALTA": 0.4596678101506861, "DUAKLIR": 162.67305660692028, "ELIQUIS": 0.3280547025691691, "ENTRESTO": 0.9841553555916914, "ESBRIET": 2.457834026460564, "FLUTICASONE": 28.51150452412092, "GLYCOPYRRONIUM": 81.47849535863254, "HIZENTRA": 4.46688184690968, "IBRANCE": 0.7370776849334418, "INCRUSE": 13.311410504466622, "IRON": 17.353996139877957, "MEPOLIZUMAB": 73.46591168697522, "METHOTREXATE": 1.274919201697826, "NUCALA": 26.592438097485545, "OFEV": 2.947600543336244, "OMALIZUMAB": 52.82794433218907, "OPSUMIT": 2.9237322777121864, "PEGASYS": 0.7688834887545256, "RELVAR": 11.518009619141704, "SPIKEVAX": 0.2138260027283747, "SUTENT": 0.4681719307967942, "TOZINAMERAN": 0.3016830811747645, "TRELEGY": 4.375855661394247, "UMECLIDINIUM": 24.443165832476275, "VAXZEVRIA": 0.0498561326863855, "XELJANZ": 1.8384901207534068, "XOLAIR": 16.468371354490174, "null": 0.5753263835269631}