{"COSENTYX": 8.739475723841249, "PEGASYS": 7.225551169262287, "null": 0.5189197011632688}