{"ADALIMUMAB": 0.6668245422022907, "AMIKACIN": 17.30427004045918, "ARIPIPRAZOLE": 4.486400403880586, "CASPOFUNGIN": 29.846691693096474, "CICLOSPORIN": 4.509214905666242, "CIMZIA": 2.171793439958505, "COMIRNATY": 0.1464685353377479, "COSENTYX": 2.281724282651118, "DEXAMETHASONE": 3.1925055192795573, "EYLEA": 7.106243481482463, "GARDASIL": 1.765424541168829, "HIZENTRA": 9.908606405164807, "JARDIANCE": 2.1794144221908724, "PEGASYS": 1.0614371607593909, "PEGINTRON": 2.99569724684197, "SPIKEVAX": 0.0959183405237693, "STELARA": 4.857799790224413, "TOZINAMERAN": 0.2628838309588647, "XOLAIR": 2.333086403524534, "null": 0.894589319484733}