{"ATRIPLA": 12.024172685464016, "BONVIVA": 74.54364290886284, "CIMZIA": 6.887507223734114, "ELIQUIS": 2.8931976536729365, "ENBREL": 15.234041501215229, "EVENITY": 17.55122792646365, "EVISTA": 20.131744991307844, "LOPINAVIR": 37.802660426631626, "ROACTEMRA": 5.088977555543065, "STRIBILD": 8.399935519389151, "TRUVADA": 2.8758305028396043, "XELJANZ": 3.1722264340431803, "null": 0.5873468757405759}