{"BUPRENORPHINE": 2.486913848214246, "CARBIDOPA": 13.124366268631064, "COMIRNATY": 0.2861021368850591, "CYMBALTA": 0.4842793769804228, "DENOSUMAB": 22.053231000965635, "FENTANYL": 13.255410247235424, "HUMAN": 4.81380222952927, "KEYTRUDA": 3.0529286493478844, "LEVETIRACETAM": 1.4752944519727087, "MIDAZOLAM": 11.47784632786579, "SPIKEVAX": 0.1970216682198816, "SUFENTANIL": 34.463940685367675, "SUTENT": 0.3278304816115966, "TOZINAMERAN": 0.2161742876866948, "VAXZEVRIA": 0.0852619593708641, "VOTRIENT": 1.4137097762527495, "XELJANZ": 0.6509610629915948, "null": 2.745711764634106}