{"DOCETAXEL": 9.677926406363946, "KEYTRUDA": 3.0472870298527583, "null": 2.9713736304935336}