{"SOMATROPIN": 1290.8221809123604, "null": 1.574165341041632}