{"ABACAVIR": 23.86035221745633, "COMIRNATY": 0.4229020473636268, "null": 0.5190976927156924}