{"COMIRNATY": 5.11833589302974, "FASENRA": 0.989949054957572, "HUMIRA": 0.6745708819983134, "IBRANCE": 0.336094556090771, "JANSSEN": 56.97341002569951, "JCOVDEN": 10.343684200705374, "LEVETIRACETAM": 0.5197132235781093, "NUCALA": 0.9216419325157644, "RINVOQ": 2.4478201425573203, "RITUXIMAB": 0.8815834386981751, "SIMPONI": 0.7673873020433543, "SOLIRIS": 8.458414630457044, "SPIKEVAX": 0.5161038943165297, "STELARA": 0.3222471606299112, "TOZINAMERAN": 23.59762558146328, "VAXZEVRIA": 0.1793507206173204, "XELJANZ": 0.5160595091835474, "null": 0.0530704364999007}