{"BLOOD": 2056.207203755685, "HIZENTRA": 90.43640307250324, "HUMALOG": 8.472204952114653, "PRIVIGEN": 114.04077315802948, "null": 2.718907445916165}