{"INFLIXIMAB": 43.81774354727842, "INLYTA": 14.635524403602489, "IPILIMUMAB": 325.5770944991305, "KEYTRUDA": 37.19449774509005, "NIVOLUMAB": 276.2340299667652, "OPDIVO": 95.6025489184596, "PEMBROLIZUMAB": 49.979273710275706, "YERVOY": 250.55159493718256, "null": 0.0417024308341717}