{"COMIRNATY": 0.6947162743931646, "COSENTYX": 6.602495231288865, "VAXZEVRIA": 0.7312395505748718, "null": 1.0823243895704162}