{"ADALIMUMAB": 0.1155685107496991, "AFINITOR": 1.210199767524856, "AIMOVIG": 0.4676055771810462, "ARAVA": 0.6638258763664316, "ARIPIPRAZOLE": 3.833999900297002, "BYDUREON": 0.8096950084570137, "CICLOSPORIN": 0.8805536184612707, "CLOPIDOGREL": 0.3101108563096653, "COMIRNATY": 1.8819908146350652, "COSENTYX": 3.23350390646102, "CYMBALTA": 0.1026932991777659, "CYTARABINE": 0.4399758048211692, "ELIQUIS": 0.1562008253583886, "ENBREL": 1.5396064406997363, "ENOXAPARIN": 2.290697421537317, "EVEROLIMUS": 2.49096443730201, "FASLODEX": 0.537680490620069, "GARDASIL": 1.07017768781777, "HUMIRA": 0.4598809767309001, "HYDROCORTISONE": 1.349755688534206, "LEFLUNOMIDE": 1.9024395024574257, "LEVOFLOXACIN": 0.7616313503943577, "MEKINIST": 0.6345838003028764, "MENVEO": 1.9169627933702755, "METHOTREXATE": 11.120209532348198, "MODERNA": 1.2503232768422097, "NEXAVAR": 0.2067136930512511, "OCRELIZUMAB": 2.508620157370585, "PANTOPRAZOLE": 1.828020582282719, "SHINGRIX": 2.322517785795833, "SPIKEVAX": 2.418596080556039, "STELARA": 0.6774423064575741, "STIVARGA": 0.6636452554934625, "SUTENT": 0.4557414995092718, "TOZINAMERAN": 1.5152761656273457, "VAXZEVRIA": 4.349460597378979, "XELJANZ": 1.021076123171651, "ZOSTAVAX": 0.5263717123741075, "null": 0.2744954503468229}