{"ALEMTUZUMAB": 15.298033765541591, "AUBAGIO": 2.159968391679767, "KEYTRUDA": 11.616221908715366, "LEMTRADA": 82.58039876066874, "OPDIVO": 10.746159253462151, "PEGASYS": 4.843458456607736, "PEGINTRON": 2.865633780662524, "PROPRANOLOL": 23.36938272372601, "SUTENT": 2.0195331748934207, "YERVOY": 15.645556184679588, "null": 1.2181815617617988}