{"ACLIDINIUM": 9.794300711062869, "ARANESP": 97.07337389774403, "ASPARAGINASE": 3.2819947731632566, "CLOPIDOGREL": 3.4532026165654037, "CYTARABINE": 3.438429960056684, "ELIQUIS": 3.0162374261426783, "ENOXAPARIN": 15.26265350376409, "ENTRESTO": 2.617762956053923, "EXJADE": 3.5273290095828997, "HEMLIBRA": 72.05148900873449, "KYMRIAH": 11.55304010966129, "LIXIANA": 4.705462149717445, "PLAVIX": 2.432589292809432, "PRADAXA": 24.961551686533923, "PRAXBIND": 38.83887178682311, "SPINRAZA": 5.483916253970602, "XARELTO": 12.21657314395192, "null": 1.4863132049277188}