{"ABATACEPT": 0.5769977963382406, "ABILIFY": 0.8358653374142707, "ACLIDINIUM": 1.3665837301103836, "ADALIMUMAB": 1.3797963060416705, "AFINITOR": 1.2272293098834024, "AIMOVIG": 3.885546587307346, "ALEMTUZUMAB": 2.0785364773907613, "ANAKINRA": 1.7136637720482644, "APIDRA": 2.5784233596194137, "ARANESP": 18.613193168478396, "ARAVA": 1.408650777172521, "ARIPIPRAZOLE": 2.734893341967085, "ASPARAGINASE": 0.5185157369789709, "ATRIPLA": 0.0261434509475979, "AUBAGIO": 1.6325728167373537, "AVASTIN": 1.087116451199002, "AZATHIOPRINE": 1.2753528363916296, "BARACLUDE": 9.067227968088512, "BASILIXIMAB": 3.120586472987656, "BENLYSTA": 0.8556975905742489, "BEVACIZUMAB": 1.869465910525228, "BORTEZOMIB": 4.563276934575213, "BOSULIF": 1.0444345582013843, "BOSUTINIB": 6.412247663861899, "BOTULINUM": 2.97968779389072, "BRIDION": 0.9312260600203528, "BRINTELLIX": 0.5153851774449009, "BUDESONIDE": 0.9953565423860572, "BUPIVACAINE": 9.22917049411167, "BUPRENORPHINE": 1.2559278927686215, "BUSULFAN": 0.5605411812753294, "CAPECITABINE": 1.6840148645755335, "CASPOFUNGIN": 1.7440925304205366, "CELLCEPT": 1.144251215392149, "CICLOSPORIN": 3.994162786755046, "CIMZIA": 1.9274071696072528, "CLOPIDOGREL": 0.5002383628396907, "COMIRNATY": 0.0041884760707841, "COSENTYX": 2.2244423532937376, "CYMBALTA": 1.4393383024123012, "CYTARABINE": 2.071291989921132, "DABRAFENIB": 6.037042566921579, "DAPAGLIFLOZIN": 3.1790997495259634, "DARZALEX": 1.917293531002567, "DASATINIB": 11.392688160475322, "DENOSUMAB": 2.5901418770560047, "DEXAMETHASONE": 2.301246067621852, "DOCETAXEL": 1.1148728012920297, "DULOXETINE": 0.6684133569140678, "DUPIXENT": 3.349835825989292, "EFAVIRENZ": 1.1061587429029078, "ELIQUIS": 0.5643978098919754, "EMTRICITABINE": 1.3063934804203674, "ENBREL": 5.320050389817578, "ENTECAVIR": 6.628839912534524, "ENTYVIO": 1.8110354715594168, "EPOETIN": 9.214228158083106, "ERLEADA": 1.4363493544317598, "ESOMEPRAZOLE": 1.1929712368564878, "EVEROLIMUS": 1.6195801323144077, "EVRA": 7.472287871091993, "EXJADE": 0.4608906359807057, "EYLEA": 0.7176850224506762, "FASENRA": 0.4968842520667707, "FENTANYL": 1.5891487876545267, "FLUTICASONE": 6.337294482959495, "GLIVEC": 5.865927545672381, "HEMLIBRA": 3.0126749314159555, "HEPSERA": 8.233763100962967, "HUMALOG": 0.5190383268869105, "HUMAN": 1.5927786800251198, "HUMIRA": 1.439764721760554, "IBUPROFEN": 0.9335307653848652, "ICLUSIG": 2.0393038060943285, "IMATINIB": 7.118015100878171, "INFLIXIMAB": 4.048022666873796, "INSULIN": 1.6354632455198066, "INSUMAN": 6.439673970069999, "IPILIMUMAB": 0.8427138359355079, "IRINOTECAN": 2.70123287622265, "JAKAVI": 2.919101124685876, "JANUVIA": 0.3277450362499964, "KEPPRA": 0.5725310343875231, "KEYTRUDA": 0.2383553452443826, "KISQALI": 0.7698676675342028, "KYMRIAH": 1.191074792397031, "LACOSAMIDE": 4.123239760761429, "LAMIVUDINE": 1.2322338458039137, "LANTUS": 1.1983937856153413, "LATUDA": 2.0228410513480406, "LEFLUNOMIDE": 7.3718907462375824, "LEMTRADA": 0.8733986452516236, "LEVETIRACETAM": 2.496085329388006, "LEVOFLOXACIN": 0.4702343029398336, "LINACLOTIDE": 43.49127116200479, "LURASIDONE": 7.96995221824886, "MABTHERA": 1.5881626333975718, "MEKINIST": 0.5935726368704478, "MELATONIN": 4.484357328094697, "MEPOLIZUMAB": 2.1475883197035994, "METHOTREXATE": 3.512541059595089, "MICARDIS": 0.7097066196456294, "MIDAZOLAM": 2.3630673154448174, "MIMPARA": 1.4083921958182055, "MIRCERA": 5.085444742010496, "MULTAQ": 1.665984282581103, "MYCOPHENOLATE": 1.390784676424461, "NEORECORMON": 49.68076132999248, "NEULASTA": 5.526907376088044, "NILOTINIB": 10.967238887376364, "NOVORAPID": 0.7630731749466935, "NOVOSEVEN": 42.53762691843345, "NPLATE": 83.09796888638398, "NUCALA": 3.2406581028792245, "OLANZAPINE": 1.3684021839130067, "OMALIZUMAB": 3.8016455624324794, "PAZOPANIB": 6.040715336343409, "PEGASYS": 1.1560601273801283, "PEGINTERFERON": 0.5057482066680342, "PEGINTRON": 1.393084576320316, "PEMETREXED": 2.603158947398427, "PLAVIX": 0.2788839033706914, "PREGABALIN": 1.531969777651448, "PROPRANOLOL": 3.0059664069691867, "RELVAR": 1.844078003151285, "REMICADE": 4.515607138305059, "REVLIMID": 1.2170014889561551, "RIBAVIRIN": 1.7776356728938976, "RIBOCICLIB": 2.8099632725825394, "RITUXIMAB": 1.7875325416184005, "RUXOLITINIB": 7.238686517410013, "SIMPONI": 5.762320150730029, "SOLIRIS": 1.729141779528668, "SPRYCEL": 4.487283938373748, "STELARA": 12.212703122672725, "SUBOXONE": 0.987518128930252, "TASIGNA": 2.204509276585839, "TELITHROMYCIN": 129.52114819956003, "TOUJEO": 4.557087721233061, "TOVIAZ": 4.108954361501141, "TRAMETINIB": 8.513841285544412, "TREMFYA": 6.794238734591018, "TWINRIX": 5.992508170172144, "UMECLIDINIUM": 5.095694980690195, "VEKLURY": 8.76199888577277, "VEMURAFENIB": 6.2988866555371175, "VFEND": 0.3805489436322719, "VIMPAT": 0.7471013050854426, "VIREAD": 1.0876069035569422, "VORICONAZOLE": 2.779059586604084, "VOTRIENT": 0.7942290726357165, "XELJANZ": 0.5331510544335324, "XOLAIR": 0.9293314056050588, "XYREM": 1.7465624636796564, "ZYPREXA": 0.2722246433791077, "null": 1.0060452530473172}