{"ALIMTA": 2.457834580901952, "AVASTIN": 3.4473869441765035, "BORTEZOMIB": 12.185058020817925, "BUSULFAN": 9.791256126763768, "CELLCEPT": 3.316708129116423, "CICLOSPORIN": 8.241681081605687, "CLOPIDOGREL": 11.52768710071464, "COMIRNATY": 0.2170779797544822, "KEYTRUDA": 0.7190932816458795, "KYPROLIS": 29.521433685834456, "LEMTRADA": 4.93767380130779, "PEGASYS": 3.595159884021149, "PEGINTERFERON": 4.45445813904927, "PEGINTRON": 4.25788171645187, "PLAVIX": 68.74921420691922, "SOLIRIS": 3.3505197364234096, "SPIKEVAX": 0.2155663040679871, "SUTENT": 2.1411978385745587, "TICAGRELOR": 6.361380751466973, "TOZINAMERAN": 0.5908053600597885, "VAXZEVRIA": 0.226293769586691, "ZOSTAVAX": 1.2067519340806387, "null": 0.7448116980030758}