{"COMTAN": 256.7979562969939, "null": 1.544843784942001}