{"ATRIPLA": 21.432927446876384, "ELIQUIS": 0.9747537928857982, "EVENITY": 9.020705761638062, "EVISTA": 6.86047238571675, "EXFORGE": 3.923154031353697, "FORSTEO": 10.303883257081171, "HEPSERA": 18.285661805768235, "HUMALOG": 1.7433243450855829, "LANTUS": 1.6874420448278136, "SIMPONI": 1.3559444544220731, "SPINRAZA": 13.395104867026284, "STELARA": 1.0793756259543137, "STRIBILD": 10.712464721935309, "SUBOXONE": 3.257640761404787, "TRUVADA": 16.57487096589126, "VIREAD": 6.192673703728704, "XELJANZ": 2.723282264684895, "null": 0.6019921250843516}