{"AVAMYS": 70.67433554606883, "null": 0.5417393194743858}