{"ATRIPLA": 843.057173709686, "COMIRNATY": 0.0085421806547851, "FORSTEO": 0.1633843554916905, "GARDASIL": 0.1353690533750663, "KEPPRA": 0.2431883174443667, "SPIKEVAX": 0.0103465339045445, "STRIBILD": 0.2098029981312147, "SUBOXONE": 0.2854898572121354, "TOZINAMERAN": 0.0335273362929386, "TRUVADA": 1.697707203229981, "VAXZEVRIA": 0.0071513680650044, "null": 0.0534864527124132}