{"ATRIPLA": 10.067111282495947, "null": 0.4368639307032243}