{"EYLEA": 29.816399307331, "NEVANAC": 1116.2411709572875, "TOBRAMYCIN": 55.38051686224862, "null": 7.215980155859628}