{"ABACAVIR": 0.2962042235378148, "ABILIFY": 4.514966634703039, "ACE": 2.517962398323903, "ACTOS": 0.4603650341015119, "ADALIMUMAB": 0.0770101806823953, "AFINITOR": 0.6062249389944355, "AIMOVIG": 0.0816549478190301, "ALEMTUZUMAB": 0.4512293410756433, "ALIMTA": 0.5184777082128719, "ALL": 3.397317101549877, "ALPELISIB": 1.738763597777095, "ALPHA": 84.87282914211947, "AMBROXOL": 18.03602615306352, "AMIKACIN": 1.6034807458760816, "AMINOSALICYLIC": 0.2428806617013058, "AMLODIPINE": 16.72914899626805, "ANAKINRA": 0.3866910844690257, "ANGIOTENSIN": 16.31705215644659, "ANGIOTENSINCONVERTING": 30.657637203995407, "ANTACIDS": 87.93454386707116, "ANTICHOLINERGIC": 34.113043035237474, "ANTIDEPRESSANT": 16.618445591439382, "APIXABAN": 0.4705412446691074, "APROVEL": 0.3518120794078258, "ARAVA": 0.1301005586031366, "ARIPIPRAZOLE": 7.684026989764189, "ASENAPINE": 24.842176364235915, "ASPARAGINASE": 0.496126766158394, "ATAZANAVIR": 0.7409069946714536, "ATRIPLA": 0.006432830687374, "AVASTIN": 0.7390715301789382, "AXITINIB": 0.6127840396673646, "AZATHIOPRINE": 0.5230143794683605, "BARBITURATES": 38.30106442042462, "BASILIXIMAB": 1.3159819378870283, "BEDAQUILINE": 0.2655960658199261, "BENZODIAZEPINE": 26.654608788681, "BENZODIAZEPINES": 6.998741173808761, "BETA": 26.78575417321673, "BEVACIZUMAB": 1.8892142841830768, "BEXTRA": 1.7649981429866954, "BIKTARVY": 0.3258729307297663, "BORTEZOMIB": 0.744332399696336, "BOSULIF": 0.1791820595734468, "BRAFTOVI": 0.1846393116364809, "BRIDION": 0.2563462383623369, "BRIMONIDINE": 3.4608334187773164, "BRINTELLIX": 0.3109818606951292, "BUDESONIDE": 0.1518490090826016, "BUMETANIDE": 9.163239687410714, "BUPIVACAINE": 0.7171952650803386, "BUPRENORPHINE": 9.781277989803137, "BUSULFAN": 0.9374863460686036, "BUVIDAL": 5.651454062519102, "BYDUREON": 0.0582075926379052, "CABAZITAXEL": 0.9557494281865196, "CABOMETYX": 0.5986567651049199, "CAELYX": 0.4881305687093572, "CAFFEINE": 10.85850513254288, "CALCIUM": 28.557720540389333, "CANAGLIFLOZIN": 1.6745367551030008, "CANNABIDIOL": 0.6054301170556291, "CANNABINOIDS": 16.95599428910996, "CAPECITABINE": 1.4295103986754003, "CARDIAC": 55.85553523051466, "CARFILZOMIB": 0.3506319794749948, "CARIPRAZINE": 5.09512858683184, "CARMUSTINE": 1.599050526948328, "CASPOFUNGIN": 0.3421387849119601, "CELECOXIB": 3.122081017510918, "CELLCEPT": 0.3046016739080214, "CETUXIMAB": 1.0234344769699124, "CHAMPIX": 0.1658031534180176, "CICLOSPORIN": 1.5183125890248197, "CIMZIA": 0.0381900816336627, "CIRCADIN": 0.94001167284046, "CLADRIBINE": 1.0267361369014465, "CLOPIDOGREL": 0.659330892504517, "COAPROVEL": 0.625598178908685, "COBIMETINIB": 1.8248745570393168, "COMBIVIR": 0.6765203175349559, "COMIRNATY": 0.0032965905543211, "COSENTYX": 0.0274787836640359, "CUBICIN": 0.4364067669237439, "CYMBALTA": 0.5825957496733359, "CYTARABINE": 1.0631785414525248, "DABRAFENIB": 1.0049808928359316, "DAPAGLIFLOZIN": 1.071560961810485, "DARUNAVIR": 1.2606401334292474, "DARZALEX": 0.1501001464712031, "DASATINIB": 2.471776528658698, "DENOSUMAB": 0.8730184261196775, "DESLORATADINE": 1.253032247265889, "DEXAMETHASONE": 0.6336152832258253, "DEXMEDETOMIDINE": 2.264310416950857, "DIPHENHYDRAMINE": 35.05229652468624, "DIURETICS": 8.95414886981355, "DOCETAXEL": 0.6374751305483647, "DOXORUBICIN": 0.9147803758783444, "DRUG": 8.289080547920074, "DULOXETINE": 17.49001420697533, "EFAVIRENZ": 0.7632178501823323, "ELIQUIS": 0.0716103293236742, "EMPAGLIFLOZIN": 0.546424435662971, "EMTRICITABINE": 0.8068124261059068, "ENBREL": 0.1421811683955579, "ENTECAVIR": 0.6795003168329924, "ENTRESTO": 0.0661863151663593, "ENZALUTAMIDE": 0.4189254860777962, "EPIVIR": 0.2300321507056942, "ESBRIET": 0.0878462481927245, "ESOMEPRAZOLE": 3.229505829785045, "EVEROLIMUS": 1.4271438578243507, "EXFORGE": 0.3918924736271729, "EXJADE": 0.1563113921793505, "EXVIERA": 0.4592966878190791, "FASLODEX": 0.1614962374838471, "FEBUXOSTAT": 0.8066197159069494, "FENTANYL": 16.296725348074343, "FILGRASTIM": 0.8053035422068994, "FORSTEO": 0.0356776074970812, "FORXIGA": 0.1861677436726581, "FULVESTRANT": 0.5690969967131159, "GANCICLOVIR": 0.5548564774427521, "GARDASIL": 0.0349394675218584, "GLIBENCLAMIDE": 7.289764147767682, "GLUCAGON": 4.284395064895399, "GUANFACINE": 5.460121416690418, "HARVONI": 0.2712413600425122, "HERCEPTIN": 0.1403977832896098, "HUMIRA": 0.0649711831794606, "HYDROCHLOROTHIAZIDE": 3.388301594537451, "HYDROCORTISONE": 0.3054325473261255, "IBRANCE": 0.0948508239132033, "IBRUTINIB": 1.239719542140084, "IBUPROFEN": 12.239041255489708, "ICLUSIG": 0.2698146630787776, "ILLICIT": 119.73032131122972, "IMATINIB": 0.6406229975060733, "INLYTA": 0.289203217345343, "INSULIN": 0.7640374788118607, "INTELENCE": 1.1779768536529096, "INTERFERON": 0.8557422966884931, "INVEGA": 1.9619899349981136, "INVOKANA": 0.6327994988570407, "IPILIMUMAB": 0.5182960084248083, "IRBESARTAN": 1.846614286570018, "IRESSA": 0.2184617223736855, "IRINOTECAN": 1.3346472149166448, "IRON": 4.798046025481185, "ISENTRESS": 0.4017378155073862, "JANUMET": 0.2804542492742577, "JANUVIA": 0.1944183225900342, "JARDIANCE": 0.0441158472779903, "JEVTANA": 0.3458168293773802, "KALETRA": 1.0902374334815603, "KEPPRA": 0.6836602028692178, "KEYTRUDA": 0.3403704940175397, "KISQALI": 0.2119267924481567, "KYMRIAH": 0.3305337452496104, "LACOSAMIDE": 3.667838127629629, "LAMIVUDINE": 0.2966042646132662, "LANTUS": 0.218673047967306, "LATUDA": 0.4546983895495168, "LEFLUNOMIDE": 0.730536312899, "LEVETIRACETAM": 2.8515691580952884, "LEVODOPA": 0.7884670709046158, "LEVOFLOXACIN": 5.369367564051924, "LINACLOTIDE": 26.36915637278777, "LONSURF": 0.1840020879935023, "LOPINAVIR": 1.701848832684567, "LOXAPINE": 6.251686584021923, "LURASIDONE": 8.60669550186828, "LYNPARZA": 0.1647868535723919, "LYRICA": 1.807155062322772, "MANNITOL": 1.117257624773072, "MEKINIST": 0.2436535333498133, "MELATONIN": 3.514644134928444, "MELPHALAN": 1.2213336160568704, "MEMANTINE": 1.021413276990165, "MEPOLIZUMAB": 0.073568311349561, "MERCAPTOPURINE": 1.4840969174190244, "METFORMIN": 0.6566992238185353, "METHOTREXATE": 1.1806044882100986, "MICARDIS": 0.705276450474822, "MIDAZOLAM": 4.682328346999396, "MUSCLE": 31.393186735098087, "MYCOPHENOLATE": 0.5062239368528916, "NALOXONE": 14.069781061849614, "NEULASTA": 0.1059649188811431, "NEVIRAPINE": 1.0585954913081028, "NEXAVAR": 0.276956024289952, "NILOTINIB": 0.594441432521625, "NOT": 3.802238221195037, "NOVORAPID": 0.1556787718648243, "OFATUMUMAB": 3.286302126994183, "OLANZAPINE": 8.096818824393637, "OLAPARIB": 1.0350532480776868, "OPDIVO": 0.2223434266882096, "OPIOID": 19.32159908955936, "OPIOIDS": 11.557335086071468, "OPSUMIT": 0.0440782124805916, "OSIMERTINIB": 0.9844722987198375, "OXYBUTYNIN": 4.518411269372976, "PACLITAXEL": 0.3999000889645439, "PALIPERIDONE": 8.912159776758319, "PANTOPRAZOLE": 1.7190968017518262, "PAZOPANIB": 1.15757720331662, "PEGASYS": 0.1741248676974242, "PEGINTRON": 0.0690074242706201, "PEMBROLIZUMAB": 1.423084650477569, "PEMETREXED": 1.32363846440682, "PIOGLITAZONE": 3.657993130570947, "PLAVIX": 0.0605749141756178, "POPPERS": 3.022339210321896, "POSACONAZOLE": 1.6567878588098872, "PRADAXA": 1.349691510499129, "PREGABALIN": 20.857228486778755, "PROPRANOLOL": 5.70828544843191, "QARZIBA": 2.0772291995017844, "RAPAMUNE": 0.3964460968799231, "REPAGLINIDE": 1.703946821084553, "REVLIMID": 0.264487192797736, "RIBOCICLIB": 0.661801504087005, "RISPERIDONE": 7.321933732415831, "RITONAVIR": 1.7027323522275688, "RITUXIMAB": 0.5638972452524411, "RIVAROXABAN": 7.987782435999422, "RUBRACA": 0.3879995666799861, "SIFROL": 0.3036853050289843, "SILDENAFIL": 2.6235078789012847, "SITAGLIPTIN": 5.338830471858231, "SKELETAL": 89.14388211807089, "SODIUM": 19.5116998130631, "SOMATROPIN": 0.6104437416737697, "SORAFENIB": 1.2638936021967937, "SOVALDI": 0.27737154250883, "SPIRONOLACTONE": 1.2564356799513337, "SPRYCEL": 0.1531909975347309, "STALEVO": 0.3786810057289859, "STELARA": 0.0310371809322329, "STIVARGA": 0.2559277541846951, "STRIBILD": 0.0557368872709763, "SUBOXONE": 4.152196215821857, "SUFENTANIL": 0.3367192315011579,