{"IBUPROFEN": 25.90013908488394, "null": 0.9305655115667494}