{"AZATHIOPRINE": 128.54952425366668, "THALIDOMIDE": 200.82207246801983, "null": 2.1956295684010647}