{"ABATACEPT": 0.5385063389211145, "ADALIMUMAB": 0.5826028531673003, "AFINITOR": 2.5390521659027487, "AMINOSALICYLIC": 1.4890048765146149, "ANAKINRA": 5.779120324456717, "ARAVA": 0.1502164139968759, "AVASTIN": 2.0286384818830143, "AZATHIOPRINE": 2.9501261135963905, "BENLYSTA": 1.8498704292582293, "BOSULIF": 5.0678119604874485, "BOSUTINIB": 18.204187933751985, "BYETTA": 1.1460868440756151, "CABOMETYX": 1.9397132904790344, "CELLCEPT": 1.138424117683679, "CHAMPIX": 0.6012068491253983, "CICLOSPORIN": 4.363843211353024, "CIMZIA": 1.199156029599272, "CLOPIDOGREL": 1.933497938183183, "COMIRNATY": 0.1038710258606835, "COSENTYX": 1.6645728947269076, "EFAVIRENZ": 5.465337607230384, "ELIQUIS": 2.112313187727061, "ENBREL": 9.34823513632258, "ENTYVIO": 4.8769346220619605, "ESBRIET": 1.4224868182197512, "EXFORGE": 2.2234445772559046, "EXJADE": 3.0102400110794845, "HUMALOG": 0.9933726983585828, "HUMIRA": 4.719838736723057, "IBRANCE": 1.0397888222208114, "IMIQUIMOD": 44.77487349557784, "INSULIN": 1.178897705170847, "JAKAVI": 3.6699538487253154, "JANUMET": 1.06727274225786, "JANUVIA": 1.545783705415203, "JARDIANCE": 0.8097931397305397, "KEPPRA": 0.8569264719467106, "LANTUS": 1.5067703487116164, "LYRICA": 0.9685909799844348, "METHOTREXATE": 1.241736209091468, "NEXAVAR": 1.3666896657539316, "OLANZAPINE": 0.7912512369860999, "OPTIMARK": 2.368667764915237, "PEGASYS": 0.9549119652554696, "PEGINTRON": 0.5629329609790039, "PLAVIX": 4.049655822917474, "RINVOQ": 5.210048446739557, "ROACTEMRA": 1.545660803421352, "SHINGRIX": 0.6425479184101043, "SIMPONI": 1.0297362123050138, "SPIKEVAX": 0.0725763027744316, "STELARA": 1.4160592462328372, "SUBOXONE": 1.3529298990553325, "SUTENT": 1.8588394907580648, "TASIGNA": 2.1698387238703507, "TOZINAMERAN": 0.3930883249781519, "TRACLEER": 1.1938341810944646, "VAXZEVRIA": 0.1630322074857393, "VOTRIENT": 1.356946678642695, "XELJANZ": 2.080804841943578, "XTANDI": 0.6715621744461422, "ZOSTAVAX": 1.2910379938542365, "ZYPREXA": 0.742404199218345, "null": 1.19783954165193}