{"ADEMPAS": 42.805849628433954, "CELLCEPT": 9.678896194474495, "COMIRNATY": 0.2593843964633289, "ENTRESTO": 7.829788801541455, "SYNAGIS": 21.10220807567137, "null": 1.309882380751252}