{"ALEMTUZUMAB": 59.13026142906176, "BUSULFAN": 39.907332911292194, "CICLOSPORIN": 32.51709629141625, "null": 1.2096867185793874}