{"CICLOSPORIN": 6.685174420729597, "CLOPIDOGREL": 9.722797886507577, "COMIRNATY": 0.2608369246014607, "null": 1.3822654475560263}