{"ALEMTUZUMAB": 10.103762871270929, "ATRIPLA": 0.5156995337324634, "CHAMPIX": 1.8507113551139005, "COMIRNATY": 0.1479306484531956, "EXJADE": 3.849751641714897, "FENTANYL": 4.883546652936865, "FORXIGA": 12.060240800981637, "JARDIANCE": 1.8771474889030328, "SPIKEVAX": 0.1621921695248616, "SUTENT": 1.0098593710989043, "TOZINAMERAN": 0.4445210986169274, "VAXZEVRIA": 0.2310318369520951, "null": 1.6249922619642}