{"ALEMTUZUMAB": 19.361307958764133, "APIDRA": 14.100172757264286, "COMIRNATY": 0.0855946322615936, "FORXIGA": 55.4267246337684, "HUMALOG": 10.57261347799306, "INSULIN": 8.97634961452124, "JARDIANCE": 48.29836515409082, "LANTUS": 7.595116202992573, "NOVORAPID": 32.51346036899803, "null": 0.4599849651734293}