{"JARDIANCE": 132.51972959503632, "null": 0.1905686738196838}