{"CLOPIDOGREL": 16.991147819062622, "ELIQUIS": 13.782580593129104, "null": 0.7584086883951331}