{"COMIRNATY": 2.373579197427477, "GARDASIL": 1.4187050566002306, "MODERNA": 2.4439496973921404, "SPIKEVAX": 6.48450616608554, "TOZINAMERAN": 2.203612449146592, "VAXZEVRIA": 0.5769874624054085, "XOLAIR": 3.624366755925291, "null": 0.2615634972625275}