{"COMIRNATY": 0.7083571866281364, "null": 3.632688893414892}