{"DOCETAXEL": 92.37019843880036, "VOTRIENT": 79.10750355765147, "null": 0.5137590138209702}