{"MISOPROSTOL": 1028.3502611416975, "null": 9.56476657973407}