{"FORSTEO": 14.07737883444102, "null": 1.0998399091416058}