{"COMIRNATY": 2.2215181852691925, "VAXZEVRIA": 4.156817411213976, "null": 0.1454189034531735}