{"ENTRESTO": 31.065263152780187, "IRBESARTAN": 169.5080842160149}