{"ALEMTUZUMAB": 63.0841236046378, "ASPARAGINASE": 11.276923933617104, "BUSILVEX": 754.830182378999, "BUSULFAN": 300.03751762238073, "CICLOSPORIN": 10.348914914976222, "CYTARABINE": 12.064854536810708, "DEFITELIO": 456.3790143771198, "EXJADE": 3.823129080982479, "METHOTREXATE": 3.671900438072597, "ONCASPAR": 28.06381476138436, "null": 0.5644741979352509}