{"ENTRESTO": 35.229315701683525, "IVABRADINE": 909.621439087268, "null": 0.8977937983663031}