{"ASPARAGINASE": 3.6051049870984873, "AVASTIN": 6.475433388889466, "COMIRNATY": 3.100909232320553, "ELIQUIS": 1.1278832947704085, "EVISTA": 10.71753438044166, "KEYTRUDA": 0.6599867245901508, "MODERNA": 1.5181319481193625, "NOVOSEVEN": 26.47923832804478, "RINVOQ": 7.449497138615168, "SPIKEVAX": 1.0595813123426436, "STELARA": 0.7002336077691635, "SUTENT": 0.4907404807837894, "THALIDOMIDE": 11.007824549815108, "TOZINAMERAN": 0.1147970726473566, "VAXZEVRIA": 1.7822051394828635, "XELJANZ": 0.5573885314896897, "ZYPREXA": 1.5862232038316673, "null": 0.3863204713175797}