{"ABILIFY": 2.1231097998404977, "APIXABAN": 4.162451003558801, "AVANDIA": 4.790327141951398, "BENZODIAZEPINES": 105.43338101016818, "BUPIVACAINE": 12.484878862383413, "CICLOSPORIN": 1.0787019690192996, "CLOPIDOGREL": 1.5544253436031872, "COMIRNATY": 0.1985949843183972, "DEXAMETHASONE": 1.6095321363132162, "ENTRESTO": 4.719421345014501, "FENTANYL": 2.0309089728746605, "IVABRADINE": 45.93901715551617, "OLANZAPINE": 4.674510244012757, "SPIKEVAX": 0.0862361954554531, "TOZINAMERAN": 0.2132528826863683, "VAXZEVRIA": 0.0714904907300307, "null": 3.088826875164941}