{"CLOPIDOGREL": 19.23301268817037, "PLAVIX": 20.92272383545631, "null": 1.2533913376355132}