{"BUPRENORPHINE": 96.14786459599166, "null": 1.1487346130258136}