{"LUVERIS": 1068.125355537261, "null": 1.36704737227687}