{"COMIRNATY": 0.8348754635193031, "GARDASIL": 2.061062885187697, "KALETRA": 6.187140152641053, "KEPPRA": 2.00847525755037, "LANTUS": 1.991641204742664, "SPIKEVAX": 0.3139342140978404, "SUTENT": 2.178228094310436, "TOZINAMERAN": 1.720345811974361, "VAXZEVRIA": 0.3328605015398255, "XELJANZ": 1.7702939381151024, "XTANDI": 2.150272596352453, "null": 1.3815686036833172}