{"ABACAVIR": 0.7423761840443291, "ABASAGLAR": 2.27398926473085, "ABATACEPT": 0.2309914471220095, "ABILIFY": 0.7180352388476124, "ABRAXANE": 1.901588802020733, "ACETYLSALICYLIC": 4.792868753691911, "ACLASTA": 1.391388731434527, "ACLIDINIUM": 0.2527320194454524, "ACTOS": 1.6121098956268642, "ADALIMUMAB": 0.9889432897836444, "ADCETRIS": 0.8016141040697448, "ADCIRCA": 1.1226897742733304, "ADEMPAS": 1.410941990674902, "ADENURIC": 0.6910901768753446, "AERIUS": 0.5896787999386572, "AFINITOR": 2.555687137220496, "AGOMELATINE": 2.26619573459899, "AIMOVIG": 1.9967519876913475, "ALDARA": 0.8167625957279784, "ALEMTUZUMAB": 0.6524295643947178, "ALIGN": 9.531297239540326, "ALIMTA": 0.8590375367182009, "ALL": 1.3931645080069237, "ALOGLIPTIN": 4.626743628226365, "ALPELISIB": 3.1720607052156304, "AMBRISENTAN": 2.920628145350486, "AMIKACIN": 1.393052326723889, "AMINOSALICYLIC": 5.490725383114952, "ANORO": 0.1211514058111527, "ANTIBIOTICS": 1.2226322868923645, "APIDRA": 1.6169306954389184, "APIXABAN": 0.2487227093055384, "APREMILAST": 2.161337933005101, "APROVEL": 0.860084411878482, "ARANESP": 0.5907572282338782, "ARAVA": 0.5593955146393544, "ARIPIPRAZOLE": 0.3983827124391247, "ASPARAGINASE": 0.11882189112362, "ATAZANAVIR": 1.0957043854639217, "ATEZOLIZUMAB": 0.6379085758733365, "ATRIPLA": 0.1275460988770163, "AUBAGIO": 2.1545862655389856, "AVAMYS": 2.75189376095752, "AVANDAMET": 0.1985760657148272, "AVANDIA": 0.2746955430505085, "AVASTIN": 1.0677265948256642, "AVELUMAB": 1.1100722543489854, "AVONEX": 0.9019170813918196, "AXITINIB": 2.6923232928725342, "AYESURBY": 31.288625526700592, "AZACITIDINE": 0.290354796003932, "AZATHIOPRINE": 2.815352605715004, "AZILECT": 0.7303344774425622, "BARACLUDE": 0.8040840340884557, "BEDAQUILINE": 1.856413255066785, "BENLYSTA": 1.9614088648339127, "BENRALIZUMAB": 1.1425982329072817, "BETAFERON": 0.7642247382224138, "BEVACIZUMAB": 1.6577872943013454, "BEXTRA": 1.3558459918341734, "BIKTARVY": 0.6684370308370731, "BOCEPREVIR": 4.175382113698321, "BONVIVA": 0.4444764048242918, "BORTEZOMIB": 0.480297651424791, "BOSULIF": 2.461932582747204, "BOSUTINIB": 1.1856777255840956, "BRAFTOVI": 1.339063225445494, "BRILIQUE": 0.65615675470818, "BRINTELLIX": 0.6525560711179291, "BRIVARACETAM": 0.7111059759329201, "BRIVIACT": 0.9917158191210452, "BUDESONIDE": 3.5594145992663533, "BUMETANIDE": 1.874852814958346, "BUPIVACAINE": 0.450242097045546, "BUPRENORPHINE": 1.0676820975201138, "BUSULFAN": 0.0836433415495884, "BUVIDAL": 1.2719076146527617, "BYDUREON": 4.881712833193152, "BYETTA": 9.762070956572993, "CABOMETYX": 4.018071666866069, "CAELYX": 0.4382669546108698, "CANNABIDIOL": 0.7991015267297341, "CAPECITABINE": 1.504885601891217, "CAPRELSA": 1.1164997384410815, "CARBIDOPA": 0.6906810472144072, "CARIPRAZINE": 2.6920873052523704, "CELECOXIB": 0.3453044703632776, "CELLCEPT": 1.3523661791718802, "CETUXIMAB": 1.308772721792287, "CHAMPIX": 0.7029703796157207, "CIALIS": 0.4532215033111583, "CICLOSPORIN": 0.9060663576364084, "CIMZIA": 0.7461390829968914, "CINACALCET": 1.3481792507445505, "CLOPIDOGREL": 0.5467339918605737, "COAPROVEL": 0.6506707695566144, "COMBIVIR": 1.392041105013086, "COMIRNATY": 0.2040716460998318, "COMPLEMENT": 3.5865896688447374, "COMTAN": 1.933057404174763, "COMTESS": 2.764306157869938, "COSENTYX": 1.4719574110574103, "COTELLIC": 1.3888897432029756, "CRESEMBA": 0.9297742091541694, "CRIXIVAN": 1.397581663683924, "CUBICIN": 0.1746679695492738, "CYMBALTA": 1.1183115970859536, "CYTARABINE": 0.306815411204384, "DABRAFENIB": 0.480608676058327, "DACLATASVIR": 1.0333404446519812, "DACOGEN": 3.5838359404994424, "DAKLINZA": 0.4699918230680172, "DALIRESP": 3.316367341468318, "DAPAGLIFLOZIN": 4.5573218799078825, "DARUNAVIR": 1.072721023607064, "DARZALEX": 0.3883556056274933, "DASATINIB": 0.873759024047051, "DAXAS": 4.09835450614966, "DELAMANID": 1.7774992768173945, "DENOSUMAB": 1.0184669539395372, "DESCOVY": 2.008572677562373, "DEXAMETHASONE": 0.6444683010354406, "DOCETAXEL": 0.624312662864615, "DOLUTEGRAVIR": 1.0714652827298543, "DOXORUBICIN": 1.0291513518555229, "DULAGLUTIDE": 4.430660073619064, "DULOXETINE": 1.0386550669571502, "DUPIXENT": 0.7421072542354186, "EFAVIRENZ": 1.8322118634801337, "ELIQUIS": 1.3764091364963569, "EMEND": 0.3649167934871275, "EMPAGLIFLOZIN": 2.4188168141176245, "EMTRICITABINE": 0.7952488248759001, "EMTRIVA": 1.450583083509655, "ENBREL": 0.6928530779026177, "ENTACAPONE": 0.691610049384307, "ENTECAVIR": 0.8585215783687705, "ENTRESTO": 1.551024011157278, "ENTYVIO": 1.8574176934120357, "ENZALUTAMIDE": 1.7219770693566567, "EPCLUSA": 0.7351803485520111, "EPIDYOLEX": 2.4581375408619914, "EPIVIR": 1.0681934675588267, "EPOETIN": 0.8007377676277775, "ERBITUX": 0.3713406847856441, "ERENUMAB": 5.705046965155704, "ERLEADA": 1.681333345942644, "ESBRIET": 7.551552086664238, "ESOMEPRAZOLE": 1.7115434036349646, "ETANERCEPT": 0.7972738309266605, "EUCREAS": 3.4346742377569863, "EVENITY": 0.3915420108042267, "EVEROLIMUS": 0.8958882476216619, "EVISTA": 0.6814647683254695, "EXELON": 1.6995171597535998, "EXENATIDE": 5.429548847765617, "EXFORGE": 1.046006265776766, "EXJADE": 1.0524796212948273, "EXVIERA": 1.1093078815420134, "EYLEA": 0.1326847056911927, "FAMPYRA": 0.7434479823034602, "FASENRA": 0.9838126147232874, "FASLODEX": 1.549688512968308, "FEBUXOSTAT": 0.5285268295981166, "FENTANYL": 0.4345286498460262, "FIASP": 0.5671847973734839, "FILGRASTIM": 1.1562684830706491, "FIRDAPSE": 2.169741021286349, "FORSTEO": 2.253131953826845, "FORXIGA": 6.610054768009659, "FOTIVDA": 1.938706383306933, "FULVESTRANT": 1.6276172880474926, "FYCOMPA": 0.9078363801440016, "GALAFOLD": 0.8311258224225314, "GALVUS": 1.828942717629864, "GANCICLOVIR": 0.4149614392593503, "GARDASIL": 0.8648401120646679, "GAZYVARO": 0.6708960362311188, "GENVOYA": 0.7966905006227175, "GILENYA": 1.6376352686909532, "GLIBENCLAMIDE": 1.0197708960814906, "GLIVEC": 0.8394955394485816, "HALAVEN": 0.482812959136621, "HARVONI": 0.8026034876303487, "HEMLIBRA": 0.7393320366590801, "HEPSERA": 0.7090785517364437, "HERCEPTIN": 1.0353949508475688, "HIZENTRA": 1.260547156368429, "HUMALOG": 2.2504572642866565, "HUMAN": 0.3305340049738128, "HUMIRA": 1.5152388424526977, "HYCAMTIN": 0.5070872304908153, "HYDROCHLOROTHIAZIDE": 1.0683689944393069, "HYDROCORTISONE": 0.4962376530314825, "HYQVIA": 0.7428511590750818, "IBRANCE": 2.150070288052819, "IBUPROFEN": 0.8442227093954612, "ICLUSIG": 0.5302285162309048, "ILARIS": 6.237837279806731, "IMATINIB": 1.1166291344911865, "IMBRUVICA": 0.953499635417404, "INCIVO": 2.4820348469567324, "INCRUSE": 0.3008125327363143, "INDINAVIR": 1.8117083444216664, "INFERGEN": 2.171061607762524, "INFLECTRA": 3.793545161863571, "INFLIXIMAB": 1.6430734202248651, "INLYTA": 4.746617401481346, "INSULATARD": 0.8654757572610873, "INSULIN": 2.3731650129182484, "INTELENCE": 0.8959812286908331, "INTERFERON": 3.0075023352844235, "INTRONA": 2.4580696854777937, "INVIRASE": 1.2983585603123244, "INVOKANA": 2.949246785447349, "IPILIMUMAB": 1.309840667196593, "IRBESARTAN": 0.3801662128801191, "IRESSA": 1.186133146838736, "IRINOTECAN": 1.4078931678422992, "IRON": 0.7398361263395873, "ISCOVER": 1.580434627803686, "ISENTRESS": 0.625527907781306, "JAKAVI": 1.3512611047523224, "JANUMET": 2.380680591898834, "JANUVIA": 1.6333710800393195, "JARDIANCE": 5.681361517523005, "JEVTANA": 0.5142192566184094, "KAFTRIO": 0.7178428349171923, "KALETRA": 1.1769283787093507, "KALYDECO": 1.4054387631572294, "KARVEA": 2.619495660694392, "KEPPRA": 1.71237445717058, "KESIMPTA": 0.3162756524428136, "KEYTRUDA": 1.2896785014459455, "KISQALI": 1.1876318886444404, "KUVAN": 1.254539330103548, "KYMRIAH": 0.104446766011149, "KYPROLIS": 0.4195205644383317, "LACOSAMIDE": 0.3335863931325007, "LAMIVUDINE": 1.7356778637001549, "LANTUS": 1.7374718879370503, "LATUDA": 1.9805147182754437, "LEFLUNOMIDE": 0.7877362737836027, "LEMTRADA": 1.2286025454033531, "LENVIMA": 3.4954101867392464, "LEVEMIR": 1.2102387913114114, "LEVETIRACETAM": 1.0508120423592946, "LEVODOPA": 0.4664052082546907, "LEVOFLOXACIN": 0.3961797077791734,