{"ABATACEPT": 8.118497490867515, "ADALIMUMAB": 10.921455017242142, "AFINITOR": 1.654276654659277, "ARAVA": 0.8367685695214421, "AUBAGIO": 1.4421331210568014, "AVASTIN": 7.558858208689822, "BENLYSTA": 2.7632341605416224, "BEVACIZUMAB": 4.874813401381169, "CICLOSPORIN": 1.8263227738262884, "CIMZIA": 1.7256036760617206, "COMIRNATY": 0.0461536848809835, "COSENTYX": 2.3424363049293078, "ELIQUIS": 1.1189096559133325, "EXJADE": 2.223586435813285, "FIRDAPSE": 7.93707873892532, "HIZENTRA": 3.262221942324613, "HUMALOG": 3.0539794830308247, "IBRANCE": 2.320097761082506, "IBUPROFEN": 1.8026606837405923, "ILARIS": 220.4631259569844, "INSULIN": 1.8920948154341672, "LANTUS": 1.4239727240899254, "MEPOLIZUMAB": 6.120710053218754, "MYCOPHENOLATE": 7.200708827071009, "NEXOBRID": 560.1063922133287, "RITUXIMAB": 2.016463340231286, "ROACTEMRA": 4.690500675563875, "SIMPONI": 2.471649819295023, "SOMAVERT": 82.84083206435105, "STELARA": 1.0351942018378415, "SUTENT": 2.8503196032162275, "XELJANZ": 6.105363076197313, "null": 0.6495244003892353}