{"ARAVA": 7.659872583032724, "SIMPONI": 13.53340281014781, "null": 1.1015772843865073}