{"AIMOVIG": 3.505792839102841, "ANORO": 22.184309370255598, "APIDRA": 7.3483526810313, "BENLYSTA": 13.667536751165205, "BYDUREON": 33.77845537236623, "BYETTA": 3.4736591190419754, "CICLOSPORIN": 0.5602924827535963, "COSENTYX": 2.8694225534210944, "FASENRA": 14.47628150270339, "FIASP": 9.870899817844604, "INCRUSE": 24.373815622404315, "INSULIN": 1.7727391148058862, "LANTUS": 12.03046236401724, "MOVYMIA": 169.257777761374, "NEULASTA": 5.898162686277333, "NOVORAPID": 5.8938025206347975, "NUCALA": 7.751502087395275, "RELVAR": 14.33720168115818, "TERROSA": 44.20027338226655, "TOUJEO": 23.08276218074281, "TRELEGY": 69.04004903532625, "null": 2.6158460763500195}