{"COMIRNATY": 6.233782305272988, "SPIKEVAX": 2.0249198067576746}