{"ARAVA": 4.605848588112912, "null": 1.121496548140921}