{"ALEMTUZUMAB": 74.40462534909389, "BASILIXIMAB": 46.38427783947407, "BUSULFAN": 200.55528389491263, "CANCIDAS": 28.6298501178443, "CELLCEPT": 4.672818127119497, "CICLOSPORIN": 107.34010978057256, "CYTARABINE": 5.789035605391401, "MELPHALAN": 64.2556300606548, "METHOTREXATE": 6.581540307748151, "MYCOPHENOLATE": 29.80960152005947, "THIOTEPA": 162.54282149464166}