{"VICTOZA": 39.728175712834606, "null": 1.001406191400178}