{"CHAMPIX": 36.41218226056184, "null": 1.7609822260584742}