{"ACLIDINIUM": 72.1848462799333, "APIXABAN": 26.04438636805492, "BUDESONIDE": 153.45661151596155, "MEPOLIZUMAB": 15.12851016024404, "NUCALA": 35.292782774382566, "OMALIZUMAB": 59.39389636963968, "ORKAMBI": 84.25134927806295, "XOLAIR": 7.645767157499886}