{"ARAVA": 0.6912452070997005, "ASPARAGINASE": 13.61118293712399, "BEDAQUILINE": 15.179544476593026, "CANCIDAS": 14.859991202012823, "CICLOSPORIN": 1.3795545395685416, "CLOPIDOGREL": 1.037363068303125, "COMIRNATY": 0.0296291565673015, "EXJADE": 8.415419366528496, "EXVIERA": 19.84365712763798, "KAFTRIO": 7.558200897996182, "KALETRA": 7.593801338333776, "LEVOFLOXACIN": 1.7572450286432115, "NOXAFIL": 20.31168938613883, "PEGASYS": 0.8521353593766691, "PEGINTERFERON": 4.750818852246233, "PEGINTRON": 1.4837169402329775, "SOLIRIS": 3.0858455178312214, "STIVARGA": 7.916564433898229, "TASIGNA": 3.171039464239067, "TRACLEER": 12.174626518170689, "VFEND": 7.218602277848142, "ZYPREXA": 1.2833119492748803, "null": 1.6897907733118818}