{"AMIKACIN": 89.69608075187472, "ZOSTAVAX": 11.876445600458094, "null": 0.4951556158540893}