{"ABATACEPT": 29.590680782105757, "ADALIMUMAB": 48.15333941329076, "AIMOVIG": 3.5459097328053164, "AMINOSALICYLIC": 7.442237717755549, "ANAKINRA": 30.275370316116856, "APIXABAN": 1.0285883929505482, "APREMILAST": 21.789986044552595, "APREPITANT": 8.214585091180096, "ARAVA": 19.30095736263544, "AZATHIOPRINE": 6.863650239501189, "CELECOXIB": 3.04590867013248, "CERTOLIZUMAB": 28.349040487497543, "CICLOSPORIN": 1.6341785393641703, "CIMZIA": 4.372986392654715, "COSENTYX": 3.9448274322019774, "ENBREL": 21.535569730360656, "ENTYVIO": 1.0637241658473569, "ERELZI": 10.186203244282844, "HUMIRA": 2.036057716825601, "IRBESARTAN": 1.949336340402484, "MYCOPHENOLATE": 3.4257231173121463, "RITUXIMAB": 1.431458824236587}