{"ARAVA": 2.989895740836226, "CIMZIA": 6.778591043839805, "DASATINIB": 134.67193232387604, "ENBREL": 33.268955885801326, "HUMIRA": 34.479027743948826, "KYMRIAH": 31.558231966858525, "ROACTEMRA": 20.935020794155918, "XELJANZ": 3.93774690829397}