{"ABACAVIR": 13.045411982848195, "AFINITOR": 9.759370540798306, "CICLOSPORIN": 8.69519941681243, "JANUMET": 10.352645198801184, "NEXAVAR": 14.390225556137}