{"LEFLUNOMIDE": 121.48399723409564, "RITUXIMAB": 41.44434942048056, "null": 1.3753456829556248}