{"ALEMTUZUMAB": 2.1130527141253905, "AMIKACIN": 19.01015777720368, "ANIDULAFUNGIN": 44.95447980235934, "ANORO": 5.039620040699715, "ASPARAGINASE": 5.918117277077505, "ATAZANAVIR": 1.577568362463256, "ATEZOLIZUMAB": 10.800806483576087, "AZACITIDINE": 4.14091601393544, "AZATHIOPRINE": 2.8468750057959404, "BEDAQUILINE": 6.310084126652108, "BEVACIZUMAB": 4.321454184568975, "BORTEZOMIB": 10.194915393785427, "BUDESONIDE": 1.8461622365129384, "BUSULFAN": 6.315696963843496, "BYETTA": 1.1947927916261858, "CAELYX": 2.6094743054828635, "CANCIDAS": 9.611115186967746, "CARMUSTINE": 5.469791678663731, "CASPOFUNGIN": 41.04627990913524, "CELLCEPT": 1.9182514251148612, "CICLOSPORIN": 3.49997986428728, "CIMZIA": 1.0180598670836594, "COSENTYX": 6.045459919024995, "CRIXIVAN": 2.9999920749246627, "CUBICIN": 4.7311635423765965, "CYTARABINE": 6.608983697144195, "DAPTOMYCIN": 21.135313253024226, "DEXAMETHASONE": 4.102949968995659, "DOCETAXEL": 1.3761889409463588, "EMPAGLIFLOZIN": 25.41204143331916, "EPIVIR": 2.671800635708834, "FORXIGA": 13.982095517778374, "HIZENTRA": 1.4107338872500597, "HUMIRA": 2.8393002074381046, "IBRANCE": 1.077698876911165, "IBUPROFEN": 1.015001639830676, "INFLIXIMAB": 3.014747463427676, "INLYTA": 1.220775774087001, "JARDIANCE": 15.833458235358629, "KALETRA": 1.0796692449250789, "KYMRIAH": 1.2589610574068768, "LEVOFLOXACIN": 1.5560531289633464, "LOPINAVIR": 12.82948398275084, "MEPOLIZUMAB": 1.697762666759134, "METHOTREXATE": 1.4249966719237364, "MICAFUNGIN": 32.02128236375394, "MYCAMINE": 30.64944417198894, "MYCOPHENOLATE": 1.5776082196973222, "NEULASTA": 2.610466698312362, "NOT": 2.76320646320378, "OMALIZUMAB": 1.0762602486434305, "PANTOPRAZOLE": 1.2504387595944666, "PEGASYS": 1.6051102105941673, "PEGINTERFERON": 1.6954497839509264, "PEGINTRON": 1.391257695539971, "POSACONAZOLE": 13.488552157105609, "RELVAR": 5.334674592976599, "REMICADE": 2.821203497001449, "RITUXIMAB": 2.4289256053844577, "SIMPONI": 1.4815348169933709, "SOLIRIS": 1.881885961415308, "SUTENT": 1.4164872914210038, "TACROLIMUS": 13.267752348376414, "TRELEGY": 8.759061066066417, "VFEND": 2.6185534434078788, "VORICONAZOLE": 9.04924073335292, "VOTRIENT": 1.038505256783835, "null": 1.0863883218063142}