{"BASILIXIMAB": 83.3389577531939, "CASPOFUNGIN": 51.16930604706874, "CYTARABINE": 27.2784983733701, "DOCETAXEL": 17.748759751848592, "JARDIANCE": 7.745567236286045}