{"ARAVA": 2.812448869023186, "ELIQUIS": 3.7236843740390784, "null": 1.3175622279198935}