{"OPSUMIT": 52.08328124333962, "null": 1.5870959564812956}