{"APIDRA": 6.0071435062116, "ARAVA": 0.0710000594003582, "AUBAGIO": 1.9092598439359496, "AVANDIA": 1.789854954876147, "AVASTIN": 3.1645462352911022, "BEOVU": 24.55406213144068, "BYDUREON": 1.0922231421409792, "BYETTA": 0.9349324090352568, "COMIRNATY": 0.3676153258443027, "CYMBALTA": 0.3537722451241292, "CYTARABINE": 0.9299511972915524, "ELIQUIS": 1.1600024424900983, "ENBREL": 0.420773378163201, "EVISTA": 4.395097284598544, "EYLEA": 144.4170743073148, "FASLODEX": 0.9078185823808416, "GARDASIL": 0.6917492914655401, "HUMALOG": 11.9967899419334, "IBRANCE": 0.6744521794872125, "ICLUSIG": 5.637633234211379, "INSULIN": 2.5049992541720925, "JANUMET": 1.550385673207599, "JARDIANCE": 1.2650504376137992, "KEPPRA": 0.4152397153337949, "KEYTRUDA": 0.3085969937434491, "LANTUS": 9.289349879820826, "LEVEMIR": 5.340403860424591, "LYRICA": 0.8948164032884344, "MEKINIST": 2.2733837825056304, "NEVANAC": 10.516404783580237, "NUCALA": 0.6369167980896078, "PEGASYS": 1.1574213202269317, "PEGINTRON": 1.7010172017240754, "PLAVIX": 1.3437920864707298, "PLEGRIDY": 2.492668133578598, "REVATIO": 1.6060031373072634, "ROACTEMRA": 1.1268073817177189, "SHINGRIX": 0.921416023158096, "SILDENAFIL": 2.2911830730152403, "SPIKEVAX": 0.4684520756749971, "STELARA": 0.4150296231051164, "SUTENT": 0.2293625928277743, "TASIGNA": 0.8670572150904015, "TOZINAMERAN": 0.7147548959653273, "TRELEGY": 1.912612728158182, "TRULICITY": 1.885270432190976, "VAXZEVRIA": 0.2799766416080206, "VFEND": 1.1058024143470937, "VIAGRA": 14.988245792219963, "XELJANZ": 0.940113394942822, "XOLAIR": 0.7074916494526151, "ZOSTAVAX": 4.404750758477438, "null": 0.7868908088310719}