{"AMINOSALICYLIC": 6.054997755175523, "AVANDIA": 5.294740101758958, "BEDAQUILINE": 41.90646033197992, "CELLCEPT": 2.2918419425225465, "CICLOSPORIN": 1.1782106598697908, "DELAMANID": 18.20601560147, "FORSTEO": 1.8449885919185816, "LEVETIRACETAM": 3.732807184881615, "MIDAZOLAM": 4.795883744671636, "NEXAVAR": 1.1912100042153615, "OPSUMIT": 2.2315585711772985, "SUTENT": 24.86169045308845, "TRACLEER": 11.494998527235657, "null": 1.133458806072282}