{"ELIQUIS": 30.37698521905501, "OPSUMIT": 6.732114424865575, "SILDENAFIL": 16.144124748598774, "TRACLEER": 5.413709178254137, "null": 1.5665178497318932}