{"COMIRNATY": 4.956730160555961, "SPIKEVAX": 1.8072448992757093, "TOZINAMERAN": 4.204783700666646}