{"FORSTEO": 11.403199381818732, "IRBESARTAN": 24.73191768451817, "MIMPARA": 155.49474724300757, "SUTENT": 2.57757354844122, "ZOSTAVAX": 4.66692952713714, "null": 1.7275004044524738}