{"BEDAQUILINE": 41.89213916216588, "CELECOXIB": 35.98760026635491, "COMIRNATY": 0.085418460713596, "DELAMANID": 42.32635729167484, "EMEND": 33.369018037201094, "ENTRESTO": 4.229118504721679, "EXJADE": 6.042427153229768, "MICARDIS": 11.732202933256296, "OLANZAPINE": 3.00257387899385, "SPIKEVAX": 0.1153189739127099, "ZYPREXA": 2.3126415676723826, "null": 1.930996605997128}