{"AMBRISENTAN": 103.27590703428268, "OPSUMIT": 87.15336672724418, "TRACLEER": 45.369781943060254, "null": 2.026050891556175}