{"ADCIRCA": 31.09215039085773, "ADEMPAS": 58.58749674255598, "CYTARABINE": 6.249086575690802, "NAGLAZYME": 32.256401947237606, "OPSUMIT": 88.63810958396907, "REVATIO": 13.674166652125068, "TRACLEER": 45.78843151475421, "YONDELIS": 82.19907633765617, "null": 2.0934306015453608}