{"CLOPIDOGREL": 27.212191085595364, "PLAVIX": 79.02445855326559}