{"COMIRNATY": 0.7667841833210026, "HEPSERA": 37.52840267058623, "KEYTRUDA": 2.08882233605587, "OLANZAPINE": 3.908400687776729, "ZYPREXA": 2.370075140237085, "null": 1.7421002536633152}