{"COMIRNATY": 1.7708264773798823, "GARDASIL": 9.508103438573952}