{"ALLI": 4682.721906056164, "null": 1.273587984175299}