{"COMIRNATY": 0.3644910280330842, "IBUPROFEN": 53.51177802850528, "VAXZEVRIA": 0.4492836804310309, "null": 1.050468675083371}