{"ABILIFY": 0.9362593939209386, "ACLASTA": 16.221155519769955, "ADCIRCA": 4.480595491442218, "ADEMPAS": 5.4355459418869145, "AFINITOR": 0.5795280629281565, "AIMOVIG": 1.330227872585861, "AMBRISENTAN": 5.730729404650674, "AMINOSALICYLIC": 0.8638391679220995, "APROVEL": 3.124653917256459, "ARANESP": 0.8491672611601544, "ARIPIPRAZOLE": 1.4648857386516785, "ATRIPLA": 0.0684304659517763, "AUBAGIO": 0.9050737926044262, "AVAMYS": 0.8107716221689684, "AVANDIA": 0.7387044765242388, "BYDUREON": 1.396431993061959, "BYETTA": 0.6648263027004986, "CELLCEPT": 0.5326635932760047, "CHAMPIX": 0.5808283879254119, "CICLOSPORIN": 0.4069100241965168, "CIMZIA": 0.3241023706825956, "CLOPIDOGREL": 1.4415525688765165, "COMIRNATY": 0.6714293316152923, "CYMBALTA": 0.3706882263559018, "ELIQUIS": 1.8047493987390084, "ENBREL": 0.4241837330312765, "ENTRESTO": 5.915922562817076, "ESBRIET": 0.9344811704050056, "EXFORGE": 8.41077458933646, "FASENRA": 1.2852167265244674, "FENTANYL": 0.5661328077434614, "FORSTEO": 0.7461457575049109, "FORXIGA": 0.6969117126731894, "GARDASIL": 0.6727488868745207, "HUMALOG": 2.2890633085570515, "HUMIRA": 1.9658438698488512, "IBRANCE": 1.2237120097620509, "IBUPROFEN": 0.6515350703473411, "INLYTA": 4.108001222802455, "JANUMET": 0.9969479962462928, "JANUVIA": 0.9663929865420048, "JARDIANCE": 1.005869864200034, "KEYTRUDA": 0.8178401704036726, "KYMRIAH": 1.305491811240311, "KYPROLIS": 2.6691477146763685, "LANTUS": 1.4667705693762327, "LEFLUNOMIDE": 2.256924166313785, "LEVOFLOXACIN": 1.5541587765671094, "LYRICA": 3.528449076580614, "MEPOLIZUMAB": 2.3207513570810647, "MICARDIS": 4.162138188571201, "NEULASTA": 1.5819398847790151, "NEXAVAR": 0.5225413896885257, "OLANZAPINE": 0.3269489314088624, "OMALIZUMAB": 1.1159867190311232, "OPSUMIT": 1.1168840482722748, "PEGINTRON": 0.5258363098728475, "PEMBROLIZUMAB": 1.7603335243438472, "PLAVIX": 1.2266797286798217, "RASILEZ": 3.2204012504825035, "REVATIO": 1.9704619374615095, "SILDENAFIL": 2.811170325509885, "SIMPONI": 0.5048512736664229, "SOLIRIS": 1.064044826237239, "SPIKEVAX": 0.3538775657966715, "STELARA": 0.2606297430806852, "SUTENT": 2.329957169445774, "TELMISARTAN": 4.590611781376902, "TOVIAZ": 1.982646549811811, "TOZINAMERAN": 0.9698832475454346, "TRELEGY": 0.7737606167238542, "TRULICITY": 0.7106064939290166, "VALSARTAN": 5.105777875797806, "VAXZEVRIA": 0.4259504965043726, "VELTASSA": 3.57282827245338, "VIAGRA": 3.187241642929831, "VOTRIENT": 0.9305325190006376, "XELJANZ": 2.22553656850416, "XOLAIR": 0.7547628512108826, "XTANDI": 1.3442810453334104, "ZOSTAVAX": 6.037411237504069, "ZYPREXA": 0.3161585826475767, "null": 1.2337020559815148}