{"ABACAVIR": 0.1052837124146995, "ABILIFY": 0.2409610637561313, "ACTOS": 0.6557186013850385, "ACTRAPID": 0.8161929446113911, "ADALIMUMAB": 0.0520406593484198, "ADCIRCA": 3.240273335753493, "ADEMPAS": 5.765103622474488, "AFINITOR": 0.8334540511818124, "AIMOVIG": 0.4182906248423816, "ALIMTA": 0.591293645132859, "AMBRISENTAN": 0.9508698111540184, "AMIKACIN": 0.7588861892947968, "AMINOSALICYLIC": 0.3893634118596529, "APIDRA": 0.2850050153107334, "APIXABAN": 0.2907171926836224, "APROVEL": 1.3140094624579954, "ARANESP": 0.213725552290873, "ARAVA": 0.0446724729499506, "ARIPIPRAZOLE": 0.3881924278250821, "ASPARAGINASE": 0.4481321878764283, "AUBAGIO": 0.1823377904398629, "AVASTIN": 0.8961508206244085, "AZILECT": 1.900009755737859, "BAVENCIO": 1.482044194986948, "BEDAQUILINE": 1.8214132962370837, "BELIMUMAB": 8.32675741692458, "BENLYSTA": 0.7341479738646648, "BENZODIAZEPINE": 1.189206681261327, "BETMIGA": 0.4981191474874141, "BEVACIZUMAB": 0.1735378115178547, "BONVIVA": 0.7929772244812965, "BRAFTOVI": 0.5544961644127789, "BREXPIPRAZOLE": 9.94446093546421, "BRIDION": 21.07040197758886, "BRILIQUE": 0.8636656337738426, "BRINTELLIX": 0.3067928159224546, "BUDESONIDE": 0.4223459940507489, "BUPIVACAINE": 3.939515681482246, "BUPRENORPHINE": 0.1384146743877222, "BYDUREON": 0.3133025226223042, "BYETTA": 0.6720559252045875, "CABOMETYX": 0.6146086098864559, "CAELYX": 0.7116744010659957, "CANCIDAS": 0.5426571790731575, "CAPECITABINE": 0.6668096396892587, "CARBIDOPA": 2.135864312684378, "CEFUROXIME": 4.679325223171978, "CELECOXIB": 0.8635561031624758, "CELLCEPT": 0.7089580577217915, "CHAMPIX": 0.4992332648543461, "CHLORHEXIDINE": 0.369253706902751, "CICLOSPORIN": 0.5819226809329757, "CIMZIA": 0.1137224537824804, "CLOPIDOGREL": 1.7409814823786955, "COAPROVEL": 2.270694147978263, "COMIRNATY": 0.6377385104596278, "COMTAN": 1.1700565928311968, "COSENTYX": 0.5121207048532481, "CUBICIN": 1.4132868764969442, "CYMBALTA": 0.7369853350003798, "CYTARABINE": 0.2632200031084053, "DACLATASVIR": 2.5938492580017813, "DAPAGLIFLOZIN": 4.758487161901079, "DARZALEX": 1.033589680618493, "DENOSUMAB": 1.12487383726352, "DEXAMETHASONE": 0.8940837004175817, "DEXMEDETOMIDINE": 2.4935854493243768, "DOCETAXEL": 0.3959386125957663, "DOXORUBICIN": 0.2593544430165536, "DULOXETINE": 0.2068844357969917, "EFIENT": 2.465125824048433, "ELIQUIS": 0.9459674557780434, "EMGALITY": 26.17659248993252, "EMPAGLIFLOZIN": 0.726780002224146, "ENALAPRIL": 4.593442206143159, "ENBREL": 0.1146226357598765, "ENOXAPARIN": 1.566234201303076, "ENTRESTO": 9.14833724784057, "ENTYVIO": 1.1718768471997014, "ESBRIET": 0.5104292265311015, "ESOMEPRAZOLE": 0.4716168916757908, "EVENITY": 0.7616657033834313, "EXELON": 2.655892552013212, "EXFORGE": 9.136985257030668, "EXJADE": 0.7152780599385594, "EYLEA": 0.1710288094956735, "FASENRA": 0.6852544353627957, "FASLODEX": 0.541570251216448, "FASTURTEC": 3.5456705675009723, "FEBUXOSTAT": 0.8846360584893083, "FENTANYL": 5.108855025025887, "FLEBOGAMMA": 3.4153555990514888, "FORSTEO": 1.7875106326317127, "FORXIGA": 1.7422093517365804, "GALVUS": 0.6049130644942908, "GARDASIL": 0.762955548652688, "GAZYVARO": 2.399377115575674, "GILENYA": 2.1194849036203207, "GLIVEC": 1.1438214225983812, "GLUCAGON": 3.306338907111413, "HERCEPTIN": 0.7142973656418237, "HIZENTRA": 0.5269371281919253, "HUMALOG": 0.4266636950468572, "HUMAN": 0.8622524618873882, "HUMIRA": 0.1160652675529815, "HYDROCHLOROTHIAZIDE": 2.1468993716663785, "HYDROCORTISONE": 0.2566372186215163, "IBRANCE": 0.3776204476921356, "IBUPROFEN": 0.9551816946433264, "INCIVO": 0.5647789523301764, "INLYTA": 0.625454353563761, "INSULIN": 0.1592091029920673, "IRBESARTAN": 2.2319750295435923, "ISOPHANE": 3.3394384321515225, "IVABRADINE": 6.564848971669989, "JAKAVI": 0.3590401626742565, "JANUMET": 0.2919320764460991, "JANUVIA": 0.4604995621984567, "JARDIANCE": 1.433138633032654, "JEVTANA": 3.4527533993486945, "KALETRA": 0.2329495487423288, "KEPPRA": 0.1998278398867931, "KEYTRUDA": 0.756041416129874, "KIOVIG": 1.9316804836051076, "KYMRIAH": 1.6119593830460353, "LANTUS": 0.28351358794867, "LATUDA": 0.3665450389351115, "LEMTRADA": 0.6076937895426634, "LENVIMA": 1.009857544426415, "LEVEMIR": 0.3360376466039015, "LEVETIRACETAM": 0.269495532429321, "LEVOFLOXACIN": 0.8239478181630555, "LIXIANA": 2.199621848845156, "LYNPARZA": 0.4007176858733651, "LYRICA": 1.3517352333611918, "MABTHERA": 0.5066395815606952, "MACITENTAN": 4.958650488734711, "MEKINIST": 0.7721173781392735, "MELATONIN": 0.4798860528908275, "MENVEO": 2.27886739919685, "MEPOLIZUMAB": 0.295486182714306, "METFORMIN": 1.40853459797281, "METHOTREXATE": 0.6582165142008408, "MICARDIS": 4.841648824676939, "MICARDISPLUS": 3.7657814452091176, "MIDAZOLAM": 3.640788566658885, "MIMPARA": 0.9428157396077494, "MIRCERA": 4.631242962503894, "MMRVAXPRO": 0.1279169252702454, "MULTAQ": 1.301775687419224, "NAGLAZYME": 1.2006802303117348, "NEULASTA": 1.6645078674591895, "NEXAVAR": 0.430441442726586, "NOT": 0.73613580698846, "NOVORAPID": 0.4755222341491854, "NUCALA": 0.2895244471186113, "OBINUTUZUMAB": 1.574014625021969, "OFEV": 0.3388369469859973, "OLANZAPINE": 0.6132371735763701, "OMALIZUMAB": 1.1290835220908473, "ONCASPAR": 0.8826015104277298, "OPDIVO": 0.9116684294976664, "OPSUMIT": 1.6155809438048276, "OZEMPIC": 2.009593570135137, "PACLITAXEL": 0.6022440070830636, "PANTOPRAZOLE": 0.6431905349164458, "PEGASYS": 0.5041854455925104, "PEGINTERFERON": 0.1565377886029547, "PEGINTRON": 0.5052986119929856, "PEMBROLIZUMAB": 0.6473369498073012, "PERJETA": 1.4151994995172208, "PLAVIX": 1.1594643446095243, "PRIVIGEN": 2.0287379152652063, "PROPRANOLOL": 1.59381486721088, "RANEXA": 2.990714161009821, "RAPISCAN": 14.937819167972016, "RASILEZ": 4.0218231947768, "REBETOL": 1.045630237746758, "REGADENOSON": 16.442521843443714, "REMICADE": 1.82909012371454, "REVATIO": 2.1216808747662625, "REVLIMID": 0.9631911200658052, "RINVOQ": 0.3316282575825939, "RITUXIMAB": 0.5089739510557122, "ROACTEMRA": 0.600773904606911, "SAMSCA": 7.826072920779882, "SAXENDA": 0.7417879639487842, "SHINGRIX": 0.4490181761191224, "SIFROL": 0.7687726623300964, "SILDENAFIL": 3.195365582724019, "SIMPONI": 0.2494226026491035, "SOLIRIS": 0.6032765484294319, "SOVALDI": 1.0058302627953482, "SPIKEVAX": 0.3050441091219205, "SPIRONOLACTONE": 1.931878750994912, "SPRYCEL": 0.1558465218653858, "STALEVO": 1.0353253270346068, "STELARA": 0.191021703322767, "STIVARGA": 0.1873524582584761, "SUBOXONE": 0.290577463972851, "SUFENTANIL": 4.480719009294605, "SUTENT": 0.7082295547511764, "TAGRISSO": 0.4278251217538786, "TAMIFLU": 1.4469074216066902, "TASIGNA": 0.2361974964416344, "TELMISARTAN": 3.355362847262481, "TICAGRELOR": 1.406172992925084, "TOBRAMYCIN": 2.054162149680281, "TOLVAPTAN": 12.857532436317255, "TORISEL": 1.6822334434296646, "TOVIAZ": 0.2415869387398616, "TOZINAMERAN": 0.387608709341244, "TRACLEER": 0.8288573770370489, "TRELEGY": 0.500588035259764, "TRULICITY": 0.898725231491605, "TWINRIX": 0.8674633439283341, "VALSARTAN": 14.609529575798229, "VAXZEVRIA": 0.3114034123449977, "VEKLURY": 1.9269128624853924, "VELTASSA": 0.4929099039592411, "VFEND": 0.7328010167263603, "VIAGRA": 2.1379563317221573, "VICTOZA": 0.4597286793671345, "VIMPAT": 0.6899228918012579, "VORICONAZOLE": 0.8667649408123344, "VOTRIENT": 0.1477788084186867, "XALKORI": 0.7997177379745268, "XARELTO": 0.8918881003396797, "XELJANZ": 0.2686154176647384, "XELODA": 0.4903245844184465, "XOLAIR": 1.6197673802447583, "XTANDI": 0.5753078831603823, "XYREM": 0.758431969462304, "ZIAGEN": 1.204246755638008, "ZOSTAVAX": 0.0551423344944847, "ZYPADHERA": 3.847048937370293, "ZYPREXA": 0.6628316395430839, "null": 2.32798072694596}