{"COMIRNATY": 1.0343569162886947, "null": 1.5509588587280032}