{"ANAKINRA": 8.412853877057474, "AVASTIN": 3.767793974396821, "BYETTA": 8.964901186281852, "CLOPIDOGREL": 2.097446672951597, "CYTARABINE": 3.176263728869182, "INCIVO": 6.322766785277191, "JANUVIA": 2.938001639445291, "JARDIANCE": 1.3702316044596972, "KAFTRIO": 11.637961427310794, "KEYTRUDA": 5.795574039374032, "LEMTRADA": 11.907234357870486, "LENVIMA": 20.976946497177167, "NEXAVAR": 3.260053774123534, "PEGASYS": 1.9110417141459857, "PEGINTRON": 1.4152096997303314, "PLAVIX": 1.5134491679596247, "REYATAZ": 17.147099570275603, "ROACTEMRA": 2.73903000671301, "SAXENDA": 16.040874763471027, "SOLIRIS": 2.0962157568382405, "STELARA": 1.908931645120108, "SUTENT": 1.8069874636613952, "TASIGNA": 2.670496382121365, "TRULICITY": 3.1154684804962995, "VFEND": 5.6911204908364255, "VICTOZA": 13.510955063997743}