{"BEDAQUILINE": 47.86832925553114, "BYETTA": 39.24058079973306, "CELLCEPT": 6.386970314702105, "JANUMET": 24.61986531921088, "JANUVIA": 14.426656911212511, "null": 2.6672259111164243}