{"BRIDION": 24.540700753929915, "ELIQUIS": 2.4255276601571154, "KEYTRUDA": 2.39679459204543, "LEVETIRACETAM": 5.056525154829041, "MULTAQ": 21.13172429581888, "PLAVIX": 2.6432378196066355, "null": 2.729866538516206}