{"MIMPARA": 142.36102134351103, "null": 1.6202316014847262}