{"ALEMTUZUMAB": 84.82905826222768, "BUSULFAN": 138.67113462874983, "CICLOSPORIN": 108.35174259408711, "MYCOPHENOLATE": 30.61991320903457, "THIOTEPA": 192.51735717586604}