{"COMIRNATY": 0.5901761016503742, "ELIQUIS": 3.395225821520656, "SPIKEVAX": 0.5928440207113551, "TOZINAMERAN": 3.8178561489800327, "VAXZEVRIA": 1.3007692332828498, "null": 1.1309823523699856}