{"ABATACEPT": 23.43303418319124, "ADALIMUMAB": 44.04109338159553, "ANAKINRA": 277.9436096441469, "null": 0.2777143049505746}