{"ATRIPLA": 48.94111877355381, "STRIBILD": 14.579060174187846, "TRUVADA": 30.366109952556187}