{"APIDRA": 19.289516663745637, "CLOPIDOGREL": 10.410289491850452, "ENTRESTO": 58.2699137992591, "null": 0.4412658135574317}