{"ABATACEPT": 0.0912764695900123, "ADALIMUMAB": 0.1312837726184611, "ANAKINRA": 1.5396285486701609, "ARAVA": 0.0493097390123496, "ATRIPLA": 78.92080364047796, "BIKTARVY": 0.2873252833745667, "BUDESONIDE": 0.0632180893302891, "CYMBALTA": 0.0238818227671125, "DESCOVY": 2.229346078968495, "ENBREL": 0.0432430246081386, "EVENITY": 1.9410009840378415, "EVISTA": 3.2142303151865432, "FORSTEO": 0.5110017108177084, "GENVOYA": 1.3261129985086386, "HEPSERA": 1.4482363283000208, "HUMALOG": 0.0275604843042065, "KALETRA": 5.300892890983549, "KEPPRA": 0.0216685091147631, "LEFLUNOMIDE": 0.2631751250806767, "LOPINAVIR": 0.8817885573932179, "PROLIA": 0.9588167977792188, "SIMPONI": 0.0381777673238151, "STRIBILD": 41.367314904971614, "TRUVADA": 53.94310226682398, "VIREAD": 17.818182053264678, "null": 0.021797284071067}