{"ABRAXANE": 10.893484085997594, "ADALIMUMAB": 0.5211130963837437, "AIMOVIG": 0.415142370063422, "ARAVA": 0.9334990453695003, "ATRIPLA": 28.905640623069985, "AVANDIA": 0.5290666690828768, "AZATHIOPRINE": 1.010035537445004, "BONVIVA": 4.904500151741326, "BYDUREON": 0.6666643945337744, "CICLOSPORIN": 0.3300633949916738, "CIMZIA": 0.8758965963581709, "COMIRNATY": 0.0339859517550905, "COSENTYX": 0.6188663403228492, "CYMBALTA": 0.5482501130454208, "DARZALEX": 1.5183756040725054, "DEXAMETHASONE": 0.6790220218786925, "ELIQUIS": 0.8239337579947108, "EMTRICITABINE": 4.120061661074426, "ENBREL": 1.4659127084928003, "EVENITY": 3.775575725507248, "EVISTA": 4.8123761356662085, "FASLODEX": 1.8529561879500769, "FORSTEO": 3.1646359767512524, "FULVESTRANT": 4.5776373201149605, "GARDASIL": 0.3694425761964707, "HUMALOG": 1.0416355721453878, "HYDROCORTISONE": 2.930371572002754, "IBRANCE": 3.5661787416609565, "INLYTA": 1.0010597026248207, "INSULIN": 0.9127853591125556, "JANUVIA": 1.040702699799619, "JARDIANCE": 0.3006089224346794, "KEPPRA": 0.4621832321632864, "KEYTRUDA": 0.2086771495210082, "LANTUS": 0.4112907379672336, "LYRICA": 1.3649274519334929, "METHOTREXATE": 0.7107980699314601, "PEGASYS": 0.5726471642513008, "RITUXIMAB": 2.181379912924627, "SIMPONI": 0.8988009538582837, "STELARA": 0.4327640820782305, "STRIBILD": 9.567419231356164, "SUTENT": 0.9868444589006338, "TESTOSTERONE": 7.113804647529053, "THALIDOMIDE": 4.40870021513675, "TOZINAMERAN": 0.1517771891078181, "TRUVADA": 13.430547128528756, "VAXZEVRIA": 0.0261736564975258, "VIREAD": 8.314844943384319, "VORICONAZOLE": 1.8442272256760976, "XELJANZ": 3.235393923921121, "XTANDI": 0.7056675998787185, "ZOMETA": 41.80690296883919, "ZOSTAVAX": 1.5817060254037103, "null": 0.5571101808570373}