{"ENBREL": 28.90035236619756, "null": 1.3319280567229237}