{"COMIRNATY": 1.4216950948839244, "null": 0.2829095297265043}