{"ARZERRA": 120.38516549874858, "CICLOSPORIN": 6.0392319886703385, "CIMZIA": 3.3412561377999723, "ENTYVIO": 54.76873175522815, "HUMIRA": 9.086762356189515, "JANUVIA": 9.436159042095078, "RINVOQ": 17.32529223965676, "ROACTEMRA": 4.268171263404194, "SIMPONI": 11.0886010197495, "STELARA": 17.507295587014674, "XELJANZ": 13.19966951795343, "ZOSTAVAX": 1.7699861904848695}