{"ABACAVIR": 0.1108812691887188, "ABILIFY": 0.7632504605734476, "ACTOS": 0.8884352813211428, "ADENURIC": 1.2295411977562265, "AERIUS": 0.942723789268545, "AFINITOR": 0.1437605838545635, "AIMOVIG": 0.4149936308966498, "ALEMTUZUMAB": 1.2746125405401685, "ALISKIREN": 1.332126133346946, "AMIKACIN": 0.4021467162298465, "ANAGRELIDE": 7.792058399869827, "ANGIOX": 3.232926801355928, "APIDRA": 0.2399705120685178, "APIXABAN": 0.8840132460663258, "APREMILAST": 0.788472038835624, "APROVEL": 4.701570931250727, "ARANESP": 0.2467018298979608, "ARIPIPRAZOLE": 0.4873427364788559, "ASPARAGINASE": 0.4049155377879651, "ATAZANAVIR": 0.4404658201829384, "AVANDAMET": 0.7495793669620413, "AVANDIA": 0.6130777164066593, "AZATHIOPRINE": 0.2622898278062234, "BEDAQUILINE": 0.4335570090886487, "BETA": 9.180510270570847, "BEVACIZUMAB": 0.2351158043682106, "BEXTRA": 3.406180478568081, "BLINDED": 8.381395270500526, "BORTEZOMIB": 1.6728323760926254, "BRIDION": 38.4081417612463, "BRILIQUE": 5.434465590170487, "BRINTELLIX": 0.3454958992711087, "BUDESONIDE": 0.0700548800541784, "BUMETANIDE": 0.9327050682471448, "BUPIVACAINE": 5.347695545726268, "BUPRENORPHINE": 0.2531232882948199, "BYETTA": 0.2555309217302883, "CANCIDAS": 0.8076448326401555, "CARFILZOMIB": 1.0046408017756203, "CELECOXIB": 0.9362189402917698, "CELLCEPT": 0.3068257986040086, "CERTAGEN": 132.9869017825693, "CHAMPIX": 0.217884999878149, "CICLOSPORIN": 0.0799781262176873, "CLOPIDOGREL": 0.6248515056274615, "COAPROVEL": 4.843167479385705, "COMBIVIR": 1.057202056322472, "COMIRNATY": 0.2299370099323457, "COMTAN": 0.9764549736472832, "COSENTYX": 0.081726545799099, "CUBICIN": 0.7961178626739099, "CYMBALTA": 0.1795066100836899, "CYTARABINE": 0.4787563535409992, "DABIGATRAN": 6.499457051808103, "DACLATASVIR": 3.4923645149869484, "DAKLINZA": 2.142463496181293, "DARZALEX": 0.9588561954120418, "DEXAMETHASONE": 1.693374551847704, "DEXDOR": 62.28032801078921, "DEXMEDETOMIDINE": 21.7285700309672, "DULOXETINE": 0.8100192468125078, "EBIXA": 13.995962881369106, "ELIQUIS": 0.4912039140180524, "EMEND": 0.730893519963096, "EMPAGLIFLOZIN": 2.4947790674104136, "ENOXAPARIN": 0.277044422409411, "ENTRESTO": 1.0236055730197713, "EPCLUSA": 1.5971592161928083, "EPIVIR": 0.6228542531138966, "ESOMEPRAZOLE": 1.166992388742411, "EVENITY": 0.4894490366759398, "EVISTA": 0.3005540936637889, "EXELON": 14.38682618061839, "EXFORGE": 1.4148766692047796, "EXJADE": 0.18006688289953, "EXVIERA": 0.8863620060365845, "FENTANYL": 6.762269644789134, "FESOTERODINE": 20.25370931579716, "FLEBOGAMMA": 0.8799477346670471, "FORSTEO": 0.1061114563597576, "FORXIGA": 0.2848825933640652, "FYCOMPA": 0.8390055917336305, "GARDASIL": 0.4060380744847383, "GAZYVARO": 1.1936155853804074, "GLIBENCLAMIDE": 0.8753830314992529, "GLUCAGON": 11.91358183122607, "HARVONI": 2.106936406079877, "HEMANGIOL": 16.132467294375136, "HUMALOG": 0.0490385279089968, "HUMAN": 0.2783464947094075, "HYDROCHLOROTHIAZIDE": 1.730262354299608, "IBRANCE": 0.040523895721526, "IBUPROFEN": 1.30157886613356, "ICLUSIG": 0.5207222825947387, "INFANRIX": 2.0216463501166184, "INLYTA": 0.2503826285018021, "INSULIN": 0.632715909445685, "INTEGRILIN": 2.885892052627379, "IRBESARTAN": 3.619844977483582, "IRON": 1.226560324222067, "IVABRADINE": 12.921589480449232, "JAKAVI": 0.2345516001676825, "JANUMET": 0.3265306240751681, "JANUVIA": 0.5290569099704175, "JARDIANCE": 0.2367353292958553, "KALETRA": 2.106171559740744, "KARVEZIDE": 4.744682919611394, "KEPPRA": 1.479732250547037, "KEYTRUDA": 0.1643356742051707, "KISQALI": 0.4530249774868384, "KYMRIAH": 0.7084927390013905, "KYPROLIS": 1.376382311588005, "LACOSAMIDE": 2.6395483822902133, "LANTUS": 0.2737525668386389, "LATUDA": 0.8476096241838864, "LEMTRADA": 7.20856554138219, "LEVEMIR": 0.1742602979236067, "LEVETIRACETAM": 1.1564001658752256, "LEVOFLOXACIN": 0.3350310504768557, "LYRICA": 1.254144482816062, "MEKINIST": 0.2296016623655109, "MELATONIN": 0.5246685740036717, "MEMANTINE": 3.785033148374866, "METHOTREXATE": 0.0776665924058944, "MICARDIS": 3.811649158757027, "MIDAZOLAM": 6.082982109077207, "MMRVAXPRO": 0.0930774135851449, "MODERNA": 0.0808773480457053, "MULTAQ": 5.644337114995368, "NEXAVAR": 0.1107360690938931, "NOT": 0.710825930224152, "NOVONORM": 1.488835808745474, "NOXAFIL": 1.937301342560172, "NUCALA": 0.1028491163932132, "OLANZAPINE": 1.5587603329576978, "OLYSIO": 0.5528626435458254, "OPSUMIT": 0.2930570640463222, "PANTOPRAZOLE": 1.0029738330361062, "PAXLOVID": 4.522397380021607, "PEGASYS": 0.0484616140124869, "PEGINTRON": 0.1880960536682593, "PEMBROLIZUMAB": 0.1898843360101413, "PLAVIX": 0.7656748691531257, "PRADAXA": 1.5275415836641917, "PREGABALIN": 1.2639746098101832, "PREVENAR": 0.840065171660601, "PRIVIGEN": 0.9164935997312532, "PROCORALAN": 20.30655186806892, "PROPRANOLOL": 13.22265677960798, "RANEXA": 3.3453749463759723, "RANOLAZINE": 1.2692793382407015, "RAPISCAN": 14.423994458768666, "RASILEZ": 2.404312468317784, "REBETOL": 0.9314458415883388, "REGADENOSON": 15.877287626474516, "REMDESIVIR": 15.23378051477225, "REVATIO": 0.4554981270140613, "REVLIMID": 0.8580102936021342, "RIBAVIRIN": 0.6286325870220634, "RINVOQ": 0.1518898611013532, "RIOCIGUAT": 17.292315872430073, "RITUXIMAB": 0.2127750840071212, "RIVAROXABAN": 2.7422023684968435, "ROACTEMRA": 0.403262145330199, "ROTATEQ": 0.272676813552577, "SAXAGLIPTIN": 11.208551563114597, "SHINGRIX": 0.0948929341708626, "SIFROL": 1.067933219287566, "SILDENAFIL": 3.031167349040817, "SIMPONI": 0.0594032583189384, "SOFOSBUVIR": 8.356390750732139, "SOLIRIS": 0.3231924781865383, "SOMAVERT": 8.070330517226365, "SOVALDI": 1.902732331469016, "SPIKEVAX": 0.1883093285239778, "SPINRAZA": 0.9599309439417036, "SPIRONOLACTONE": 4.585396047739196, "STALEVO": 0.5368559622266252, "STELARA": 0.1203719963875687, "SUBOXONE": 0.2334397268348489, "SUFENTANIL": 6.111009571809047, "SUGAMMADEX": 22.046847964900927, "SUTENT": 0.2712504017961166, "SYCREST": 1.2120548067435213, "SYNAGIS": 2.585727772024736, "TAMIFLU": 0.4844609937537586, "TASIGNA": 0.546174991082662, "TELMISARTAN": 4.090832288773228, "THALIDOMIDE": 4.764114806166199, "TICAGRELOR": 1.298114508031222, "TOVIAZ": 0.3921422953418805, "TOZINAMERAN": 0.2536480586459236, "TRACLEER": 0.5707128104428519, "TRULICITY": 0.1289276823875772, "TWINRIX": 0.5790598409025869, "VALSARTAN": 1.8131907822795432, "VAXZEVRIA": 0.0801353008324601, "VEKLURY": 27.24170596137367, "VFEND": 1.2784679570362922, "VIAGRA": 0.5042730314095574, "VILDAGLIPTIN": 2.725012367964736, "VIMPAT": 6.330814537282234, "VORICONAZOLE": 0.6104958340405977, "VOTRIENT": 0.7126499598716821, "XALKORI": 7.817355391280761, "XARELTO": 1.5108294822147528, "XELJANZ": 0.1818001990513331, "XOLAIR": 0.1998486974072745, "XTANDI": 0.2220279869165094, "XYREM": 1.109141189012526, "YESCARTA": 0.5241420075307184, "ZONISAMIDE": 2.557126501671216, "ZOSTAVAX": 0.1995465057053406, "ZYPADHERA": 1.0278417642852942, "ZYPREXA": 1.2609651175855812, "null": 4.138397467718413}