{"AZACITIDINE": 13.955491513341414, "BENZODIAZEPINE": 24.296804307395703, "BUPRENORPHINE": 10.579026905602571, "COMIRNATY": 0.0220953955686214, "ELIQUIS": 1.1342544897726483, "FENTANYL": 2.175799749237584, "LEVETIRACETAM": 2.3146938810641284, "LYRICA": 4.251876728783902, "MIDAZOLAM": 13.735905012667583, "NALOXONE": 70.86399642644066, "OLANZAPINE": 1.5906548335727844, "PREGABALIN": 27.175871509933792, "SUFENTANIL": 12.13644301079264, "null": 7.38497680331424}