{"CIMZIA": 7.060240194721985, "STELARA": 5.436819374679723, "XELJANZ": 4.496799654131503, "null": 1.1499546880948672}