{"ARANESP": 22.16684485682795, "BASILIXIMAB": 385.94920878239367, "CELLCEPT": 27.68925373464343, "CICLOSPORIN": 68.93851548735573, "MYCOPHENOLATE": 96.10346077841476, "SOLIRIS": 8.122790420817836, "TACROLIMUS": 74.50705244939448}