{"COMIRNATY": 1.2589287449158495, "KEPPRA": 4.43085251984712, "SPIKEVAX": 0.2934787084639601, "VAXZEVRIA": 0.3041446092875418, "null": 2.50793622371742}