{"ALISKIREN": 34.63964857021566, "null": 13.091129553352667}