{"COMBIVIR": 104.51399542322108, "ISENTRESS": 266.1014655127313, "null": 1.162750327229765}