{"ALENDRONATE": 874.8399510733706, "APIXABAN": 82.83295771896186, "BENRALIZUMAB": 470.02037421264754, "BUDESONIDE": 11.928218076687228, "COMIRNATY": 0.0741730075928517, "ELIQUIS": 4.54938782289777, "FASENRA": 11.661531773123857, "KAFTRIO": 21.17992551075337, "MEPOLIZUMAB": 11.51529784322142, "NUCALA": 11.744724825086593, "OMALIZUMAB": 8.744701272398784, "SPINRAZA": 60.50588926688396, "XOLAIR": 3.392692037356375, "null": 0.4759282913815113}