{"COMIRNATY": 4.426035853573776, "SPIKEVAX": 3.3978104585021973}