{"BRILIQUE": 7.081569906454659, "CLOPIDOGREL": 10.014906575958348, "ELIQUIS": 8.348533677429831, "ENOXAPARIN": 4.901895835345565, "EYLEA": 21.510055283823213, "LIXIANA": 10.076311803848563, "PLAVIX": 8.764617160620695, "SUTENT": 1.2763360441874343, "TASIGNA": 1.435050922398511, "TICAGRELOR": 10.210196166291176, "TOZINAMERAN": 1.027161827998768, "VAXZEVRIA": 1.3556358196720488, "VIAGRA": 2.417908368677417, "null": 1.2067600475045723}