{"ADALIMUMAB": 23.40416026595542, "QUTENZA": 607.7326657258338, "TOZINAMERAN": 0.6281793002473431, "null": 1.2003945504622255}