{"AZOPT": 96.09666368828076, "BEOVU": 45.77809101844687, "BIMATOPROST": 572.2240041111621, "DEXAMETHASONE": 6.267210427992417, "EYLEA": 86.31563507370522, "LEVOFLOXACIN": 4.428008563993886, "NEVANAC": 248.803231333354, "ZOSTAVAX": 1.8549987321218804, "null": 3.5397183472182707}