{"FENTANYL": 24.72306468004015, "GLIBENCLAMIDE": 134.63686688493428, "JANUMET": 9.336665682361522, "VIAGRA": 20.12346273094249, "null": 1.1394022903645755}