{"CICLOSPORIN": 92.08571746962068, "null": 0.5899625428937079}