{"SOMATROPIN": 626.4802843396005, "null": 5.236119233706769}