{"ANORO": 340.92076466197153, "COMIRNATY": 0.7484000431980344, "VAXZEVRIA": 0.6511639501381432, "null": 0.4590610488520156}