{"ARAVA": 15.24228403246938, "null": 0.6502256512287952}