{"ARAVA": 4.879104536881315, "DOCETAXEL": 14.259758772707125, "EXJADE": 8.212779660713503, "FENTANYL": 5.260819469289019, "GARDASIL": 3.3159886533305967, "KYMRIAH": 21.223514497999616, "null": 1.072954508352228}