{"AFINITOR": 25.12297879041613, "FENTANYL": 9.239367697042294, "PANTOPRAZOLE": 111.22385372846182, "SUTENT": 3.3841956467457885, "null": 1.9262724059525929}