{"ANORO": 4.870767357536254, "AVANDAMET": 19.937834517446312, "AVANDIA": 25.08712462002974, "BYETTA": 2.6532263708259225, "COMIRNATY": 0.1393624106201859, "ELIQUIS": 11.06196511260295, "FORSTEO": 2.582728309175193, "HUMALOG": 1.2540096649142665, "HUMIRA": 3.71327773196224, "JANUMET": 3.7211558858104175, "JANUVIA": 6.972863985995172, "JARDIANCE": 3.255330997879454, "LANTUS": 4.281319998990235, "OPSUMIT": 7.808743912822477, "PLAVIX": 3.9812386747678095, "RANOLAZINE": 30.689058500274395, "SPIKEVAX": 0.2694625231901148, "TRACLEER": 5.623846725932027, "TRELEGY": 8.637504772323544, "VELTASSA": 7.452652347562415, "VIMPAT": 6.16087547004473, "XELJANZ": 0.7558820337485042, "XTANDI": 1.253178363445103, "ZOSTAVAX": 2.6986796858714057, "null": 1.4297244142426548}