{"ABATACEPT": 35.64437564301909, "ADALIMUMAB": 100.9902381604967, "AMINOSALICYLIC": 5.136803969116341, "APREMILAST": 8.384900697958118, "APREPITANT": 27.82150165726569, "ARAVA": 14.772646574690947, "COSENTYX": 2.4346307453061944, "MYCOPHENOLATE": 13.623505003549036}