{"ACTOS": 11.784102431181612, "ADCIRCA": 5.1029667003308985, "AFINITOR": 0.7910110142288437, "ARAVA": 0.1491948874556105, "ARIPIPRAZOLE": 3.3743917094776688, "AVANDAMET": 11.894069204386057, "AVANDIA": 13.114856039998877, "AVASTIN": 1.0808486570279066, "AZATHIOPRINE": 1.1734971886900711, "BOSENTAN": 12.802095898522364, "BOSULIF": 2.384336105720248, "BUDESONIDE": 0.5881390666443639, "BUMETANIDE": 27.86399905350964, "BUPRENORPHINE": 1.855496437741684, "BUSULFAN": 1.463747635752914, "BYETTA": 1.982124154245464, "CICLOSPORIN": 2.346850189356014, "CLOPIDOGREL": 0.8631708608410705, "COMIRNATY": 0.2547298360251285, "COSENTYX": 0.4633046383101246, "CYMBALTA": 1.059141940549723, "DAPAGLIFLOZIN": 20.67409226058214, "DASATINIB": 8.784198340264332, "DEXAMETHASONE": 2.0022235605852496, "DULOXETINE": 12.277160380018277, "ELIQUIS": 0.4196569517351757, "ENTRESTO": 3.8053994364115713, "ENVARSUS": 63.15613650567877, "EVISTA": 2.909241428022039, "EXFORGE": 2.3604090464674408, "EXJADE": 2.5713692830985493, "FENTANYL": 2.300716692109133, "FESOTERODINE": 78.21093456841346, "FULVESTRANT": 2.881062526536045, "HUMALOG": 0.3023045905913846, "HUMIRA": 0.8648519255981787, "HYDROCORTISONE": 2.5390179900667085, "IBRANCE": 0.3540570912648217, "IBUPROFEN": 2.1579729183478453, "INSULIN": 0.9573329993384664, "IRBESARTAN": 4.026338499462886, "JAKAVI": 0.8876245405714409, "JANUMET": 2.782908478496785, "JANUVIA": 2.2170918546334955, "KEYTRUDA": 0.5117917695343231, "LANTUS": 0.1989368675601742, "LEVETIRACETAM": 1.1208309688169862, "MELATONIN": 4.048754845800217, "MIDAZOLAM": 3.990310001811636, "NAGLAZYME": 2.968025056718841, "OLANZAPINE": 0.6308094063560467, "OMALIZUMAB": 0.765685144981309, "OPSUMIT": 1.475261776656291, "OPTIMARK": 1.6008587340066545, "PEGASYS": 1.1521302688836277, "PEGINTRON": 1.3008452995580486, "PLAVIX": 0.3166974427047865, "SILDENAFIL": 3.837060207415077, "SIMPONI": 0.4096157475395479, "SPIKEVAX": 0.4066670361147813, "SPIRONOLACTONE": 4.050939879640464, "SPRYCEL": 2.341395871867739, "SUBOXONE": 0.5381761004451064, "SUTENT": 0.2078221556659068, "TASIGNA": 2.980123762641798, "TOZINAMERAN": 0.840977052822327, "TRACLEER": 1.7263589688261134, "VALSARTAN": 4.300357683712462, "VAXZEVRIA": 0.1268626452105867, "VOTRIENT": 0.6384461724616438, "XELJANZ": 0.5478929078248107, "XOLAIR": 1.192191372907967, "ZOMETA": 18.884744779447683, "ZOSTAVAX": 1.2117432502348509, "ZYPREXA": 1.5845452607862287, "null": 1.5615624068030542}