{"APIXABAN": 1656.455825694076, "COMIRNATY": 0.114509519205878, "null": 0.1198242746782613}