{"APIXABAN": 1.1204787539368952, "ATRIPLA": 17.30665710542336, "AUBAGIO": 3.2887287314432165, "BIKTARVY": 2.6212489157039336, "BONVIVA": 6.639198397293432, "BUPRENORPHINE": 2.4035610381431987, "CIMZIA": 1.6433693728529617, "DESCOVY": 13.010340473531096, "ELIQUIS": 1.639443737184309, "ENBREL": 2.9782234198593858, "FASLODEX": 1.8288518786351589, "FORSTEO": 2.320237037927315, "HUMIRA": 1.7580267592814478, "METHOTREXATE": 1.3603557688355006, "PEGASYS": 2.095454291685986, "PEGINTRON": 1.2841151393740105, "RITUXIMAB": 2.65942640598749, "STELARA": 1.1144956604923957, "STRIBILD": 4.099300429734812, "SUBOXONE": 12.260898337107454, "TRUVADA": 4.4449558645243314, "ZYPREXA": 1.243258617317775, "null": 1.2445969401870622}