{"IBRANCE": 6.220108921870515, "SPIKEVAX": 1.0717687473855069, "null": 1.0661514878614582}