{"ARAVA": 1.711848182816304, "FORSTEO": 11.498646097245176, "METHOTREXATE": 39.22088388840281, "PEGASYS": 4.119843891416878}