{"ACLIDINIUM": 69.48812564852915, "BIKTARVY": 30.269188311999528, "CLOPIDOGREL": 5.109050105697414, "COMIRNATY": 0.1503969114687224, "ELIQUIS": 2.513248020542885, "ICLUSIG": 47.80376620813438, "TASIGNA": 34.8886891616689, "ZOSTAVAX": 4.153763174746904, "null": 0.6739671777347038}