{"COMIRNATY": 1.639722318911992, "COVID19": 6.096755654613295, "GARDASIL": 25.915461537995174, "SPIKEVAX": 1.632204604201518, "VAXZEVRIA": 1.5670346272536164}