{"LANTUS": 10.136790950380176, "LEVEMIR": 19.43946140360441, "NOVORAPID": 53.05827220231231, "SAXENDA": 31.536713402270976, "SEMGLEE": 3579.844043190258, "null": 1.6821998284515491}