{"AMBRISENTAN": 17.347753591515986, "ANGIOX": 152.72878465706273, "BRILIQUE": 11.192878599238936, "BUMETANIDE": 41.90979623314222, "BYDUREON": 7.533384969517858, "CLOPIDOGREL": 6.1674818016265816, "COSENTYX": 1.6887648310849712, "EFIENT": 21.232012085761024, "FIASP": 26.09973944828613, "JANUMET": 3.158311766301718, "JANUVIA": 3.321174009284645, "LANTUS": 1.5589703965403188, "LEVEMIR": 7.443442486982543, "NEULASTA": 8.743292289169052, "NOVORAPID": 11.124646932472244, "OMNITROPE": 52.455892848644005, "OPSUMIT": 9.98034018169426, "PLAVIX": 12.190020800317544, "SIMPONI": 4.425855776541801, "STELARA": 1.0946742525497788, "TOUJEO": 10.82765539844747, "TRACLEER": 11.960816242960972, "TREMFYA": 11.79705175260848, "null": 1.7194937990892636}