{"CLOPIDOGREL": 8.89435614935851, "ELIQUIS": 17.671620588135244, "PLAVIX": 16.472509102429786, "null": 1.7529549235132995}