{"ABILIFY": 3.127977635794941, "AIMOVIG": 1.1834325127449876, "ARIPIPRAZOLE": 27.39554159687701, "AVAMYS": 5.059052774068652, "BIKTARVY": 8.379935378050146, "BLINDED": 109.6591311425823, "BRIVARACETAM": 15.975556950926018, "BRIVIACT": 48.848659447160486, "BUPRENORPHINE": 3.249911106346879, "CHAMPIX": 9.813886018239751, "COSENTYX": 1.1664763875708513, "CYMBALTA": 2.022214791681776, "DEXAMETHASONE": 1.013771862264101, "DULOXETINE": 8.703659211682718, "KAFTRIO": 13.553637059290477, "KEPPRA": 11.313819744117389, "LATUDA": 5.976906178180464, "LEVETIRACETAM": 7.737605801786861, "OLANZAPINE": 4.633541349463407, "PEGASYS": 2.073042001878912, "PEGINTRON": 1.423942878457617, "RIBAVIRIN": 2.300511666048243, "SUBOXONE": 2.5416264576307346, "TAMIFLU": 1.5572651868822027, "VIMPAT": 3.776545546033588, "ZOSTAVAX": 1.170942062127761, "null": 1.5336768072715987}