{"JANUVIA": 47.95484363882093, "METHOTREXATE": 149.32577481034104}