{"BYDUREON": 26.610663768283214, "BYETTA": 220.0514409421921, "JANUMET": 118.25915874205364, "JANUVIA": 87.15553218523193, "VICTOZA": 46.48550131753616, "null": 0.0641788842711177}