{"ATRIPLA": 3.4669962240959498, "COMIRNATY": 1.7374401012301215, "SPIKEVAX": 0.7575801503471842, "TRUVADA": 1.486700068113858, "VAXZEVRIA": 0.2181937547962925, "ZOSTAVAX": 33.08562295128034, "null": 0.5502275798566906}