{"ACE": 1.2113001525920923, "ACETYLSALICYLIC": 2.223114597294125, "ACTRAPHANE": 1.3404414129990312, "ADEMPAS": 1.5341988087398366, "AIMOVIG": 1.1692676998619225, "ALENDRONATE": 1.710558124439637, "AXURA": 2.466106202453957, "AZILECT": 1.0680085184000712, "BETMIGA": 2.0706440640635884, "BREXPIPRAZOLE": 1.063503052860156, "BRINTELLIX": 1.8165878159708075, "BRIVIACT": 1.325328283631462, "CARBIDOPA": 1.2993995373532103, "CELECOXIB": 1.368226904600141, "CEREZYME": 5.155105603791653, "CERVARIX": 1.1619578812311535, "CHAMPIX": 1.2011662989014196, "CHORIOGONADOTROPIN": 1.4599228217660942, "CIRCADIN": 1.330745181470879, "CLOPIDOGREL": 1.0915833204187877, "COAPROVEL": 1.038153666587851, "COMIRNATY": 1.8567582925992467, "COVID19": 1.99720124338321, "CYMBALTA": 2.2598958094633668, "DAFIRO": 2.4752661277959533, "DOFETILIDE": 1.6485087187447698, "DRUG": 1.2238680110923053, "ELLAONE": 1.846784489882293, "ENTRESTO": 1.8895835003248709, "ESBRIET": 1.232307316329999, "ESMYA": 1.2752569824837352, "EXFORGE": 1.7647237421357105, "FAMPRIDINE": 1.0195922235578734, "FAMPYRA": 2.0183628388931005, "FLUCELVAX": 1.1146737820062702, "FORSTEO": 1.9935024815245532, "FYCOMPA": 1.9871790785389345, "GARDASIL": 2.31921778540995, "GILENYA": 1.113529651317713, "GREPID": 2.3832392380405856, "GUANFACINE": 1.0305106882199178, "HYDROCHLOROTHIAZIDE": 1.634226155891691, "IRBESARTAN": 1.106161165110791, "IVABRADINE": 1.8070006095957425, "JCOVDEN": 2.6086307923131318, "KARVEA": 1.7155745658040162, "KARVEZIDE": 1.7422015680497285, "KENTERA": 1.3467405525421623, "KINZALMONO": 1.7852686395613797, "LIXIANA": 1.499080187650656, "LUMINITY": 2.903327044432503, "LYRICA": 1.1412452349666604, "LYSODREN": 1.2450224442502713, "MELATONIN": 1.1510168645257228, "MEMANTINE": 1.1978186668562822, "MENVEO": 1.4372388959710538, "MICARDIS": 1.4599156939842954, "MICARDISPLUS": 1.5238347396213936, "MOVYMIA": 3.0104961643709407, "NIMENRIX": 1.7241445322213962, "OCRELIZUMAB": 1.4957864482467291, "PAXLOVID": 1.1760624342543784, "PERAMPANEL": 1.4679224368031527, "PRAMIPEXOLE": 1.4560674948721517, "PREOTACT": 1.8471101228917213, "PRITORPLUS": 1.0194031673028885, "RANEXA": 4.163421604969596, "RANOLAZINE": 2.4691724897702443, "RAPISCAN": 3.008945610127116, "RASILEZ": 1.136381448042306, "REBLOZYL": 2.026849927475605, "REGADENOSON": 2.141413942198809, "RYBELSUS": 1.0919144090160957, "SAXENDA": 1.0701755305874312, "SIFROL": 1.091397728681303, "SILODYX": 2.793465152464892, "SPIKEVAX": 1.592017204565009, "SPIRONOLACTONE": 1.1714468984530693, "STOCRIN": 1.148678503155791, "TEKTURNA": 1.0708137014797177, "TELMISARTAN": 1.21633732319385, "TERIPARATIDE": 1.1265421751115403, "TERROSA": 2.975380818238293, "TICAGRELOR": 1.5599295507111124, "TOZINAMERAN": 1.9226438455920396, "TWINRIX": 1.4738196235565173, "TWYNSTA": 1.3703168534369556, "UROREC": 3.805618341467909, "VALSARTAN": 2.4139221138168327, "VAXZEVRIA": 1.803750736754348, "VIMPAT": 1.685743425418662, "XTANDI": 1.1999368333323726, "ZYPADHERA": 2.9243051032934058}