{"COMIRNATY": 3.535282873033508, "GARDASIL": 3.1818444584995884, "MODERNA": 9.523450420830487, "SPIKEVAX": 0.9456545095487676, "VAXZEVRIA": 0.6030953335718479, "null": 0.4350622345425629}