{"CARBIDOPA": 182.7407884871538, "ENTACAPONE": 672.2742716305228, "LEVODOPA": 2264.228123339601, "STALEVO": 223.59585536084668}