{"GARDASIL": 21.18155176500074, "RITUXIMAB": 23.67304750201344, "null": 0.9627381457578568}