{"INSULIN": 77.0786016108551, "null": 1.8340784032058013}