{"HUMIRA": 39.534305112580185, "null": 1.0452345623587092}