{"FYCOMPA": 30.46257916292862, "KEPPRA": 7.364300211132145, "LACOSAMIDE": 17.106628121265516, "LEVETIRACETAM": 8.602827307342709, "SUBOXONE": 5.4319396963362045, "null": 7.484072770518285}