{"FENTANYL": 43.36408383041438, "null": 1.7958672730630731}