{"AVASTIN": 5.8394109725486905, "BRILIQUE": 5.752822123621036, "CLOPIDOGREL": 21.64267972970896, "EFIENT": 25.76456135924674, "ELIQUIS": 5.812450062267315, "EXJADE": 3.8422594154079657, "IBUPROFEN": 3.7089857890137634, "LENVIMA": 8.061933411146926, "LIXIANA": 8.003096730405808, "NEXAVAR": 2.3628842627026434, "PLAVIX": 28.28715668362136, "TAMIFLU": 3.357202942013878, "TICAGRELOR": 32.86101281959504, "XARELTO": 14.474002180915386, "null": 1.7142809376972643}