{"DONJOY": 83876.61688034111, "IFLOW": 44027.57818524235, "null": 0.9283903319464908}