{"ARIPIPRAZOLE": 18.155021688034243, "ZYPREXA": 4.767504971440186, "null": 4.156050214729344}