{"COMIRNATY": 10.7953701791866, "COVID19": 1.1224630910764335, "ELLAONE": 4.680213937965393, "ESMYA": 1.2950814460685287, "EVRA": 1.0964050162440218, "GARDASIL": 1.586335299434504, "MAVENCLAD": 1.6317024857748357, "SPIKEVAX": 2.465760366867761, "TOZINAMERAN": 5.367182833756627}