{"PEGASYS": 8.225071437874885, "null": 0.9798305125214594}