{"CICLOSPORIN": 5.607857555491381, "null": 2.3997258181004857}