{"ABILIFY": 3.516840318054676, "ADENURIC": 1.38684025874773, "AERIUS": 2.332980052472557, "AGOMELATINE": 7.206060387942967, "ALOXI": 8.226379892404765, "AMIKACIN": 7.218605522408021, "AMINOSALICYLIC": 20.009553539409172, "ARIPIPRAZOLE": 11.210167447230132, "ARSENIC": 253.63140734918252, "ASENAPINE": 8.588262012059259, "ATAZANAVIR": 1.159889214179885, "BEDAQUILINE": 67.4492889910647, "BENZODIAZEPINE": 4.489106397781578, "BENZODIAZEPINES": 8.43297277301866, "BETMIGA": 1.0588982077311329, "BOSULIF": 1.3542539288615263, "BRAFTOVI": 2.27160784387858, "BREXPIPRAZOLE": 9.149609123764314, "BRINTELLIX": 3.0106942767589344, "CANCIDAS": 1.5310261012565636, "CAPRELSA": 42.41802507870104, "CARFILZOMIB": 1.1762967979558985, "COBIMETINIB": 3.440272932233699, "CORTICOSTEROIDS": 6.182824181576268, "COTELLIC": 2.1219654170119924, "DASATINIB": 1.6252952488851318, "DELAMANID": 39.073722321132486, "DELTYBA": 64.12384229545944, "DENOSUMAB": 11.24752656752983, "DESLORATADINE": 2.6230803387564854, "DEXMEDETOMIDINE": 3.3765495905314906, "DOFETILIDE": 38.93381479128505, "DULOXETINE": 2.73235471006202, "EMTRICITABINE": 1.871069578384328, "ENZALUTAMIDE": 1.7821402721436823, "ESOMEPRAZOLE": 2.201830748755588, "FULVESTRANT": 1.765682697073645, "GENVOYA": 2.024462664843837, "GLIVEC": 1.47807410780375, "IBUPROFEN": 2.0300663838612167, "INVEGA": 4.219308430202351, "IRBESARTAN": 3.7484294569976098, "IRESSA": 1.5693413861358263, "IRON": 3.152296753828457, "IVABRADINE": 14.944706497890229, "KALETRA": 6.959521425242634, "KEPPRA": 1.101565333118396, "KETOCONAZOLE": 4.789970606935725, "KISQALI": 34.01419135788273, "KYPROLIS": 2.5183917968040723, "LATUDA": 1.1627746051665728, "LENVIMA": 1.6951884756351867, "LEVETIRACETAM": 1.4302434286670664, "LEVOFLOXACIN": 9.18930901746827, "LOPINAVIR": 19.46770830627825, "MELATONIN": 4.01986463270565, "MEMANTINE": 3.4258917463075487, "MIDAZOLAM": 2.3417716922055867, "MIDOSTAURIN": 12.564313883995508, "MIMPARA": 2.017175315794044, "MULTAQ": 9.647649004262677, "NALOXONE": 13.492775247763587, "NILOTINIB": 9.12100456628418, "NORVIR": 1.0041469800758591, "NOXAFIL": 12.799748002865092, "OLANZAPINE": 7.857470223806124, "OLYSIO": 1.2752300813828392, "OSELTAMIVIR": 3.324427897010496, "OSIMERTINIB": 5.64770763476954, "PANTOPRAZOLE": 1.5762773310013904, "POSACONAZOLE": 3.563099572978805, "PREGABALIN": 1.5564436617281827, "PRETOMANID": 22.08900263208421, "PROPRANOLOL": 3.345589616807365, "RANEXA": 5.54930487941373, "RANOLAZINE": 14.392136698131354, "REMDESIVIR": 2.6444020657148237, "REYATAZ": 3.1487332357555164, "RIBOCICLIB": 19.127989752419097, "RISPERIDONE": 1.5012518839941964, "RYDAPT": 7.2936575098600755, "SCEMBLIX": 10.286915074612551, "SIGNIFOR": 7.4799445025262035, "SIRTURO": 112.0765038457217, "SPIRONOLACTONE": 2.033134358926629, "SPRYCEL": 3.005192238850612, "SUNITINIB": 16.8902170475667, "SYCREST": 2.6684345088925614, "TACROLIMUS": 3.153313608304094, "TAGRISSO": 14.629520935685772, "TASIGNA": 12.345776215008677, "TIGECYCLINE": 4.713881439747022, "TIKOSYN": 10.489360458467567, "TOVIAZ": 1.1524660205376098, "TRISENOX": 87.4483537985836, "VALSARTAN": 1.6090921649788132, "VANDETANIB": 28.364739606665385, "VEKLURY": 2.251513952628348, "VEMURAFENIB": 10.930756011241996, "VFEND": 4.520858977192903, "VIMPAT": 1.1580642224942528, "VORICONAZOLE": 7.561895174704058, "VORTIOXETINE": 6.587641231327645, "VOTRIENT": 1.3180731943958237, "XALKORI": 7.204074579501508, "XEPLION": 6.694905452022044, "ZELBORAF": 6.043463166343853, "ZYPREXA": 4.594499426067631, "null": 2.521173385843104}