{"ABILIFY": 0.7533428344822213, "ADALIMUMAB": 0.2883812347492796, "AFINITOR": 1.0588511728892145, "ALEMTUZUMAB": 1.674128509764968, "AMIKACIN": 19.65318733007692, "ASPARAGINASE": 29.462351886900432, "BLINCYTO": 24.28982063661031, "BUSULFAN": 8.374007657454358, "CARMUSTINE": 11.386443904039048, "CELLCEPT": 1.6726553385588667, "CICLOSPORIN": 2.1444346334092157, "CIMZIA": 0.2724642734382284, "CLOPIDOGREL": 0.6278953800370546, "COMIRNATY": 0.0131145195962492, "CUBICIN": 7.431467874360369, "CYTARABINE": 7.351137413831356, "DEXAMETHASONE": 4.550127804635343, "DIFICLIR": 189.13680161789384, "DOXORUBICIN": 2.1838694768949174, "EFAVIRENZ": 7.609831456444077, "ELIQUIS": 0.1974046473607897, "ENTYVIO": 1.5229767078514278, "ESOMEPRAZOLE": 3.757907576573632, "EXJADE": 1.7021909661521777, "FIDAXOMICIN": 52.24160712664252, "GANCICLOVIR": 4.737792072897808, "HUMIRA": 0.6812406441333528, "IBRANCE": 0.4691659496460205, "INVANZ": 75.26220815004392, "IRINOTECAN": 2.4538811677835928, "JANUVIA": 1.4745268235522475, "KEPPRA": 0.5360221165881618, "KEYTRUDA": 0.8724670505207024, "KYMRIAH": 5.132989245704502, "LANTUS": 0.1985507571395738, "LEVOFLOXACIN": 7.427462400498184, "MELPHALAN": 8.944070256971859, "METHOTREXATE": 0.9748616858105802, "MYCOPHENOLATE": 2.867416718776701, "NEXAVAR": 0.4915218394369445, "NOT": 6.956412937382509, "NOXAFIL": 6.237991797570545, "OPDIVO": 0.8215695461955835, "OPSUMIT": 1.785152753145103, "PANTOPRAZOLE": 1.810615510050458, "RITUXIMAB": 1.6964826691547576, "SOLIRIS": 2.1275989735741425, "SPIKEVAX": 0.0273253960586909, "SPRYCEL": 1.1728157777853765, "STELARA": 0.4123435750544909, "SUNITINIB": 13.851988879341262, "SUTENT": 0.4876534738960365, "TAMIFLU": 1.248812116719031, "TOBRAMYCIN": 7.330993510280246, "TYGACIL": 59.760479895785295, "XELJANZ": 0.7765592751981027, "XTANDI": 0.6828775489778897, "YESCARTA": 2.965516752817785, "null": 2.8815849651448837}