{"ALISKIREN": 818.1305267323465, "CHAMPIX": 2.0974310618034138, "COMIRNATY": 0.4774142546225273, "ESOMEPRAZOLE": 15.266279122472952, "GARDASIL": 1.3715341898666222, "GLYCOPYRRONIUM": 427.4883404179413, "IRBESARTAN": 11.864618588958349, "KEPPRA": 1.5826845968545404, "SPIKEVAX": 0.2382893688419875, "VAXZEVRIA": 0.0919547747836319, "ZOSTAVAX": 30.96601445600161, "null": 0.5947160840793438}