{"APIXABAN": 1.075641033723137, "AVASTIN": 5.611722486720088, "BEDAQUILINE": 3.407040151654625, "BEVACIZUMAB": 5.387428116240368, "BLINATUMOMAB": 18.088366983540254, "CLOPIDOGREL": 1.194378361688255, "COVID19": 1.6936611955442051, "CUBICIN": 7.065997068771261, "CYTARABINE": 1.1331205631898225, "DEXAMETHASONE": 3.7394650602255, "ELIQUIS": 5.629646065321832, "ENOXAPARIN": 7.1293822282274935, "EVISTA": 46.02814311929044, "FASLODEX": 2.977496106906006, "FENTANYL": 1.0007163227860534, "FORSTEO": 1.5555879560765962, "HUMAN": 5.035406269515918, "JAKAVI": 2.1243556744546503, "METHOTREXATE": 1.0531865396164812, "NOVOSEVEN": 33.62984673505934, "NPLATE": 19.10742456150288, "PEGFILGRASTIM": 21.819417677679464, "PROTELOS": 10.693648234357148, "RINVOQ": 4.760004513842372, "ROACTEMRA": 1.5552085756872054, "THALIDOMIDE": 9.526398187641204, "TOZINAMERAN": 1.529523954778664, "VAXZEVRIA": 1.1530266017148216, "XELJANZ": 1.2696092548086966, "ZYPREXA": 1.463707694964825}