{"ABILIFY": 4.240201602179114, "ARIPIPRAZOLE": 1.744514972566538, "ASPARAGINASE": 3.212743310736533, "BENLYSTA": 2.820879035883171, "BEXTRA": 17.042091928144742, "BIKTARVY": 2.010543519809912, "BRINTELLIX": 1.8652985107138944, "BRIVIACT": 11.873902606605606, "BUPRENORPHINE": 1.766814332569129, "CHAMPIX": 11.24919960107046, "CYMBALTA": 2.606191721056698, "DULOXETINE": 1.5699658275430115, "ELLAONE": 4.808722830383373, "ENBREL": 1.0742770870800933, "EXFORGE": 1.5822862077678217, "FENTANYL": 4.022202891379808, "FYCOMPA": 3.707431638699628, "GARDASIL": 1.0403727544745316, "HYDROCORTISONE": 3.261860886260139, "IBRANCE": 2.572364353113036, "IBUPROFEN": 1.848713955497421, "INCIVO": 2.001472889594369, "INVEGA": 11.593336288808644, "JANUMET": 1.8434754930334931, "KAFTRIO": 3.638862564834876, "KEPPRA": 5.790914978456578, "LATUDA": 2.8932844919848923, "LEVETIRACETAM": 2.2513120162268887, "LYRICA": 2.1821146092635977, "MEPOLIZUMAB": 1.073022160191676, "OLANZAPINE": 1.2135495032178991, "ORKAMBI": 5.099836298815795, "PEGASYS": 2.4549170492396573, "RIBAVIRIN": 1.8258705068048544, "RISPERIDONE": 6.337126418785396, "SIFROL": 4.114688556790301, "SILDENAFIL": 2.3232156438278952, "SUBOXONE": 1.3055955529137602, "SUTENT": 1.163005687915054, "TAMIFLU": 1.015501101790476, "TOVIAZ": 1.637884778090844, "TRODELVY": 8.24960300324811, "XOLAIR": 1.5308672759311206, "ZYPREXA": 2.3817556488502776, "null": 2.183317074436155}