{"COMIRNATY": 4.857512809936699, "SPIKEVAX": 1.151427297217706, "null": 0.3604876895503852}