{"ELIQUIS": 4.711981085880072, "null": 0.7337061058151443}