{"ABILIFY": 2.0619553193761564, "AIMOVIG": 9.291579852347326, "BUPRENORPHINE": 3.1939418594662747, "COMIRNATY": 0.2721625056277339, "CYMBALTA": 1.2223242284573228, "FENTANYL": 2.680790799586004, "KEPPRA": 3.389334430449012, "LANTUS": 1.1610328203975993, "OLANZAPINE": 4.927727182829932, "PEGASYS": 0.8275888506883657, "SPIKEVAX": 0.3425586163281107, "TOZINAMERAN": 0.5583268515529041, "VAXZEVRIA": 0.1266239895751783, "ZYPREXA": 2.3856103067994647, "null": 2.675409826379885}