{"IBUPROFEN": 30.363655225139127, "null": 2.7144895211211426}