{"LEVETIRACETAM": 111.82760703308053, "null": 1.2763921387255468}