{"ADALIMUMAB": 1.0979362878468897, "ALEMTUZUMAB": 46.879622719835815, "AZACITIDINE": 21.448494226992747, "BUDESONIDE": 2.526336161558552, "BUSILVEX": 168.89007609724024, "BUSULFAN": 99.74191006602288, "CARMUSTINE": 30.197945431269453, "CELLCEPT": 5.893489588889363, "CICLOSPORIN": 21.55941880681132, "COMIRNATY": 1.3413693751151468, "DOXORUBICIN": 24.616525964638715, "JAKAVI": 4.17953228095932, "METHOTREXATE": 6.482839888090762, "MYCOPHENOLATE": 19.043328315297224, "RUXOLITINIB": 36.77429039852652}