{"CYMBALTA": 3.0694535263777505, "FYCOMPA": 17.966812824868196, "ICLUSIG": 8.586620657294072, "KEPPRA": 1.8047798456547528, "KEYTRUDA": 1.7829008292002264, "NEXAVAR": 2.618476216275731, "OPTIMARK": 27.09456818059071, "null": 1.4797527039838618}