{"COMBIVIR": 97.75788308783716, "null": 2.840204206684529}