{"CLOPIDOGREL": 26.784113594487632, "ELIQUIS": 13.029187238033831, "ENOXAPARIN": 44.1142452918582, "FENTANYL": 3.016220632478895, "PLAVIX": 14.325601460742062, "null": 2.0117790350714846}