{"AFINITOR": 1.3914282653005732, "COSENTYX": 2.450177049765646, "EYLEA": 13.289215087438189, "HUMALOG": 1.1100523589397473, "IBRANCE": 1.1620654844643004, "MMRVAXPRO": 2.7405085538727927, "NEVANAC": 123.80653717525392, "OMALIZUMAB": 7.523068777922456, "PEGASYS": 1.827102613954753, "SUTENT": 1.3202149408145587, "XELJANZ": 1.8523181619517857, "ZOSTAVAX": 2.14234490059549, "null": 1.860738132832825}