{"COMIRNATY": 3.521024837746995, "NUCALA": 5.504395214122872, "SPIKEVAX": 2.0402698263044114, "TOZINAMERAN": 3.7192464605949, "VAXZEVRIA": 2.7881145802158858}