{"PEGASYS": 1.40063931622347, "ROTATEQ": 11.023061783310832, "XELJANZ": 2.1374552083152025, "null": 2.5332242044362623}