{"ZOSTAVAX": 21.88346872113676, "null": 0.3174481214266242}