{"ABACAVIR": 12.615542890687712, "ABATACEPT": 17.15669557897606, "ACETAMINOPHEN": 18.46441229360237, "ADALIMUMAB": 18.2342716860626, "AIMOVIG": 2.795154230663162, "AMINOSALICYLIC": 1.950182087227108, "ANAKINRA": 21.41225754198536, "APIDRA": 0.4167685672696497, "APIXABAN": 0.4140859240780611, "APREMILAST": 15.695889562123552, "APREPITANT": 19.48181001863859, "ARAVA": 32.500710094480844, "ARIPIPRAZOLE": 0.4950484271631375, "AUBAGIO": 0.1057909924370264, "AZATHIOPRINE": 1.764904717342792, "BOTULINUM": 0.9254666826205132, "BRILIQUE": 0.2862746703136496, "BUDESONIDE": 0.098299152508169, "BUPRENORPHINE": 0.3402860238901722, "CELECOXIB": 0.7401726817429694, "CELLCEPT": 0.1516902109064703, "CERTOLIZUMAB": 5.625805171944957, "CHLORHEXIDINE": 12.315800279230569, "CICLOSPORIN": 0.7494028335061811, "CIMZIA": 9.138520266724, "CLOPIDOGREL": 2.278072221466882, "COMIRNATY": 0.0014985511809154, "COSENTYX": 1.0297293889737462, "CYMBALTA": 0.0850959842336247, "DESLORATADINE": 1.5956761055542763, "DULOXETINE": 0.7570182409841898, "ELIQUIS": 1.3976281457892588, "ENBREL": 13.427607887308238, "ENTRESTO": 6.692959633049774, "ERELZI": 3.3154654912536947, "ERENUMAB": 2.3810260812840407, "ETANERCEPT": 1.6322320782236748, "FAMPYRA": 0.4566105592451349, "FENTANYL": 0.1657829670542334, "HUMIRA": 2.3483631962487768, "IBUPROFEN": 0.2222927970827815, "INFLIXIMAB": 0.8135049350207747, "LATUDA": 0.2460594078333021, "LEFLUNOMIDE": 1.7864412459560886, "LEVOFLOXACIN": 0.2236905674774206, "LIXIANA": 1.2852101797798363, "METFORMIN": 0.9251733694957884, "METHOTREXATE": 0.5682316699605527, "MMRVAXPRO": 0.1306038388166909, "MYCOPHENOLATE": 1.1247725282186962, "OLANZAPINE": 0.236046682134233, "OPSUMIT": 0.1077523298335169, "ORENCIA": 3.83833386111682, "PAXLOVID": 5.171335477168774, "PLAVIX": 0.2003360786805256, "PROPRANOLOL": 1.2524549164120762, "RITUXIMAB": 2.043556897101198, "RIVAROXABAN": 1.5445684187963165, "SELINCRO": 43.16914042468668, "TACROLIMUS": 2.7845585326378406, "TELMISARTAN": 1.054694876289065, "TRELEGY": 0.6123838939807914, "VFEND": 0.1807010092356498, "VIAGRA": 0.1657547800189048, "XARELTO": 1.343952823513223, "XELJANZ": 0.1213840005053805, "XYREM": 0.6990556138102612, "ZOSTAVAX": 0.2631411909048233, "null": 0.3291084756459904}