{"AZATHIOPRINE": 76.25354625343742, "BUSULFAN": 22.02783973129844, "CICLOSPORIN": 25.718570831295985, "PEGINTRON": 11.21888842208301, "null": 1.180782239849031}