{"AMINOSALICYLIC": 11.711072825290394, "AVANDIA": 24.225855822519204, "BEDAQUILINE": 114.79615156336146, "COMIRNATY": 0.1791431546436169, "OPSUMIT": 8.721198456179524, "REVATIO": 31.9503028950882, "TRACLEER": 75.32183481054007, "null": 0.8951283415029915}