{"EYLEA": 79.21810259243514, "ZOSTAVAX": 12.484235456965488, "null": 2.1911936543916246}