{"BEOVU": 29.88471962685086, "COMIRNATY": 0.0805434306031008, "DEXAMETHASONE": 8.726744751753595, "ELIQUIS": 1.1546418481839746, "EYLEA": 27.68209004360984, "JETREA": 102.31673199909172, "LANTUS": 2.036614968256369, "NEVANAC": 192.1726580425674, "PEGASYS": 1.1244706611903883, "null": 2.703687841464748}