{"COVID19": 1.1932372216381886, "SPIKEVAX": 12.58163461267607, "VAXZEVRIA": 2.706868407105405}