{"HUMAN": 125.00462914750617, "null": 0.499960377561748}