{"ANGIOX": 37.35231260250416, "APIDRA": 1.5109917895935472, "ATRIPLA": 0.0879361359076205, "AVANDAMET": 16.115326487772382, "AVANDIA": 16.685233151392737, "BENLYSTA": 1.421154286092055, "BRILIQUE": 4.724997638308323, "BYDUREON": 5.671068928034438, "BYETTA": 2.820992169543418, "CLOPIDOGREL": 5.416234998908356, "COMIRNATY": 0.0902972431121409, "CYMBALTA": 0.5397694618715481, "ELIQUIS": 1.3116497145502173, "FORSTEO": 0.5521876310038581, "FORXIGA": 4.128635020652854, "HUMALOG": 3.982642055862291, "HUMIRA": 2.1431196886137145, "ICLUSIG": 4.181051839897023, "INSULIN": 2.372296589033998, "INTEGRILIN": 13.338233526765263, "JANUMET": 0.7955776936261967, "JANUVIA": 0.7151791204731166, "JARDIANCE": 1.9080309408600349, "LANTUS": 3.247733509403814, "LEVEMIR": 3.3322823226738114, "MICARDIS": 1.9623566257135612, "NEXAVAR": 0.572836753046272, "NORVIR": 4.184810950196142, "PEGASYS": 0.5046858390007446, "PEGINTRON": 0.7060326589617317, "PLAVIX": 23.347870957719294, "RITUXIMAB": 1.977510435171551, "SIMPONI": 0.4764250165255575, "SPIKEVAX": 0.2291094252850698, "STELARA": 0.855925121562377, "TASIGNA": 10.819215272565833, "TESTOSTERONE": 6.848311564568541, "TICAGRELOR": 6.677786758875344, "TOZINAMERAN": 0.1223073966875682, "TRELEGY": 1.2750354720656196, "TRULICITY": 1.3102522693273246, "VAXZEVRIA": 0.0353875353579209, "VIAGRA": 3.917861189597612, "VICTOZA": 2.3531857502563147, "XELJANZ": 1.0428334106891652, "null": 1.804479086772728}