{"BRILIQUE": 43.60934881001079, "CLOPIDOGREL": 11.338779171427596, "EFIENT": 215.6312444510972, "PLAVIX": 33.19343088637776, "null": 1.237834176894082}