{"SUBOXONE": 88.02238582520994, "null": 1.0384158771086405}