{"DEXAMETHASONE": 7.534699617903125, "FENTANYL": 4.788915631246089, "SUBOXONE": 18.151206365298155, "TOZINAMERAN": 1.3659627273459676, "null": 1.4816939236810394}