{"LEVEMIR": 41.43538494344274, "null": 1.9759185410434932}