{"ACLIDINIUM": 15.79355590154366, "ADALIMUMAB": 2.537896496830896, "AFINITOR": 9.870824565774306, "AMBRISENTAN": 76.48666038426065, "ARAVA": 2.949820818335621, "BUPIVACAINE": 41.76875957400133, "CICLOSPORIN": 1.8695141810064844, "COMIRNATY": 0.0826018814294167, "COSENTYX": 2.0546188707765927, "CUBICIN": 12.116951230433182, "GLYCOPYRRONIUM": 44.63352807829998, "HYDROCORTISONE": 6.031389503242374, "LEFLUNOMIDE": 17.44135697799511, "LYRICA": 4.739472695522146, "MEPOLIZUMAB": 15.718223876537126, "NUCALA": 5.741751923730332, "OMALIZUMAB": 3.466951939812779, "SPIKEVAX": 0.1095952054131623, "VAXZEVRIA": 0.0832692111534883, "XELJANZ": 1.037242286822194, "null": 1.0076459357861278}