{"ANORO": 131.26424118667836, "APIXABAN": 45.11370910207286, "AVAMYS": 29.0509482766136, "AZATHIOPRINE": 19.321465843131357, "BUDESONIDE": 4.436987903468998, "CICLOSPORIN": 1.641077632430669, "FASENRA": 14.035157058805105, "KAFTRIO": 40.29183501070369, "KALYDECO": 39.84352076104096, "MEPOLIZUMAB": 5.025501050625416, "NUCALA": 10.266101818017672, "OMALIZUMAB": 158.16842441219603, "ORKAMBI": 210.98520079574155, "TOBI": 189.36367883747508, "XOLAIR": 29.310949396213665}