{"BEOVU": 26.226150408941898, "EYLEA": 43.33124274476269, "NEPAFENAC": 629.2321277083585, "NEVANAC": 270.04463671168526, "OMALIZUMAB": 5.035664043668312, "ZOSTAVAX": 2.1563545715424257, "null": 1.726406269633321}