{"AUBAGIO": 2.3564022222904524, "AVAMYS": 19.756671911972173, "CHAMPIX": 4.082880585803816, "CYMBALTA": 1.6979680931146, "ENBREL": 4.007564142364574, "ESBRIET": 2.8389036981061, "FASENRA": 3.493919857149636, "GARDASIL": 1.1312642246039888, "HUMALOG": 1.753917592972459, "IBRANCE": 1.4347478558737463, "KEPPRA": 3.2637170954778822, "LANTUS": 2.05161792987045, "LATUDA": 5.47558127092253, "LEFLUNOMIDE": 16.532099030372613, "LEVETIRACETAM": 1.6168598597448476, "LYRICA": 1.9327120071709287, "MEPOLIZUMAB": 2.8992863653286145, "OLANZAPINE": 4.37571448607221, "OMALIZUMAB": 10.279502156514525, "PEGINTRON": 1.109943457636979, "RINVOQ": 2.611825415051352, "TRELEGY": 2.3497400465445595, "VIAGRA": 2.4516875379082688, "XELJANZ": 2.380511762342302, "XOLAIR": 3.0572908959121645, "ZOSTAVAX": 2.817179626055943, "null": 1.6711600051679518}