{"ALEMTUZUMAB": 9.526304037272157, "ASPARAGINASE": 6.655472784189851, "BASILIXIMAB": 21.471801644819102, "BORTEZOMIB": 6.279403976036073, "BRILIQUE": 4.105835341271633, "BUDESONIDE": 4.280759508910763, "BUSILVEX": 97.63855129890494, "BUSULFAN": 217.36388127118727, "CARMUSTINE": 15.226128801722451, "CELLCEPT": 8.64488505707026, "CICLOSPORIN": 22.79806941984183, "CLOPIDOGREL": 0.8607622073349761, "COMIRNATY": 0.0918719477972407, "CYTARABINE": 8.201168753931636, "DEFITELIO": 116.9428865386252, "DEXAMETHASONE": 2.571025902191264, "ELIQUIS": 1.375213221817137, "FORXIGA": 5.607149586070795, "HALAVEN": 7.96119926418608, "IRESSA": 24.063605984710385, "JAKAVI": 2.962347958511822, "JARDIANCE": 2.4965231784904693, "JEVTANA": 10.950967666655863, "KEYTRUDA": 0.809138776899129, "MELPHALAN": 19.226264651319976, "METHOTREXATE": 2.8774023864430025, "MYCOPHENOLATE": 9.580642855830051, "RITUXIMAB": 2.4250616369948124, "THIOTEPA": 41.35647694111013, "VAXZEVRIA": 0.0449912993450958, "VFEND": 2.06393136575977, "null": 0.7460044047713206}