{"BYETTA": 5.221135924767798, "CIMZIA": 2.899607146638193, "ELIQUIS": 1.408114400156858, "FORSTEO": 3.3746376991599685, "IBRANCE": 4.232354761415636, "JANUMET": 6.848911325784205, "JANUVIA": 7.394897326739481, "LANTUS": 5.667574326000998, "SAXENDA": 17.142103989999185, "SIMPONI": 12.637379452889215, "STELARA": 3.60637943280836, "ZOSTAVAX": 4.415855434840808, "null": 1.4687165208854336}