{"ABRAXANE": 137.05939990758466, "BOSULIF": 61.93299498831032, "BOSUTINIB": 558.0943125641259, "CYTARABINE": 7.301649011767729, "DASATINIB": 936.66730643815, "GLIVEC": 121.67699341122147, "ICLUSIG": 19.693262216928247, "IMATINIB": 549.742567501261, "NILOTINIB": 695.3249029532374, "TASIGNA": 104.50752791423832}