{"ELIQUIS": 5.442689839722771, "NEXAVAR": 30.554153342376058, "TOZINAMERAN": 1.876593764024024}