{"RILUTEK": 847.6445785237527, "null": 1.0047605513897269}