{"ARIPIPRAZOLE": 1.2500711831539115, "ATRIPLA": 10.947133483936566, "AVANDIA": 1.9853148465509751, "CHAMPIX": 0.4724557740401247, "COMIRNATY": 0.3169638244070029, "COMTAN": 5.06970309985907, "COSENTYX": 0.6357696561584788, "CYMBALTA": 0.6761255235355974, "ELIQUIS": 0.4715585111613726, "ENBREL": 0.7282871322097716, "ENTRESTO": 0.7189399901180262, "ESBRIET": 1.4165828046185391, "FASENRA": 3.426422038768053, "FENTANYL": 1.2401350169639591, "GARDASIL": 2.321012922317694, "HUMALOG": 0.7207425174815386, "INFLIXIMAB": 54.36259970695628, "JAKAVI": 1.8787186134946805, "KEPPRA": 1.5834560832943552, "KEYTRUDA": 1.7754287323976958, "LATUDA": 3.881731015195834, "MEPOLIZUMAB": 12.547635796866675, "NEXAVAR": 0.6758028285915848, "NUCALA": 4.2231260259014585, "OLANZAPINE": 1.6841072817944702, "OMALIZUMAB": 1.6206216810589282, "OPSUMIT": 1.8140144361508477, "PEGASYS": 0.5956152549724372, "PEGINTRON": 0.6950079989057757, "ROTATEQ": 3.141866625260112, "SPIKEVAX": 0.3120100395013971, "STRIBILD": 8.72562595648275, "TOZINAMERAN": 0.2760908880480026, "TRACLEER": 1.188877939554129, "TRUVADA": 6.27635512038181, "VAXZEVRIA": 0.1347292331133123, "VIREAD": 6.932719736180123, "XELJANZ": 0.4512853192695195, "XOLAIR": 0.9666482290141922, "XTANDI": 1.3159658180591405, "ZOSTAVAX": 0.919178737208487, "ZYPREXA": 1.5835152710238969, "null": 0.8758500802256368}