{"COSENTYX": 1.124015122274515, "ENTRESTO": 4.123896193324312, "EXFORGE": 4.07628895957286, "EXJADE": 3.273542237884899, "FORSTEO": 1.4588758325294031, "HUMALOG": 1.267083709998133, "JAKAVI": 6.987425868536882, "MEPOLIZUMAB": 3.0153835563807547, "OMALIZUMAB": 5.327959102795035, "SIMPONI": 4.184310520707913, "SUTENT": 1.86664351727493, "TRACLEER": 2.351162456505008, "XOLAIR": 1.987024445050661, "XTANDI": 1.8992604762514973, "ZYPREXA": 1.0733810163864317, "null": 1.199730839594633}