{"ABATACEPT": 4.2219580720072685, "ACLASTA": 3.7396188839798192, "ACTRAPID": 1.554510731556478, "ADALIMUMAB": 6.285952389807419, "ADCIRCA": 1.3897022597215554, "ADENURIC": 1.1408355175645208, "ADVAGRAF": 2.374009487131179, "AFINITOR": 2.468976506471777, "ALIMTA": 3.3219538157415496, "AMIKACIN": 1.22793575965664, "AMINOSALICYLIC": 1.7155267351689745, "APREMILAST": 5.652607483802892, "APREPITANT": 12.675750125958908, "ARANESP": 11.250323339128803, "ARAVA": 3.724061040242344, "ATEZOLIZUMAB": 1.5202764670624993, "AVASTIN": 1.3535044483277412, "AVELUMAB": 3.742244031194057, "AXITINIB": 2.698083704506822, "AZILECT": 2.557411651368657, "BEDAQUILINE": 1.8400504999890093, "BENZODIAZEPINE": 1.065088515047402, "BEVACIZUMAB": 1.7591248123073189, "BOSENTAN": 2.3440078165387006, "BRAFTOVI": 1.3229511583965168, "CABOMETYX": 1.586970867667454, "CAELYX": 1.3155020223032774, "CAPECITABINE": 1.626547226997512, "CARBIDOPA": 1.2308357356882256, "CASPOFUNGIN": 1.0893769828402653, "CEFTAROLINE": 23.64948355769369, "CELLCEPT": 1.0683848146520472, "CICLOSPORIN": 1.1065552618426937, "CIMZIA": 1.038078146306092, "CLOPIDOGREL": 1.0048734494861602, "COBIMETINIB": 1.8359975613616988, "CONTRAST": 5.581448467924595, "COSENTYX": 1.3606872883759238, "COTELLIC": 2.709891744217398, "DABRAFENIB": 1.9800140177180523, "DARBEPOETIN": 16.443732437122936, "DARUNAVIR": 1.7472772607377989, "DASATINIB": 1.0749381615776228, "DELAMANID": 2.110181968587744, "DENOSUMAB": 2.6188303421834647, "DEXAMETHASONE": 1.1837989908987514, "DIFICLIR": 2.6584208792544746, "DOCETAXEL": 1.271329586526739, "EBIXA": 1.6591205539689258, "EDOXABAN": 6.106721172150743, "EFAVIRENZ": 1.2510562002857126, "EMEND": 1.0448881389303033, "EMPAGLIFLOZIN": 1.527308441574277, "ENTACAPONE": 2.4877322067064656, "ENTRESTO": 2.3548803371662985, "ENZALUTAMIDE": 1.8014701416158383, "ERBITUX": 1.8583205729615444, "ERELZI": 4.67815940857779, "ERLEADA": 1.3855620801174944, "EVEROLIMUS": 2.265481252832702, "EXELON": 2.61303145239608, "EXFORGE": 1.3814447802276342, "EXJADE": 1.4891745656073423, "EXVIERA": 2.136884402892667, "FAMPYRA": 2.67008638100557, "FASENRA": 1.343628554497884, "FENTANYL": 1.0302768638382989, "FILGRASTIM": 1.5108326124422464, "FIRDAPSE": 1.013743366971443, "FLUTICASONE": 4.47672607666209, "FORSTEO": 1.5450695263022225, "FORXIGA": 1.0838772000767165, "FULVESTRANT": 1.2140160671898252, "FYCOMPA": 3.4681400779768103, "GALVUS": 1.473965971557625, "GAZYVARO": 1.0078318323660114, "GLIVEC": 1.9360115348467517, "GLUCAGON": 2.9611934369234327, "HALAVEN": 1.2141414197834377, "HUMIRA": 1.0065018129802925, "I": 41.74013679922363, "ICLUSIG": 1.2803364551564609, "IMNOVID": 2.60347905363697, "INCIVO": 2.3380470882666584, "INDINAVIR": 2.6485928680290987, "INLYTA": 1.6533617478992435, "IPILIMUMAB": 1.844188060286112, "IRINOTECAN": 2.2018751558980947, "ISENTRESS": 1.373169668855385, "JAKAVI": 3.1788712304789164, "JARDIANCE": 1.5451189954630502, "JEVTANA": 1.9401824962911307, "KAFTRIO": 1.3803711429838157, "KALETRA": 1.31374201738668, "KALYDECO": 1.8449684692241448, "KEYTRUDA": 1.7128143845437804, "KISQALI": 1.2143032527714852, "KYPROLIS": 1.615050291857827, "LACOSAMIDE": 1.3109088190840497, "LEFLUNOMIDE": 2.8663575442288405, "LENVIMA": 1.1674509401146231, "LIBTAYO": 4.029651328218883, "LIXIANA": 1.6505845202716023, "LONSURF": 2.427989080984312, "LUTATHERA": 7.790425950770851, "LYSODREN": 4.466366245119725, "MABTHERA": 1.3800447429401086, "MEKINIST": 2.091430168229065, "MELATONIN": 1.7432747031362907, "MEMANTINE": 1.6504806915278332, "MIMPARA": 2.3062790571342644, "NEXAVAR": 3.0455009523359715, "NIVOLUMAB": 3.6289708757655954, "NPLATE": 1.533915585493645, "NUCALA": 1.167050531303304, "OFEV": 2.2713233192511337, "ONGLYZA": 1.2141774876004392, "OPDIVO": 1.902056336659476, "OPSUMIT": 1.6982555751840966, "OPTIMARK": 10.53851785969158, "OSIMERTINIB": 1.7621600034386158, "PACLITAXEL": 2.123779093164028, "PANITUMUMAB": 1.638929447215275, "PANTOPRAZOLE": 1.2046164256250411, "PAZOPANIB": 1.011582382120068, "PEGFILGRASTIM": 7.686962778184768, "PEMBROLIZUMAB": 2.876840895024185, "PEMETREXED": 2.038273245465963, "PLUVICTO": 35.30781526467567, "POMALIDOMIDE": 3.289642555122611, "PRADAXA": 1.7107839492023862, "PRAXBIND": 2.672000515512168, "RAPAMUNE": 1.7011981512468068, "RASBURICASE": 8.370152932510361, "RASILEZ": 1.0399622014944, "REBETOL": 1.4606419440057112, "REGORAFENIB": 3.087177415854483, "REMDESIVIR": 2.3493561834712917, "REVATIO": 1.038714569764014, "RISPERIDONE": 1.0959582116200934, "RITUXIMAB": 1.369386364443465, "ROTATEQ": 1.0269807502099857, "RUXOLITINIB": 1.2228429926977331, "SIFROL": 1.8719111781795603, "SILDENAFIL": 1.7238152461825982, "SOLIRIS": 1.6896639415912085, "SORAFENIB": 1.4533973190410678, "SPINRAZA": 1.8134478750515584, "SPIRONOLACTONE": 1.1550900593247144, "STALEVO": 3.102061139066422, "STIVARGA": 2.7473036898688576, "SUSTIVA": 3.373776232891266, "SUTENT": 1.6173697584797275, "SYNAGIS": 1.55279426831822, "TAFINLAR": 2.256908028393501, "TAGRISSO": 1.7550839007064245, "TELMISARTAN": 1.2401447626987343, "TEMODAL": 1.4839867586726654, "TEMOZOLOMIDE": 1.1274073693703557, "THALIDOMIDE": 1.1059991610898607, "TOBRAMYCIN": 1.7143184097250124, "TOPOTECAN": 1.0533238438661254, "TORISEL": 3.765928004252657, "TRACLEER": 1.6633232619512368, "TRODELVY": 3.293896312853976, "TWINRIX": 1.6655228403146731, "VECTIBIX": 1.438102444862371, "VEKLURY": 1.5947047598307078, "VEMURAFENIB": 2.1638242702828627, "VENCLYXTO": 3.713192362780255, "VENETOCLAX": 1.908762819626015, "VFEND": 1.070543254083685, "VORTIOXETINE": 3.142239720835997, "VOTRIENT": 1.6504960874054155, "XALKORI": 1.7141064119241805, "XOFIGO": 19.89063277251192, "XTANDI": 2.547642216100543, "YERVOY": 2.561426451371126, "ZAVESCA": 4.599047971530279, "ZELBORAF": 1.30685236833259}