{"COSENTYX": 10.840906674017862, "FORXIGA": 78.82024705584077, "JARDIANCE": 159.89938037319976}