{"BRILIQUE": 6.435570101767847, "CLOPIDOGREL": 3.386717615947022, "ELIQUIS": 4.263292680672584, "JARDIANCE": 2.225091119975347, "SUTENT": 1.8443668776230853, "null": 1.9787536506590084}