{"FORXIGA": 145.0537804183924, "JARDIANCE": 622.6050510271971}