{"COMIRNATY": 0.0513701716955889, "IPILIMUMAB": 68.06164462891408, "KEYTRUDA": 104.72980729757236, "OPDIVO": 314.68175790908253, "PEMBROLIZUMAB": 26.996241241787075, "null": 0.1371461040353902}