{"ABACAVIR": 4.022235736866002, "ATRIPLA": 2.8460984090956205, "BIKTARVY": 115.6037006985006, "DACLATASVIR": 605.38686445476, "DAKLINZA": 76.88646183118409, "DARUNAVIR": 38.93701901365275, "EMTRICITABINE": 69.99170557169604, "EMTRIVA": 232.04572794552456, "EPCLUSA": 230.96761373882345, "GENVOYA": 109.00034409569749, "HARVONI": 209.12966486986124, "HEPSERA": 38.522496795404365, "ISENTRESS": 19.160371032956075, "RIBAVIRIN": 69.62172040059913, "SOFOSBUVIR": 117.6370637123594, "SOVALDI": 15.422815593871432, "STRIBILD": 10.881243385437315, "TRUVADA": 8.898345177071272, "VEKLURY": 29.40038008298592, "VIREAD": 18.85327797861016}