{"ABILIFY": 14.376328160011749, "BIKTARVY": 5.749868437892848, "BUVIDAL": 63.6846969407586, "CIMZIA": 5.495812119432511, "COMBIVIR": 17.74221502584702, "DOLUTEGRAVIR": 33.81449259053695, "DULOXETINE": 7.683572907721872, "HUMALOG": 1.0586408255143396, "KAFTRIO": 10.351004210338186, "KEPPRA": 1.9700926857277852, "LATUDA": 5.311467690673049, "NORVIR": 28.894697793690543, "OLANZAPINE": 9.594948023581908, "STELARA": 2.0095745357204344, "SUBOXONE": 6.122639796010629, "ZYPREXA": 10.068843221680137, "null": 1.5321773510281704}