{"DULOXETINE": 48.84871061602784, "LEFLUNOMIDE": 172.28820687917533, "SIMPONI": 14.53263905577743}