{"CIMZIA": 5.193368855168888, "LANTUS": 4.285590890932472, "STELARA": 9.66384820586531, "null": 1.1126342729690266}