{"ATRIPLA": 29.376490636131688, "ELIQUIS": 1.1230156726965443, "ENTRESTO": 4.997079519827066, "FORXIGA": 6.56700836661905, "HUMIRA": 3.759555549185874, "JARDIANCE": 8.889983646381813, "KALETRA": 6.550554786667801, "STRIBILD": 19.99977407824438, "TRUVADA": 34.19553337255382, "VIREAD": 8.336870075297226}