{"COMIRNATY": 0.3262828045262205, "EMEND": 188.61368844580625, "PEGASYS": 7.027374826211197, "null": 0.5756435642799149}