{"KEYTRUDA": 5.415055326807208, "SIMPONI": 6.484344762149149, "TOZINAMERAN": 1.3783003162332572, "null": 1.3979719557700496}