{"IPILIMUMAB": 93.33687687709478, "KEYTRUDA": 29.36680594561123, "OPDIVO": 27.08891849697116}