{"ABASAGLAR": 46.47747577782364, "ACTOS": 10.490180977232145, "ACTRAPID": 10.672403628470969, "AFINITOR": 1.372307139646047, "APIDRA": 18.337459709271396, "ARANESP": 1.196336860601993, "BIKTARVY": 4.106038528650144, "BYDUREON": 21.4740385296052, "BYETTA": 11.171252323411396, "CANAGLIFLOZIN": 16.69390288220819, "DAPAGLIFLOZIN": 6.146722992521417, "DULAGLUTIDE": 44.57301064512043, "EMPAGLIFLOZIN": 7.112116025254086, "ENTRESTO": 1.2581643810214655, "EUCREAS": 20.25568493182673, "EXFORGE": 3.5103486248965994, "FIASP": 7.972596007124737, "FORXIGA": 13.664059049579135, "GALVUS": 13.7917851740662, "GLIBENCLAMIDE": 10.995062700252134, "HUMALOG": 30.898597816481185, "ICANDRA": 35.549503557834065, "INSULATARD": 5.99950847690032, "INSULIN": 26.81431476333669, "INVOKANA": 5.355835441293127, "ISOPHANE": 31.151325040449557, "JANUMET": 5.542291628235651, "JANUVIA": 6.906844466064206, "JARDIANCE": 12.317116876336312, "LANTUS": 22.41465178153746, "LATUDA": 1.6589103592600376, "LEVEMIR": 18.864414336949903, "LIPROLOG": 22.876231371127083, "LIRAGLUTIDE": 13.028983194478789, "LYUMJEV": 23.480798525429787, "METFORMIN": 29.01814730792279, "MIXTARD": 6.568116180033895, "NOVONORM": 14.670057517393955, "NOVORAPID": 8.753577792273283, "ONGLYZA": 8.674524125061561, "OPTISULIN": 126.52260579786405, "OZEMPIC": 8.699675955955563, "PASIREOTIDE": 17.48409997184417, "RASILEZ": 4.017675890279441, "REPAGLINIDE": 10.050717719234516, "RIVAROXABAN": 5.690617275314498, "RYBELSUS": 24.10586970371603, "SIGNIFOR": 27.43364251437124, "SOMATROPIN": 3.522666981774041, "TASIGNA": 1.3489648565911687, "TOUJEO": 29.2511753821142, "TRESIBA": 8.825457644016875, "TRULICITY": 28.468341355961996, "VICTOZA": 11.673120008489402, "VILDAGLIPTIN": 9.115781457933426}