{"ABACAVIR": 1.961251477282365, "ABATACEPT": 2.030698364835504, "ACLIDINIUM": 23.244855531122948, "ADALIMUMAB": 3.106849179819504, "ALEMTUZUMAB": 10.468145625487544, "CELECOXIB": 9.121386530223866, "CICLOSPORIN": 3.484937698625681, "EFAVIRENZ": 37.47050818838971, "ENTYVIO": 3.609249612532609, "GARDASIL": 2.058729047525755, "IPILIMUMAB": 6.016820916352349, "JANUMET": 2.6033921909001174, "KEYTRUDA": 1.1703459611016869, "LAMIVUDINE": 10.70561463647167, "MEPOLIZUMAB": 10.26227057793576, "PEGINTERFERON": 5.031263637677742, "XOLAIR": 1.8051274695040065, "null": 1.0629066549450938}