{"ABILIFY": 0.6170487205189019, "ACETYLSALICYLIC": 57.00408155795449, "ADALIMUMAB": 20.489805998400367, "AIMOVIG": 3.875114857249074, "APIDRA": 2.8796795346480057, "APREMILAST": 12.46491837827897, "ARAVA": 1.6724831221284298, "BENLYSTA": 0.9015311616442204, "BUDESONIDE": 0.9491859043051368, "CIMZIA": 0.4554434586341326, "COMBIVIR": 2.0468256303664703, "COMIRNATY": 1.0841839219492757, "CYMBALTA": 1.3876064225074272, "ENBREL": 1.9005441740561717, "GARDASIL": 1.2823919529159238, "HIZENTRA": 2.653995176128208, "HUMIRA": 0.9924638423209936, "INSULIN": 3.797090181500917, "IRON": 6.436463579806, "KEPPRA": 0.8231386194589251, "KEYTRUDA": 1.1788218850069163, "LANTUS": 5.155905148734833, "LEVOFLOXACIN": 0.6277494210929025, "NEXAVAR": 1.451790831923561, "PANTOPRAZOLE": 1.87912581841695, "PEGASYS": 0.7993703250332252, "PIRFENIDONE": 48.55819001664136, "RILUTEK": 52.27602465770154, "SHINGRIX": 2.343686588602761, "SPIKEVAX": 0.5238955299278172, "TOZINAMERAN": 0.1009889167632008, "VAXZEVRIA": 0.1596938133047397, "ZOSTAVAX": 0.586524469019494, "null": 0.7460635304889139}