{"ABILIFY": 5.557026528778535, "ARIPIPRAZOLE": 5.567180546832834, "BIKTARVY": 4.400034294832929, "BRILIQUE": 1.311610126427852, "BRINTELLIX": 1.6482045765478066, "CLOPIDOGREL": 2.200967300385809, "COMBIVIR": 3.2681477364346936, "EFAVIRENZ": 9.480367940897343, "ENTRESTO": 4.515124351117639, "ENZALUTAMIDE": 8.348679304373578, "EXFORGE": 3.0080356730993576, "INVEGA": 92.28047410441224, "ISENTRESS": 2.9017703011169007, "JANUVIA": 1.010316666896486, "KAFTRIO": 3.0776404721652773, "KALETRA": 1.1778126890890728, "MICARDIS": 2.5876431706376444, "NORVIR": 3.833056649095538, "OLANZAPINE": 2.882632510130985, "PRIVIGEN": 3.709308692450034, "RASILEZ": 3.058078914914629, "REYATAZ": 9.93630983269045, "RISPERIDONE": 14.851192660703886, "SPIRONOLACTONE": 15.522617916415909, "STOCRIN": 32.00288477148004, "TASIGNA": 1.6775482781585354, "TESTOSTERONE": 7.1351328836930366, "UROREC": 16.825726505283956, "XTANDI": 2.51981684479072, "ZYPREXA": 9.252248870444353, "null": 3.803797207469064}