{"ACTRAPID": 22.56599025086869, "EMPAGLIFLOZIN": 33.98247064535207, "EXFORGE": 4.855677195260501, "FORXIGA": 6.831279838303735, "HUMALOG": 23.947018248427177, "INSULIN": 27.46926848560356, "INVOKANA": 349.4085678851333, "JARDIANCE": 13.554041733083196, "LANTUS": 14.294896994504413, "LEVEMIR": 20.342181416544825, "MICARDIS": 7.003120379896103, "MIXTARD": 85.83869103505633, "NOVORAPID": 7.204820993085825, "VAXZEVRIA": 0.0625738431129526, "ZOSTAVAX": 2.1622474118318986, "ZYPREXA": 2.969149638576205, "null": 0.5973680882551614}