{"AZATHIOPRINE": 82.92966050686984, "null": 1.874672078193524}