{"COMIRNATY": 0.8157323865466871, "null": 1.0172532373180796}