{"ALEMTUZUMAB": 32.44358979549113, "null": 1.3410851809386155}