{"AVONEX": 8.808383760899382, "BRAFTOVI": 1.1281360019816011, "BRILIQUE": 2.138532505839746, "BYETTA": 1.4172139175846998, "COMBIVIR": 1.5490095373978567, "ELIQUIS": 2.844159977369024, "ENTYVIO": 3.037647562333887, "EPADERM": 104.38002836808998, "FASLODEX": 1.0108577711797453, "FENTANYL": 1.2026527649178176, "FIRDAPSE": 2.041104762101816, "FORSTEO": 4.518052595958407, "HUMIRA": 1.9508007051578105, "HYDROCORTISONE": 1.949797066125647, "ICLUSIG": 1.2694460083969372, "INCIVO": 20.332976185088366, "INLYTA": 1.2063272923882933, "ISENTRESS": 3.199122225151042, "JANUMET": 3.0484671735528712, "JANUVIA": 2.105559600716193, "LIXIANA": 1.7342555483183104, "OFEV": 1.0105478027203003, "OPTIMARK": 1.030815123248067, "PEGASYS": 4.931697417775261, "PEGINTERFERON": 9.805466173611904, "PEGINTRON": 1.872622170084986, "PLAVIX": 1.4776354066299946, "RIBAVIRIN": 1.7898138491652325, "SAXENDA": 1.329415699695197, "SPRYCEL": 1.219159628661041, "STEROIDS": 13.823249904224234, "SUTENT": 3.584780584242671, "VOTRIENT": 1.108983907630945, "XELJANZ": 2.015264038644923, "XYREM": 1.935280626002884, "ZOSTAVAX": 2.2175998117468003, "null": 2.645297048125697}