{"ABILIFY": 1.954221825811256, "ADVAGRAF": 2.718963281340096, "AERIUS": 2.6019695466685318, "APIXABAN": 4.222756005850279, "ARIPIPRAZOLE": 1.2157566475382076, "AXURA": 8.504855877447458, "AZILECT": 14.574263652342466, "BENZODIAZEPINE": 1.6606382481186632, "BEXTRA": 2.919419191066829, "BIKTARVY": 1.5037205459401386, "BRINTELLIX": 1.4843907049321108, "BRIVARACETAM": 4.337772292008388, "BRIVIACT": 2.119041677049975, "BUPRENORPHINE": 2.484367839538232, "CANCIDAS": 1.2542906049171672, "CANNABIDIOL": 1.374831979862992, "CARBIDOPA": 10.349545374123627, "CELECOXIB": 1.383977065234524, "CHAMPIX": 5.764329417508332, "CIRCADIN": 2.4172366783909487, "CLOPIDOGREL": 1.831310761905845, "COMTAN": 20.257883233955383, "COMTESS": 7.980632661421253, "CRESEMBA": 2.2399277868072978, "CYMBALTA": 2.638617974935465, "DELAMANID": 1.3580551210675482, "DESLORATADINE": 1.6032002424352905, "DEXAMETHASONE": 1.0105613790497538, "DULOXETINE": 1.5999801629409287, "EBIXA": 9.62757607162916, "ENTACAPONE": 8.190409346291263, "EXELON": 9.084379473408289, "FENTANYL": 1.5673430090405664, "FYCOMPA": 3.0691786676542123, "INVANZ": 19.473425428213435, "INVEGA": 1.6020692512188266, "KALETRA": 1.2560296862391165, "KEPPRA": 3.261779059277813, "LATUDA": 4.676230114320489, "LEVETIRACETAM": 1.5900174562942062, "LEVODOPA": 10.923715051688882, "LEVOFLOXACIN": 1.7332415922203497, "LYRICA": 3.016653610318668, "MELATONIN": 3.950953057873376, "MEMANTINE": 3.1470164016387168, "MIDAZOLAM": 3.127397232006629, "NEUPRO": 10.668591887877795, "NOXAFIL": 1.3730936616865106, "OCRELIZUMAB": 1.485852674580468, "OLANZAPINE": 2.0077639336146538, "ONGENTYS": 24.397770380650236, "OSELTAMIVIR": 4.045122864211468, "OXYBUTYNIN": 5.711367998435299, "PALIPERIDONE": 4.432568208933654, "PEGASYS": 1.1349993684549675, "PEGINTRON": 1.8876001029688323, "PRAMIPEXOLE": 20.583403914815182, "PREGABALIN": 1.385167745986436, "PRIALT": 9.680678579928584, "PROPRANOLOL": 1.3426920458236802, "RANEXA": 3.229017383635012, "RANOLAZINE": 5.94244126177556, "REVLIMID": 1.3812367962644043, "RISPERIDONE": 1.692068752229236, "SIFROL": 17.357361828954794, "STALEVO": 14.215252239620208, "SUBOXONE": 3.2101557455328, "SUSTIVA": 4.280479504365571, "TAMIFLU": 20.317079053973675, "TOVIAZ": 1.6285580683594771, "VFEND": 39.9247386582293, "VIMPAT": 2.0653796496900183, "VORICONAZOLE": 22.376448887865354, "XTANDI": 1.53363934379061, "XYREM": 3.638520376701773, "ZYPADHERA": 1.9351871306900024, "ZYPREXA": 2.159350643355357, "null": 2.418073440833141}