{"TOZINAMERAN": 1.6426077594751765, "null": 1.2572189361171209}