{"AIMOVIG": 2.8712571655277626, "COMIRNATY": 1.1513147884463135, "DOXORUBICIN": 6.062422331254474, "ELIQUIS": 1.545705940410374, "ENTRESTO": 4.122690429358669, "FILGRASTIM": 11.977554611581343, "IBUPROFEN": 1.9082529085122968, "LEMTRADA": 3.132716376214324, "LEVOFLOXACIN": 1.679372267735377, "TOZINAMERAN": 4.583729138405138}