{"ARIXTRA": 17.00200692193224, "BIVALIRUDIN": 175.5513554064213, "CLOPIDOGREL": 1.490574344742214, "ENOXAPARIN": 124.1118873726466, "INHIXA": 33.89343939392273, "null": 10.182253128045916}