{"BARACLUDE": 46.23848180227015, "BYETTA": 2.947015358870562, "CABOMETYX": 3.132317733957516, "DACLATASVIR": 7.679390704427341, "DAKLINZA": 13.093020709827162, "DARUNAVIR": 9.530161096996478, "ELIQUIS": 1.0715288788373558, "ENTECAVIR": 8.954113847391804, "EPCLUSA": 7.215967324859996, "EXFORGE": 1.2993724861160203, "FORSTEO": 1.2590176122167296, "HARVONI": 14.97648138783986, "HEPSERA": 18.086266146471115, "JANUMET": 2.089256003013672, "JANUVIA": 1.795122608747373, "JARDIANCE": 1.1140860383433746, "KALETRA": 4.897371608997988, "LANTUS": 1.7133567777579617, "LEVEMIR": 1.1900133375541195, "NEXAVAR": 26.53183321462419, "OLYSIO": 5.621424277234415, "PEGASYS": 2.730850008307717, "PEGINTERFERON": 2.6258783517408126, "PEGINTRON": 2.160604981712785, "REBETOL": 4.745768428083379, "RIBAVIRIN": 7.509593228685498, "SOVALDI": 14.629033122198743, "STELARA": 1.166348183776871, "STIVARGA": 1.9323015404876656, "TRELEGY": 1.5624969488292637, "VEMLIDY": 20.873704873934525, "VICTOZA": 1.2049602066959335, "VIREAD": 2.784639777042697, "null": 3.804735377848458}