{"ABILIFY": 0.7052362846345431, "ACTRAPID": 1.979412821377983, "ADENURIC": 5.865438592296768, "ADVAGRAF": 6.929416770805925, "AERIUS": 1.872852550094844, "ALIMTA": 1.7062092893896377, "AMIKACIN": 1.3793893226995522, "APROVEL": 2.004319071571178, "ARANESP": 0.4545047255910974, "ARAVA": 0.1523830249490891, "ARIPIPRAZOLE": 1.9093253743590484, "ASPARAGINASE": 1.4116944706917915, "AVASTIN": 0.9058996033597648, "AZACITIDINE": 3.956415070085957, "BENLYSTA": 0.2790977027092075, "BEVACIZUMAB": 0.4508645969101759, "BIKTARVY": 0.4649649675201709, "BORTEZOMIB": 1.8027371456653367, "BRILIQUE": 0.3526238231143551, "BUSULFAN": 1.1412817359408418, "CAELYX": 1.5547548518482766, "CANCIDAS": 5.870420614198936, "CAPECITABINE": 0.6520623231072464, "CARMUSTINE": 1.6211942845451417, "CASPOFUNGIN": 1.4025245603625616, "CELLCEPT": 11.052720005782469, "CICLOSPORIN": 0.5161017579046443, "CIRCADIN": 4.245743534894539, "CLADRIBINE": 2.229961320590616, "CLOPIDOGREL": 1.0246838034406422, "COAPROVEL": 2.2017441041641512, "COMBIVIR": 1.063593523471496, "COMIRNATY": 0.0093856744131899, "CUBICIN": 1.797662580027471, "CYMBALTA": 0.0821733041247711, "CYTARABINE": 2.4646868362278846, "DEXAMETHASONE": 1.487593168565314, "DIFICLIR": 7.199926436183636, "DOCETAXEL": 10.3036632236459, "DOXORUBICIN": 8.878035913894303, "ELIQUIS": 0.4711259248043756, "EMEND": 1.2758423381695887, "EPIVIR": 0.877373788779316, "ERLEADA": 2.359840747130188, "ESOMEPRAZOLE": 2.298432727642905, "EXFORGE": 0.2648262267318486, "EXJADE": 0.202668540015827, "FASLODEX": 0.283466627119145, "FEBUXOSTAT": 1.688375664029723, "FILGRASTIM": 6.656439416068348, "FORXIGA": 0.3096998038096563, "GANCICLOVIR": 4.13365249352052, "GAZYVARO": 4.248517937858285, "HALAVEN": 0.848327383224413, "HERCEPTIN": 1.2741535546979186, "HYCAMTIN": 2.2458824067425622, "HYDROCORTISONE": 0.750720401171829, "IBRANCE": 0.2116358357382535, "IBUPROFEN": 3.0137154871918246, "IMBRUVICA": 1.5733263744765795, "INCIVO": 0.4243298850623394, "INTRONA": 1.0688917036705678, "IPILIMUMAB": 0.8439490551643833, "IRBESARTAN": 1.0184123656810455, "IRINOTECAN": 1.001644289263253, "ISENTRESS": 0.6888660348756492, "JAKAVI": 0.5391385371254352, "JANUVIA": 0.3282201425225187, "JARDIANCE": 0.0884145650854521, "JEVTANA": 1.3774970841878869, "KALETRA": 0.7539258381118509, "KEPPRA": 3.04553555914662, "KESIMPTA": 1.252132772681713, "KEYTRUDA": 0.653974583541205, "KINERET": 15.808854883498803, "KYMRIAH": 1.1138862729744792, "LEMTRADA": 0.4306030708538074, "LEVETIRACETAM": 1.713585657006084, "LEVOFLOXACIN": 1.2701699489646543, "LYRICA": 1.2274004829330885, "MABCAMPATH": 5.171829540164675, "MABTHERA": 21.35592202430412, "MEKINIST": 0.23843128775984, "MELPHALAN": 1.8297500064163823, "MERCAPTOPURINE": 4.247945710048274, "METHOTREXATE": 2.035102244476457, "MICARDIS": 0.6142477833379199, "MYCOPHENOLATE": 0.7269955275321403, "NEULASTA": 0.8564777540968506, "NEXAVAR": 0.138059835238827, "NORVIR": 1.724777550320212, "NOT": 0.6663510195944585, "OBINUTUZUMAB": 1.8907737336122816, "OLANZAPINE": 2.334362137864789, "OPDIVO": 0.749445108492784, "PACLITAXEL": 5.400041867307678, "PANTOPRAZOLE": 2.910360593664317, "PEGASPARGASE": 13.683229995519577, "PEGASYS": 0.3667430818719913, "PEGFILGRASTIM": 2.809958748333007, "PEGINTERFERON": 0.9892671380562488, "PEGINTRON": 0.988323040336132, "PEMBROLIZUMAB": 1.1417018307762037, "PEMETREXED": 1.4471252957970564, "PLAVIX": 4.914041204414626, "PREGABALIN": 0.9986740412986972, "PROPRANOLOL": 1.7259968030067814, "RIBAVIRIN": 0.7998326523892947, "RILUTEK": 7.717355657915041, "RITUXIMAB": 5.446476363809668, "RIXATHON": 10.16501930291214, "ROACTEMRA": 1.4378093900976394, "SIMPONI": 0.1036938955343127, "SOLIRIS": 0.3123231908555295, "SPRYCEL": 0.4049003452925231, "SUTENT": 0.068298148769457, "TAMIFLU": 1.3038962950811628, "TASIGNA": 0.276775729081088, "TAXOTERE": 32.64999280948443, "TEMODAL": 6.890720876523194, "TEMOZOLOMIDE": 1.47496800116783, "THALIDOMIDE": 1.2962426939478786, "TRODELVY": 0.9666976985673484, "VAXZEVRIA": 0.0052601078859277, "VENETOCLAX": 3.4474401026453334, "VFEND": 2.820135410799613, "VIMPAT": 2.426673470568219, "VORICONAZOLE": 1.3015315512965766, "XARELTO": 1.29815629587975, "XELODA": 1.9832377627022972, "YESCARTA": 0.9979967247817312, "ZYPREXA": 1.4622845144148342, "null": 4.923566921729926}