{"AIMOVIG": 77.35046358687033, "APIDRA": 5.867084425452588, "ARANESP": 4.724573211294067, "BIRESP": 1047.2784940604204, "BYDUREON": 12.550878171687204, "COSENTYX": 6.133042607560538, "FASENRA": 40.192298853426415, "LANTUS": 3.3366776509454046, "NEULASTA": 26.08128750248776, "PLEGRIDY": 80.53672255380215, "TOUJEO": 11.456468695840517, "null": 2.405761392166851}