{"ALEMTUZUMAB": 16.5761617437518, "FILGRASTIM": 323.0463228627666, "GARDASIL": 5.386528222966223, "LEMTRADA": 93.81755849920506, "PEGINTRON": 8.69825360655664, "STELARA": 4.089502772365296, "null": 0.9859129515498816}