{"HIZENTRA": 51.77164990739778, "HUMAN": 55.46440502694127, "PRIVIGEN": 195.02144887657207, "null": 1.2558740368532824}