{"SUBOXONE": 237.63185643055596, "null": 0.5143141970941679}