{"INVOKANA": 226.4341849909896, "null": 1.981967050653679}