{"COMIRNATY": 2.2601676613157653, "SHINGRIX": 26.978841374842805, "SPIKEVAX": 1.4476517519033627, "TOZINAMERAN": 1.8469353333441336, "ZOSTAVAX": 59.07217233105953}