{"ADCIRCA": 24.60719711684903, "BYETTA": 13.78139755827861, "CHAMPIX": 1.5075632956929856, "CLOPIDOGREL": 10.94350852739483, "COMIRNATY": 0.0762736774883033, "DACLATASVIR": 42.56792082718861, "ELIQUIS": 1.5106628753224836, "FENTANYL": 2.5512726011700244, "INFLIXIMAB": 19.40263865414012, "IPILIMUMAB": 20.940303671947945, "JANUMET": 3.393304223382985, "JANUVIA": 2.692060788775488, "KEYTRUDA": 2.726024683281772, "METHOTREXATE": 4.292636553809561, "OPDIVO": 8.178438769507647, "PLAVIX": 5.497788573664943, "SUTENT": 1.375259881146429, "null": 1.1702252277103269}