{"COMIRNATY": 1.0960934956966562, "COSENTYX": 8.780519613064982, "HUMAN": 27.5628483320006, "PRIVIGEN": 26.650163352733674, "SPIKEVAX": 0.7901503948508457, "TOZINAMERAN": 1.2836270653672786, "VAXZEVRIA": 0.6315374000241121, "null": 0.6966987905542296}