{"ABACAVIR": 10.37914977592417, "ABILIFY": 40.75733576697601, "ADALIMUMAB": 0.1536596214332528, "AFINITOR": 2.025508381688176, "AIMOVIG": 0.8708252038613488, "AMINOSALICYLIC": 9.76149781482696, "APIXABAN": 1.0435547953586948, "ARAVA": 1.124493327527727, "ARIPIPRAZOLE": 34.6321358854817, "ATRIPLA": 0.5103673928245471, "AVANDIA": 1.7825679849095, "BIKTARVY": 4.884081244106118, "BYETTA": 3.5159773124968674, "CICLOSPORIN": 1.448764747906451, "CLOPIDOGREL": 1.5311254832515684, "COMBIVIR": 11.310499689645104, "COMIRNATY": 0.054059612656827, "DARUNAVIR": 9.200380150104095, "EFAVIRENZ": 18.37151561113225, "ENBREL": 0.6677502059288518, "ENTRESTO": 3.799857783534837, "EPIVIR": 4.8798026076846375, "FASLODEX": 1.2722236583395117, "FORXIGA": 3.3434540227439045, "HUMIRA": 2.299074080600981, "IBUPROFEN": 1.931592342533434, "IRBESARTAN": 7.435931195961746, "ISENTRESS": 6.091680103939657, "JANUMET": 3.605410113075433, "JANUVIA": 4.769396955951773, "JARDIANCE": 0.556785793513269, "KALETRA": 22.44857404701054, "LANTUS": 0.716278726726059, "LOPINAVIR": 78.29968435779139, "METFORMIN": 36.77333980987071, "METHOTREXATE": 2.434886313402341, "NORVIR": 22.02834438013721, "OLANZAPINE": 4.650966983085322, "OMALIZUMAB": 2.05461209797516, "ROACTEMRA": 1.4112903002907464, "SPIKEVAX": 0.0310938034163088, "STELARA": 0.5198142936298272, "SUTENT": 0.4307506418138069, "SYMTUZA": 89.77957649352986, "TASIGNA": 6.694980007114304, "TESTOSTERONE": 9.386557677931464, "TRIUMEQ": 9.697881093398912, "TRUVADA": 0.7172884960472982, "VAXZEVRIA": 0.0243396741559599, "ZOSTAVAX": 4.854788004999213, "ZYPREXA": 16.1814252035681, "null": 0.6105037314082873}