{"ABATACEPT": 14.15957057368352, "ACLASTA": 94.10219370372036, "ADALIMUMAB": 9.996310073338542, "APTIVUS": 110.52070008424252, "ARAVA": 2.725643760105183, "AUBAGIO": 6.4278130349641085, "AVAMYS": 30.97634188610285, "CICLOSPORIN": 2.159388666746173, "HUMIRA": 3.995588615920731, "JAKAVI": 4.095332633510832, "KEYTRUDA": 2.048460936959471, "LEVOFLOXACIN": 2.206805703406878, "NEXAVAR": 4.338331987285797, "PEGASYS": 3.366536908045192, "QARZIBA": 137.8004464089082, "YESCARTA": 29.440642694940514, "null": 0.4069946515568483}