{"CYMBALTA": 2.2442356831622914, "OLANZAPINE": 5.19260360471046, "PEGASYS": 2.7195326283713595, "PEGINTRON": 10.86144446340948, "SUBOXONE": 14.88869583374211, "null": 4.9188043205911285}