{"ATRIPLA": 10.63627156988016, "AVANDIA": 2.492301123866433, "ELIQUIS": 1.1636723736029673, "EVENITY": 33.35886865017544, "FENTANYL": 1.7572447387387655, "FORSTEO": 14.91403053005988, "HUMALOG": 2.309384445238891, "IBRANCE": 1.5904859963439797, "KALETRA": 11.830859618891978, "LANTUS": 1.0374368270107126, "OLANZAPINE": 3.332607799779309, "ROACTEMRA": 4.200922381218249, "STRIBILD": 3.2049474000090923, "TRUVADA": 5.683795462987426}