{"COMIRNATY": 3.950705123943216, "SPIKEVAX": 2.6224588293820084, "null": 0.1424921170841658}