{"ALEMTUZUMAB": 4.752369327297212, "CASPOFUNGIN": 10.15174630840824, "CICLOSPORIN": 4.183203902089193, "CLOPIDOGREL": 3.774310683076077, "COMBIVIR": 11.704667221039369, "DEXAMETHASONE": 5.229250910004191, "ELIQUIS": 2.1295312568348383, "FASLODEX": 2.254379717153779, "HUMALOG": 1.2160913958734176, "KALETRA": 3.872752674717096, "KEPPRA": 1.6610722104434363, "LEVETIRACETAM": 3.035015014493942, "NAGLAZYME": 48.25251103409794, "NOVOSEVEN": 12.765679601474098, "SPINRAZA": 37.80372092143507, "SYNAGIS": 7.379805371220383, "TEMOZOLOMIDE": 16.113104648133792, "VOTRIENT": 1.5919376372842764, "null": 1.7425773836881984}