{"NEXAVAR": 17.109712630113386, "null": 0.8022882217487288}