{"BRINTELLIX": 5.069399028183685, "BUPRENORPHINE": 44.64250852991062, "CHAMPIX": 28.7329509594068, "CYMBALTA": 0.8668086457311278, "VIAGRA": 5.777872679256765, "null": 3.833516398125868}