{"ABILIFY": 7.045818457262448, "APIDRA": 6.384772064162495, "COAPROVEL": 18.34306649100582, "HUMALOG": 7.402147314719574, "INSULATARD": 81.07501212520336, "INSULIN": 51.74019821807413, "KEPPRA": 2.972033016891591, "LANTUS": 10.928689300473009, "LEVEMIR": 34.73321346683186, "LEVETIRACETAM": 4.509074734901488, "NOVORAPID": 13.321213904900002, "SUBOXONE": 7.794614060569295, "null": 1.5640755233591908}