{"ALIMTA": 2.4718487309531003, "AMIKACIN": 4.913407135136728, "AMINOSALICYLIC": 13.267905181399106, "ANAKINRA": 6.48349124968415, "APIXABAN": 1.1803721319803393, "ASPARAGINASE": 1.851655033638069, "ATEZOLIZUMAB": 54.74344519866453, "AVASTIN": 3.229284732308967, "BEDAQUILINE": 24.27125694728228, "BEVACIZUMAB": 6.844847831025537, "BRAFTOVI": 4.4677448413371055, "BUMETANIDE": 21.3094339833183, "BUSULFAN": 1.8306425633747987, "BYETTA": 2.773870839339415, "CABOMETYX": 7.627779476893026, "CANCIDAS": 10.672039843379068, "CASPOFUNGIN": 6.368665930082398, "CELLCEPT": 2.350438161000631, "CETUXIMAB": 20.937169901068646, "CICLOSPORIN": 2.3986499899020566, "CINACALCET": 29.49062506154964, "CLOPIDOGREL": 2.0345571342017026, "COAPROVEL": 3.831961575319198, "CYTARABINE": 1.294522967077707, "DELAMANID": 11.311169249808838, "DOCETAXEL": 2.303911105122637, "ERBITUX": 46.40220842134673, "ESOMEPRAZOLE": 11.301567551637548, "FILGRASTIM": 11.471376767103354, "FIRDAPSE": 6.584150088676262, "GANCICLOVIR": 4.873743236638839, "GLIBENCLAMIDE": 11.499718958336542, "HYDROCORTISONE": 3.821049958365553, "INOTUZUMAB": 132.8584058253871, "IPILIMUMAB": 3.41010329683911, "IRBESARTAN": 3.911402930919412, "IRINOTECAN": 13.327159290455429, "JANUMET": 3.160496023094699, "JANUVIA": 1.9410969640245472, "KEYTRUDA": 1.59407161294586, "LEVETIRACETAM": 7.557550461647026, "LEVOFLOXACIN": 3.0398567391453235, "LYRICA": 1.9344931970674335, "NEXAVAR": 1.6308536579623334, "NOXAFIL": 13.258917634714832, "PANITUMUMAB": 104.78900949670944, "PANTOPRAZOLE": 18.934579906530296, "POSACONAZOLE": 13.744022326403568, "RIBAVIRIN": 12.208683398658328, "VECTIBIX": 171.51108215756383, "VELTASSA": 7.97588770792165, "VFEND": 2.216409683302376, "VILDAGLIPTIN": 29.407481795694157, "VOTRIENT": 1.131219814901105, "null": 1.2909997425597013}