{"LOXAPINE": 532.6009034077952, "VILDAGLIPTIN": 382.4531151659439, "null": 1.8306837329650412}