{"BUDESONIDE": 29.75618383806537, "BUSULFAN": 52.08368419280893, "CELLCEPT": 14.53292655086022, "CICLOSPORIN": 29.070315115526736, "GANCICLOVIR": 342.37811265980645, "null": 0.0810196428166956}