{"BEOVU": 73.94804861967218, "DEXAMETHASONE": 15.033950482812074, "EYLEA": 480.1282698382223, "TOBRAMYCIN": 63.85817046197631, "null": 1.5236819929049794}