{"ADCIRCA": 14.896472493686606, "APROVEL": 11.413939234477873, "AVANDIA": 3.6539815259801465, "BUDESONIDE": 1.7181525230252337, "CICLOSPORIN": 3.7648758848386654, "CLOPIDOGREL": 1.5735249345262998, "ELIQUIS": 4.191937442985076, "HUMALOG": 3.5631461382820944, "JANUMET": 2.529347612870501, "LANTUS": 1.3989231513381897, "LYRICA": 2.050321555741438, "OMALIZUMAB": 4.402838179403826, "PEGASYS": 1.1961031728380358, "PEGINTRON": 1.9229350476312572, "PLAVIX": 2.783163353400479, "ROACTEMRA": 3.2738460299816365, "STELARA": 1.7992408898789665, "TRELEGY": 5.567259546844954, "VIAGRA": 6.2984258876672055, "ZOSTAVAX": 1.2129247235359482, "null": 1.5740470716721358}