{"IPILIMUMAB": 17.266786365829507, "KEYTRUDA": 33.390427184058176, "OPDIVO": 61.05255206910652, "YERVOY": 56.0289313002347, "null": 1.4737088377865808}