{"AUBAGIO": 5.032185795308699, "BENLYSTA": 7.131662929342876, "BUDESONIDE": 3.5367053072578023, "BYETTA": 12.624110253195848, "CIMZIA": 2.631512360634101, "CYMBALTA": 4.823055032938819, "HUMIRA": 2.8364282911160057, "IBRANCE": 3.050273152921164, "JANUMET": 21.341633079720545, "JANUVIA": 16.49436088771977, "JARDIANCE": 1.2629310457177232, "METHOTREXATE": 5.848384042759211, "OPSUMIT": 3.969902988576408, "RUCONEST": 22.422541020961425, "SIMPONI": 5.393138011817516, "STELARA": 5.71035751410505, "TREMFYA": 6.457031983092547, "XELJANZ": 1.852144343759512, "ZOSTAVAX": 9.396643114649471, "ZYPREXA": 1.4307792764452116, "null": 1.187120549099582}