{"GARDASIL": 62.68624457740534, "SPIKEVAX": 10.158963537880574, "ZYPADHERA": 113.16399785885174}