{"AXITINIB": 31.67364996594425, "DOXORUBICIN": 10.378304862037805, "IPILIMUMAB": 39.4604514723791, "KEYTRUDA": 259.568585301724, "OPDIVO": 233.0824053732555, "PEMBROLIZUMAB": 12.18187611565332}