{"IPILIMUMAB": 105.08007748062978, "KEYTRUDA": 160.6908292634454, "OPDIVO": 37.014866421035, "PEMBROLIZUMAB": 142.78294347950708}