{"VOTRIENT": 41.77293056198687, "null": 1.229809544296353}