{"ABATACEPT": 4.410548357968583, "ARAVA": 2.042677559216824, "CICLOSPORIN": 1.0678077909034287, "CLOPIDOGREL": 6.025020845618826, "COMIRNATY": 0.2923569092198337, "ELIQUIS": 0.764444056070665, "ENBREL": 2.0148652200839265, "FORXIGA": 3.0759988974532604, "GARDASIL": 0.7947140228674578, "JANUMET": 2.1301982611662367, "JARDIANCE": 1.3792319040131875, "KEPPRA": 1.5457823574519092, "METHOTREXATE": 4.27201635702827, "PEGASYS": 1.277874612722235, "PLAVIX": 1.3860838723501288, "SPIKEVAX": 0.220617620521023, "SUTENT": 0.8429112870824138, "TOZINAMERAN": 0.2806065970947418, "VAXZEVRIA": 0.2331708151521508, "XELJANZ": 1.024972142130188, "null": 1.5342275341474074}