{"COMIRNATY": 0.1632621268399701, "null": 4.211344204441964}