{"CRESEMBA": 535.8320072993289, "HIZENTRA": 108.78686453360515, "IBUPROFEN": 29.044063949630686, "OPSUMIT": 29.90641575581305}