{"COMIRNATY": 0.5121001934316977, "TOZINAMERAN": 1.5057005279265627, "null": 3.386877538512651}