{"COMIRNATY": 5.63747618979328, "COVID19": 1.5291015948064748, "GARDASIL": 2.321739191336306, "MENVEO": 9.48919609341109, "MMRVAXPRO": 2.752424731916186, "NIMENRIX": 3.33883993661782, "SHINGRIX": 10.441437278510396, "SPIKEVAX": 4.654410079293224, "TWINRIX": 4.11674735948964, "VAXZEVRIA": 1.684486676805065}