{"APIDRA": 5.354479576643265, "BETAFERON": 69.9395905386055, "BYDUREON": 22.28819826008692, "CIMZIA": 1.7371976666884026, "FASLODEX": 9.30952730204975, "HIZENTRA": 11.669536280759608, "HUMALOG": 2.6274436113433217, "LANTUS": 3.261148882479572, "PEGASYS": 3.627809809232158, "PEGINTRON": 6.618334975687935, "null": 1.1587899823711572}