{"ABASAGLAR": 5.027834730728956, "AIMOVIG": 1.02959901418648, "APIDRA": 1.0127224788577884, "BETAFERON": 3.4249191496727875, "BUVIDAL": 5.816680215162662, "BYDUREON": 3.123125430483474, "CABOTEGRAVIR": 10.967564639171965, "CERVARIX": 1.5273500572546943, "COMIRNATY": 4.142683309206558, "COVID19": 2.4085417306501555, "DULAGLUTIDE": 1.0084045059258853, "EVENITY": 1.4920372702467664, "FASLODEX": 2.018119328083768, "FIASP": 1.8668097150635836, "HEMLIBRA": 1.43787621108809, "HYQVIA": 1.3689266138089915, "IDACIO": 7.634727393614623, "INHIXA": 7.797921113324845, "JCOVDEN": 3.707249111909928, "LANTUS": 1.173960275061933, "LEVEMIR": 1.018613388673212, "LYUMJEV": 15.211592454047496, "MENVEO": 1.668911410201258, "MMRVAXPRO": 1.2519763114420182, "MOVYMIA": 1.3260055483174868, "NIMENRIX": 3.148522282930843, "NUTROPINAQ": 7.479922708016208, "OCTREOTIDE": 1.1830129119515536, "OMNITROPE": 4.978477429703687, "PLEGRIDY": 2.637598636364408, "REKAMBYS": 13.865626365221038, "ROTARIX": 1.964141258526728, "SHINGRIX": 2.418107481043463, "SOMATROPIN": 1.0734033311194622, "SOMAVERT": 2.163059552454616, "SPIKEVAX": 5.90173206900908, "TALTZ": 2.943991133840602, "TOUJEO": 1.2973020446667396, "TRULICITY": 2.85446627575715, "TWINRIX": 1.2303576579895288, "VAXZEVRIA": 2.215580468971463}