{"ADALIMUMAB": 24.46119448188546, "AVANDIA": 1.8747662521689687, "BEOVU": 21.658271422350285, "CLOPIDOGREL": 1.7371665884101692, "COMIRNATY": 0.1321130122781032, "ENBREL": 1.7931279777124167, "EYLEA": 8.226479915143292, "HUMALOG": 3.8099002206789296, "HUMIRA": 10.65668846581266, "KEPPRA": 1.2606118549081546, "LANTUS": 2.05895539903638, "NEVANAC": 44.86974810301137, "SPIKEVAX": 0.20186514119534, "SUTENT": 0.9798149724813114, "TOZINAMERAN": 2.3565603792933043, "VAXZEVRIA": 0.6576857694285332, "ZOSTAVAX": 2.877294585578737, "null": 0.6316618815004958}