{"AIMOVIG": 1.139241357521463, "APIXABAN": 21.31575361979321, "AVAMYS": 3.405531875851113, "BUDESONIDE": 13.378025729940962, "CARBIDOPA": 19.908613523330867, "CHAMPIX": 0.3124887561619919, "CICLOSPORIN": 0.3042822389387998, "CIMZIA": 0.414678415118174, "CLOPIDOGREL": 0.5167250579123522, "COMIRNATY": 0.8906358640194595, "COSENTYX": 0.7845837645084571, "ELIQUIS": 0.3936097892921039, "ESBRIET": 0.837420392232316, "EYLEA": 1.371917734150654, "FASENRA": 1.2758669036721386, "FLUTICASONE": 33.871060887724845, "GARDASIL": 0.5475471168597712, "HUMIRA": 0.553628764459483, "IBRANCE": 0.8444107350686778, "IKERVIS": 51.54901934553404, "KEPPRA": 0.4146942253304562, "LANTUS": 0.2396566032991958, "LEVOFLOXACIN": 0.34261026217822, "MEPOLIZUMAB": 8.665417544561432, "MMRVAXPRO": 1.0328595437531964, "NEVANAC": 9.125705316705805, "NUCALA": 16.467247757577596, "OLANZAPINE": 0.5342038131114745, "OMALIZUMAB": 2.4847970967554747, "OPATANOL": 79.82687449024846, "PANTOPRAZOLE": 3.072309767242324, "PEGASYS": 0.9026359208203908, "PEGINTERFERON": 0.9458975636751586, "QUTENZA": 4.7326865192753935, "RELVAR": 1.943796191061305, "RITUXIMAB": 1.6413841027891294, "SHINGRIX": 0.5150694100074616, "SIMPONI": 0.4523934278268083, "SPIKEVAX": 0.4855262619231238, "STELARA": 0.4258435120815647, "SUTENT": 0.2237669702138099, "TASIGNA": 0.618256782246162, "TOZINAMERAN": 1.6578988910210235, "TRELEGY": 0.9731989127745824, "VAXZEVRIA": 0.5711948037960052, "XELJANZ": 0.5849098246992005, "XOLAIR": 4.486953457092273, "ZOSTAVAX": 1.0281392648116294, "null": 1.3942725482544844}