{"BRIDION": 20.36594354562773, "GARDASIL": 10.340098354904514, "KAFTRIO": 24.113698814046117, "ROTATEQ": 20.622532025437835, "SPIKEVAX": 3.4645391636429013}