{"MEPOLIZUMAB": 50.49218562455997, "OMALIZUMAB": 270.00714613289904, "XOLAIR": 74.0900143252954}