{"BIKTARVY": 195.03934183053948, "JARDIANCE": 10.219235685578544}