{"XELODA": 255.86707061670367, "null": 1.8503316605206648}