{"ARIPIPRAZOLE": 8.298674014085774, "ASPARAGINASE": 6.028169170140573, "BEDAQUILINE": 4.175270840027901, "CELLCEPT": 1.4377918624963135, "CICLOSPORIN": 4.675219172623604, "COTELLIC": 9.021462063065089, "EFAVIRENZ": 13.749198828075608, "GARDASIL": 1.0031017829431508, "KAFTRIO": 17.41441473106559, "KEPPRA": 2.690756153867914, "KYMRIAH": 3.5156190512935344, "LAMIVUDINE": 8.50540643702899, "MIDAZOLAM": 4.731303430529409, "NAGLAZYME": 21.1625453452651, "NUTROPIN": 66.21940442186816, "OMNITROPE": 36.37607540367611, "SAXENDA": 2.4364285471812592, "SOLIRIS": 1.8489261602447613, "SOMATROPIN": 58.61924593764471, "SPINRAZA": 24.771798699238182, "TEMODAL": 8.991560477816442, "XOLAIR": 1.645663326622907, "null": 1.7179496968848575}