{"BIKTARVY": 326.2548304959832, "null": 1.2093357789939485}