{"BRILIQUE": 11.893068078082251, "CLOPIDOGREL": 14.51566134545476, "ELIQUIS": 18.22659708926494, "LIXIANA": 13.1756080849217, "PLAVIX": 12.696408752265803, "null": 1.3761705346672162}