{"AVANDAMET": 169.05160863372032, "AVANDIA": 234.05620985013016, "BRILIQUE": 5.461943434486682, "CLOPIDOGREL": 3.988724709882757, "DASATINIB": 27.773926467812952, "ELIQUIS": 1.1681929170400824, "ENTRESTO": 19.16912200475098, "GLIBENCLAMIDE": 19.06529631221713, "PLAVIX": 1.828061924812757, "TASIGNA": 4.209436227066488, "VALSARTAN": 15.20171955356789}