{"CHAMPIX": 11.54939764678119, "POPPERS": 8195.362592278176, "PTC": 6189.007009624309, "VAXZEVRIA": 0.4521648676685955, "null": 1.1528510892854449}