{"ABILIFY": 16.503846071316257, "BUPRENORPHINE": 21.893004660003403, "BUVIDAL": 200.11772087021816, "COMBIVIR": 7.267834109154724, "HUMALOG": 3.385428116203092, "INSULIN": 5.945557220737262, "KEPPRA": 3.526849387671743, "LANTUS": 2.950098941339058, "LEVEMIR": 41.368028329314974, "OPIOIDS": 117.36398677284554, "SUBOXONE": 80.40969868606038, "null": 1.1527241393001713}