{"LEVODOPA": 617.832767470861, "null": 1.949924511750532}