{"CICLOSPORIN": 34.24860108900526, "COMIRNATY": 0.5649183524447262, "CYMBALTA": 5.000017891119244, "GARDASIL": 6.6079039566281255, "KEPPRA": 5.975115561111926, "null": 0.9446375209246282}