{"ARAVA": 3.845334368217507, "HUMIRA": 60.52690974700181, "LEFLUNOMIDE": 153.82420829794847}