{"ARAVA": 11.199576096141415, "SIMPONI": 22.57062903151303}