{"BEXSERO": 93.7734614942848, "INFANRIX": 124.2521410591262, "NIMENRIX": 22.032591417892377, "PREVENAR": 157.69709419386817, "ROTATEQ": 258.4659671772212, "null": 1.5390519165959111}