{"ADALIMUMAB": 1.7433013366068333, "ANAKINRA": 8.65036164497117, "ARAVA": 5.1734118156314, "AUBAGIO": 2.5222261475367898, "CIMZIA": 4.224482099589967, "COMIRNATY": 0.9587803012994092, "CYMBALTA": 3.0598883675315918, "ENBREL": 4.365088791203441, "FAMPYRA": 10.186044891174722, "HUMALOG": 2.641471997360679, "IBUPROFEN": 13.427173322029796, "LANTUS": 1.1584252916094129, "METHOTREXATE": 2.5997995003540164, "ORENCIA": 59.34257728786208, "SPIKEVAX": 0.8698394587779533, "TOZINAMERAN": 0.5853837616159716, "VAXZEVRIA": 0.3688709229366592, "null": 0.7954529091076388}