{"ABILIFY": 5.121167666456209, "ADALIMUMAB": 0.1348883293773719, "AFINITOR": 1.5822263748659278, "ATRIPLA": 0.1632171825718227, "BYDUREON": 1.0839472495242268, "BYETTA": 2.623543066663012, "CICLOSPORIN": 0.4235695453286114, "CLOPIDOGREL": 0.6285113130649063, "COMIRNATY": 0.9504553217759572, "CRIXIVAN": 36.12835741627367, "CYMBALTA": 0.4930561974710652, "CYTARABINE": 1.157910030130079, "ELIQUIS": 0.4113495777750516, "ENOXAPARIN": 7.221311966094597, "EXJADE": 2.78815378709898, "FLEBOGAMMA": 6.981764310056512, "FORSTEO": 1.4033359042954778, "FORXIGA": 4.03191970045832, "GARDASIL": 1.7357779328862912, "HIZENTRA": 1.8230196837967445, "INSULIN": 13.795186314444358, "JANUMET": 1.4766792046021444, "JARDIANCE": 1.5407228813610456, "KEYTRUDA": 0.570992506898805, "MEPOLIZUMAB": 2.9213885661169456, "NEXAVAR": 0.8390921817055113, "NUCALA": 1.9997915307525007, "OPSUMIT": 1.4266140347950638, "PEGASYS": 0.8229328403039927, "PLAVIX": 0.8721234499405167, "PRIVIGEN": 3.1266282212611496, "SAXENDA": 1.584035190522198, "SHINGRIX": 1.3785368682252082, "SOLIRIS": 1.2006573462961476, "SPIKEVAX": 1.003000401293353, "SUTENT": 1.819021230741267, "TOZINAMERAN": 0.795739856446791, "VAXZEVRIA": 0.6969474615765144, "VOTRIENT": 1.630281278993047, "XELJANZ": 1.2002070163958178, "XOLAIR": 0.9859648521819292, "XTANDI": 1.0522675657383844, "ZOSTAVAX": 1.4646697691905826, "null": 0.8461814392840591}