{"GARDASIL": 66.52434329736816, "null": 2.2990917653458}