{"CHAMPIX": 3.0727936042571256, "COVID19": 3.237443169633215, "LANTUS": 1.4121836604246012, "MEPOLIZUMAB": 9.844129040870063, "SIMPONI": 3.1570523568812368, "TOZINAMERAN": 4.040149543526483, "ZOSTAVAX": 3.050958584191286}