{"BUMETANIDE": 312.61300321709945, "ENTRESTO": 26.345040155626634, "IRBESARTAN": 32.987062152563816, "null": 1.2717564125495646}