{"FORSTEO": 35.04906616736135, "null": 1.0460471173104462}