{"ATRIPLA": 4.322859759935198, "FORSTEO": 29.293571628827525, "null": 0.8832253996055756}