{"COMIRNATY": 0.611747686568373, "null": 1.6063777337432468}