{"ALEMTUZUMAB": 13.854087202383887, "AMIKACIN": 73.55685619394276, "ASPARAGINASE": 18.50180720157124, "AZACITIDINE": 27.554173674062927, "BUSULFAN": 30.64068841417857, "CANCIDAS": 100.61353957184764, "CASPOFUNGIN": 207.0090693552395, "CELLCEPT": 7.526651982913923, "CICLOSPORIN": 8.027489512917285, "CYTARABINE": 32.423125896178675, "POSACONAZOLE": 63.97711774661576, "VORICONAZOLE": 17.673646397854935, "null": 0.5703891247560225}