{"GARDASIL": 18.15384972895468, "LEMTRADA": 139.0987784470424}