{"COMIRNATY": 0.0877324633642952, "CYTARABINE": 11.8698628159706, "JANUMET": 9.242598129176717, "JANUVIA": 9.142924728060771, "KEYTRUDA": 2.3226943086584, "null": 0.918279144208052}