{"ELIQUIS": 3.932193412599977, "KEYTRUDA": 4.863051866913594, "OBETICHOLIC": 1002.8322798423314, "OCALIVA": 239.1050901814988, "null": 0.6508724336444767}