{"RILUTEK": 847.6445785237527, "null": 1.0040424242367023}