{"CIMZIA": 3.128070403872572, "HIZENTRA": 13.849102544766325, "IBRANCE": 3.960671050321068, "SIMPONI": 4.354706927023201, "SUTENT": 1.5739633052242183, "XELJANZ": 8.39051971112481, "null": 1.0728669484043518}