{"AFINITOR": 3.190398293148186, "ARAVA": 0.5436289730718724, "COMIRNATY": 0.156513187649433, "DOXORUBICIN": 87.17841772880637, "PEGINTRON": 4.49384184019817, "ROACTEMRA": 6.006661137234706, "null": 1.700414187469347}