{"ALIMTA": 7.515945786741905, "AUBAGIO": 2.9313062166725308, "BEVACIZUMAB": 6.667700423761304, "CELLCEPT": 3.398607704151845, "CIMZIA": 2.7856866297565377, "DABRAFENIB": 25.76589602633331, "DOCETAXEL": 14.324400832077291, "FORSTEO": 2.414260537036764, "GEFITINIB": 47.32440281927434, "LUMYKRAS": 247.78417504984668, "MEKINIST": 20.598264502973123, "METHOTREXATE": 3.4577832475125985, "OLYSIO": 28.043911661689865, "PEMBROLIZUMAB": 8.450147929399304, "PEMETREXED": 86.98840776426681, "ROACTEMRA": 9.563765550138871, "SIMPONI": 6.318837031042986, "SOTORASIB": 136.47393837646254, "STELARA": 9.394738266102213, "XALKORI": 44.00791185422814, "XOLAIR": 5.475644854129506}