{"INTELENCE": 392.0162968566276, "TRELEGY": 43.811456910452456, "null": 1.7796579602868323}