{"ACLIDINIUM": 206.0748539316517, "AFINITOR": 6.287154585902235, "ELIQUIS": 1.7527876783626757, "ESBRIET": 11.491905384648074, "NEXAVAR": 3.069204360384449, "ROACTEMRA": 8.881654310470072, "STELARA": 3.1548024165754045, "VOTRIENT": 9.266638596664054}