{"ALEMTUZUMAB": 36.10737791112788, "ASPARAGINASE": 96.65176109842196, "BUSULFAN": 23.699837800169146, "CELLCEPT": 8.80459085195238, "CICLOSPORIN": 7.377721123526189, "CYTARABINE": 13.611437944761864, "null": 0.468804175626112}