{"BUMETANIDE": 693.0067012441299, "CLOPIDOGREL": 8.913069979096663, "ELIQUIS": 8.306855830631394, "null": 0.3883522375529764}