{"APTIVUS": 4701.065232172242, "null": 2.1373771463912843}