{"ALEMTUZUMAB": 48.71873892507818, "ENTRESTO": 6.499894652432314, "LEMTRADA": 99.34423702853086, "OMALIZUMAB": 10.779133786317669, "ZOSTAVAX": 4.5548006185633945}