{"COMIRNATY": 0.5160977125315291, "null": 1.4855557950686302}