{"ASPARAGINASE": 2.085845204885646, "AZATHIOPRINE": 1.84856261001636, "BARACLUDE": 5.541480638555672, "BENLYSTA": 2.2037318005382605, "BIKTARVY": 3.6713867640859537, "BYETTA": 1.271018484382453, "CANCIDAS": 5.136868806508928, "CARMUSTINE": 18.73150043133445, "CELLCEPT": 9.166852715532633, "CICLOSPORIN": 4.771217099927423, "CIMZIA": 1.6149596274413949, "COSENTYX": 1.5434309640403214, "CYTARABINE": 5.557509956389152, "DESCOVY": 9.143998226139692, "DEXAMETHASONE": 1.897843765309448, "DOXORUBICIN": 2.988285940887218, "ELIQUIS": 1.0761190116398904, "ENBREL": 3.4998076706520127, "ENTYVIO": 1.580063074885871, "EPIVIR": 3.4342327172845644, "ESOMEPRAZOLE": 3.873476774973775, "EVENITY": 2.698702429827353, "EVISTA": 2.3271515831106515, "EXJADE": 1.1930169984245906, "FASLODEX": 1.014108116150391, "FORSTEO": 1.124587447221567, "HARVONI": 2.370026319083788, "HERCEPTIN": 2.0960493033904832, "HIZENTRA": 2.256366044162881, "HUMIRA": 2.097079132268074, "ISENTRESS": 5.141574378086152, "JAKAVI": 3.2886400772214004, "JANUMET": 2.301565927996368, "KALETRA": 2.7992081760117733, "KYMRIAH": 7.175316025947196, "LANTUS": 1.2251697436126474, "MABTHERA": 4.692779402081943, "METHOTREXATE": 6.170391237017313, "NEULASTA": 5.950220864120438, "NORVIR": 7.656605140753281, "NPLATE": 11.45106539331197, "OLANZAPINE": 1.7260990634944966, "PEGINTERFERON": 1.3242615268411746, "PEGINTRON": 3.008843057415183, "RAPAMUNE": 7.338574276139948, "REMICADE": 6.843388527387275, "RINVOQ": 5.861253074952829, "RITUXIMAB": 4.67503546461384, "SIMPONI": 4.334434223123927, "SKYRIZI": 9.202427564839976, "SOVALDI": 6.231909913666382, "SPRYCEL": 1.959426712905578, "STELARA": 5.056050739083417, "TIVICAY": 10.450593910608385, "TRELEGY": 1.8277140713015083, "VFEND": 1.7779605399996288, "VIAGRA": 1.1329084893991577, "XELJANZ": 4.034631811242523, "XOLAIR": 3.184390382058309, "YESCARTA": 12.77224862846974, "ZOSTAVAX": 1.6129594080223997}