{"GLIVEC": 339.22883004376786, "IMATINIB": 254.6933176216501, "NEXAVAR": 2.679323249244824, "NILOTINIB": 11.736393193335884, "REGORAFENIB": 37.71499409464941, "STIVARGA": 29.829892794878464, "SUTENT": 210.4016494260949, "TASIGNA": 5.130809918818825, "null": 0.0864118779961921}