{"CYTARABINE": 31.931146453856304, "RITUXIMAB": 29.88309948155111, "TORISEL": 140.79980342004131, "VENETOCLAX": 81.83991858205871}