{"FORXIGA": 234.59845650896727, "JARDIANCE": 318.4064627795978}