{"COMIRNATY": 2.783125266355148, "IBRANCE": 4.795460322981487, "SPIKEVAX": 1.041097601621044, "STELARA": 2.783530067193339, "TOZINAMERAN": 4.257247956806352, "XELJANZ": 1.974141805694111}