{"ISENTRESS": 91.35380809590296, "null": 5.452461991893415}