{"COMIRNATY": 0.3966444594897495, "null": 2.378485116964598}