{"GARDASIL": 35.76787976752307, "null": 0.7935073517165068}