{"FORXIGA": 75.5057731662356, "JARDIANCE": 330.8622086352936}