{"MMRVAXPRO": 43.75512412166614, "PREVENAR": 23.523625146675386, "null": 6.399006905116629}