{"HEPSERA": 731.2622665216284, "null": 0.921897804784552}