{"BIKTARVY": 5.804577235091415, "BRIDION": 22.86680617419127, "CICLOSPORIN": 10.72605917659054, "CUBICIN": 9.780774841754138, "FENTANYL": 3.632316812850788, "KALETRA": 15.43189770366376, "KEPPRA": 1.9889078668003903, "OPSUMIT": 2.350065859815498, "TRACLEER": 16.09085387542, "VEKLURY": 39.69780482614727, "ZYPREXA": 1.5843542372449295, "null": 1.679195729477925}