{"COMIRNATY": 0.7176314166912728, "null": 1.2065275361315324}