{"CICLOSPORIN": 40.79378178339435, "null": 0.594660458766305}