{"JARDIANCE": 28.113853905460807, "null": 1.0707578149250971}