{"COMIRNATY": 15.235498210707116, "ELLAONE": 2.977724608827629, "EVRA": 2.0428543868199105, "SPIKEVAX": 2.794989298768743, "TOZINAMERAN": 1.5074072711256288}