{"BORTEZOMIB": 102.2879728018637, "BUSULFAN": 30.61399722634533, "CICLOSPORIN": 12.700526944892667, "CRIZOTINIB": 604.1764313162163, "SPINRAZA": 58.59525912964613, "SYNAGIS": 85.09869161671082}