{"ABEMACICLIB": 81.60225083279639, "ABRAXANE": 67.35189139787303, "AFINITOR": 29.473717364568763, "ALIMTA": 1.382691488590421, "ALPELISIB": 86.4907984598958, "AVASTIN": 4.2378201426009, "BEVACIZUMAB": 7.602820045694378, "BYETTA": 1.7221823267092855, "CABAZITAXEL": 76.68625987070743, "CABOMETYX": 16.261267148832726, "CAELYX": 3.441742769172808, "CAPECITABINE": 37.54396653800693, "CELECOXIB": 1.8756022327230248, "DABRAFENIB": 10.48483944623639, "DENOSUMAB": 63.03282663313394, "DEXAMETHASONE": 2.3885674742849763, "DOCETAXEL": 18.209331432456565, "ENZALUTAMIDE": 21.176231017645318, "ERIBULIN": 25.38961047309413, "ERLEADA": 13.247050129787748, "EVEROLIMUS": 44.916092013069736, "FASLODEX": 58.59786894763333, "FORSTEO": 1.6836412632215687, "FULVESTRANT": 78.41901248631949, "GEFITINIB": 35.13422829398389, "GLIVEC": 3.703569971895906, "HERCEPTIN": 8.710863335773325, "IBRANCE": 3.5405607850667407, "IPILIMUMAB": 1.7365293471733652, "IRESSA": 24.143152079819867, "IRINOTECAN": 5.865332170718887, "JANUMET": 2.1760633339579263, "JANUVIA": 2.559705449641625, "JEVTANA": 10.591024199035726, "KISQALI": 37.6961749525868, "KYMRIAH": 1.9708181309324615, "LYNPARZA": 7.859001519196086, "MEKINIST": 9.656950559939787, "METHOTREXATE": 1.0688311178629235, "NEULASTA": 2.0120600764763124, "NEXAVAR": 9.928395767594251, "NUBEQA": 28.788696981352857, "OLAPARIB": 14.81828111570877, "OPDIVO": 3.940960003961727, "OSIMERTINIB": 19.71399934239578, "PACLITAXEL": 13.182002823954797, "PAZOPANIB": 12.616916336947613, "PEMBROLIZUMAB": 1.4382744636665308, "PEMETREXED": 3.4453514551195266, "PLUVICTO": 24.338396053255607, "RIBAVIRIN": 1.0304666920630992, "RIBOCICLIB": 77.19685287946722, "SORAFENIB": 8.459648334480317, "STIVARGA": 4.69540707373648, "TAGRISSO": 16.023886140613364, "TRODELVY": 4.608094214969409, "VOTRIENT": 6.969653136969008, "XGEVA": 23.43139547256248, "XOFIGO": 106.22421418528654, "XTANDI": 9.678539324149195, "ZOLEDRONIC": 29.374429379307216, "ZOMETA": 20.61406513089984}