{"ABACAVIR": 2.146734443215766, "BRAFTOVI": 18.72576582039307, "CIALIS": 398.3852834812421, "CICLOSPORIN": 1.4308756701042822, "COBIMETINIB": 95.22920200409833, "COTELLIC": 15.604456715116802, "DABRAFENIB": 398.4923391902726, "IPILIMUMAB": 21.94798157927847, "KEYTRUDA": 2.898609733216808, "MEKINIST": 184.77386873663477, "OPDIVO": 3.885011201384616, "TAFINLAR": 127.91629892137396, "TRAMETINIB": 432.5070243040728, "VIAGRA": 59.45174475157529, "ZELBORAF": 51.46286329880186}