{"CYTARABINE": 14.07186529698887, "FASTURTEC": 2326.180366476596, "IBUPROFEN": 7.733565513227944, "LEVOFLOXACIN": 11.068121497177764, "RASBURICASE": 3269.9253194698936, "null": 1.9810393223010527}