{"CELLCEPT": 10.88361965789094, "CICLOSPORIN": 5.084382400885404, "INTELENCE": 147.18136326792742, "SYNAGIS": 26.584753479197943, "TAMIFLU": 108.54891770019869, "null": 0.7072262816667427}