{"ABILIFY": 3.313361887584079, "ASPARAGINASE": 22.35483115503358, "COMIRNATY": 0.4416723596282064, "ELIQUIS": 1.1010184670392125, "GARDASIL": 1.8014067267425162, "KEPPRA": 2.5344356121319214, "LEVETIRACETAM": 7.876656868223224, "SPIKEVAX": 0.3292110923668251, "SUTENT": 1.045127275080111, "VAXZEVRIA": 0.3475029173870994, "null": 1.279144858245484}