{"ABACAVIR": 0.3669220601432031, "ADALIMUMAB": 0.5017925559361265, "ADCIRCA": 2.932683072765768, "ADVATE": 3.7586044117679593, "AFINITOR": 0.5776848906972766, "ALIMTA": 0.6647071055299635, "APIDRA": 0.4379648146005897, "APIXABAN": 1.3277199736312342, "APREPITANT": 7.128287150578749, "ARANESP": 0.2935598275763537, "ARAVA": 0.2049905307572772, "ARIXTRA": 15.21036327493926, "ASPARAGINASE": 0.8379790734398306, "AVASTIN": 1.7724830166808956, "AZATHIOPRINE": 0.5454050922029381, "BENLYSTA": 0.6006816133938718, "BEVACIZUMAB": 0.5370395101307699, "BLINCYTO": 9.98531170035907, "BONVIVA": 1.189366405732349, "BRILIQUE": 7.43085591863739, "BRINTELLIX": 0.3113268399581971, "BUPRENORPHINE": 0.6299031200148725, "BUSULFAN": 0.4741862266105453, "BYDUREON": 1.0474049772483809, "BYETTA": 0.34138373755128, "CABOMETYX": 0.6464180041402176, "CAPECITABINE": 0.6569250446975173, "CELECOXIB": 1.1139522768825194, "CELLCEPT": 0.6869144230145878, "CHAMPIX": 1.7214917737256734, "CICLOSPORIN": 0.2441552561571309, "CIMZIA": 0.1120440277561764, "CLOPIDOGREL": 26.534114989742847, "COMIRNATY": 0.1281943105134622, "COSENTYX": 0.2523531944039905, "CYMBALTA": 0.4963304836554238, "CYTARABINE": 0.4622920671429717, "DAKLINZA": 2.381578611272152, "DEXAMETHASONE": 0.7877621300174447, "DULOXETINE": 0.7162939653791581, "EFIENT": 4.721670751530465, "ELIQUIS": 5.283920632972277, "ENOXAPARIN": 9.685239716417684, "ENTRESTO": 0.3018145627642432, "EPCLUSA": 1.8421668250610623, "EPIVIR": 1.2564458550327866, "ESBRIET": 0.6532820271944054, "EVEROLIMUS": 2.176877076703062, "EXFORGE": 0.4294045904456961, "EXJADE": 2.0013752884498905, "EXVIERA": 2.2425592430465566, "FORSTEO": 0.4676990369246923, "GARDASIL": 0.4089963176465013, "HARVONI": 1.756470139489148, "HUMALOG": 0.3279772182833413, "IBRANCE": 0.4127181111073444, "IBUPROFEN": 3.154722094241915, "INCIVO": 0.5431609262470918, "INLYTA": 1.3252821694925256, "INTEGRILIN": 15.603142729759774, "INVOKANA": 1.8968569634703645, "IRBESARTAN": 0.9061192326850694, "IRESSA": 1.1011568469830928, "ISCOVER": 20.046321897187752, "JAKAVI": 1.0905451007243676, "JANUMET": 0.3556723454056745, "JANUVIA": 0.680171780209056, "JARDIANCE": 0.2612928380432754, "KEPPRA": 0.2375417603474638, "KEYTRUDA": 0.2978642923096522, "LANTUS": 0.2938250074196969, "LENVIMA": 2.7621038279843253, "LEVOFLOXACIN": 0.1963298733945895, "LIXIANA": 4.9069930310897645, "LONSURF": 1.1244942527955513, "MEKINIST": 0.5959615599129952, "METHOTREXATE": 0.8583687507704731, "MIDAZOLAM": 0.7272150769598011, "NEXAVAR": 4.565769928899651, "OFEV": 0.8545368787809114, "OLANZAPINE": 0.2588155611930463, "OLYSIO": 1.7336035595131816, "OPDIVO": 0.6158487151433168, "OPSUMIT": 0.8959388610796271, "PANTOPRAZOLE": 0.5876947461135816, "PEGASYS": 2.2337785705808004, "PEGINTERFERON": 0.9643743439009846, "PEGINTRON": 1.3117990335162275, "PLAVIX": 17.435235208672296, "PRADAXA": 7.380582367365746, "RIBAVIRIN": 1.699108056940149, "RITUXIMAB": 0.374238941390212, "RIVAROXABAN": 3.451328955769747, "ROTATEQ": 2.1926199410130622, "SAXENDA": 1.3906883242724182, "SOLIRIS": 0.6669660887109096, "SOVALDI": 3.0708755356390083, "SPIKEVAX": 0.1259528344745732, "SPINRAZA": 1.4001989675452642, "SPIRONOLACTONE": 1.860144670122444, "STELARA": 0.2063163959383609, "STIVARGA": 1.816252140848781, "SUBOXONE": 1.0338384032023396, "SUTENT": 3.158116476345672, "TAMIFLU": 3.663660307644783, "TASIGNA": 0.3542867532199908, "TICAGRELOR": 32.75609737472881, "TOZINAMERAN": 0.2746003492978336, "TRACLEER": 0.7537655972634897, "TRULICITY": 1.368930202302181, "VAXZEVRIA": 0.1652104612525891, "VIAGRA": 0.4590203773524968, "VICTOZA": 1.0410107067360934, "VOTRIENT": 1.767348412939725, "XARELTO": 7.784190337045868, "XELJANZ": 0.3509699878656671, "XTANDI": 0.3363921540097765, "ZYPREXA": 0.6486337774774833, "null": 1.4291388393533626}