{"ABACAVIR": 0.0818457237032433, "ABILIFY": 0.2746450721063875, "ACTRAPID": 0.6969715058551593, "ADCIRCA": 0.9829474153247968, "ADEMPAS": 1.093176724742373, "ADVATE": 48.52981161493238, "AFINITOR": 0.6216861220076646, "AIMOVIG": 0.2603149470203899, "ALEMTUZUMAB": 0.3193260148995074, "ALIMTA": 0.4843330083027166, "AMBRISENTAN": 1.251556151344426, "ANGIOX": 9.510545799059694, "APIDRA": 0.3883228307412023, "APIXABAN": 0.8588359509692144, "ARANESP": 0.7818393542261061, "ARAVA": 0.1235733693393112, "ARIPIPRAZOLE": 0.1167919174319452, "ARIXTRA": 6.716240857934408, "ASPARAGINASE": 0.7674190194079903, "ATRIPLA": 0.0109781718090825, "AUBAGIO": 0.4030675659566637, "AVAMYS": 0.1300865980663458, "AVANDIA": 0.1512574751549879, "AVASTIN": 1.5871937015897886, "AVELUMAB": 1.499334993629302, "AXITINIB": 0.5322966330454995, "AYESURBY": 62.75145750431325, "AZACITIDINE": 0.9063981694163395, "AZATHIOPRINE": 0.2319492937789819, "BENLYSTA": 0.5216981933213953, "BEVACIZUMAB": 1.4791274166785495, "BIKTARVY": 0.2355452496208772, "BOSULIF": 0.6889745617432517, "BRAFTOVI": 0.841685998757476, "BRILIQUE": 7.219462017314948, "BRINTELLIX": 0.320177223330193, "BRUKINSA": 3.0681788348271937, "BUDESONIDE": 0.2285832218242235, "BUPIVACAINE": 0.3824334157889196, "BUPRENORPHINE": 0.3071501380415961, "BUSULFAN": 0.7852735250398527, "BYDUREON": 0.2528610220439024, "BYETTA": 0.2676869667834366, "CABOMETYX": 0.7700489559389496, "CANCIDAS": 0.4633948961306612, "CAPECITABINE": 0.5151275135666169, "CELLCEPT": 0.4119102388332595, "CHAMPIX": 0.1995188268958852, "CICLOSPORIN": 0.5813650769775159, "CIMZIA": 0.4266928719805789, "CLOPIDOGREL": 6.07775660145784, "COMBIVIR": 0.2806223299100255, "COMIRNATY": 0.2330989898875768, "COSENTYX": 0.3231007930363018, "COTELLIC": 0.7127912284361427, "CYMBALTA": 0.5436078581663583, "CYTARABINE": 0.6155904929498404, "DALIRESP": 2.949708418686076, "DARZALEX": 0.2865748265744935, "DEFITELIO": 8.510115711550345, "DEXAMETHASONE": 0.9275877186973308, "EFIENT": 16.5862414762846, "ELIQUIS": 17.790710571714847, "ELOCTA": 19.04951723366358, "EMICIZUMAB": 14.55526280144404, "ENBREL": 0.2177809731733936, "ENFUVIRTIDE": 5.8560969226171045, "ENOXAPARIN": 12.347773135249351, "ENTRESTO": 0.5716790488873482, "ENTYVIO": 1.159397498204092, "ENZALUTAMIDE": 1.0031451313255615, "EPTACOG": 35.604339240848724, "ESBRIET": 0.415891917850831, "ESMYA": 2.41273149424914, "EVISTA": 0.9961351692432612, "EVRA": 2.6639405214270164, "EXFORGE": 0.3415224342954341, "EXJADE": 0.9968402282735996, "EYLEA": 0.3290473554087091, "FASENRA": 0.2508439406760809, "FASLODEX": 0.5909352375739775, "FENTANYL": 0.6073154060428355, "FILGRASTIM": 1.9773723442195257, "FIRDAPSE": 0.3588463815237093, "FONDAPARINUX": 13.988939581079691, "FORSTEO": 0.429289315553375, "FORXIGA": 0.3680615294369005, "FULVESTRANT": 0.4027298056947173, "GANCICLOVIR": 0.608401440921162, "GARDASIL": 0.1837713229564628, "HARVONI": 0.4912613386362621, "HEMLIBRA": 77.88142669776944, "HERCEPTIN": 0.303491904138764, "HIZENTRA": 0.5247532955572687, "HUMALOG": 0.4667712745065833, "HUMIRA": 0.9169286520754354, "HYDROCORTISONE": 0.5500455226884359, "IBRANCE": 1.272302522209566, "IBRUTINIB": 4.512287200584412, "IBUPROFEN": 0.5917614835772169, "IMBRUVICA": 3.355877402791156, "IMIQUIMOD": 2.700703525230742, "INCIVO": 0.3823521672425447, "INFLIXIMAB": 0.5679177053408885, "INHIXA": 3.5419532050873657, "INLYTA": 1.7079996684324583, "INSULIN": 0.1359528462125562, "INTEGRILIN": 21.033080146512084, "IRESSA": 0.2046204100482064, "IRINOTECAN": 0.3527025280137044, "ISCOVER": 7.595728311471835, "ISENTRESS": 0.3951342899878582, "JAKAVI": 2.421289736360781, "JANUMET": 0.1230799456482787, "JANUVIA": 0.2715012219389331, "JARDIANCE": 0.3374572125595659, "JEVTANA": 0.5901832621764562, "JIVI": 67.11805663276392, "KAFTRIO": 0.2987253014382761, "KALETRA": 0.1989217552341749, "KEPPRA": 0.1942159347998202, "KEYTRUDA": 0.2898929196927404, "KOGENATE": 41.95756806455338, "KOVALTRY": 103.14428869768828, "KYMRIAH": 0.3816669233104321, "LANTUS": 0.6877000007055853, "LEMTRADA": 0.7220519122633656, "LENVIMA": 1.2404599361568966, "LEVEMIR": 0.1909661380631498, "LEVETIRACETAM": 0.1316889904434308, "LEVOFLOXACIN": 0.5218364231231272, "LIXIANA": 7.066698727829784, "LONSURF": 0.7469841112171255, "LYRICA": 0.4495443460921154, "MABTHERA": 0.3821084462758973, "MEKINIST": 0.949183434644268, "MELATONIN": 0.5190782181718289, "MEPOLIZUMAB": 0.1947265457534402, "METHOTREXATE": 1.1330866475059584, "MICARDIS": 0.263175804896289, "MIDAZOLAM": 0.7827641000696645, "MIRCERA": 0.9490236940771644, "MULTAQ": 0.6176582640491716, "NEULASTA": 0.3552673128756686, "NEXAVAR": 1.0174243387876487, "NEXOBRID": 13.373231443085857, "NOT": 0.4183258825252291, "NOVOSEVEN": 17.61263571739453, "NOXAFIL": 0.5394479394465432, "NPLATE": 5.925795297407532, "NUCALA": 1.330874215588933, "OCRELIZUMAB": 0.8474983311336132, "OFEV": 0.4987709467840915, "OLANZAPINE": 0.1806059699822497, "OLYSIO": 0.9826251932333764, "OMALIZUMAB": 0.2790432362114056, "OPDIVO": 0.253238541969428, "OPSUMIT": 1.0174962082626218, "PANTOPRAZOLE": 0.5767561910211529, "PAZOPANIB": 0.6496064627016008, "PEGASYS": 0.7706295862204398, "PEGINTERFERON": 0.5625628935579956, "PEGINTRON": 0.5998747740105658, "PEMBROLIZUMAB": 0.2822655359143659, "PLAVIX": 15.745007499060966, "PRADAXA": 7.992522673816503, "PRAXBIND": 22.571761085566408, "RAPAMUNE": 0.7828670181912961, "REMICADE": 0.6521443375173579, "REVATIO": 1.945589908825364, "REVLIMID": 0.8224840863665128, "RINVOQ": 0.3222115724736887, "RITUXIMAB": 0.2177091458649778, "RIVAROXABAN": 3.5705666449232965, "ROACTEMRA": 0.6735417413705505, "RUXOLITINIB": 1.423679465802629, "SAXENDA": 0.1451643619548975, "SHINGRIX": 0.1610772158053167, "SILDENAFIL": 1.0071835843573047, "SIMPONI": 0.8844042329472684, "SOLIRIS": 1.1984063156785711, "SOVALDI": 0.3373757839901277, "SPIKEVAX": 0.2185031869841835, "SPINRAZA": 0.5171083801406803, "SPRYCEL": 2.1732486015628365, "STELARA": 1.316339658763238, "STIVARGA": 0.9678923231890972, "SUBOXONE": 0.2167820689313851, "SUTENT": 2.8839882624162136, "TAGRISSO": 0.539992712397922, "TAMIFLU": 0.5521236437569181, "TASIGNA": 0.7272521251937987, "TEMODAL": 0.663392117667212, "THALIDOMIDE": 0.6566445775539218, "TICAGRELOR": 3.423993774908652, "TORISEL": 0.6754980032257546, "TOVIAZ": 0.5862592146965436, "TOZINAMERAN": 1.7697462773282804, "TRACLEER": 0.6918800886499057, "TRELEGY": 0.1241482598053415, "TREMFYA": 0.3529691680913071, "TRULICITY": 0.1757199776378293, "VAXZEVRIA": 0.4958743873985476, "VELTASSA": 0.6249183647042463, "VENETOCLAX": 0.8161717910041528, "VFEND": 0.3667436766576878, "VIAGRA": 0.7042072269516269, "VIMPAT": 0.2770651402686982, "VOTRIENT": 1.406308978588635, "XALKORI": 0.3763725992696358, "XARELTO": 8.218444847100072, "XELJANZ": 1.6052274911401068, "XELODA": 0.9434298280267954, "XOFIGO": 0.5920863332810594, "XOLAIR": 0.7500186614891625, "XTANDI": 0.6857413937549076, "ZOSTAVAX": 0.0725712197380076, "ZYPREXA": 0.1542308971203033, "null": 1.3208754004846328}