{"PLAVIX": 159.12407342389068, "XARELTO": 245.64703109920376, "null": 0.1546485840402534}