{"ATRIPLA": 63.59495811946002, "DESCOVY": 1.7334997563519987, "EVENITY": 1.0947226002475956, "GENVOYA": 1.4089336831084067, "HEPSERA": 3.6000743399115893, "KALETRA": 6.505589673364803, "STRIBILD": 39.76729575086082, "TRUVADA": 66.22581992318202, "VIREAD": 15.613076504346932}