{"COMIRNATY": 0.2429171212842952, "VAXZEVRIA": 0.231860616514759, "VFEND": 187.24760436163928, "VORICONAZOLE": 56.02069897689224, "null": 1.0880519849394257}