{"ABATACEPT": 1.3569523270580386, "ABILIFY": 2.3224671878730354, "ACLIDINIUM": 1.1788966875889324, "AERIUS": 1.1359578377649937, "AGOMELATINE": 3.07090957720799, "AIMOVIG": 1.5132178432658026, "ALENDRONATE": 5.083037549053048, "ALISKIREN": 6.056960094960443, "ANORO": 4.185293611286958, "APIXABAN": 2.6870004242757988, "ARIPIPRAZOLE": 1.2626084743165866, "ARSENIC": 5.906182057917096, "ATAZANAVIR": 5.121372204897111, "ATRIPLA": 9.981756945498146, "AZATHIOPRINE": 1.40049589351521, "AZILECT": 1.0956842043637285, "BENZODIAZEPINE": 1.4050394116016447, "BEXTRA": 1.3432064956378422, "BIKTARVY": 1.575889343786762, "BRINTELLIX": 4.619317314188294, "BRIVIACT": 2.6102226933160275, "BUPIVACAINE": 1.381156100502965, "BUPRENORPHINE": 1.6690814837632904, "CANAGLIFLOZIN": 1.1915635692868127, "CANNABIDIOL": 1.5138775428695934, "CARBIDOPA": 1.0187764475512102, "CERTOLIZUMAB": 1.3064149336647557, "CHAMPIX": 4.780971487727802, "CIALIS": 5.495613911796524, "CIRCADIN": 1.5499132210091784, "COMTAN": 1.4999331804780842, "CONTRAST": 2.439137521797732, "CYMBALTA": 5.075860392216875, "DAKLINZA": 1.0803285944108918, "DALIRESP": 1.097837596812468, "DENOSUMAB": 1.8092190698617483, "DESCOVY": 1.4459518994886815, "DOVATO": 1.505463179395801, "DULOXETINE": 1.3627474151350143, "EDURANT": 1.468724935221888, "ELLAONE": 1.1630984959048278, "ENFUVIRTIDE": 2.652666560137375, "ENTACAPONE": 1.6626501923047514, "ESOMEPRAZOLE": 1.013090084781525, "FYCOMPA": 1.6418772920116742, "GARDASIL": 1.1275345924903777, "GLYCOPYRRONIUM": 4.414400461996598, "ILARIS": 4.527741045471823, "INFERGEN": 1.4310421384346663, "INTERFERON": 1.653358392080705, "INVEGA": 1.1809670734762896, "JANUMET": 1.081577413944393, "KAFTRIO": 2.6593063058710427, "KEPPRA": 1.58809870067149, "KUVAN": 2.212205437105592, "LATUDA": 3.307393947750888, "LEVETIRACETAM": 1.042341035719528, "LEVODOPA": 2.382816806697764, "LIRAGLUTIDE": 10.2300050007786, "LURASIDONE": 1.0998457356626896, "LYRICA": 1.2930973413016498, "MELATONIN": 1.4467063144791157, "OLANZAPINE": 1.311051084909719, "OMALIZUMAB": 1.2998331429883694, "OPTIMARK": 6.389095637480471, "OXYBUTYNIN": 1.346723568597071, "OZEMPIC": 1.490836032325177, "PALIPERIDONE": 2.349022033762413, "PEGASYS": 1.4133724753082086, "PEGINTRON": 1.0612872294977465, "PRIALT": 2.998800227940469, "PROLIA": 2.999901777382809, "RANEXA": 1.2532230474605872, "REAGILA": 2.211963657728077, "SAXENDA": 1.0548337562195078, "SEEBRI": 2.7059062670482086, "SEMAGLUTIDE": 1.5234458428024982, "SERTRALINE": 4.85346854084976, "SIFROL": 1.640522962151013, "STRIBILD": 9.74465712378995, "SUBOXONE": 2.198388937451164, "SUBSTANCE": 2.5182975219052115, "SUSTIVA": 1.0700309822880087, "SYCREST": 1.9273379234229864, "TAMIFLU": 1.1661498143298556, "TASIGNA": 3.017489100464697, "TEDUGLUTIDE": 2.4321796793193515, "TESTOSTERONE": 1.3194469348080118, "TIGECYCLINE": 1.0108739041034618, "TIVICAY": 1.1939076520821463, "TRIUMEQ": 2.5126702817908866, "TRUVADA": 8.144784670968768, "VALDOXAN": 2.00040030589495, "VARENICLINE": 2.288763329920857, "VIREAD": 5.714051501038864, "VORTIOXETINE": 2.948017995130213, "WAKIX": 3.897745817976608, "XEPLION": 1.418568787215829, "XYREM": 4.678931396658194, "ZEJULA": 1.4139578627067784, "ZEPATIER": 1.268071965635531, "ZOMETA": 1.6812617295606611, "ZOSTAVAX": 2.8970994780363406, "ZYPADHERA": 2.55641610942508, "ZYPREXA": 1.1402600998340888, "null": 1.2363341547815652}