{"COMIRNATY": 0.2953262939288593, "SUTENT": 5.538883253152427, "null": 0.6983512116965884}