{"ABASAGLAR": 1.2865933745190488, "ABATACEPT": 1.257932141523579, "ABILIFY": 1.078394717165755, "ADENURIC": 1.020794257704903, "AERIUS": 1.657949660970634, "AIMOVIG": 2.9961601927085346, "ALOXI": 2.592170907969974, "APROVEL": 1.7278733011471472, "AUBAGIO": 1.922071499201884, "BEXSERO": 1.001317339143869, "BONVIVA": 1.191531526761385, "BOSULIF": 1.111822858195356, "BOSUTINIB": 2.669409817112228, "BRINTELLIX": 1.3338306961341335, "BUDESONIDE": 1.4786687106793368, "BUPIVACAINE": 3.8031601164019535, "CAPSAICIN": 3.6305471763679775, "CHOLESTAGEL": 10.699498537987708, "CINACALCET": 1.464199996019566, "COAPROVEL": 1.7074393613662608, "COMPRESSION": 15.520951788371654, "COVID19": 1.6598566294314592, "CYMBALTA": 1.1656656230799132, "DASATINIB": 2.109364242685745, "DULAGLUTIDE": 1.043911898515417, "DUORESP": 8.956379816784567, "ELLAONE": 1.6780907422914475, "ENTACAPONE": 1.1400696070240302, "EPOETIN": 1.2203770439157533, "ERENUMAB": 2.310143198258543, "EVENITY": 1.628569341797454, "EVISTA": 4.004184488621846, "EXFORGE": 1.5019059676198276, "FAMPRIDINE": 1.620346259322972, "FAMPYRA": 3.2363984014509555, "FASLODEX": 1.1577414594702886, "FESOTERODINE": 3.0627913244552927, "FIRDAPSE": 2.497313669035319, "FLEBOGAMMA": 1.4578034551838028, "FORSTEO": 4.99039528807127, "GARDASIL": 1.981816332529812, "GILENYA": 2.3840007662375875, "GLIVEC": 1.2105181490101813, "HYDROCHLOROTHIAZIDE": 1.2576779782250227, "HYDROCORTISONE": 1.3987533202567313, "HYQVIA": 1.1332096089174435, "IBRANCE": 1.01383045377277, "IMATINIB": 1.272018541508089, "IMBRUVICA": 2.054079344308416, "INFANRIX": 1.2262653241010582, "INVEGA": 1.4726950672480936, "IRBESARTAN": 1.121338019136651, "KARVEA": 2.107211367889008, "KESIMPTA": 1.020918604340228, "KETOCONAZOLE": 1.6721843617518446, "LATUDA": 1.253410161784692, "LEVODOPA": 1.97648187014602, "LINACLOTIDE": 10.485525791662669, "LUPKYNIS": 1.33581192226947, "LYRICA": 1.558800155826958, "MICARDIS": 1.3429541010573134, "MIMPARA": 2.4120189069019107, "MIRABEGRON": 2.885954298210821, "MOVYMIA": 5.74445811752924, "NEUPRO": 2.701126862665208, "NILEMDO": 13.794132353558789, "NINLARO": 2.0220090332138345, "OCEAN": 8.975409337745328, "OCRELIZUMAB": 3.052193819826842, "OPTIMARK": 7.797043518152326, "ORENCIA": 1.2943303504675228, "OVITRELLE": 1.5024610775098453, "OXYBUTYNIN": 1.860748178573789, "OZEMPIC": 1.0723353368662698, "PERTUZUMAB": 1.2866998270676224, "PLEGRIDY": 1.2439079679452147, "PROLIA": 1.012526667319992, "PROTELOS": 2.08928280948712, "RANEXA": 1.4787389138086426, "REBIF": 1.3161251766112834, "RELVAR": 3.577001240784488, "REVINTY": 3.435648955674925, "REVLIMID": 1.6911339557232727, "RYBELSUS": 1.0756003630102786, "SEMAGLUTIDE": 13.696256817795092, "SIFROL": 1.8846854023508504, "TAGRISSO": 1.1251797548436115, "TASIGNA": 1.3550587425586618, "TECFIDERA": 3.784136065385861, "TELMISARTAN": 1.1308354239249487, "TERIFLUNOMIDE": 1.8115650426943384, "TERIPARATIDE": 2.469262203061878, "TERROSA": 3.495796094787281, "TOZINAMERAN": 1.7724318173444993, "TYSABRI": 3.1020041071496247, "VELMETIA": 1.5085495872379135, "VELTASSA": 1.2317844938063425, "XELJANZ": 1.2975552122611964, "XTANDI": 1.0288564888069636, "XYREM": 1.568020809935134, "ZOSTAVAX": 1.24124627548123, "ZYPADHERA": 1.0393892693581506, "null": 1.2328162997406222}