{"AUBAGIO": 1.208867896581785, "BENLYSTA": 1.7141309443425965, "COMIRNATY": 1.3802086328415928, "COSENTYX": 3.5365620806802784, "ENBREL": 5.877989575141969, "FASLODEX": 1.47075652647888, "FORSTEO": 2.404211225708773, "FULVESTRANT": 3.443028425450144, "HUMIRA": 1.5413054678830798, "IBRANCE": 1.0680271496532816, "IRBESARTAN": 9.953365071502423, "LEVOFLOXACIN": 1.1267095145541062, "LYRICA": 1.0325382028393315, "NIMENRIX": 1.107301837831561, "OXYBUTYNIN": 4.386520725029194, "RINVOQ": 1.847735615240256, "SHINGRIX": 1.038667865538316, "SPIKEVAX": 1.4054780175655162, "SUBOXONE": 1.2675919194721743, "TOZINAMERAN": 1.926391331223405, "VAXZEVRIA": 1.195748980896622, "XELJANZ": 2.547961877215986, "ZOSTAVAX": 1.1063345004403122}