{"COMIRNATY": 0.6565054806932794, "VAXZEVRIA": 1.5364953496581475, "null": 1.0955434952890146}