{"AMIKACIN": 644.3524522687882, "PEGINTERFERON": 39.40274218024246}