{"ABACAVIR": 4.033079831110975, "AMIKACIN": 208.6702244361007, "ATAZANAVIR": 18.57641566219981, "BENRALIZUMAB": 30.621198959091775, "BIKTARVY": 15.940841457075749, "CICLOSPORIN": 4.219271145249596, "DESCOVY": 39.47881318032175, "EFAVIRENZ": 23.09017350876748, "EMGALITY": 846.56413802355, "EPIVIR": 22.917102689188237, "JAKAVI": 5.453006197334908, "KALETRA": 7.528109052886492, "LAMIVUDINE": 19.15581025306196, "MEPOLIZUMAB": 17.91529315822425, "MYCOPHENOLATE": 13.936788747017497, "NORVIR": 13.744392662934828, "NUCALA": 5.361211638852794, "PEGASYS": 1.390121921238805, "TRELEGY": 9.264988059016911, "XELJANZ": 1.4239012193605862, "null": 1.065793609494716}