{"BORTEZOMIB": 25.58679349938668, "COMIRNATY": 0.1491727083444156, "DEXAMETHASONE": 7.687354726152503, "ELIQUIS": 3.8719464356423754, "ENTRESTO": 7.154680796279707, "INSULIN": 15.64404638596218, "LANTUS": 4.11899299092068, "null": 0.7994845499292648}