{"ANAGRELIDE": 245.4323693937629, "ARANESP": 2.8832966867905294, "BUSULFAN": 6.329638474031602, "EXJADE": 18.718076744532823, "JAKAVI": 325.718443353204, "NPLATE": 172.97106796132394, "RUXOLITINIB": 150.31914257748258}