{"AIMOVIG": 0.2268561393443464, "ALISKIREN": 0.6381626612875861, "APIXABAN": 0.06432424009765, "ARAVA": 0.0123237468967289, "AUBAGIO": 0.5267397441106674, "BENLYSTA": 0.1083915214592643, "BRILIQUE": 0.168295106882642, "BRINTELLIX": 0.2419873574879322, "CHAMPIX": 0.2351299873358808, "CIMZIA": 0.0639924524974651, "CLOPIDOGREL": 0.0681022923177977, "COMIRNATY": 10.04967375634502, "COSENTYX": 0.0500198230224432, "CYMBALTA": 0.0240465943930874, "CYTARABINE": 0.1746393735675612, "ELIQUIS": 0.3187670813161827, "ELLAONE": 4.733054172327333, "ENOXAPARIN": 0.1695690331431192, "ESMYA": 3.937071567551048, "EVRA": 1.843482278554036, "FAMPYRA": 0.181313266821581, "GARDASIL": 0.4502717040556414, "HYDROCORTISONE": 0.7733654182590878, "IBUPROFEN": 0.0723428016889564, "KAFTRIO": 0.3327208735231848, "KEPPRA": 0.0513458692693509, "LEMTRADA": 0.4188063659142565, "LIXIANA": 0.8521222299312117, "MACITENTAN": 1.4575562831818785, "MAVENCLAD": 0.5675995558949297, "MODERNA": 4.4604050797082975, "NPLATE": 0.2756849146935531, "OCRELIZUMAB": 2.643238479242716, "OPSUMIT": 0.0645152612118874, "ORKAMBI": 0.3586475943519888, "PEGASYS": 0.1705306886631809, "PEGINTRON": 0.0405627795480783, "PLAVIX": 0.067425551502487, "RINVOQ": 0.1432756800686092, "RYEQO": 18.50896560490084, "SAXENDA": 0.361143020434016, "SIMPONI": 0.0363586203770377, "SOLIRIS": 0.2343650787820995, "SPIKEVAX": 2.4727271822255936, "STELARA": 0.8092242919592878, "SUTENT": 0.0512491064221133, "TOZINAMERAN": 4.185421024327055, "TRACLEER": 0.0860232665068025, "VAXZEVRIA": 0.9579810223553128, "XARELTO": 0.8990698682984276, "XELJANZ": 0.0291811913355178, "XOLAIR": 0.0783360869500465, "ZYPREXA": 0.0564906629007458, "null": 0.0836481674421357}