{"ARIPIPRAZOLE": 2.1106098592159195, "AVELUMAB": 6.266588365811183, "AXITINIB": 2.96007335532532, "BAVENCIO": 7.7464849406626, "BUSILVEX": 8.446375965893624, "COMIRNATY": 6.197062538509944, "DASATINIB": 1.904213315640024, "FYCOMPA": 1.244473084836656, "IPILIMUMAB": 8.622128064118565, "KEYTRUDA": 6.149165904754061, "LIBTAYO": 6.679995533611112, "LURASIDONE": 5.952689749045105, "NIVOLUMAB": 2.2610322161649843, "OLANZAPINE": 1.5947973174656684, "OPDIVO": 6.062662293770092, "PALIPERIDONE": 6.188728971692331, "PEMBROLIZUMAB": 5.851308603952155, "POTELIGEO": 7.022884251373756, "SPIKEVAX": 3.287676577148453, "TAMIFLU": 1.2946567826913036, "TOCILIZUMAB": 1.3259638625178929, "TOZINAMERAN": 4.348857025585666, "VALSARTAN": 1.146167137627587, "YERVOY": 1.0906946755866085}