{"ABACAVIR": 0.44612018531109, "AIMOVIG": 0.7584024872130091, "ALEMTUZUMAB": 2.201324466444449, "ALISKIREN": 73.54799271646382, "ARAVA": 0.0693197010505608, "ASPARAGINASE": 2.6633930267784547, "AUBAGIO": 4.841848999227047, "AVANDAMET": 3.016614290586319, "AVANDIA": 3.377832065202813, "AVASTIN": 0.8582600540666299, "BENLYSTA": 1.2934280246397003, "BETAFERON": 3.033009720895796, "BEVACIZUMAB": 3.5812492659425463, "BRILIQUE": 1.2066396289901755, "BRIVIACT": 4.707114367201571, "CELLCEPT": 0.5291808611130668, "CHAMPIX": 0.8779852451474857, "CICLOSPORIN": 1.6830968038236829, "CIDOFOVIR": 11.185868631595154, "CLOPIDOGREL": 3.981111146306435, "COMBIVIR": 1.658215253337997, "COMIRNATY": 1.3030852439195155, "CYMBALTA": 0.1893816278270582, "CYTARABINE": 1.404573348706297, "DEXAMETHASONE": 0.9835356405725628, "DOXORUBICIN": 1.0072075769475015, "EFAVIRENZ": 4.688211196906759, "ELIQUIS": 2.3349098281897582, "ENOXAPARIN": 5.045295980914968, "ENTRESTO": 0.3460481233603231, "ENTYVIO": 0.5525421386199806, "EVISTA": 1.3687051084166302, "EXFORGE": 0.6101473059262142, "EYLEA": 2.189341382191776, "FAMPYRA": 2.2582485908300614, "FENTANYL": 0.6040424803171033, "FORSTEO": 0.3507913812201526, "GARDASIL": 1.053108150735868, "GLIBENCLAMIDE": 4.794169196949426, "HIZENTRA": 0.8603102263469963, "HUMALOG": 0.7292777213434704, "INLYTA": 0.5990529898079315, "INSULIN": 0.4989800771631349, "IRBESARTAN": 2.7163461528893955, "JAKAVI": 1.2429232639150696, "KALETRA": 0.9048809868541882, "KEPPRA": 0.6975615936880477, "KESIMPTA": 4.337666077675605, "KEYTRUDA": 0.3812170319146986, "LACOSAMIDE": 1.3504687121680332, "LANTUS": 0.7460833900637167, "LEMTRADA": 3.021339659561258, "LEVETIRACETAM": 1.1054738218095863, "LIXIANA": 6.194982430785515, "MEKINIST": 0.8469191173899319, "METHOTREXATE": 0.3957136597890154, "MYCOPHENOLATE": 1.512277176706863, "NEXAVAR": 0.5111234696427077, "NOT": 1.9029346566598264, "NOVOSEVEN": 4.603973416240186, "PEGASYS": 0.2970752821200061, "PEGINTRON": 0.8221862410779175, "PLAVIX": 2.915492458851386, "RITUXIMAB": 0.5949689089277981, "RIVAROXABAN": 7.28423278734293, "SHINGRIX": 0.773796308964478, "SILDENAFIL": 1.330255294684478, "SIMPONI": 0.3026610346306714, "SOLIRIS": 0.6087728097891918, "SPIKEVAX": 0.7803571319711773, "STELARA": 0.4287868189001497, "SUBOXONE": 0.3976535261126491, "SUTENT": 0.5970041862197173, "TASIGNA": 1.9670390211052788, "TEMODAL": 4.2270607926352834, "TEMOZOLOMIDE": 7.633248053251657, "TOZINAMERAN": 0.9478462599917652, "TWINRIX": 1.663575664371997, "VAXZEVRIA": 0.7496880873166075, "VIAGRA": 1.959805474797535, "VOTRIENT": 0.6261857573268697, "XARELTO": 1.622124051303426, "XELJANZ": 0.1714112309201022, "XOLAIR": 0.7311724196491897, "XTANDI": 0.360152600340785, "YESCARTA": 1.3676973672841826, "ZOSTAVAX": 0.4209439544768654, "ZYPREXA": 0.7960264368244286, "null": 0.9232341464416416}