{"FENTANYL": 23.217841444389503, "null": 2.976063820706978}