{"ARAVA": 0.3351148257537849, "CLOPIDOGREL": 2.3454963663843547, "COMBIVIR": 90.36771396112262, "COMIRNATY": 0.0528283335749883, "ELIQUIS": 2.253928599965841, "EPIVIR": 20.41601545663509, "ESOMEPRAZOLE": 10.611743755698138, "IBRANCE": 3.405188735784974, "KALETRA": 5.241635182301193, "PEGASYS": 4.5229869174040775, "PEGINTRON": 2.887803207817908, "PLAVIX": 1.7015821138862917, "SUTENT": 0.8906726106890152, "null": 1.163930715254231}