{"COMIRNATY": 0.1265829692979377, "ELIQUIS": 7.107023530844515, "null": 0.8307282216609648}