{"AVASTIN": 7.369900695043835, "BRILIQUE": 5.596485783634826, "CABOMETYX": 5.651897475790106, "ELIQUIS": 2.7745569954274245, "EVENITY": 43.391853880427526, "KEYTRUDA": 1.3983383413122303, "LENVIMA": 20.651641066753616, "NEXAVAR": 4.539225268954751, "ROACTEMRA": 12.181739776967426, "STELARA": 3.325574829564992, "SUTENT": 3.995738296764016, "XTANDI": 2.5107483294547484}