{"SUTENT": 3.9360510525814494, "null": 0.4495171624950593}