{"ABACAVIR": 1.6254223329148154, "ALEMTUZUMAB": 14.500811536370795, "ATRIPLA": 0.7400670412738362, "BARACLUDE": 68.1807118252519, "BEDAQUILINE": 6.192876186137739, "BIKTARVY": 5.74237078064502, "CELLCEPT": 7.060521090184976, "CICLOSPORIN": 4.451912094740669, "COMBIVIR": 9.94832876686307, "COMIRNATY": 0.02030579931138, "CYTARABINE": 5.271113976880163, "DEXAMETHASONE": 1.8282266830324492, "DOXORUBICIN": 29.3846056265272, "EMTRICITABINE": 20.994179313240178, "ENTECAVIR": 113.90205205799128, "EPIVIR": 15.767705158215668, "HEPSERA": 40.75201156813115, "HIZENTRA": 9.948954687832384, "HUMALOG": 1.1619012489244094, "HUMIRA": 2.1791827003331794, "LAMIVUDINE": 23.88655440692921, "MABTHERA": 12.968281761654218, "METHOTREXATE": 1.7098171755477969, "PEGASYS": 1.9648611549794333, "PRIVIGEN": 10.449094457891476, "RINVOQ": 3.7427343481723234, "RITUXIMAB": 16.72827038006642, "SIMPONI": 2.783373511160178, "STELARA": 1.9452441736197743, "STRIBILD": 2.094615756278807, "SUTENT": 0.4172698707634599, "TENOFOVIR": 66.05944286504219, "TREMFYA": 5.032967976391252, "TRUVADA": 0.5649564661875964, "TWINRIX": 13.811064000770486, "VEMLIDY": 66.57821702822208, "VIREAD": 8.142364790830603, "XELJANZ": 0.9274979330537928, "ZYPREXA": 1.9408680603699613, "null": 0.6986897828138765}