{"BYDUREON": 14.330651041379928, "CYMBALTA": 2.0705669664758144, "HUMALOG": 5.253712110222016, "LANTUS": 2.133220001331121, "LYRICA": 7.539359501776247, "SUBOXONE": 8.733726617050294, "ZOSTAVAX": 2.794561064494443, "null": 1.6809012386972544}