{"CLOPIDOGREL": 6.214309686572341, "ELIQUIS": 3.102813577899986, "NOVOSEVEN": 74.40118164937415, "VAXZEVRIA": 2.153995138068192}