{"ARAVA": 0.138355156895582, "C1": 355.3965786839803, "CINRYZE": 786.3584686317851, "COMIRNATY": 0.006252293529945, "FIRAZYR": 243.83730034031265, "ICATIBANT": 148.55685883911383, "RUCONEST": 384.81613983022, "XOLAIR": 0.4603071148670977, "null": 9.622352391262991}