{"ABACAVIR": 2.357228084229724, "ALEMTUZUMAB": 2.191080728615165, "ALIMTA": 8.349366848945547, "AMIKACIN": 18.60198113024841, "ATAZANAVIR": 6.158190605585218, "AZATHIOPRINE": 4.340298309892899, "BASILIXIMAB": 25.10255011739549, "BIKTARVY": 1.923533078826721, "BUSULFAN": 3.2751340617532256, "CANCIDAS": 3.8669372898050254, "CARMUSTINE": 4.777767750232702, "CASPOFUNGIN": 10.695950586667625, "CELLCEPT": 5.056530041436114, "CICLOSPORIN": 29.705721354069723, "CIDOFOVIR": 105.4011116265018, "CUBICIN": 2.8606416350262838, "CYTARABINE": 1.9660531451149528, "DARUNAVIR": 6.768534060700462, "DELAMANID": 4.955711867891541, "DEXAMETHASONE": 1.451377633900454, "DOCETAXEL": 1.2989030538855284, "DOLUTEGRAVIR": 122.68740612527888, "DULOXETINE": 1.650141489789291, "EFAVIRENZ": 10.862407909727676, "EMTRICITABINE": 50.58966648649003, "EXJADE": 1.3475691155895375, "GANCICLOVIR": 17.35222385259939, "HEPSERA": 6.925310611766496, "IPILIMUMAB": 1.6919788221840868, "KALETRA": 2.819130014787876, "KEYTRUDA": 1.888972287420924, "LAMIVUDINE": 4.099949308267737, "LEVOFLOXACIN": 1.0861739299900728, "LOPINAVIR": 8.660594485151726, "LUTETIUM": 17.83469840638457, "MANNITOL": 19.14072067562964, "METHOTREXATE": 2.1384798335530584, "MYCOPHENOLATE": 6.677698022101296, "NORVIR": 5.664561806643916, "OPDIVO": 1.3086653210799828, "PEMBROLIZUMAB": 4.4615282099775095, "PEMETREXED": 17.20789078806694, "POSACONAZOLE": 7.330339632259821, "STRIBILD": 16.302223077865932, "TACROLIMUS": 26.15257354673421, "TENOFOVIR": 36.3441495212082, "TOBRAMYCIN": 15.63470794955351, "TRUVADA": 1.6775561702357298, "VIREAD": 16.632416206986555, "VORICONAZOLE": 3.982611378022996, "null": 1.6232523243260637}