{"COMIRNATY": 1.291744881650998, "ENBREL": 3.0600379710161505, "RINVOQ": 35.041685281600294, "SHINGRIX": 17.44806349894638, "SPIKEVAX": 0.9282742015136818, "STELARA": 2.382103485263267, "TOZINAMERAN": 0.7459360326850042, "VAXZEVRIA": 0.6137246905556073, "XELJANZ": 5.47635488976758, "ZOSTAVAX": 13.00684164265436, "null": 0.3828050907033208}