{"COMIRNATY": 1.8656298978913624, "SPIKEVAX": 0.5307340823837847, "null": 0.4066753475451627}