{"NORVIR": 182.35772313239215, "null": 1.6822664836665353}