{"COMIRNATY": 0.1821711819914555, "CYMBALTA": 4.294621411714628, "RINVOQ": 23.29461949501023, "ROACTEMRA": 25.145523410847517, "null": 0.7910456200456}