{"ELIQUIS": 57.85408542160759, "null": 0.7686757609157693}