{"BRIDION": 287.7867726350917, "FENTANYL": 38.00750708633272, "SUGAMMADEX": 783.3574580078387, "null": 4.390618781840559}