{"ASPARAGINASE": 35.58110644337845, "AZACITIDINE": 31.263827805238563, "BUSULFAN": 16.35751232270599, "CLADRIBINE": 98.72312854272454, "CYTARABINE": 30.74581354202947, "DEXAMETHASONE": 13.086143321138335, "DOCETAXEL": 23.721687015940727, "IRINOTECAN": 18.142800601224515, "MELPHALAN": 60.461402812124255, "NOXAFIL": 39.42474232419959, "PEMETREXED": 26.199465956507265, "TRODELVY": 264.3894184690821}