{"ABATACEPT": 7.689297613991, "AMINOSALICYLIC": 1.2938568636600956, "APREMILAST": 2.2905177900150364, "ARAVA": 4.958419837141051, "AZATHIOPRINE": 5.886355105520511, "BRINTELLIX": 6.325316967404075, "BUDESONIDE": 1.057937792824273, "CIMZIA": 1.885590618409964, "CIRCADIN": 3.661918913374096, "COMIRNATY": 1.058551789550818, "COSENTYX": 1.993350931270775, "COVID19": 2.557843516538353, "CYMBALTA": 1.0417350789840096, "DOXORUBICIN": 2.237001474630656, "DULOXETINE": 1.185368945096458, "EFAVIRENZ": 1.1425362814119602, "ENTYVIO": 1.208446956287689, "HYDROCORTISONE": 1.4518905739093055, "IBRANCE": 1.1600502505309738, "IMBRUVICA": 3.34319206782186, "ISENTRESS": 1.5847620275098453, "JAKAVI": 3.353171352384323, "KAFTRIO": 1.0126498599917648, "LAMIVUDINE": 1.7648046194674618, "MICARDIS": 1.2721324590698748, "NUCALA": 3.4829862373181504, "OCALIVA": 1.8431085643328384, "RITUXIMAB": 1.0438157237869636, "RUXOLITINIB": 2.9029705271776423, "SPIKEVAX": 1.265473558310801, "TOZINAMERAN": 1.6912171779852838, "XYREM": 1.4783333371260663}