{"ADALIMUMAB": 1.7629899618957945, "AFINITOR": 1.2170566842780624, "AMIKACIN": 4.606356276354017, "ANAKINRA": 21.314026062593165, "ANORO": 85.75191330559532, "APIXABAN": 14.55260144657266, "AZATHIOPRINE": 7.139703819151822, "BENLYSTA": 1.8438689800824477, "BYDUREON": 4.519201336352137, "CELLCEPT": 1.06859784229159, "CICLOSPORIN": 3.1848880448234653, "CIMZIA": 1.3011676794134557, "COSENTYX": 2.669989993338089, "CYTARABINE": 2.241301870784812, "ENBREL": 5.8676192756406085, "FASLODEX": 2.320247137948398, "FULVESTRANT": 2.2788997650081018, "HIZENTRA": 1.4043873600790144, "HUMIRA": 3.267719446534155, "IBRANCE": 1.2249626953208927, "JAKAVI": 1.3423021961968329, "JANUMET": 1.7705084969411042, "LEFLUNOMIDE": 4.696685871091507, "MEKINIST": 1.996236043948864, "MEPOLIZUMAB": 1.0560893434938774, "METHOTREXATE": 7.88998072764187, "NUCALA": 1.900497919408161, "OPTIMARK": 2.628598509815405, "PEMBROLIZUMAB": 1.7870388676911624, "RINVOQ": 1.6272145598043013, "RITUXIMAB": 3.532314893811435, "SIMPONI": 1.191736167429995, "SUTENT": 2.042683594566028, "TOZINAMERAN": 3.397248769884536, "TRULICITY": 1.213250622941854, "VOTRIENT": 1.25423050951957, "XELJANZ": 4.307214026731338}