{"ADALIMUMAB": 1.9785319912704435, "AVASTIN": 14.871372989625067, "CABOMETYX": 7.978759359470787, "CIMZIA": 7.457756284708322, "COMIRNATY": 0.0587070022080474, "ENTYVIO": 37.91216443536936, "HUMIRA": 26.325392107690316, "NEXAVAR": 3.8626713946848215, "SIMPONI": 5.595216454595147, "STELARA": 25.78121449698306, "STIVARGA": 6.595486222015647, "SUTENT": 4.898771255917191, "null": 0.5329404636484212}