{"ABACAVIR": 1.1997564505452132, "AFINITOR": 2.3557079886584806, "ATEZOLIZUMAB": 26.313559263725868, "ATRIPLA": 2.0739018669978253, "AVASTIN": 5.97146761264325, "BEDAQUILINE": 4.571709955477257, "BEVACIZUMAB": 2.404461363534158, "BYETTA": 2.5738949700547136, "CELLCEPT": 6.168907889087056, "CICLOSPORIN": 4.093106386701189, "CIMZIA": 0.5016518182543548, "COMBIVIR": 10.746430210204553, "COMIRNATY": 0.0316986375986059, "CRIXIVAN": 74.3874413742463, "CYTARABINE": 2.346505604908505, "DOXORUBICIN": 5.047385593986239, "ELIQUIS": 0.7158382187255757, "ESOMEPRAZOLE": 22.71896492943059, "FASLODEX": 2.796452111200169, "FILGRASTIM": 10.957984356054409, "FORXIGA": 4.36820427325827, "FULVESTRANT": 3.8873554439439415, "IBRANCE": 1.3143542774947707, "JANUMET": 2.803399007887481, "JARDIANCE": 1.5366563752726676, "JEVTANA": 14.960358500526286, "KEPPRA": 1.1189292437084009, "KEYTRUDA": 4.033669715805142, "LEVETIRACETAM": 1.386409170816129, "LEVOFLOXACIN": 1.3979577795532756, "LONSURF": 5.704149244143079, "MYCOPHENOLATE": 4.2588562025797145, "NEULASTA": 3.3233207772963778, "NORVIR": 19.56728830786064, "OPDIVO": 1.7129186469322053, "PEMBROLIZUMAB": 3.826931012806324, "REYATAZ": 13.064552364159002, "SIMPONI": 0.8523644802592406, "SPIKEVAX": 0.0683454886861725, "STELARA": 0.953007446167801, "STIVARGA": 4.055185546224528, "STRIBILD": 1.6863972307176616, "SUTENT": 0.7417227622799814, "TOVIAZ": 6.592974148708766, "TRUVADA": 0.9375798166675748, "VOTRIENT": 2.05049387855742, "XOFIGO": 8.67912569056462, "XTANDI": 3.5142821980481207, "null": 0.8784361857421827}