{"LANTUS": 5.982948142146345, "SUBOXONE": 16.185445036888865, "null": 1.651722718256705}