{"COMBIVIR": 185.9864470141101, "null": 0.3476500171942541}