{"PEMETREXED": 55.48299098868674, "SUTENT": 2.93812170040978, "null": 1.229508264867212}