{"FORXIGA": 34.88895970917199, "ICOSAPENT": 2439.3512547825017, "JARDIANCE": 27.514479810608723, "OLANZAPINE": 12.929237270526803, "PIQRAY": 217.3686244158599, "ZYPREXA": 17.029439724273008, "null": 0.6681276006259282}