{"SUTENT": 36.236474889033325, "null": 0.9136107010113488}