{"CLOPIDOGREL": 64.70018974451897, "null": 1.569900760278023}