{"AFINITOR": 1.2323768636173538, "CABOMETYX": 13.130182007419895, "CICLOSPORIN": 3.757988066758605, "COBIMETINIB": 35.02899556986354, "COMIRNATY": 0.078741882331006, "CONTRAST": 29.147141242189623, "COSENTYX": 1.4251087622488252, "CYMBALTA": 1.4121223617995196, "HUMALOG": 2.3333756488442043, "IMATINIB": 16.484816635549095, "INLYTA": 15.080731101288189, "JAKAVI": 2.053906392331211, "LANTUS": 1.108763156495154, "MEKINIST": 5.89885166852538, "NEXAVAR": 23.754024647137253, "OPTIMARK": 16.368438239246608, "SIMPONI": 0.9478246980941534, "SORAFENIB": 18.3733643542266, "SPIKEVAX": 0.0633984862254086, "STELARA": 0.7544990975324177, "STIVARGA": 21.792225227511054, "SUTENT": 19.39457401821049, "TAFINLAR": 31.339646439611634, "TREMFYA": 4.680366122822149, "VEMURAFENIB": 100.8274759295399, "VOTRIENT": 4.669224456159599, "XELJANZ": 1.446595330345872, "ZELBORAF": 75.66767677058583, "ZOSTAVAX": 3.877681562998301, "ZYPREXA": 0.8082686040308604, "null": 0.5600599053454921}