{"ADEMPAS": 6.724281081010858, "AMIKACIN": 4.12182206682986, "AZILECT": 13.40145811821922, "CELECOXIB": 3.5625772667323896, "CELLCEPT": 2.090245901097928, "CICLOSPORIN": 5.668743296635772, "CLOPIDOGREL": 1.072388331596034, "COAPROVEL": 4.8998604666256425, "DAPTOMYCIN": 16.858437902920198, "DEXAMETHASONE": 2.0176712126055905, "ENOXAPARIN": 4.93564172396745, "ENTRESTO": 2.3769549331181525, "EXJADE": 1.2796102200909087, "GANCICLOVIR": 6.232025790696159, "IBUPROFEN": 3.4213792468862194, "IRBESARTAN": 3.6716842470271143, "KALETRA": 4.35374220437765, "KYMRIAH": 4.218055009751324, "LEVETIRACETAM": 2.231500098946488, "LEVOFLOXACIN": 5.929156138332552, "LYRICA": 1.6837296856621748, "MIDAZOLAM": 3.1682871995420645, "OPSUMIT": 1.2407345865474155, "OVITRELLE": 30.542230143812077, "RASILEZ": 6.340160121615348, "SOLIRIS": 2.401780381679244, "SPIRONOLACTONE": 5.320506039465583, "TELMISARTAN": 5.370400027937494, "null": 3.030528413522446}