{"AFINITOR": 0.2785436226191713, "ALEMTUZUMAB": 0.6926675975529242, "ALIMTA": 0.6223095286210317, "BEXSERO": 6.033188628178409, "BRINTELLIX": 0.546758076225431, "CLOPIDOGREL": 0.1495809918312125, "COMIRNATY": 1.14649812527001, "DABRAFENIB": 4.713689506436015, "DARZALEX": 3.3493200589099232, "DEXAMETHASONE": 0.3357265768187068, "EXJADE": 0.3744025417335064, "FASENRA": 0.7517983668976782, "FLEBOGAMMA": 1.8408949016088103, "GANCICLOVIR": 2.218929768062478, "GARDASIL": 1.254999182559976, "HALAVEN": 2.8565623223516066, "HERCEPTIN": 1.4690023273015889, "HEXYON": 169.63819112844877, "IBRANCE": 0.147955015725666, "INCIVO": 0.6187866973393861, "INFANRIX": 76.74711253996689, "KEYTRUDA": 0.3055643005069453, "LEVOFLOXACIN": 1.012119369706245, "MABTHERA": 2.147906795748211, "MEKINIST": 4.2672086464234935, "MENVEO": 9.755469328811758, "MMRVAXPRO": 61.9294216501321, "NEXAVAR": 0.4898647591376771, "NIMENRIX": 11.590817879324767, "OLANZAPINE": 0.572590453639119, "PEGASYS": 0.1563300415630385, "PEGINTRON": 0.2836745738770619, "PERJETA": 6.544825074071549, "PLEGRIDY": 1.0369110796931431, "PREVENAR": 9.040335632377165, "PRIVIGEN": 2.027474039395833, "PROQUAD": 29.4796726585562, "ROTATEQ": 1.6661972508207474, "SHINGRIX": 0.9868536991101402, "SPIKEVAX": 1.601415231276092, "STIVARGA": 0.5834872975301861, "SUTENT": 0.2072466882894142, "TAFINLAR": 16.748828454881412, "TOZINAMERAN": 0.1646167041458705, "VAXZEVRIA": 2.0110977485623733, "YERVOY": 1.7593311277757944, "ZYPREXA": 0.36821224490898, "null": 0.918567096366834}