{"GARDASIL": 2.504018289459586, "HEXYON": 109.67758439435184, "MMRVAXPRO": 4.972029947016519, "NIMENRIX": 9.797976447567253, "OLANZAPINE": 4.452592573666275, "ZYPREXA": 4.568121020654727, "null": 5.5302567009443}