{"ADCIRCA": 21.72081284231022, "ADEMPAS": 17.56384877407431, "ALEMTUZUMAB": 3.168429663414219, "AMBRISENTAN": 17.603873303054794, "ARANESP": 3.3277970112457638, "AVANDIA": 6.426760338457346, "BUMETANIDE": 9.80238224509852, "BYETTA": 1.2672142009571128, "CASPOFUNGIN": 8.447805013972856, "CELLCEPT": 1.5089015210409342, "CICLOSPORIN": 2.0966487757510137, "COMIRNATY": 0.0362788280469555, "CYTARABINE": 3.5097280343200747, "DARZALEX": 2.6873569924139105, "DASATINIB": 27.36786162335604, "DEXAMETHASONE": 2.9354681123177797, "ELIQUIS": 0.9202046930820657, "ENTRESTO": 9.188865675520768, "EXJADE": 3.036101144071559, "FENTANYL": 0.6997322325414588, "FIRDAPSE": 4.827315829800914, "HUMAN": 3.705436990876408, "JANUMET": 1.6075756606688243, "JANUVIA": 1.1870763364979269, "KYMRIAH": 8.987968137474015, "KYPROLIS": 5.086940471619675, "MACITENTAN": 22.36448255179425, "MELPHALAN": 12.324453460790409, "NPLATE": 2.727583185079108, "OPSUMIT": 55.12319817743671, "OPTIMARK": 3.722330189238125, "PLAVIX": 0.6774091858596589, "PRIVIGEN": 5.632508870372009, "REVATIO": 9.17370626259317, "SILDENAFIL": 8.356937713996084, "SOLIRIS": 7.352133293023371, "SPIKEVAX": 0.1634739284896841, "SUTENT": 0.9194978278770696, "TRACLEER": 27.857632952953256, "VAXZEVRIA": 0.0554822358679675, "VELTASSA": 14.59895076502313, "VOTRIENT": 1.500481497599785, "XARELTO": 3.858669192579097, "YESCARTA": 4.527191962245125, "null": 1.0814345372648466}