{"BUDESONIDE": 1.9460666567029004, "CIMZIA": 1.6781899545635284, "COSENTYX": 7.325967297772159, "JARDIANCE": 6.742257935427442, "KEYTRUDA": 1.384714443246095, "PEGASYS": 3.160035187627252, "RELVAR": 38.87649016416324, "SIMPONI": 2.3414551151931, "SUTENT": 1.2203817008091131, "TRELEGY": 6.13038502662616, "XELJANZ": 1.3240992472508657, "null": 1.7105470025887803}