{"AFINITOR": 1.5177537004896444, "ALIMTA": 3.3909226247658046, "AMIKACIN": 6.738321961176094, "AMINOSALICYLIC": 11.426984510850284, "ASPARAGINASE": 6.487132446655406, "AVASTIN": 3.6032389172083135, "BEDAQUILINE": 5.222747348415804, "BEVACIZUMAB": 3.72984040964318, "BUDESONIDE": 1.5454938734935255, "CABOMETYX": 4.69309199306433, "CAPECITABINE": 3.0690309087075587, "CASPOFUNGIN": 15.573376294223124, "CICLOSPORIN": 6.613911526655144, "CLADRIBINE": 16.897952572894162, "COMIRNATY": 0.0478298874049675, "CYTARABINE": 5.501123724480826, "DELAMANID": 11.386066880600126, "DOCETAXEL": 3.4260906695037123, "ELIQUIS": 0.3792469250201634, "ERBITUX": 12.462634104754642, "FILGRASTIM": 10.094315017292956, "IBUPROFEN": 3.1185802282696566, "INTRONA": 7.149185188044743, "KEYTRUDA": 3.1699979924105604, "LAMIVUDINE": 11.400843057685156, "LENVIMA": 4.647739014787701, "LEVETIRACETAM": 1.2772926939431404, "METHOTREXATE": 1.3013435852309148, "NEXAVAR": 4.714868488078781, "OLANZAPINE": 2.2381667009298627, "ONCASPAR": 22.7291142734394, "OPDIVO": 1.5781044481471196, "PEGASYS": 0.8817986265786336, "PEGINTERFERON": 1.998213553158838, "PEGINTRON": 2.078539569897931, "PLAVIX": 0.7695466822590463, "RITUXIMAB": 4.174394487375136, "SPIKEVAX": 0.0473938624844378, "STIVARGA": 5.612907304162706, "SUTENT": 2.4568667420381054, "VFEND": 1.6655247935751831, "VOTRIENT": 2.4101799509869903, "YESCARTA": 21.912588334117206, "ZYPREXA": 0.9404872839011038, "null": 1.0470134854932098}