{"COVID19": 2.14016194061601, "FORSTEO": 16.79240931345673, "NEULASTA": 69.43368450228891, "null": 1.7492918094459085}