{"RITUXIMAB": 1.772536036726702, "XOLAIR": 1.6010279491408252, "null": 6.922923128016432}