{"ABILIFY": 7.23488701428434, "ACLIDINIUM": 22.966397516323312, "APREPITANT": 10.805707007532696, "AVAMYS": 1.3436048920448005, "COMIRNATY": 2.779290323216589, "DARZALEX": 2.3353420716768527, "EXFORGE": 1.137853006597495, "FASENRA": 2.621140735800155, "FASLODEX": 1.3474325111585848, "NUCALA": 1.1553754238553091, "OMALIZUMAB": 1.5790557243861558, "PANTOPRAZOLE": 3.135450896599251, "RELVAR": 10.203478245219232, "RIXATHON": 14.92179927166421, "TOZINAMERAN": 1.633744587023878, "TRELEGY": 3.768375908403298, "null": 1.2851964991778817}