{"COMIRNATY": 9.570765054852728, "ELLAONE": 59.68453358266352, "MODERNA": 1.497516635097717, "SPIKEVAX": 2.143189856438795, "STELARA": 0.3643254591241034, "TOZINAMERAN": 3.2951862130804512, "VAXZEVRIA": 1.2396220236532034, "null": 0.0812786999599348}