{"ABACAVIR": 3.717831182234173, "ADALIMUMAB": 0.1730302573336016, "AFINITOR": 2.031146082066013, "ARANESP": 62.26293876340647, "ATAZANAVIR": 5.92117155958121, "ATRIPLA": 1.4041209719124357, "BEVACIZUMAB": 2.074303396662024, "CELLCEPT": 1.3389962057651463, "COMBIVIR": 4.32014210436532, "COMIRNATY": 0.01639235666856, "DEXAMETHASONE": 1.2897754889204447, "EMTRICITABINE": 18.33753547871697, "ENTECAVIR": 83.70592078534567, "EXJADE": 5.706767815221547, "FILGRASTIM": 6.124584341366077, "FIRDAPSE": 5.68891863279898, "GENVOYA": 15.986854278908874, "H2": 705.89987823997, "HARVONI": 3.0594080189507435, "HEPSERA": 389.2838046527665, "HYDROCORTISONE": 6.920905188139471, "JARDIANCE": 1.1445176749857708, "KALETRA": 12.547630196477364, "LEVETIRACETAM": 1.5159001115524982, "LOPINAVIR": 18.21857133765413, "MEKINIST": 1.6907905907111538, "METHOTREXATE": 1.2185066656076575, "MIMPARA": 11.28326852222456, "NEXAVAR": 9.03541799987023, "NORVIR": 9.305293571570456, "STIVARGA": 5.704116111091675, "STRIBILD": 0.9784646645148456, "SUTENT": 0.5617038057085327, "TASIGNA": 1.754851321694369, "TENOFOVIR": 127.26828519478757, "TRUVADA": 4.832732673545217, "VIREAD": 70.21664773013512, "null": 0.4572929486776483}