{"ADALIMUMAB": 3.531075424269411, "ATRIPLA": 25.654815836290396, "CICLOSPORIN": 3.12623403840072, "EVISTA": 13.810657763091127, "FORSTEO": 5.802024149413668, "STRIBILD": 4.512159499609686, "TRUVADA": 19.467346146552988}