{"GONALF": 304.0913425839392, "null": 1.388842788657508}