{"ARIPIPRAZOLE": 4.249395425033976, "BRIDION": 65.09472879591365, "BUDESONIDE": 1.143071290049215, "COMIRNATY": 0.273033180229226, "CYMBALTA": 0.7338489843815991, "DEXAMETHASONE": 3.9267794857875473, "FENTANYL": 15.428974977622351, "LACOSAMIDE": 6.940039891958013, "MIDAZOLAM": 31.46657764290041, "NUCALA": 5.314417654709579, "OLANZAPINE": 4.8352000600916565, "OMALIZUMAB": 26.95175352533294, "SPIKEVAX": 0.1941170483442698, "VAXZEVRIA": 0.0624067463747226, "XOLAIR": 9.901946952078251, "ZYPREXA": 2.681014305037764, "null": 2.0839977574097777}