{"COMIRNATY": 1.0242884157419665, "ELIQUIS": 26.51688724578051}