{"ACLIDINIUM": 41.7137727036254, "ARANESP": 1161.886993037581, "COMIRNATY": 0.3221136586087892, "DARBEPOETIN": 505.3676511870972, "SPIKEVAX": 0.205861204187672, "VAXZEVRIA": 0.1119957468592714, "null": 0.092010972977106}