{"COMIRNATY": 0.7612133588596941, "null": 0.7119897356285397}