{"ABACAVIR": 2.175452404913429, "ABATACEPT": 1.630032520594547, "ACLASTA": 2.3953645926889715, "ADALIMUMAB": 1.6434268780372303, "AIMOVIG": 1.2114089119571936, "ALDARA": 1.0521709088906166, "ALIGN": 2.930915342815897, "ALL": 1.1283293442409088, "AMBROXOL": 4.720173517702025, "AMELUZ": 2.400725791329203, "AMINOSALICYLIC": 1.5642977781532623, "AMLODIPINE": 3.943724599579484, "ANAKINRA": 3.0632426423754064, "ANALGESICS": 1.175355246355276, "APREMILAST": 1.0242279112528772, "ARAVA": 3.2036804497545424, "ATRIPLA": 4.198385354821227, "AUBAGIO": 1.0850166297804742, "AVAMYS": 1.2634902053253756, "BELIMUMAB": 1.5568230260608955, "BENLYSTA": 1.767532260315, "BEXTRA": 1.28501042147212, "BONVIVA": 1.4634604559503723, "BOTULINUM": 3.704221710221257, "BUDESONIDE": 1.298939975856977, "BUPIVACAINE": 2.5481860456262657, "CABOTEGRAVIR": 2.297679117049065, "CAFFEINE": 2.840861513301707, "CAPSAICIN": 1.006000866060083, "CHLORHEXIDINE": 2.151737425162009, "CIMZIA": 1.8150178841733575, "COMIRNATY": 1.0809370029666987, "COMPRESSION": 3.4695799844341626, "CONTRAST": 1.9080516974780075, "COSENTYX": 1.5887274479407365, "COVID19": 1.5288942955935618, "DACLIZUMAB": 4.513551486942567, "DINUTUXIMAB": 2.0656398630683253, "ELMIRON": 1.098537710126214, "ENBREL": 1.862020012062576, "ERELZI": 2.9132865134718418, "FLUCELVAX": 1.3330639640535131, "FORSTEO": 1.4065617998649496, "GALAFOLD": 1.1962035407274705, "GARDASIL": 1.0422775372960091, "HIZENTRA": 1.036376634398494, "HUMIRA": 1.4452067944023077, "IBRANCE": 1.0984193269890228, "INFERGEN": 1.244257900134654, "KEVZARA": 2.0493777191454114, "LEFLUNOMIDE": 1.5525448904019543, "LEVOFLOXACIN": 1.6272172901214363, "LUPKYNIS": 1.1197846046420346, "LUVERIS": 1.7465133863217936, "LYRICA": 1.8184903271436947, "MENVEO": 1.9430353899206585, "METHOTREXATE": 1.1484536773821057, "NEXOBRID": 17.185945869110345, "NIVESTIM": 1.9236000299051097, "OCRELIZUMAB": 1.6452610677883663, "OCREVUS": 1.17585382319552, "OPTIMARK": 4.629547651816242, "ORENCIA": 1.973713630087941, "PREGABALIN": 1.1792809979624972, "PRIALT": 2.6518190039929026, "QARZIBA": 5.133261962339349, "QUTENZA": 4.2188097595354535, "REKAMBYS": 2.384535265350324, "RINVOQ": 1.1303173349405422, "SHINGRIX": 3.0336105842129872, "SIMPONI": 1.8146573376497503, "SOMAVERT": 1.279345202117344, "SPIKEVAX": 1.221993208838828, "STRIBILD": 4.357759529926079, "SUBOXONE": 1.1288234258964247, "TASIGNA": 1.7104808661407933, "TOZINAMERAN": 2.266764295438391, "TRUVADA": 3.657662426043725, "VAXZEVRIA": 1.696778338404075, "VIREAD": 2.7221747215539653, "XELJANZ": 2.081006176716522, "XIAPEX": 1.6461766804652458, "XOFIGO": 1.919559916191511, "ZARZIO": 2.724640815870433, "ZOSTAVAX": 1.1610196776169042}