{"CIMZIA": 10.6820679586089, "ENTYVIO": 14.746322769760216, "HUMIRA": 15.434281493634153, "RINVOQ": 44.419145394754246, "STELARA": 16.978702454592298, "XELJANZ": 7.213463462600584, "null": 0.7354939463663731}