{"AMINOSALICYLIC": 4.614953050810559, "ARAVA": 4.210660357944211, "ATRIPLA": 0.7275862727154181, "COMIRNATY": 0.4334745761187022, "COMTAN": 14.23706885878834, "ELIQUIS": 1.680889838572783, "ENBREL": 4.820566533687059, "LANTUS": 0.7664999332878694, "OLANZAPINE": 2.451054037225735, "OPTIMARK": 3.136138345715496, "SHINGRIX": 4.70620578673606, "SIMPONI": 1.578244843302041, "SPIKEVAX": 0.4275891717530236, "STELARA": 1.392366839324231, "SUTENT": 0.5704399857153323, "TOZINAMERAN": 1.226894443602167, "VAXZEVRIA": 0.4812803439807024, "XELJANZ": 1.0000449434809002, "null": 1.0876489066371666}