{"BYETTA": 32.80685181748222, "JANUMET": 21.921872454985728, "JANUVIA": 11.325499520086856, "LANTUS": 2.942740076789228, "VICTOZA": 51.11664283703716}