{"BYETTA": 93.48750618786488, "JANUMET": 191.14148497573888, "JANUVIA": 101.2944267596451}