{"KEYTRUDA": 360.8859773064907, "OPDIVO": 70.12170709435715}