{"ABACAVIR": 161.58609277409082, "ABATACEPT": 1.0555288717720943, "ADALIMUMAB": 4.971955896145842, "AIMOVIG": 1.7096588748808526, "ANAKINRA": 1.727156124606469, "ARAVA": 0.6515257958087662, "AUBAGIO": 0.9536810033870958, "BENLYSTA": 6.030819616535878, "CELLCEPT": 2.473815075086524, "CIMZIA": 0.5841338530643306, "COMIRNATY": 0.2065254314929707, "COSENTYX": 2.9174086878186154, "CYTARABINE": 2.117381157705677, "ENBREL": 8.672808674801876, "FILGRASTIM": 4.148600935072378, "GARDASIL": 1.3729746250045218, "HUMALOG": 0.6468507109852676, "HUMIRA": 7.395190102517019, "IBRANCE": 2.278693209586436, "IMBRUVICA": 11.229011124183092, "JAKAVI": 0.9531136760905818, "JARDIANCE": 0.4246865993771586, "KEYTRUDA": 0.5120673127299383, "KISQALI": 2.7072478251412746, "LANTUS": 0.2136144750142471, "LEFLUNOMIDE": 9.092082399457526, "MEPOLIZUMAB": 0.8299067426770261, "METHOTREXATE": 0.8869022216345438, "NEXAVAR": 0.528827544214687, "NUCALA": 1.0114590477327725, "OCRELIZUMAB": 1.6636597385454122, "ORENCIA": 40.98806332739078, "PEGASYS": 0.5202207178595516, "RINVOQ": 4.402767954120173, "RITUXIMAB": 2.8542280005071445, "ROACTEMRA": 1.7338761774657794, "SHINGRIX": 0.9134045512352276, "SIMPONI": 0.4398372900255624, "SOLIRIS": 1.429930633948391, "SPIKEVAX": 0.2077745108569529, "STELARA": 0.4436397792066989, "SUTENT": 1.5771821467666782, "TOZINAMERAN": 0.6081305565319507, "VAXZEVRIA": 0.0679612826803838, "VFEND": 0.932865046718196, "XELJANZ": 2.999950839941079, "XOLAIR": 1.0802463398507576, "ZOSTAVAX": 1.0055405876588293, "null": 0.3775892209865333}