{"IBRANCE": 5.720525304362393, "OPSUMIT": 8.323526228462041, "null": 1.0507779830706734}