{"ABILIFY": 22.860830801950087, "CHAMPIX": 10.22638179235868, "COMIRNATY": 0.1204352903853262, "CYMBALTA": 2.932554856385156, "KEPPRA": 6.788737708419065, "PEGASYS": 3.646684457617973, "SUTENT": 1.5931410709706466, "null": 2.1050560329877936}