{"STALEVO": 840.9120212576136, "null": 1.5177451042929735}