{"BRIVARACETAM": 610.7360466308605, "KEPPRA": 19.223293066564263, "LACOSAMIDE": 70.69648296726015, "LEVETIRACETAM": 37.36526787412522, "VIMPAT": 47.58366789819265}