{"SUBOXONE": 170.134754859374, "null": 0.7686757609157693}