{"ATRIPLA": 2.069212464389205, "CICLOSPORIN": 2.4010761102963984, "CYMBALTA": 1.5974497688631004, "ELIQUIS": 2.14136273154322, "EVENITY": 26.831616776128005, "EVISTA": 48.499415079187166, "EXJADE": 1.635223799669648, "FORSTEO": 25.022099327775365, "HUMALOG": 2.977328031505329, "IBRANCE": 1.4435052319850508, "JARDIANCE": 1.2317167606009587, "LANTUS": 1.0945032796124816, "METHOTREXATE": 1.3863592254102035, "OPSUMIT": 1.6625106822363291, "REVATIO": 5.63731821835583, "SIMPONI": 1.1871450391058398, "SOLIRIS": 1.753228511016166, "STRIBILD": 2.0078561174450296, "SUBOXONE": 1.7269556073399073, "TRELEGY": 2.8037332454507453, "TRUVADA": 3.904356311281637, "XELJANZ": 8.05332095859515, "XTANDI": 1.1133931404518458, "null": 1.3207480353931336}