{"COMIRNATY": 1.1828184250045617, "ELIQUIS": 2.2388169361472903, "NOVOSEVEN": 96.6587143580445, "VAXZEVRIA": 1.0636642149714488}