{"JARDIANCE": 39.36406010924392, "VIAGRA": 59.62887672071078, "null": 1.008089787236376}