{"HUMALOG": 7.7613840442941395, "NOXAFIL": 121.41060628921166, "null": 3.1754837560714613}