{"HUMALOG": 25.888434204392727, "null": 2.125837686607829}