{"ABATACEPT": 0.878344664559182, "ABILIFY": 0.3844422887156405, "ADALIMUMAB": 1.5591875772637556, "AFINITOR": 0.3034437223243491, "AIMOVIG": 6.444238197451657, "APIDRA": 1.4139655208151078, "APREMILAST": 4.563710557295238, "ARANESP": 15.689481997524505, "ARAVA": 1.4105272727552345, "ARIPIPRAZOLE": 0.4147044157532225, "ATAZANAVIR": 1.677844297072591, "AUBAGIO": 0.3321712536942428, "BEVACIZUMAB": 0.90745497586911, "BIKTARVY": 0.7386441746199366, "BONVIVA": 1.8699715385855769, "BORTEZOMIB": 1.346479391873805, "BUDESONIDE": 0.2726340826986554, "BUPIVACAINE": 8.871800324173195, "BUPRENORPHINE": 1.7935821309893265, "CELLCEPT": 2.461588103665055, "CHLORHEXIDINE": 0.8926654975135928, "CIMZIA": 0.3128514612626756, "CLOPIDOGREL": 1.125985257194441, "COMIRNATY": 0.1551979041759435, "COSENTYX": 3.513675582693747, "CYMBALTA": 0.2074859444526054, "CYTARABINE": 0.8390659869924696, "DACLIZUMAB": 47.69434844439749, "DARBEPOETIN": 54.897210869561945, "DEXAMETHASONE": 0.5497542232816173, "DOXORUBICIN": 1.479284256269692, "ENBREL": 0.8007077294435616, "ENOXAPARIN": 1.6364417527559012, "EVENITY": 1.8890922397004468, "FASLODEX": 1.7136156155058158, "FENTANYL": 11.53939739315429, "FLUTICASONE": 10.585468672126982, "FORSTEO": 0.5805480783931628, "GANCICLOVIR": 1.986395058704528, "GARDASIL": 2.1604787777969023, "HIZENTRA": 0.7514012095104907, "HUMALOG": 1.9116053240205544, "HYDROCORTISONE": 1.733335767509128, "INSULIN": 0.9239319323806564, "ISENTRESS": 3.943264942882293, "JANUMET": 0.3484477280099642, "JANUVIA": 0.3132346977129826, "JARDIANCE": 0.7775486990255048, "KEPPRA": 1.330097641576556, "KEYTRUDA": 0.2251324328293777, "LACOSAMIDE": 3.531745660410877, "LANTUS": 1.0157982687689997, "LEVEMIR": 0.9090911230489634, "LEVETIRACETAM": 2.565387640515437, "MELATONIN": 3.9078151352585913, "MELPHALAN": 7.8080470551423025, "MENVEO": 1.8361495135762087, "METHOTREXATE": 0.3089120873021074, "MIDAZOLAM": 4.740597248222714, "MIRABEGRON": 8.5014818066818, "NEULASTA": 1.1073710955921496, "NEXAVAR": 0.2508310551355616, "NIMENRIX": 1.9344531698909573, "NOT": 1.340972433947841, "NOVORAPID": 0.6573853000517168, "NOXAFIL": 3.450011556572698, "OLANZAPINE": 0.4697504446354194, "ORGALUTRAN": 21.48588750191, "PEGASYS": 0.2335622690333799, "PLAVIX": 0.2940784623801608, "ROTATEQ": 1.2715422325118722, "RUCONEST": 6.665687103122151, "SAXENDA": 0.7304714574193863, "SHINGRIX": 4.31708336266103, "SIMPONI": 0.3803613957729984, "SOMAVERT": 16.851669547281585, "SPIKEVAX": 0.1822474774060249, "STELARA": 2.053890608137908, "SUBOXONE": 2.0721780577005378, "SUFENTANIL": 2.829203323601296, "SYCREST": 23.306713323462887, "TOBRAMYCIN": 3.3041985821778623, "TOZINAMERAN": 0.5372563166461046, "TREMFYA": 2.452203394120468, "TRULICITY": 1.5611877603453896, "VAXZEVRIA": 0.3603635282314383, "VIAGRA": 0.6258381046834363, "XOLAIR": 3.1794267996872017, "ZOSTAVAX": 4.049185941451907, "ZYPADHERA": 2.897577996630229, "ZYPREXA": 0.4011503802604407, "null": 1.9774977217001743}