{"BUDESONIDE": 106.06717249639952, "MELATONIN": 888.6573787653879}