{"ABATACEPT": 6.3011925495727175, "ACLASTA": 3.3919642194432917, "ACLIDINIUM": 1.687252823041063, "ADALIMUMAB": 6.237708263367304, "AFINITOR": 1.3566826532630392, "AIMOVIG": 0.4582767545439479, "ALDARA": 7.306293880697874, "ALEMTUZUMAB": 0.4395517939056629, "ALIMTA": 0.6265837589898577, "AMGEVITA": 19.847935195390995, "AMIKACIN": 1.8466465749453147, "AMINOSALICYLIC": 0.461358851418554, "ANAKINRA": 1.2061938382899575, "APIDRA": 0.3595612039990295, "APIXABAN": 0.3619954924756572, "APREMILAST": 6.197968463667811, "ARANESP": 0.2487423261190129, "ARAVA": 1.6737448744177734, "ARIXTRA": 2.6184451665575184, "ATRIPLA": 0.0297736933785267, "AUBAGIO": 0.6098129382981173, "AVASTIN": 0.4074596520563913, "AYESURBY": 114.6342502272756, "AZATHIOPRINE": 6.3859530835892695, "BASILIXIMAB": 1.7372092059926316, "BELIMUMAB": 7.592193268642691, "BENLYSTA": 3.0253871733748467, "BENRALIZUMAB": 3.1059403214309613, "BEOVU": 1.0577852873241556, "BETAFERON": 0.9551826011202024, "BEVACIZUMAB": 0.6099752286290351, "BONVIVA": 1.3337832860061725, "BUDESONIDE": 0.2406618685642946, "BUPIVACAINE": 0.624431435258497, "BUPRENORPHINE": 0.6651211277912629, "BYDUREON": 0.4619854344665015, "BYETTA": 0.1720711675460975, "CELECOXIB": 1.1839556850509416, "CELLCEPT": 0.8843605682223158, "CHAMPIX": 0.3023984116162226, "CICLOSPORIN": 1.979720386400197, "CIMZIA": 2.28495385801277, "CLOPIDOGREL": 0.2018562764433041, "COMBIVIR": 0.7703527216635246, "COMIRNATY": 0.8903717143893971, "COSENTYX": 3.5881699717705238, "COTELLIC": 1.3021347124767206, "CUBICIN": 0.7786203992493074, "CYMBALTA": 0.5797930385314447, "CYTARABINE": 0.311892549527576, "DEXAMETHASONE": 0.6924351040158563, "DOCETAXEL": 0.2293050064176684, "DULOXETINE": 0.4973939230516941, "EFAVIRENZ": 1.3956161321907596, "ELIQUIS": 0.4223394085851537, "ENBREL": 7.738638703936859, "ENOXAPARIN": 0.5668883318530497, "ENTRESTO": 0.3488982888968188, "ENTYVIO": 1.6691519416183642, "ERELZI": 7.675106652992172, "ESBRIET": 0.5099830990012013, "ETANERCEPT": 8.12717797895624, "EXFORGE": 1.18427088729483, "EXJADE": 0.509926458730939, "EYLEA": 0.8381878727202348, "FAMPYRA": 1.1870053902531743, "FASENRA": 0.7133119919208548, "FASLODEX": 0.3673205987621191, "FENTANYL": 0.2114214556379846, "FIRDAPSE": 2.059676701510875, "FORSTEO": 0.71341190019307, "FORXIGA": 0.6725298522336964, "GARDASIL": 0.8566442846435748, "HIZENTRA": 0.7770024028322046, "HUMALOG": 0.1592245787985007, "HUMAN": 0.5695526836754683, "HUMIRA": 5.166774507411562, "HYDROCORTISONE": 2.042905407538512, "IBRANCE": 0.430370058311465, "IBUPROFEN": 0.5298125669193846, "IMIQUIMOD": 13.302927383509914, "INFLIXIMAB": 1.5403482548381178, "INLYTA": 0.3708597115989254, "IRESSA": 0.4231959471093978, "JAKAVI": 1.1684471395295204, "JANUMET": 0.5276061694845274, "JANUVIA": 0.4742858383188251, "JARDIANCE": 0.8175301768342835, "KEPPRA": 0.3118181156192077, "KESIMPTA": 1.6226099652322965, "KEYTRUDA": 0.9388612549062318, "KYMRIAH": 0.5897355309285369, "LANTUS": 0.3363559199517381, "LEFLUNOMIDE": 3.3006011702371225, "LEMTRADA": 0.3984744518756569, "LEVEMIR": 0.5965063870338824, "LEVETIRACETAM": 0.7542125972043581, "LEVOFLOXACIN": 0.6651498534395284, "LYRICA": 0.617396288932147, "MEKINIST": 0.660112576143089, "MENVEO": 8.720738338297984, "MEPOLIZUMAB": 0.7903309937124703, "METFORMIN": 3.748159034537753, "METHOTREXATE": 1.8402530014201928, "MIDAZOLAM": 0.4643068891154214, "MMRVAXPRO": 1.2645485854165943, "MYCOPHENOLATE": 1.080445502924589, "NAGLAZYME": 1.0717132061662802, "NEULASTA": 0.3303212790146376, "NEXAVAR": 0.4828589121174648, "NIMENRIX": 0.6695365821868132, "NUCALA": 0.6543405897922001, "OCRELIZUMAB": 1.3495066542489964, "OFEV": 0.4069921695844223, "OMALIZUMAB": 1.703814509190663, "OPDIVO": 0.6641546503475556, "OPSUMIT": 0.3630705199017008, "OPTIMARK": 20.185831095734184, "PEGASYS": 0.1677618977794819, "PEGINTRON": 0.1420799668567724, "PEMBROLIZUMAB": 0.6467660519896753, "PLAVIX": 0.2108722590377026, "PLEGRIDY": 1.1681149226120515, "PREGABALIN": 0.6474969923954959, "REMICADE": 0.6537386087702628, "RINVOQ": 2.5734851937211123, "RITUXIMAB": 1.210045068933569, "ROACTEMRA": 1.7323297472503116, "ROTATEQ": 0.4404841263478828, "SHINGRIX": 1.3091286916199336, "SIMPONI": 2.178741267137288, "SKYRIZI": 1.3653941982335351, "SOLIRIS": 0.4508017764459788, "SPIKEVAX": 0.8218109256378183, "SPINRAZA": 0.6566449902125328, "STELARA": 1.1978831022485394, "STIVARGA": 0.5672807986697608, "SUTENT": 0.6977640993372408, "TAGRISSO": 0.5644875194399104, "TAMIFLU": 0.2088139276741665, "TASIGNA": 0.6049256635650772, "TOZINAMERAN": 2.6691978322493664, "TRACLEER": 0.6173231303668041, "TREMFYA": 0.6447950374860648, "TRULICITY": 0.2082638820175321, "TWINRIX": 0.9354960645032238, "VAXZEVRIA": 0.6680118528931182, "VFEND": 0.4586078737570344, "VOTRIENT": 0.2514278239626188, "XALKORI": 0.620681639014835, "XELJANZ": 3.0927016975040424, "XOFIGO": 0.9764128256479724, "XOLAIR": 0.9961463892942468, "XTANDI": 0.2243492904062665, "YERVOY": 0.976212132772274, "ZOSTAVAX": 1.465740054038482, "ZYCLARA": 4.790901671129223, "ZYPREXA": 0.1148156484582442, "null": 0.5712376390333633}