{"AMINOSALICYLIC": 14.16113331860664, "CYMBALTA": 2.7841462594215542, "DEXAMETHASONE": 6.050556624600754, "KALETRA": 10.272232817797898, "PEGASYS": 2.0087261054667325, "TELMISARTAN": 69.99693825383892, "null": 1.0351893029852413}