{"AFINITOR": 17.269352634420148, "CRIXIVAN": 46.29286137177991, "CYMBALTA": 4.58275815057203, "EVEROLIMUS": 55.71051236674529, "IRESSA": 21.533846927067938, "SIMPONI": 4.872223826258463, "SUTENT": 3.7793926545348615, "null": 0.8483160152276764}