{"CLOPIDOGREL": 36.49302472931458, "null": 2.1589937134569936}