{"ADENURIC": 15.479043771721944, "AVANDAMET": 100.22710915779828, "AVANDIA": 77.83761588051956, "BRILIQUE": 10.928026299029318, "CHAMPIX": 1.1462188915967515, "CLOPIDOGREL": 4.946172807737574, "COMBIVIR": 5.191448261231964, "COMIRNATY": 0.1563977605489673, "EFIENT": 30.02469311537381, "ELIQUIS": 0.4036667175159472, "HUMALOG": 0.5513210594199528, "ICLUSIG": 7.074902856258915, "INVIRASE": 31.72654167313184, "IVABRADINE": 41.09930766440105, "JARDIANCE": 0.9827464411972864, "MICARDIS": 2.4278832179268317, "NEXAVAR": 1.093667211924092, "NOT": 4.239119553640717, "PLAVIX": 8.812360712420924, "SPIKEVAX": 0.0700233241792428, "STELARA": 0.7535798836823543, "SUTENT": 0.2699650485858691, "TASIGNA": 5.9346236283024, "TICAGRELOR": 5.615154263583051, "TRELEGY": 3.222385191748701, "VAXZEVRIA": 0.1119369864236737, "ZYPREXA": 1.3462044050161337, "null": 1.1789520355651175}