{"AZILECT": 37.23206085361342, "BEOVU": 17.3774057964473, "BRINTELLIX": 2.167606164064148, "CHAMPIX": 1.739114824163544, "COMIRNATY": 1.060218847771203, "COVID19": 1.9358816286159697, "ERENUMAB": 19.81779697081929, "ESOMEPRAZOLE": 4.334321809544095, "EYLEA": 9.575116758061895, "FASLODEX": 1.881494108099248, "GARDASIL": 1.2888242931387055, "JETREA": 406.7610016231488, "TOZINAMERAN": 2.34194078334566, "VFEND": 14.82579612203931, "VIAGRA": 6.895560408642696, "VORICONAZOLE": 5.974649759405092, "XALKORI": 29.1764804164103}