{"APIDRA": 12.293329061010942, "BYDUREON": 21.185717657297623, "FASLODEX": 23.01710109648364, "HUMALOG": 5.367894386409123, "LANTUS": 11.465413385743068, "PLEGRIDY": 53.56760734289673, "TRULICITY": 23.00373230491704, "VAXZEVRIA": 0.1788107718825199, "null": 1.26826868373604}