{"SPIKEVAX": 0.8757844101682217, "null": 0.6956146435995719}