{"AMGEVITA": 1020.8310174406388, "BUPRENORPHINE": 7.228054978638736, "CHOLESTAGEL": 484.1335908908842, "COSENTYX": 3.963878381610708, "ENBREL": 9.453008515832062, "HARVONI": 14.933772300369856, "LEVOFLOXACIN": 5.184190944825141, "OPTIMARK": 5.216795573526623, "TOZINAMERAN": 1.152423995690964, "XELJANZ": 2.57610753350694, "ZOSTAVAX": 3.979053448573323, "null": 1.0703020729970498}