{"BORTEZOMIB": 690.6130652070248, "CARFILZOMIB": 656.2514909092383, "DARZALEX": 50.34665769884432, "DEXAMETHASONE": 125.20869105062272}