{"ABATACEPT": 5.995942188969836, "ABILIFY": 0.7196977934167492, "ABLAVAR": 405.2825412437928, "ADALIMUMAB": 10.369708105875926, "ADVATE": 4.186759350287434, "AIMOVIG": 0.3415897196637341, "APIDRA": 0.3583140135295462, "APREMILAST": 10.42637180714462, "APREPITANT": 17.917157806599448, "ARAVA": 1.145468513266311, "ARIPIPRAZOLE": 0.2733824566057196, "ATAZANAVIR": 0.6870432474565831, "ATRIPLA": 0.4989084080824126, "AUBAGIO": 0.2449836971304161, "AVAMYS": 0.4315124530852123, "AVANDAMET": 6.081850633851287, "AVANDIA": 12.575241793809246, "BUDESONIDE": 0.3832633461281473, "BUPRENORPHINE": 1.0670913109699045, "BYETTA": 0.8498567858944063, "CELECOXIB": 5.685786621783332, "CHAMPIX": 0.210750179313534, "CIMZIA": 0.2666480036729996, "COMIRNATY": 0.0597195951733791, "CONTRAST": 10.156612592839563, "COSENTYX": 1.555807188380876, "CYMBALTA": 0.5104417158800422, "DAPAGLIFLOZIN": 3.7572156523060087, "DEXAMETHASONE": 0.2176444860874819, "DULOXETINE": 2.0923009555916376, "ELIQUIS": 1.284473702600077, "ENBREL": 0.2764175853004904, "ENTRESTO": 0.3207019609050724, "ERELZI": 4.890504905298653, "EXFORGE": 0.9988553965533457, "EXJADE": 0.2403247445547966, "FENTANYL": 1.16422727637792, "FORSTEO": 0.5735557149708368, "FORXIGA": 0.3315340543021263, "GARDASIL": 0.7725973303022223, "HARVONI": 0.5721854199676948, "HEMLIBRA": 8.665604238362501, "HIZENTRA": 0.437476433452458, "HUMALOG": 1.015895011435443, "HUMIRA": 0.3216510531974764, "HYDROCORTISONE": 0.5738894279163885, "IBRANCE": 0.2528452115373076, "IBUPROFEN": 0.5098029720305741, "INLYTA": 0.531691496968902, "INSULIN": 4.159903566986409, "JAKAVI": 0.3776071233698878, "JANUMET": 0.3862002725382953, "JARDIANCE": 0.2137606299849098, "KALETRA": 0.4203630198405931, "KEPPRA": 0.7303296223470352, "LANTUS": 0.4181557651073291, "LATUDA": 0.449818910551353, "LEVEMIR": 0.3564101755497367, "LEVOFLOXACIN": 0.3854582393282877, "LYRICA": 1.1414373306028132, "MEPOLIZUMAB": 1.2548975866496812, "METHOTREXATE": 0.4315935018856409, "NUCALA": 0.938537492362813, "OLANZAPINE": 0.1927534798352544, "OMALIZUMAB": 0.4686360802045128, "OPTIMARK": 49.840814630562114, "PEGASYS": 0.2672366941183366, "PEGINTRON": 0.4916126474013592, "PLAVIX": 3.657837996516125, "PREGABALIN": 0.8511150566514443, "RINVOQ": 0.6410384108903524, "RITUXIMAB": 0.6886489614733525, "ROACTEMRA": 0.4582674969471528, "SHINGRIX": 0.2197682492540091, "SIMPONI": 0.6650528341489029, "SOLIRIS": 0.2574357091927956, "SPIKEVAX": 0.0818840403444253, "SPRYCEL": 0.5859002424119957, "STELARA": 0.2627711297469558, "STRIBILD": 0.6557810848330639, "SUBOXONE": 1.3640671997774907, "SUTENT": 0.2716669741182199, "TAMIFLU": 0.379200525087608, "TASIGNA": 20.57952569724656, "TOZINAMERAN": 0.2124013329442078, "TRACLEER": 0.2909376173545048, "TRULICITY": 0.4189426358621786, "TRUVADA": 0.6150038927347186, "VAXZEVRIA": 0.0642191338225979, "VIAGRA": 1.2103416892175964, "VIMPAT": 1.543396100955298, "XELJANZ": 0.3941854867084326, "XOLAIR": 0.2762752851244655, "XTANDI": 0.3451983839129185, "ZOSTAVAX": 1.7283293049626982, "ZYPREXA": 0.7718070239399901, "null": 1.885414650741764}