{"ABACAVIR": 7.609767410855049, "CASPOFUNGIN": 53.62121961048446, "CELLCEPT": 22.760208417529224, "CICLOSPORIN": 10.4268682501703, "CYTARABINE": 14.945647142137853, "TEMODAL": 55.0193527045579}