{"ARAVA": 2.830334034410101, "CELLCEPT": 45.17720101863723}