{"CELLCEPT": 7.932109869024526, "CICLOSPORIN": 5.764023370367196, "CIMZIA": 6.976463880571726, "SIMPONI": 8.583554706470188, "STELARA": 6.840133106615349}