{"FENTANYL": 6.061605785391556, "KEPPRA": 3.055436957807088, "null": 2.6693936137508825}