{"LEVOFLOXACIN": 24.851458710209272, "TOZINAMERAN": 6.738791305197456, "VAXZEVRIA": 2.1368049224706964}