{"ACLASTA": 191.3726483021597, "CINRYZE": 172.09378108364504, "ENTYVIO": 35.361104321313995, "HUMIRA": 9.52025137472416, "INFLIXIMAB": 31.750527756816943, "METHOTREXATE": 6.1303996282856295, "NAGLAZYME": 155.0225596220758, "RITUXIMAB": 15.933221914564468, "RUCONEST": 92.5799569758312, "SOLIRIS": 47.56172966933303}