{"COMIRNATY": 1.697062603765418, "COVID19": 1.8574624691481685, "VAXZEVRIA": 6.315673624353204}