{"AVANDIA": 4.333558304004541, "BUDESONIDE": 4.8402087400015725, "CELLCEPT": 2.2840334784553864, "CICLOSPORIN": 0.7608429492725424, "CLOPIDOGREL": 2.542832646766422, "COMIRNATY": 0.4849517504578114, "ELIQUIS": 1.9360101566605925, "FORSTEO": 1.1934233664430507, "GARDASIL": 3.550093183006948, "HUMALOG": 2.9590635681604693, "HYDROCORTISONE": 9.142110937224588, "ICLUSIG": 9.050060055837887, "LANTUS": 3.0126645323533814, "MIMPARA": 10.238481164956204, "PEGINTRON": 1.918830551663541, "PLAVIX": 3.7639530705298143, "SPIKEVAX": 0.1475732503773175, "SUTENT": 0.6799221245005708, "TASIGNA": 8.541266759506541, "TOZINAMERAN": 0.507950327618545, "VAXZEVRIA": 0.1930622251538491, "VIAGRA": 5.424495460314242, "ZOSTAVAX": 1.0454582909096233, "null": 1.209392445827005}