{"COMIRNATY": 13.416230219233356, "GARDASIL": 3.322719634718234, "SPIKEVAX": 2.5608776459681635, "VAXZEVRIA": 1.5357375396827433}