{"CABOMETYX": 12.83984879091715, "CIMZIA": 2.8244472843351622, "COMIRNATY": 0.0744134212686448, "ENBREL": 4.907420254631859, "JANUMET": 8.98244915146608, "KEYTRUDA": 3.888771982499427, "LONSURF": 22.33568371094168, "OPSUMIT": 9.08022539009012, "SUTENT": 1.9442020652364504, "null": 0.6986867424823829}