{"ARIPIPRAZOLE": 40.26032343992639, "STELARA": 6.920993015896301}