{"COMIRNATY": 0.3508923314915578, "null": 1.015120923233671}