{"IBRANCE": 5.772013421315129, "XELJANZ": 10.82425487424132, "null": 2.52699458851551}