{"BUDESONIDE": 5.545544177368384, "CHAMPIX": 4.025293448344396, "FENTANYL": 4.73366634236642, "MELATONIN": 46.46521269425487, "OLANZAPINE": 7.769218796565812, "PEGASYS": 1.752948477604729, "null": 3.491087589580632}