{"JARDIANCE": 5.178057238962451, "LAMIVUDINE": 32.785953755349425, "LEVOFLOXACIN": 6.325101288809947, "TOZINAMERAN": 0.6230271262684548, "null": 2.166260971022489}