{"ATRIPLA": 1.2612665094256217, "TRUVADA": 2.1221588922214827, "null": 1.5237191120286924}