{"APALUTAMIDE": 97.51335005611386, "CABAZITAXEL": 170.76217460249023, "DENOSUMAB": 13.005275668098822, "DEXAMETHASONE": 1.0392691754573211, "DOCETAXEL": 15.151697270019106, "ENZALUTAMIDE": 217.35708087756328, "ERLEADA": 83.62774384057815, "EXFORGE": 1.2611239350264047, "FORXIGA": 1.2929452039148734, "JEVTANA": 73.54458657594722, "LEUPRORELIN": 233.6534224817427, "LYNPARZA": 12.811893746207485, "NUBEQA": 166.0449101665958, "OLAPARIB": 9.581649539149394, "PLUVICTO": 100.62671114972268, "TAXOTERE": 8.12737713949123, "TESTOSTERONE": 10.009669084425653, "VIAGRA": 2.881588671329942, "XGEVA": 76.98881335539022, "XOFIGO": 246.02777608228257, "XTANDI": 236.49024028387117}