{"COMIRNATY": 1.2993412406164475, "null": 0.8229062239386857}