{"ARAVA": 1.7481747954423337, "CASPOFUNGIN": 15.579829609146616, "CELLCEPT": 2.0156356750894986, "CICLOSPORIN": 1.6009074281666882, "CIMZIA": 3.516786611990874, "COSENTYX": 3.392257456594186, "DAPTOMYCIN": 61.70225519680322, "ELIQUIS": 1.2653151495763844, "ENBREL": 3.0387715170336347, "FENTANYL": 2.8722758902854246, "HUMIRA": 6.066129117527454, "METHOTREXATE": 11.7098688324948, "PEGASYS": 2.023159462034352, "PEGINTRON": 2.976347410812122, "RINVOQ": 3.678470300077306, "ROACTEMRA": 52.76979609328048, "SIMPONI": 9.194166207051572, "STELARA": 1.7317027858824168, "XELJANZ": 3.645172554537759, "null": 1.0423046663961413}