{"AFINITOR": 6.586807731232621, "DEXAMETHASONE": 2.0582087950586083, "ESOMEPRAZOLE": 8.992006964143311, "EXJADE": 14.599246450086667, "HYCAMTIN": 39.56100020244674, "IBRANCE": 1.424074560518766, "KEYTRUDA": 1.36947981747451, "KYMRIAH": 9.225437549353147, "MEKINIST": 6.385838608670719, "PEGINTRON": 1.838399102536998, "SUTENT": 3.1245991730951266, "VFEND": 4.426889385910149, "XALKORI": 9.520158694719164, "null": 1.2679612433428051}