{"COMIRNATY": 0.2267079992276429, "ZOSTAVAX": 13.157038806318738, "null": 2.0049042733862388}