{"ELIQUIS": 3.1047072311038444, "KEPPRA": 2.1869702671416995, "TAMIFLU": 6.6192310343218805, "ZYPREXA": 2.8762673410982744, "null": 3.095984129282946}