{"COMIRNATY": 0.8977525241272523, "SPIKEVAX": 0.9997502421789208, "VAXZEVRIA": 2.094601051895581, "null": 0.1681703264445696}