{"ADCIRCA": 34.03274727586867, "ADEMPAS": 42.91335308582476, "AMBRISENTAN": 31.80249356509378, "APROVEL": 4.593692058006757, "BEDAQUILINE": 7.800259158453333, "BOSENTAN": 56.80937364260403, "BOSULIF": 15.220031608803955, "BOSUTINIB": 14.393438293893627, "BUSULFAN": 4.648918764940071, "CARFILZOMIB": 5.5852202288959525, "DACLATASVIR": 14.949931443156368, "DAKLINZA": 13.100647152090543, "ESBRIET": 2.014364389498221, "HARVONI": 2.038853115278949, "ICLUSIG": 2.6699524652904234, "ILOPROST": 133.50185266869389, "INSULIN": 2.667830054051859, "JAKAVI": 2.562257135838523, "KYPROLIS": 8.058510628485982, "LYRICA": 1.371359283541077, "MACITENTAN": 94.37490313307072, "NILOTINIB": 6.028320894887822, "NOXAFIL": 5.0337067460999245, "OFEV": 3.181696056288685, "OPSUMIT": 140.53341881036673, "PEGASYS": 1.2919086556317614, "PEGINTERFERON": 1.114550331864402, "REBETOL": 4.08549793623459, "REVATIO": 21.9022734796344, "RIBAVIRIN": 2.3689584657338605, "SILDENAFIL": 35.90049776212775, "SPRYCEL": 29.84099635259896, "TASIGNA": 1.169671982472085, "THIOTEPA": 17.042966491558634, "TRACLEER": 140.41012890439302, "UPTRAVI": 52.96220337989337}