{"IRBESARTAN": 167.3149328719622, "OPSUMIT": 43.99353773142183}