{"IRBESARTAN": 33.05367305716744, "JANUMET": 11.62897203542033, "PEGASYS": 2.546950649512058}