{"ADCIRCA": 17.367461238321393, "ADEMPAS": 15.367376900273689, "AMBRISENTAN": 23.393007946377143, "ANAKINRA": 1.3354434848071806, "AVANDAMET": 4.95285884304413, "AVANDIA": 7.998518804061009, "BEDAQUILINE": 2.5720151919328944, "BORTEZOMIB": 2.7486597628446803, "BOSENTAN": 35.76278630176294, "BOSULIF": 10.091001338829225, "BOSUTINIB": 11.502867731194586, "BUMETANIDE": 3.4243357696157606, "BUSULFAN": 6.157160189285119, "CARFILZOMIB": 7.912097822110903, "CELLCEPT": 1.432528119280125, "CUBICIN": 1.4543443655089496, "DAPAGLIFLOZIN": 4.894571905108378, "DASATINIB": 19.216775396516987, "ELIQUIS": 1.0272547945830783, "ENTRESTO": 3.667162414004477, "EPIVIR": 3.183165601144518, "ESBRIET": 4.035586343209769, "ESOMEPRAZOLE": 2.539047318102392, "EXJADE": 2.266171219091458, "GANCICLOVIR": 2.3506556572309822, "GLIVEC": 3.956278344060807, "HERCEPTIN": 1.596354844335064, "ICLUSIG": 4.181125461880895, "INVIRASE": 6.968597543299654, "IRON": 3.7427021417020616, "JAKAVI": 5.022630295535064, "KYPROLIS": 26.788262446063747, "LIXIANA": 1.8156546928390864, "MACITENTAN": 34.310280620018325, "MELPHALAN": 6.042918517704777, "MICARDIS": 1.384701836561718, "MULTAQ": 1.632452442966656, "NAGLAZYME": 12.240760215941242, "NILOTINIB": 6.39518956726823, "NPLATE": 1.350914159559944, "OFEV": 8.38786401808802, "OPSUMIT": 31.738627186307436, "PEGINTRON": 1.1783950330434692, "REBETOL": 2.5768268485475616, "REVATIO": 100.21136138757144, "RIOCIGUAT": 102.00807033669888, "SILDENAFIL": 25.67079141601149, "SOLIRIS": 1.7863842773278815, "SPRYCEL": 36.73884058237484, "SYNAGIS": 5.552956579381494, "TAGRISSO": 1.0543888352114748, "TASIGNA": 2.275815826709607, "THALIDOMIDE": 2.786863653378804, "TOBRAMYCIN": 4.374604381434981, "TRACLEER": 49.42326982649671, "TRACTOCILE": 24.30728274357121, "VIAGRA": 4.155967594779621, "ZOSTAVAX": 1.1216891605062589}