{"ABRAXANE": 23.2670822950978, "ACLIDINIUM": 9.542625971180897, "AFINITOR": 5.010748721030412, "ALIMTA": 1.3961495722791586, "AMIKACIN": 5.923889203078185, "ANORO": 2.2731693711920737, "ARAVA": 2.4991775845595097, "AVAMYS": 7.133560864907831, "AVASTIN": 1.7885541940272467, "AXITINIB": 3.930864957697491, "AZATHIOPRINE": 3.3309915556307703, "BENLYSTA": 1.044126969354095, "BENRALIZUMAB": 6.782565840003742, "BEVACIZUMAB": 1.5376870397174212, "BUDESONIDE": 8.883982298328002, "BUPRENORPHINE": 1.656718254207495, "BYETTA": 7.945015212628883, "CABOMETYX": 2.6558922215860323, "CAPECITABINE": 4.236376950585338, "CASPOFUNGIN": 6.206885209668884, "CICLOSPORIN": 3.1334319840368265, "CIMZIA": 1.324727139164747, "CLOFARABINE": 15.478337669749374, "COSENTYX": 1.1955207950244324, "CYTARABINE": 3.13730654094062, "DABRAFENIB": 6.528449299665128, "DEXAMETHASONE": 1.236945624852458, "DOCETAXEL": 2.9186407385575883, "DULOXETINE": 4.305625990809034, "ENBREL": 2.178794883435444, "ENTYVIO": 1.3332082064258617, "FASENRA": 2.1948267348719708, "FASLODEX": 2.840537043293524, "FIRDAPSE": 7.148871893842365, "FULVESTRANT": 5.03761006940257, "GEFITINIB": 6.943093835059006, "GLYCOPYRRONIUM": 16.43957354278706, "HUMIRA": 1.3839191321102688, "IBRANCE": 2.1814186579031767, "IBUPROFEN": 1.542605745605217, "INLYTA": 1.2321627488494633, "INSULIN": 2.9107527809805624, "IPILIMUMAB": 2.518144752577629, "IRESSA": 3.188748393657633, "IRINOTECAN": 3.750846947698205, "JAKAVI": 2.019512198295076, "JANUMET": 8.060156554004632, "JANUVIA": 6.848373101185476, "KEYTRUDA": 1.6663866283213626, "KISQALI": 2.3870699690185435, "MEKINIST": 2.8087882270481943, "MEPOLIZUMAB": 9.745079026609538, "METHOTREXATE": 1.9068547003603649, "MYCOPHENOLATE": 3.2598455729153497, "NEULASTA": 1.6915696385935175, "NEXAVAR": 2.852158342263045, "NOXAFIL": 4.456824297816995, "NUCALA": 6.692055826789549, "PAZOPANIB": 4.235672980853655, "PEGASYS": 1.2746266526790728, "PEMBROLIZUMAB": 1.7403233392645427, "RIBOCICLIB": 5.1817882879946335, "RINVOQ": 1.0190070162214862, "RITUXIMAB": 1.2835069946173905, "SIMPONI": 1.5188125505632497, "STELARA": 1.363641175830183, "STIVARGA": 2.998664571389495, "SUTENT": 1.6488766866073217, "TAGRISSO": 2.911086503171793, "TRELEGY": 6.805215879296961, "VORICONAZOLE": 4.282430518265219, "VOTRIENT": 4.092971664586369, "XELJANZ": 2.1888785552435923, "XOLAIR": 3.007078089172426, "ZOSTAVAX": 3.502448876018047}