{"MYCOPHENOLATE": 94.65333735805204, "VORICONAZOLE": 127.70810980739692}