{"ACTOS": 5.180907871814076, "ADCIRCA": 8.875696350087567, "ADEMPAS": 2.947910859645714, "AFINITOR": 1.217530800814558, "ALIMTA": 1.0030446061043805, "AMBRISENTAN": 2.9655075655627914, "AMIKACIN": 1.1822827709549988, "ASENAPINE": 24.880606769870635, "ATOSIBAN": 4.59165045405609, "AVAMYS": 1.4907696550623677, "AVANDAMET": 7.574492324585017, "AVANDIA": 10.488578994774208, "BEDAQUILINE": 2.3006129409785987, "BORTEZOMIB": 4.261555161053419, "BOSENTAN": 8.245813560887624, "BOSULIF": 10.766213735254556, "BRIDION": 8.729463476304744, "BRILIQUE": 1.5754340097281352, "BUMETANIDE": 1.9542445801102757, "BUPIVACAINE": 1.10284330799705, "BUPRENORPHINE": 3.3249581535122426, "BUSULFAN": 1.0511551887272252, "CARFILZOMIB": 3.3749397771239984, "CELLCEPT": 1.2940460532528737, "CLOPIDOGREL": 1.248302400200259, "CYTARABINE": 1.6031908153942604, "DAPAGLIFLOZIN": 7.93526264441068, "DARZALEX": 1.523875998122513, "DEXAMETHASONE": 1.9193140269508613, "DULOXETINE": 1.828347222886375, "ELIQUIS": 1.560490833211455, "ENOXAPARIN": 1.058261520267953, "ENTRESTO": 3.815517905871005, "EPIVIR": 1.1781507785179657, "ESBRIET": 2.9314609956326847, "ESOMEPRAZOLE": 1.7320209968271971, "EXFORGE": 1.5863583636908938, "EXJADE": 1.0187878897858618, "FENTANYL": 6.271926207127636, "FIRDAPSE": 1.916116538786418, "FORSTEO": 1.826762238033652, "GALVUS": 2.320313057417405, "GLIVEC": 1.269867042257236, "GLUCAGON": 3.5913178479123147, "HERCEPTIN": 1.6138408480081936, "HUMALOG": 2.6133288243702224, "HUMAN": 1.3208726893845275, "IBRANCE": 3.798827063230996, "ICLUSIG": 1.6132103214556532, "INLYTA": 2.052953699506774, "INSULIN": 1.254567018649269, "INTEGRILIN": 5.1737116660134, "IRESSA": 1.5966236877569544, "IVABRADINE": 33.54157949263872, "KALETRA": 1.571307443383492, "KYMRIAH": 1.634416972121017, "KYPROLIS": 7.658450059119675, "MACITENTAN": 11.238829984801614, "MEKINIST": 1.1175102856378685, "MIDAZOLAM": 2.899821349568149, "MIMPARA": 1.2375222141765705, "MIRCERA": 2.24889442074537, "MULTAQ": 3.857883659075641, "NAGLAZYME": 2.429946561172671, "NALOXONE": 8.185749641004541, "NOVOSEVEN": 2.615455282803346, "OLANZAPINE": 1.325227499906859, "OLYSIO": 1.035395017477644, "OPSUMIT": 7.698999011975298, "PRIVIGEN": 1.583553536383536, "RAPAMUNE": 1.857044433138602, "RASILEZ": 2.350026519253161, "RELVAR": 1.1575107530661826, "REVATIO": 5.422430920585623, "REVLIMID": 1.21152385180053, "SILDENAFIL": 5.90920893639601, "SOLIRIS": 2.0590294775563405, "SPIRONOLACTONE": 2.293647973691361, "SPRYCEL": 35.82384011054767, "SUTENT": 2.3141985602382054, "TAGRISSO": 2.745842825195677, "TASIGNA": 2.149676524855153, "TORISEL": 2.302689229827512, "TRACLEER": 5.329283667921053, "TRACTOCILE": 44.54722180397435, "TRELEGY": 2.6999500823917546, "VALSARTAN": 2.102944257608985, "VELTASSA": 4.81279038444067, "VFEND": 1.11170290420613, "VIRAMUNE": 2.8204866214109217, "VOTRIENT": 1.2760501546530911, "XALKORI": 4.487951841546872, "ZYPREXA": 1.0263082734882374, "null": 1.566990406458451}