{"LAMIVUDINE": 201.357822559237, "null": 1.694721013906438}