{"FENTANYL": 11.73583860964222, "GARDASIL": 1.7703965323268829, "GLUCAGON": 82.10159750584485, "NALOXONE": 95.07926110935236, "OLANZAPINE": 3.603821993950385, "null": 3.06080787153008}