{"SUBOXONE": 19.797505479845285, "VAXZEVRIA": 0.3963401701104493, "null": 1.3269724487989134}