{"ABILIFY": 0.1309478055154785, "ADALIMUMAB": 0.1085650652327167, "AERIUS": 0.5148359552004098, "AFINITOR": 0.0908391797709703, "AIMOVIG": 0.2621566256954193, "ALEMTUZUMAB": 0.2666745822393354, "ANAKINRA": 0.2452465638578061, "APIDRA": 0.0771889099156867, "APIXABAN": 0.106637532463724, "ARANESP": 0.089208554967233, "ARAVA": 0.2239206836679941, "ARIPIPRAZOLE": 0.0658879135286279, "ATRIPLA": 0.0087760832825557, "AUBAGIO": 1.022277632617504, "BENLYSTA": 0.2988717396915107, "BETAFERON": 0.4762618581589088, "BEXSERO": 0.6238378901750283, "BIKTARVY": 0.2801326359504916, "BONVIVA": 0.3725740325287685, "BRINTELLIX": 0.271083790846944, "BYDUREON": 0.4435724047577469, "BYETTA": 0.2013114670604574, "CABOMETYX": 0.1139271909493808, "CHAMPIX": 0.0574952897893696, "CICLOSPORIN": 0.0706003546948143, "CIMZIA": 0.1101322074200016, "CLOPIDOGREL": 0.1599480189220945, "COAPROVEL": 0.2215990013300698, "COMIRNATY": 3.7525070729138665, "COSENTYX": 0.4678200267496127, "CYMBALTA": 0.1133929097117724, "DEXAMETHASONE": 0.0988382717310313, "ELIQUIS": 0.2828225576977664, "ENBREL": 0.3264355116937907, "ENTRESTO": 0.1580415505671401, "ENTYVIO": 0.2523528728599064, "EPIVIR": 0.3553251085737292, "EXFORGE": 0.5231362368241562, "FAMPYRA": 0.9001077169620023, "FASENRA": 0.3304737578822838, "FASLODEX": 0.3303802646162995, "FENTANYL": 0.053319253547864, "FIRDAPSE": 0.7669580357382711, "FORSTEO": 0.7983401910372097, "FORXIGA": 0.1231427761011714, "FULVESTRANT": 0.1938378118794896, "GALVUS": 0.2914052556713249, "GARDASIL": 0.4330654967609635, "HUMALOG": 0.3702925901504601, "HUMIRA": 0.0877625448179484, "HYDROCORTISONE": 0.4136576703016105, "IBRANCE": 0.3575014605982345, "IBUPROFEN": 0.3392043686944481, "INLYTA": 0.1715015182206584, "JARDIANCE": 0.1696006287260566, "JCOVDEN": 12.35007605688596, "KEPPRA": 0.0415897387184674, "KESIMPTA": 0.8700511160353087, "KEYTRUDA": 0.0404821683780906, "LANTUS": 0.2575668144570815, "LATUDA": 0.2236535152850897, "LEMTRADA": 0.3302427543257576, "LEVOFLOXACIN": 0.1575539143803242, "LIXIANA": 0.4387240014227788, "LYRICA": 0.4231562149098588, "MEKINIST": 0.1572673778744423, "MEPOLIZUMAB": 0.0897156564776456, "METHOTREXATE": 0.1105677617903441, "MICARDIS": 0.2051032742653874, "MMRVAXPRO": 0.1250475456308108, "MODERNA": 0.2150485783672777, "MULTAQ": 0.1958928918740394, "NEXAVAR": 0.1280303548288315, "NIMENRIX": 0.4533312197205969, "NUCALA": 0.1306019657828953, "OCRELIZUMAB": 0.9040557943970348, "OFEV": 0.1134711309273159, "OMALIZUMAB": 0.3608089717397949, "OPSUMIT": 0.1208404655459618, "OPTIMARK": 0.1572487523767115, "OXYBUTYNIN": 0.7096860271953179, "PEGASYS": 0.0489550411771046, "PEGINTRON": 0.0602409154811131, "PLAVIX": 0.0738724487919694, "PLEGRIDY": 0.563674198039925, "REVATIO": 0.2258006719974136, "RINVOQ": 0.3743467404261327, "SHINGRIX": 1.3286965990481503, "SIFROL": 0.3703382660657468, "SIMPONI": 0.0791337500970842, "SOLIRIS": 0.0620446007724098, "SPIKEVAX": 4.76640872556863, "SPRYCEL": 0.1076720851241944, "STELARA": 0.2202392853562118, "SUBOXONE": 0.0558411363308334, "SUTENT": 0.3115147987103071, "TASIGNA": 0.15538729844702, "TOZINAMERAN": 1.28903322298389, "TRULICITY": 0.1717533214272564, "TWINRIX": 0.2359185017063191, "VAXZEVRIA": 3.1457519871442714, "VIAGRA": 0.2403637414074146, "VOTRIENT": 0.1066037706252615, "XELJANZ": 0.5013049426572369, "XOLAIR": 0.2397414496253338, "XTANDI": 0.243731217411077, "ZOSTAVAX": 0.1209433063809374, "ZYPADHERA": 0.3346495689016213, "null": 0.1569877434298329}