{"APIDRA": 5.10078810327346, "ARAVA": 2.578337883795712, "BENLYSTA": 9.882498156932748, "CIMZIA": 2.7372223375682108, "HIZENTRA": 7.888981930659752, "HUMIRA": 7.750100058322183, "IBRANCE": 1.6922348163965288, "LANTUS": 5.096501347730203, "SIMPONI": 23.238197067909848, "STELARA": 2.211241540140405, "SUTENT": 0.8965946082032444, "VAXZEVRIA": 0.0914228658951339, "VOTRIENT": 5.278391815847565, "XELJANZ": 7.806334022717994, "ZOSTAVAX": 2.223532267998189, "null": 1.1250831706389155}