{"COMIRNATY": 1.6030650245401687, "COVID19": 2.411832928514144, "TOZINAMERAN": 4.149864651049464}