{"ADENURIC": 2.622158722603908, "AERIUS": 1.4740889412864802, "BENLYSTA": 1.1084349313422577, "BETAFERON": 2.0246893428786588, "BEXSERO": 3.6023462519664937, "BRILIQUE": 1.064672141967949, "CANCIDAS": 1.389282949198745, "CIRCADIN": 3.895195151923355, "COTELLIC": 3.698550424992341, "CUBICIN": 1.231127015484056, "ELIQUIS": 1.4648043112746336, "ENTYVIO": 1.153383980504899, "ERLEADA": 1.7164216454756729, "ESOMEPRAZOLE": 1.82418783389752, "FLEBOGAMMA": 2.8194846157169127, "INCIVO": 1.210784579307023, "INFANRIX": 3.2695746057557087, "IRBESARTAN": 1.051892063204233, "IRON": 2.133703944706537, "KAFTRIO": 3.2696538704262386, "KESIMPTA": 1.1969859086117731, "LEMTRADA": 1.758224382420096, "LIXIANA": 2.159497208530759, "MEKINIST": 1.3478078324632865, "MMRVAXPRO": 17.88957498348627, "NEXAVAR": 1.5617785421141617, "NIMENRIX": 2.9032586403137315, "NINLARO": 1.4893365531710234, "NORVIR": 2.1732448113742127, "OCALIVA": 1.5476024289168953, "OPTIMARK": 3.5487802114495945, "PANTOPRAZOLE": 1.238915489702989, "PLEGRIDY": 1.8930717595619948, "PREVENAR": 3.7838574689351647, "ROTATEQ": 1.1360842262044326, "SHINGRIX": 2.0877453918095847, "SKYRIZI": 1.9839262089497511, "SPIKEVAX": 1.0268251329044409, "STIVARGA": 1.3288955743870456, "SUTENT": 1.5595935727889876, "TOZINAMERAN": 1.4593504517333624, "VAXZEVRIA": 1.2262113442532652, "VIRAMUNE": 2.817503696732849, "ZIAGEN": 4.197702960892846, "null": 1.5340121493075505}