{"ACTRAPHANE": 146.44913670522578, "APIDRA": 7.734987887301941, "FIASP": 420.3053508253225, "HIZENTRA": 4.495914957062828, "INSULATARD": 75.28688640571029, "LANTUS": 1.6431339188556486, "LEVEMIR": 9.254691516370343, "MIXTARD": 46.19583586412519, "MMRVAXPRO": 1.957457002966088, "NEVANAC": 251.35581652330288, "NOVORAPID": 387.9598312321807, "PROTAPHANE": 269.42646882059927, "SAXENDA": 9.349475343780858, "SIMPONI": 1.2479398493230882, "STELARA": 4.70902156774301, "TREMFYA": 11.520532976728912, "TRESIBA": 29.873395748988624, "VICTOZA": 4.150032216630228, "null": 0.6431189438361735}