{"ABACAVIR": 0.2052316138012513, "ABATACEPT": 6.234426444766801, "ABILIFY": 0.3331142102202144, "ACTOS": 4.948282474913838, "ADALIMUMAB": 8.729820800967543, "ALIMTA": 0.5874275684529364, "AMIKACIN": 1.2511962659013365, "AMINOSALICYLIC": 1.549650533097691, "ANAKINRA": 1.214065608224532, "APREMILAST": 5.634168981451155, "ARAVA": 6.35755018940815, "ARIXTRA": 3.9336780650627032, "ASPARAGINASE": 1.0371401946045842, "ATRIPLA": 0.1646745761930073, "AUBAGIO": 1.2180984792288396, "AVANDAMET": 1.5059451165366955, "AVANDIA": 1.9209611472494923, "AVASTIN": 0.8021810780892448, "AXITINIB": 2.781058730155713, "AZATHIOPRINE": 0.6562046882102295, "BARACLUDE": 3.5877528418912026, "BENLYSTA": 0.3468310583698589, "BEVACIZUMAB": 0.904911002789156, "BIKTARVY": 1.3867670845204323, "BOSULIF": 1.333314308886114, "BOTULINUM": 1.8124531987748564, "BUDESONIDE": 0.4095292662157603, "BUPRENORPHINE": 1.4022424809786564, "BUSULFAN": 1.0376385114694593, "CABOMETYX": 0.6951576432146923, "CAELYX": 1.6160313330802951, "CANCIDAS": 4.526709125891083, "CAPECITABINE": 2.112903462920692, "CASPOFUNGIN": 1.8144461330726904, "CELLCEPT": 0.5972930753366654, "CERTOLIZUMAB": 10.907271545275607, "CICLOSPORIN": 1.0286977766107246, "CIMZIA": 0.9935363210830372, "CLOPIDOGREL": 1.2128702998796117, "COMBIVIR": 0.6214569995222885, "COMIRNATY": 0.0388246340459001, "COSENTYX": 1.9214097489114537, "COTELLIC": 1.6690494557369393, "CUBICIN": 1.2058275060843904, "CYMBALTA": 0.5935036168062144, "CYTARABINE": 1.4080381757243132, "DAPAGLIFLOZIN": 4.863044443465836, "DEXAMETHASONE": 1.114385432440952, "DOCETAXEL": 1.703909401609809, "DOLUTEGRAVIR": 3.84765355622666, "DOXORUBICIN": 1.854547568785209, "EFAVIRENZ": 2.867689370019945, "ELIQUIS": 0.2717551125042082, "EMEND": 3.6608881760268086, "ENBREL": 0.3280194855837214, "ENOXAPARIN": 4.5245483211028885, "ENTRESTO": 0.5318061671133139, "ESOMEPRAZOLE": 1.8810748225537763, "EXFORGE": 0.7009058484442369, "EXJADE": 0.8296768240019822, "FASLODEX": 0.6707011307574883, "FEBUXOSTAT": 5.979765053244534, "FENTANYL": 0.3860399364149131, "FULVESTRANT": 1.251668588371854, "FYCOMPA": 3.229319690224901, "GEFITINIB": 5.327021095731904, "GLIBENCLAMIDE": 2.981297510437962, "HARVONI": 0.6789536147551714, "HERCEPTIN": 1.044708118625108, "HUMALOG": 0.2553075934477762, "HUMIRA": 0.3445582140348415, "HYDROCORTISONE": 0.8439548190840878, "IBRANCE": 0.6794538500425045, "IBUPROFEN": 3.157679125370897, "IRESSA": 1.5259568119454698, "ISENTRESS": 2.1311628834083733, "JANUMET": 0.6942282698863446, "JANUVIA": 0.2450270334269179, "JARDIANCE": 0.3544687936132185, "KALETRA": 1.652527047939384, "KEPPRA": 1.2916402728648189, "KEYTRUDA": 0.6670262943542842, "KINERET": 21.972363966381543, "KISQALI": 0.8871962425480183, "LAMIVUDINE": 5.951574222691468, "LANTUS": 0.0792742879067508, "LEVETIRACETAM": 1.620109984293745, "LEVOFLOXACIN": 3.2588790244893646, "LONSURF": 0.8617523422359791, "LOPINAVIR": 5.150873041398871, "METHOTREXATE": 1.5423847787036002, "MULTAQ": 3.457507176451214, "MYCOPHENOLATE": 1.144477494357388, "NEXAVAR": 0.8466073444387184, "NORVIR": 1.2811493954148827, "NOXAFIL": 5.327940108793181, "OFEV": 0.5586692143629625, "OLANZAPINE": 1.6587719309997364, "OPDIVO": 0.4155344225697119, "PACLITAXEL": 3.0279507347302164, "PANTOPRAZOLE": 1.2033331318748757, "PAZOPANIB": 3.2495188569297917, "PEGASYS": 0.3920002957410139, "PEMBROLIZUMAB": 1.2522586267093, "PEMETREXED": 2.278333507171818, "PLAVIX": 0.5316896230915049, "REBIF": 8.366328612052788, "REMICADE": 1.112038408762147, "RIBAVIRIN": 1.5706015332744443, "RIBOCICLIB": 2.180673050781036, "RITUXIMAB": 1.703246879740631, "SIRTURO": 12.052242875590746, "SPIKEVAX": 0.0400281541112972, "STELARA": 0.1471216034381026, "STIVARGA": 2.698425874431802, "STOCRIN": 11.968814558743084, "SUBOXONE": 0.4214563003741424, "SUTENT": 0.6395585704018053, "TAGRISSO": 0.7891823040821725, "TAMIFLU": 0.9046902319595276, "TASIGNA": 0.7254042732110889, "TEMODAL": 2.0615874713278037, "TEMOZOLOMIDE": 2.825557141379093, "TICAGRELOR": 1.3725366759575208, "TIGECYCLINE": 10.415109052940736, "TOZINAMERAN": 0.1505006717568783, "TRACLEER": 1.143704399010068, "TRUVADA": 0.2571533917706043, "VAXZEVRIA": 0.0319222731715615, "VFEND": 5.682750917640966, "VORICONAZOLE": 14.16604469093819, "VOTRIENT": 1.7976308245629615, "XALKORI": 2.6201608926682707, "XELJANZ": 0.6146119639176749, "XELODA": 2.1875435848493927, "ZYPREXA": 1.0510724836929486, "null": 1.5639909224857278}