{"APREPITANT": 58.52446894248711, "CLOPIDOGREL": 3.09817105176537, "JANUMET": 3.118893004302316, "ROTATEQ": 47.10181395724627, "SAXENDA": 5.1606517877427525, "SUTENT": 1.632877096413977, "TRULICITY": 5.142525928562297, "VOTRIENT": 2.9108483682325774, "XTANDI": 2.222294789879967, "null": 2.177306174766448}