{"ALIMTA": 7.515945786741905, "AUBAGIO": 2.928485174599576, "BEVACIZUMAB": 6.659046596737889, "CELLCEPT": 3.391513991292391, "CIMZIA": 2.7853411413752327, "COMIRNATY": 0.0724457365579387, "DABRAFENIB": 25.76589602633331, "DOCETAXEL": 14.32010390380113, "ELIQUIS": 0.8882128939704915, "FORSTEO": 2.414260537036764, "GEFITINIB": 47.32440281927434, "LUMYKRAS": 247.78417504984668, "MEKINIST": 20.58901489986512, "METHOTREXATE": 3.4559511212375784, "OLYSIO": 28.043911661689865, "PEMBROLIZUMAB": 8.449394920990414, "PEMETREXED": 86.98840776426681, "ROACTEMRA": 9.562035404477918, "SIMPONI": 6.313266472185103, "SOTORASIB": 136.47393837646254, "STELARA": 7.667473539769269, "XALKORI": 44.00791185422814, "XOLAIR": 5.475644854129506, "null": 0.4021035891115588}