{"IRESSA": 39.052140692189056, "KEYTRUDA": 6.749178632115048, "null": 1.0654141827020782}