{"ACLIDINIUM": 1409.8429305547263, "COMIRNATY": 0.5153962223293972, "MEPOLIZUMAB": 45.419413586157255, "null": 0.3738103275227373}