{"INTELENCE": 392.0162968566276, "TRELEGY": 43.80134819390682, "null": 1.7783859947453604}