{"TOVIAZ": 467.9031164856961, "null": 2.055622079171876}