{"ABATACEPT": 5.856262404865904, "ACLIDINIUM": 13.193316309498613, "ALEMTUZUMAB": 3.144984331877096, "AMINOSALICYLIC": 1.2595671197346046, "ANORO": 3.074412450169052, "ARAVA": 6.309106340480904, "ASPARAGINASE": 1.3746166076315294, "AVAMYS": 1.3798239221843027, "BENLYSTA": 1.879719468877224, "BRIDION": 2.1232046876738657, "BUSULFAN": 2.18439540244822, "CHLORHEXIDINE": 1.4893496646737887, "CICLOSPORIN": 1.226348500588579, "CIMZIA": 1.6588972031764588, "COMBIVIR": 1.8176472749533477, "DARZALEX": 2.398370254602616, "DUAKLIR": 37.45509240286375, "ERENUMAB": 6.717266146899371, "ESBRIET": 3.012641738759477, "FASENRA": 2.146611505602336, "FENTANYL": 1.598037217953141, "FORSTEO": 1.5174550816691152, "GLYCOPYRRONIUM": 4.817130224566473, "HIZENTRA": 1.687956295105067, "HYDROCORTISONE": 4.951970720157633, "IBUPROFEN": 1.0289048435730823, "JANUMET": 1.0195156643505967, "KALETRA": 1.5751613698964275, "KYMRIAH": 1.3881511244244624, "MEPOLIZUMAB": 4.641953314301232, "MIDAZOLAM": 2.538912377895171, "MULTAQ": 1.1710178924557386, "NAGLAZYME": 10.744914177809369, "NOT": 1.1383463640027922, "NUCALA": 2.870849392494544, "OFEV": 2.173575047090299, "OMALIZUMAB": 3.536565114041612, "OPSUMIT": 1.80183101385838, "ORKAMBI": 3.1851075493451675, "PEGINTERFERON": 1.0160456071946615, "PEGINTRON": 1.25464018506442, "RELVAR": 3.514729056504451, "REMDESIVIR": 5.026750708682881, "REVATIO": 1.65943285335186, "SIMPONI": 1.425723365655465, "SPINRAZA": 19.68683494139902, "SYNAGIS": 10.79803298265356, "TOBRAMYCIN": 5.513658245695871, "TRACLEER": 1.4455776955762214, "TRELEGY": 2.1570514190578893, "TREMFYA": 1.1906126990222208, "VEKLURY": 6.433615956628006, "XELJANZ": 1.1614393050664318, "XOLAIR": 3.409257585453896, "null": 1.1792825095049548}