{"ADEMPAS": 2.6671319913359435, "BRINTELLIX": 2.37121056785923, "BYETTA": 1.0927545587639726, "CHAMPIX": 2.1300898234943406, "CLOPIDOGREL": 1.223644008654588, "ESBRIET": 1.242230246574752, "FORSTEO": 1.5167313658010793, "GONALF": 6.385225455519896, "IBRANCE": 1.3353120483981775, "IBUPROFEN": 3.0653927796386777, "IRINOTECAN": 1.433027809070353, "JANUMET": 1.4879270934037765, "NIMENRIX": 1.174361549707677, "OFEV": 1.0348987187175105, "OPSUMIT": 1.0237914067015763, "PEGASYS": 1.2205288854692526, "PEGINTRON": 1.0039086556127643, "PRIVIGEN": 1.0823402662792505, "ROTATEQ": 2.35156960741533, "SUTENT": 2.907338384071568, "TAMIFLU": 1.326101256890914, "TRELEGY": 2.398514662604955, "TRULICITY": 2.473882452579214, "VICTOZA": 2.2573875374910592, "VIMPAT": 1.1252202810631002, "VOTRIENT": 1.7765678829408376, "XELODA": 2.153909571237612, "XTANDI": 1.406297639558207, "null": 1.893602416735258}