{"ADALIMUMAB": 0.0870570598281311, "ALEMTUZUMAB": 22.882486309700685, "AMIKACIN": 3.1734161064888395, "ARAVA": 0.2300878858106322, "ASPARAGINASE": 10.253602836845584, "AUBAGIO": 12.870535835286068, "AVASTIN": 1.4501397532047575, "AZATHIOPRINE": 4.6404939428073, "BASILIXIMAB": 6.699503461802639, "BENLYSTA": 2.593712939407104, "BETAFERON": 3.0272881448863496, "BEVACIZUMAB": 1.7555674698748485, "BORTEZOMIB": 6.087349356498266, "BUSULFAN": 2.970720101187069, "CARFILZOMIB": 6.261356570111651, "CARMUSTINE": 7.681563915256989, "CELLCEPT": 5.8890376314022514, "CICLOSPORIN": 2.706917050375426, "CLADRIBINE": 68.60171828001596, "CLOFARABINE": 23.736809040512, "COMIRNATY": 0.2037582448090133, "COSENTYX": 0.3739796710730349, "COTELLIC": 3.783710496363629, "CYTARABINE": 2.077239725416044, "DARZALEX": 11.564370618507894, "DEXAMETHASONE": 7.659432708270032, "DOCETAXEL": 2.916998146469159, "DOXORUBICIN": 4.208275759679525, "EFAVIRENZ": 3.9351336551695297, "FAMPYRA": 8.918996018105638, "FASENRA": 1.1462436236756883, "FUZEON": 42.21135955493028, "GANCICLOVIR": 3.5224167646458038, "GAZYVARO": 10.1813265001177, "HALAVEN": 4.667670654744531, "IBRANCE": 0.3891932266620364, "INCIVO": 2.871220037072409, "IRBESARTAN": 9.354812321814732, "IRINOTECAN": 2.220622961922506, "JAKAVI": 3.1364570351249177, "KALETRA": 2.693883248128295, "KEPPRA": 1.0404795013853807, "KESIMPTA": 9.54347259262302, "KEYTRUDA": 0.6234388965814774, "KYMRIAH": 2.6902697229658705, "LEMTRADA": 28.234542375342723, "LEVETIRACETAM": 1.445608065313627, "LEVOFLOXACIN": 0.5473566054525797, "LUTATHERA": 30.395794333192743, "MABCAMPATH": 28.46581378946015, "MABTHERA": 8.472184485878547, "MAVENCLAD": 244.83948294025197, "MERCAPTOPURINE": 6.784266608939834, "METHOTREXATE": 5.686541626353795, "MYCOPHENOLATE": 4.9875458444564815, "NEXAVAR": 0.895047397172354, "OLANZAPINE": 0.6737314532004517, "OLAPARIB": 14.286898213966388, "OLYSIO": 4.572777251010968, "PANTOPRAZOLE": 2.175307964882341, "PEGASYS": 1.0647979129969094, "PEGINTERFERON": 3.106132958839261, "PEMBROLIZUMAB": 1.4983915637940208, "PLEGRIDY": 11.68766181261934, "POTELIGEO": 62.31663035119141, "PRIVIGEN": 1.3080776995742502, "RIBAVIRIN": 3.032454403605515, "RINVOQ": 3.700926823491523, "RITUXIMAB": 5.873828237726312, "ROACTEMRA": 3.87687009293732, "RUXOLITINIB": 4.17910572908198, "SPIKEVAX": 0.0965728375019571, "STELARA": 1.197689523306808, "STIVARGA": 1.6492357386854457, "SUTENT": 0.775768019672356, "TEMODAL": 16.674801654465757, "TEMOZOLOMIDE": 66.75238665159297, "TISAGENLECLEUCEL": 75.03930993327171, "TOZINAMERAN": 0.0744527946257713, "TREMFYA": 2.043584170517762, "TRUVADA": 0.1808566626318994, "VAXZEVRIA": 0.094329062705632, "XELJANZ": 1.2106674763679146, "XOLAIR": 0.5307519135581228, "ZELBORAF": 2.933488122200715, "ZERBAXA": 343.82570308638475, "ZYPREXA": 1.332036741665106, "null": 0.7272506065718902}