{"ARAVA": 2.098789847042928, "COMIRNATY": 0.150414146837319, "EXJADE": 4.332810753745315, "EYLEA": 14.333059867877385, "HUMALOG": 2.8347238038919294, "SILDENAFIL": 17.725295668340177, "VAXZEVRIA": 0.156326647368811, "null": 1.6262141149113092}