{"ADCIRCA": 103.74743064531977, "NEXAVAR": 22.06095574041033, "STIVARGA": 16.280993968272302}