{"ABILIFY": 2.330241846867506, "ABIRATERONE": 27.94208360278053, "ACTOS": 2.3574396541673592, "ACTRAPID": 1.222535869209162, "ADENURIC": 5.0221998599265705, "AERIUS": 4.131883655065865, "ALLI": 17.955012444715173, "APROVEL": 3.720166999893921, "ARIPIPRAZOLE": 1.2984870143686706, "ATAZANAVIR": 1.400315100994585, "AVONEX": 3.440910591764494, "BARACLUDE": 1.25802137483908, "BENZODIAZEPINE": 7.114819133205719, "BRAFTOVI": 1.965340398575522, "BRILIQUE": 4.015422845178487, "BUPRENORPHINE": 1.182465572655162, "CANCIDAS": 1.1405029075635182, "CICLOSPORIN": 3.356471362435037, "COAPROVEL": 2.545874650105217, "COMBIVIR": 1.3689638220536138, "COMTAN": 5.59982229076503, "COMTESS": 10.68367494008711, "COTELLIC": 5.010526842130283, "CRIXIVAN": 1.7203077304974577, "CUBICIN": 29.34515103572772, "DABRAFENIB": 2.4133314712281444, "DACLATASVIR": 2.1838001674814382, "DAPTOMYCIN": 9.308087919250143, "DESCOVY": 1.833067745863858, "DULOXETINE": 2.137670244165941, "EBIXA": 1.868713641994694, "EMTRICITABINE": 1.792111931505044, "ENTACAPONE": 3.907979611635122, "ENTECAVIR": 3.788695308583685, "ESOMEPRAZOLE": 7.04782341843211, "EXVIERA": 1.8247668453879329, "FEBUXOSTAT": 13.469588248387131, "FENTANYL": 2.507538097464725, "GENVOYA": 2.3981420925930146, "GLUCAGON": 7.381719612016032, "H2": 216.35069088426985, "HARVONI": 1.1658342067166805, "HEPSERA": 1.2411776748030043, "HYDROCORTISONE": 1.6708639241383751, "IBUPROFEN": 1.1462762600304142, "INVEGA": 2.0660382432029314, "INVIRASE": 3.908097216322319, "INVOKANA": 1.0395231314603586, "IPILIMUMAB": 1.1710384373800304, "IRBESARTAN": 3.0272445906373364, "ISENTRESS": 5.519433782463867, "JANUVIA": 2.0986702847123646, "KALETRA": 2.731748008480644, "KEPPRA": 1.561069978724518, "KEYTRUDA": 1.1064127793062155, "LATUDA": 1.0835518134969415, "LEVETIRACETAM": 3.298785042958482, "LEVOFLOXACIN": 2.5545417796052305, "LOPINAVIR": 3.0968893244153524, "LYRICA": 2.883749696193728, "MANNITOL": 3.344413496146685, "MEKINIST": 5.105861713078274, "METFORMIN": 2.844466851094132, "MICARDIS": 5.05372756229684, "MIDAZOLAM": 3.750315903647772, "NORVIR": 3.186967632131719, "NOT": 1.7220301290421312, "NOVONORM": 3.2965332850104714, "NOXAFIL": 2.626002675550662, "OCALIVA": 1.438552848832064, "OLANZAPINE": 4.960702451954989, "OPDIVO": 1.546611642837582, "ORKAMBI": 1.5280506567034613, "OSELTAMIVIR": 2.967152912319696, "PAZOPANIB": 1.0063329705865474, "PEGINTRON": 1.438044181885073, "PLAVIX": 1.1776204553565677, "POSACONAZOLE": 4.701720694925154, "PREGABALIN": 3.397886671031312, "PROPRANOLOL": 2.1042276538279827, "RANEXA": 3.551616840388013, "RANOLAZINE": 4.685660491757384, "REYATAZ": 1.7496726398784666, "RISPERIDONE": 2.862704163174849, "RIVAROXABAN": 2.330031726648471, "SIFROL": 2.720041660178831, "SOVALDI": 1.2478141442424062, "STALEVO": 2.870390291627024, "SUFENTANIL": 1.127654624196125, "SYCREST": 7.34031382418971, "TAMIFLU": 3.450854041752684, "TELMISARTAN": 2.479783272090896, "TESTOSTERONE": 1.685232622420703, "TICAGRELOR": 12.100416845817044, "TIVICAY": 1.4099638075115313, "TRABECTEDIN": 36.30981724335528, "TRIUMEQ": 2.276912589685794, "VFEND": 3.031479370740858, "VILDAGLIPTIN": 3.732917095042711, "VIMPAT": 1.1478598294588809, "VIREAD": 1.133650374579738, "VORICONAZOLE": 2.861615606029979, "XEPLION": 11.90145791408296, "YONDELIS": 49.58194982393093, "ZYPREXA": 6.191222633861633, "ZYTIGA": 11.56432057170765, "null": 3.246701802077788}