{"VOTRIENT": 48.498195511699386, "null": 1.248888307616718}