{"ACTRAPID": 6.7637408373775605, "ARIPIPRAZOLE": 5.055686036140761, "AUBAGIO": 2.7405188461138046, "BENLYSTA": 1.123235290088684, "CIMZIA": 1.405476611780586, "COMIRNATY": 4.549785725458658, "FASENRA": 1.6403743508867126, "HIZENTRA": 1.084456797256267, "HUMIRA": 1.3615127290174904, "ICLUSIG": 2.3584602267752177, "JCOVDEN": 26.0661657894208, "KAFTRIO": 3.046375783943583, "KESIMPTA": 5.556937183258048, "LEMTRADA": 1.798579567801311, "METFORMIN": 3.699339718112823, "NUCALA": 1.1569780324881822, "PANTOPRAZOLE": 1.19145233961555, "PLEGRIDY": 2.346664966158821, "RINVOQ": 1.2880963861433743, "RITUXIMAB": 1.6640874715895864, "ROACTEMRA": 1.2263667464887256, "SEMAGLUTIDE": 12.460136442818133, "SOLIRIS": 4.838366183420367, "SPIKEVAX": 2.915732353420042, "SPINRAZA": 4.789618612811015, "STELARA": 1.3526482897336345, "SYNAGIS": 1.6186155744305106, "TELMISARTAN": 3.7698750474433584, "TOZINAMERAN": 2.1600787663012286, "TREMFYA": 2.4737381089235084, "VAXZEVRIA": 4.204660628264038, "VEKLURY": 15.97268192033812}