{"CHAMPIX": 1.0993505799706795, "CLOPIDOGREL": 1.0222416194887876, "COSENTYX": 5.547707903406603, "ELIQUIS": 2.570183969435943, "EUCREAS": 14.68221026310497, "FENTANYL": 2.553297347308721, "HEXYON": 248.62180176241336, "HUMALOG": 1.4833492888462203, "IBRANCE": 2.134318822522298, "INFANRIX": 19.85438928934217, "MMRVAXPRO": 28.134086092751165, "NUCALA": 5.729787806531688, "OMALIZUMAB": 11.26370358883795, "PEGINTRON": 1.4287912117385912, "PREVENAR": 19.639214333628622, "SHINGRIX": 1.489855972726689, "SUTENT": 1.0060637387735984, "XELJANZ": 1.763862381672022, "XOLAIR": 4.281244513369621}