{"COSENTYX": 21.611715625301198, "ELIQUIS": 2.9486444982725044, "ZOSTAVAX": 60.672912563595176}