{"BUPRENORPHINE": 45.783319740548585, "null": 1.9276101420341336}