{"KEPPRA": 56.35878721917613, "PANTOPRAZOLE": 147.12300079486812}