{"ADENURIC": 2.8412808358131, "APIDRA": 1.1080963548283516, "AUBAGIO": 4.235154490814195, "BETAFERON": 2.8814928679209904, "BUPIVACAINE": 2.0445972817076647, "COMBIVIR": 1.2414436341198405, "COMIRNATY": 2.0476264854854485, "CYMBALTA": 23.245802368493333, "FAMPYRA": 3.2550162012007764, "FENTANYL": 1.1854531062679976, "GARDASIL": 5.816793233418414, "KESIMPTA": 3.839782968214692, "LEMTRADA": 1.976873055239337, "MAVENCLAD": 2.6691916818738584, "PLEGRIDY": 1.7024178721551415, "RASILEZ": 1.678252585974623, "SHINGRIX": 1.241802603010055, "SPINRAZA": 1.1425940785234052, "TWINRIX": 6.242004318535405, "VAXZEVRIA": 2.476252389051451, "XELODA": 2.5989980533656034}