{"AVAMYS": 57.05568389839017, "null": 1.242880835418436}