{"BUDESONIDE": 6.395338562829599, "CICLOSPORIN": 7.197126617589531, "CUBICIN": 36.14716161049614, "null": 1.3502238822492725}