{"ABILIFY": 3.057834389864757, "AIMOVIG": 1.450928220484465, "ARIPIPRAZOLE": 8.620531324107283, "AZILECT": 11.671185138329973, "BRINTELLIX": 17.840530724195492, "BUPRENORPHINE": 3.970031472505516, "CANNABIDIOL": 6.00236011520579, "CARBIDOPA": 4.394180012137349, "CELECOXIB": 3.2729065572249314, "COMTAN": 3.4868355968211087, "CYMBALTA": 18.65622994284165, "DULOXETINE": 31.358569084377606, "ESOMEPRAZOLE": 34.30555816168346, "FENTANYL": 10.94243491644446, "IBUPROFEN": 3.994458242259347, "LACOSAMIDE": 1.4082403946261923, "LATUDA": 2.6108654168673247, "LURASIDONE": 34.98809190421349, "LYRICA": 1.0612873470379751, "MELATONIN": 1.943810206556932, "METHYLTHIONINIUM": 224.85939299049392, "MIDAZOLAM": 2.819100199761688, "NOT": 3.847451254053208, "OLANZAPINE": 8.54553092411087, "PANTOPRAZOLE": 1.060279760250621, "PREGABALIN": 1.0017420983998, "RISPERIDONE": 8.687994599418479, "STALEVO": 2.6394945306584607, "SUBOXONE": 1.1290869639550516, "VALDOXAN": 16.484636612791757, "VORTIOXETINE": 31.178105101448192, "ZYPREXA": 3.1322252258774474, "null": 4.175173704204188}