{"BINIMETINIB": 313.3136554751918, "BRAFTOVI": 1164.8285590885182, "COTELLIC": 107.21847583932563, "EYLEA": 44.76182689470113, "MEKINIST": 37.03445642689844}