{"BRAFTOVI": 1040.8470898482908, "COTELLIC": 409.36206245802754}