{"AMINOSALICYLIC": 12.982161620973324, "COMIRNATY": 0.1496427892135316, "FENTANYL": 4.973503066904578, "KEPPRA": 3.8917112871652857, "MELPHALAN": 54.39845061524957, "PEGINTRON": 3.074499234801986, "RELVAR": 78.1304303029806, "SPINRAZA": 40.26448965100187, "null": 0.771647768538743}