{"ABILIFY": 53.201182762049015, "ARIPIPRAZOLE": 10.466426764176166, "AUBAGIO": 2.360359871291432, "BRINTELLIX": 28.57218725136006, "COAPROVEL": 3.476057189132695, "CYMBALTA": 2.575726776579052, "DULOXETINE": 5.6430888393973415, "LEVETIRACETAM": 1.6105730379191718, "OLANZAPINE": 2.7635160233447804, "VIAGRA": 2.252570829932949, "VORTIOXETINE": 41.61842060244262, "ZYPREXA": 3.001530121166997, "null": 4.219860469532605}