{"ABACAVIR": 7.782808416034403, "ALEMTUZUMAB": 18.80294904643249, "CELLCEPT": 7.470317039049253, "CIMZIA": 1.8080259674836767, "COMIRNATY": 0.4542040581877848, "GARDASIL": 3.2392127816267102, "INTEGRILIN": 96.46591368346768, "PEGASYS": 2.343774189009945, "SPIKEVAX": 0.355831123149486, "TOZINAMERAN": 0.8546440377724172, "VAXZEVRIA": 0.3243860414086612, "null": 0.7501101395735622}