{"ADENURIC": 11.700086132993825, "APREMILAST": 6.352401593648557, "ARIXTRA": 55.90311496897804, "AVASTIN": 2.363712040246158, "BASILIXIMAB": 6.822520705231788, "BEDAQUILINE": 2.864585034751503, "BRILIQUE": 13.528784758742788, "BUDESONIDE": 2.088468596141406, "BUSULFAN": 3.6374516851319503, "CELLCEPT": 1.2537745117306431, "CLOPIDOGREL": 15.448649536824144, "DEXAMETHASONE": 1.0046861883474305, "EFIENT": 34.962023022569696, "ELIQUIS": 11.31341028150465, "ENOXAPARIN": 23.631444096834187, "IBUPROFEN": 2.2720273099398463, "LIXIANA": 10.4689188616605, "MACITENTAN": 19.20432157929326, "NEXAVAR": 1.4957305916215144, "NOVOSEVEN": 48.33520035500083, "PANTOPRAZOLE": 2.5752072038580494, "PLAVIX": 19.310729220045054, "PRADAXA": 27.35712337530486, "PRASUGREL": 35.73287990223736, "PRAXBIND": 42.25465395635633, "SOLIRIS": 1.218079524064312, "SUFENTANIL": 4.612095962920212, "TICAGRELOR": 8.554998460301464, "XARELTO": 20.1780348326518, "null": 1.8156074904832948}