{"CIMZIA": 2.237641744302947, "COMBIVIR": 15.92037670770376, "COMIRNATY": 0.9180046341015268, "GARDASIL": 3.5810030082947564, "KEPPRA": 2.200371953678508, "SPIKEVAX": 0.2928639383900503, "TAMIFLU": 5.87576722310144, "TOZINAMERAN": 0.7501383697557586, "VAXZEVRIA": 0.1128302094394068, "null": 1.7218048219264046}