{"ABACAVIR": 6.40049620029478, "AMIKACIN": 45.750479287930375, "ATAZANAVIR": 32.049539420148186, "CELLCEPT": 7.596887484437276, "CICLOSPORIN": 7.700720085272615, "DESCOVY": 59.78808350513631, "ISENTRESS": 22.62733494897861, "JAKAVI": 13.563233624924422, "METHOTREXATE": 5.047644442187632, "SIMPONI": 9.346436989640852, "STELARA": 3.319029795260676}