{"ETANERCEPT": 134.3409973507636, "JARDIANCE": 6.726184593374055, "LATUDA": 20.2521963370098, "SIMPONI": 9.652839627506966, "STELARA": 7.683961622481625, "ZOSTAVAX": 5.551547721708837, "null": 0.7923680100611015}