{"ABRAXANE": 2.1930768722299785, "ACTOS": 1.9333144633384247, "AFINITOR": 1.6583731813383864, "ALDARA": 3.323494639758008, "ANAKINRA": 1.65398432699881, "AUBAGIO": 1.3391291162050596, "AVAMYS": 1.8569346350998075, "AXITINIB": 2.0561812031397326, "AZATHIOPRINE": 1.101247180606464, "BENLYSTA": 3.2938905583168467, "BOSULIF": 1.6990309717199017, "BRAFTOVI": 2.0491935620544086, "CABOMETYX": 2.2747540871832346, "CAELYX": 1.0676704688280292, "CICLOSPORIN": 1.4432141363195254, "COAPROVEL": 1.5907907568908408, "COMIRNATY": 1.189741962785465, "CONTRAST": 6.911590898476638, "COSENTYX": 3.736584258574296, "COTELLIC": 1.9926127124448867, "ELIQUIS": 1.2029242592542224, "EMPAGLIFLOZIN": 5.47350059612092, "ENTYVIO": 1.1276631486612598, "ERBITUX": 2.270291866888404, "ERLEADA": 3.0769161763195068, "FIASP": 1.6453920665862647, "GARDASIL": 1.1980200298910364, "HUMIRA": 1.2246454654706214, "IBRANCE": 1.0215219557655515, "ICLUSIG": 1.6248276611781904, "INCIVO": 1.8615020316772013, "INLYTA": 1.0227191080700877, "IPILIMUMAB": 1.039235746664577, "IRESSA": 6.348554775618841, "JARDIANCE": 1.1870658774065943, "KEYTRUDA": 3.933132847427425, "MEKINIST": 1.6091769451459057, "MELATONIN": 2.2774617726156228, "MEPOLIZUMAB": 1.7016363388346232, "NEXAVAR": 1.0490590729122424, "OPDIVO": 7.958009716743746, "OPTIMARK": 10.175293435584846, "PANITUMUMAB": 12.844063465430075, "PANTOPRAZOLE": 1.9300238109070655, "PEGASYS": 1.4583173240412317, "PEGINTERFERON": 1.0981065933874432, "PEGINTRON": 2.459574525065867, "RINVOQ": 4.212365609405509, "ROACTEMRA": 1.4584041019215503, "SKYRIZI": 2.893564877162633, "SPIKEVAX": 1.631816588055039, "SPRYCEL": 1.275610602506021, "STELARA": 1.3576732647077911, "STIVARGA": 2.6989420433026377, "SUTENT": 2.813063745046134, "TAGRISSO": 5.413889254239975, "TREMFYA": 2.0899028626370044, "VAXZEVRIA": 1.9659735330369303, "VECTIBIX": 32.60552939365841, "VFEND": 1.1188723882269211, "VORICONAZOLE": 3.142508081839344, "XELJANZ": 1.6306881096779786, "XOLAIR": 1.1035977900750968, "ZELBORAF": 2.3144270772876645}