{"BEOVU": 33.85487800279317, "COMIRNATY": 0.4135037748242318, "EYLEA": 74.87729792815857, "JETREA": 562.3379355361022, "LANTUS": 1.489577352339856, "SPIKEVAX": 0.3552471644419558, "TOZINAMERAN": 2.2822765888010004, "VAXZEVRIA": 0.7737322345987955, "VIAGRA": 5.967008577651318, "null": 0.914070605654044}