{"CICLOSPORIN": 1.0300286378267969, "CONTRAST": 237.54789074649744, "COSENTYX": 2.362568881825132, "NEXAVAR": 3.13637128543387, "OPTIMARK": 432.90689983110553, "SUTENT": 3.940438312547662}