{"ERTAPENEM": 151.6783115345313, "FASLODEX": 4.505935092948431, "FORSTEO": 2.112505025176776, "HUMALOG": 1.836665473580449, "JARDIANCE": 4.702889970042481, "SAXENDA": 6.3898460015954255, "null": 1.4790074360595076}