{"ARAVA": 2.006933672393702, "CLOPIDOGREL": 3.550493551262321, "COMIRNATY": 0.1220075379460561, "ELIQUIS": 4.3992386061621485, "PLAVIX": 7.309600669819747, "TORISEL": 34.65440871462857, "null": 1.189274499372653}