{"COMIRNATY": 4.125506436121609, "GARDASIL": 8.297698284434189, "SPIKEVAX": 1.5311992972277324, "TELMISARTAN": 52.36215712988933, "TOZINAMERAN": 3.89974871465814, "VAXZEVRIA": 1.3293028556267652}