{"CELLCEPT": 62.10688503470335, "null": 1.2190407829362462}