{"ATRIPLA": 0.8028317787349736, "COMIRNATY": 0.2628256290498926, "CYMBALTA": 1.766945662355753, "FORXIGA": 3.533588421433233, "INCRUSE": 12.138668609296312, "IRON": 19.86753372622351, "JARDIANCE": 3.5368475804996047, "KEPPRA": 0.9411267888719396, "LANTUS": 0.6357995007688295, "NUCALA": 1.7894173315572202, "PEGASYS": 0.6893731416379125, "SPIKEVAX": 0.1879668334076355, "SUTENT": 0.7309032462805339, "TOVIAZ": 16.291095437403083, "TOZINAMERAN": 0.2401086220832816, "TRELEGY": 5.215362605872128, "VAXZEVRIA": 0.1565335436646166, "VIAGRA": 2.5469118237308632, "ZYPREXA": 2.2019781419053555, "null": 2.3804240711935845}