{"COMIRNATY": 0.6007924399648058, "ELIQUIS": 12.25072079493657, "VAXZEVRIA": 0.9021283894519424, "null": 0.4936011879671621}