{"AZACITIDINE": 124.9021968373036, "CLOPIDOGREL": 9.26544635532752, "CYTARABINE": 33.544187395813935, "KYMRIAH": 403.7936048847712, "VENETOCLAX": 273.2854754181052}