{"ANORO": 803.6621048435467, "APIXABAN": 128.45666550346377, "AZATHIOPRINE": 34.47290653715975, "BUDESONIDE": 2.686086385281484, "COMIRNATY": 0.2368460787419694, "MEPOLIZUMAB": 15.737469305911237, "SPIKEVAX": 0.2324085703148389, "null": 0.1764527904290462}