{"AFINITOR": 2.34167965248125, "BENRALIZUMAB": 266.80019143419986, "BUPIVACAINE": 10.348519821492088, "CLOPIDOGREL": 4.474111210145527, "ELIQUIS": 1.4059379777582308, "FENTANYL": 2.840157926403608, "IBRANCE": 1.3916980288946903, "KEYTRUDA": 1.0655386920682608, "NAGLAZYME": 414.2270756115629, "NEXAVAR": 1.7081464871092336, "SIMPONI": 1.8017482995432712, "SUTENT": 1.7695055483425433, "XELJANZ": 1.763751714980836, "XOFIGO": 125.827529060048, "XTANDI": 10.221922409564849}