{"FENTANYL": 26.8421862078261, "null": 1.0193299428754987}