{"BUPRENORPHINE": 17.409660782481858, "IBUPROFEN": 2.044057906214277, "INVOKANA": 16.224040042189866, "KEPPRA": 2.6672596517651765, "OLANZAPINE": 5.823193115990974, "SUBOXONE": 51.65871949058116, "VIAGRA": 4.213169256520356, "ZYPREXA": 1.9744171229992933, "null": 5.137167934321396}