{"ELIQUIS": 15.90512194039946, "PLAVIX": 15.067286629194433}