{"CYMBALTA": 1.3970683935418475, "ELIQUIS": 1.8857181932850644, "JAKAVI": 22.64741060738836, "PEGINTRON": 2.61026036006261, "RUXOLITINIB": 33.47677254032047}