{"ABASAGLAR": 1.8389941774940357, "ABATACEPT": 0.1894227649508564, "ABILIFY": 0.8894862227558716, "AFINITOR": 0.733106079591655, "AIMOVIG": 0.4407532793152914, "ANAKINRA": 0.6227407598668895, "APIDRA": 0.6135772513689269, "ARAVA": 0.2612534616239832, "ARIPIPRAZOLE": 1.2164243943554396, "ATRIPLA": 0.0980468210343717, "AUBAGIO": 3.123824406102803, "AVAMYS": 2.194796834336664, "AVANDIA": 0.4276913662917296, "AVASTIN": 0.6374796402193575, "AZILECT": 3.906124373508813, "BENLYSTA": 1.7650373531175512, "BENZODIAZEPINES": 13.086613918213608, "BONVIVA": 3.7582723028538094, "BRIDION": 2.1267923279316525, "BRINTELLIX": 0.3720797981937027, "BUPIVACAINE": 2.2992936963776933, "CARBIDOPA": 3.959015891206772, "CELECOXIB": 1.03841929613136, "CELLCEPT": 0.5011057429818665, "CHAMPIX": 0.4020587622227223, "CICLOSPORIN": 0.2204853892630117, "CIMZIA": 0.704477889631232, "CLOPIDOGREL": 0.3123929027474734, "COMIRNATY": 1.3317373890657227, "COMTAN": 4.792740523184088, "COSENTYX": 1.8770177014937857, "CYMBALTA": 1.2882084925164303, "DEXAMETHASONE": 0.2216585318222132, "ELIQUIS": 0.4860821578519217, "ENBREL": 0.2054821828409485, "ENTACAPONE": 3.3393979533287625, "ENTRESTO": 0.8169592015973842, "EVISTA": 1.01670204985307, "EXFORGE": 2.1215067836212778, "EXJADE": 0.3100512633144247, "FAMPYRA": 0.6986972859214726, "FASENRA": 0.622579390059646, "FASLODEX": 0.6795212861569631, "FENTANYL": 1.4709318264781988, "FIRDAPSE": 1.2122827091873905, "FORSTEO": 1.1245557367757189, "FULVESTRANT": 1.360919141291269, "GARDASIL": 1.9105856466647737, "GILENYA": 7.327885998189389, "HEPSERA": 2.1368420258205894, "HUMALOG": 0.8548602900181913, "HUMIRA": 0.4972316559402814, "IBRANCE": 0.7970977848064679, "IBUPROFEN": 0.6577988661961662, "IMATINIB": 2.7834182933234723, "INFANRIX": 3.71586303580453, "INLYTA": 0.8745781217358737, "JANUMET": 0.7548533697431253, "JANUVIA": 0.3374810833007909, "JARDIANCE": 0.1513189351409599, "KEPPRA": 0.7990744323993977, "KEYTRUDA": 1.0345879338781672, "LACOSAMIDE": 1.5464946947252154, "LANTUS": 0.7919909402090513, "LATUDA": 1.7371394813224137, "LEVETIRACETAM": 0.485352265078649, "LEVODOPA": 7.844531657826774, "LEVOFLOXACIN": 0.407267879732338, "LYRICA": 1.0034932961871503, "MEKINIST": 0.5169405879050226, "METHOTREXATE": 0.5230266197500398, "MIDAZOLAM": 3.279379380682679, "MMRVAXPRO": 0.6571214059625138, "NEXAVAR": 0.1683978970027087, "NUCALA": 0.4421446814621497, "OCRELIZUMAB": 0.5927710589974949, "OLANZAPINE": 0.9129009023764209, "OPDIVO": 0.9611708706438165, "OPSUMIT": 0.2244482985904206, "OPTIMARK": 16.99093514477029, "PEGASYS": 0.0834455004540823, "PEGINTRON": 0.3751670057190212, "PLAVIX": 0.3901908793921254, "RISPERIDONE": 2.581078911780785, "RITUXIMAB": 0.8373346517645395, "ROACTEMRA": 0.3835495858365307, "SHINGRIX": 1.75709452632787, "SIFROL": 1.7508250875121594, "SIMPONI": 0.2735740211090972, "SPIKEVAX": 0.952584651641495, "STALEVO": 5.751234979080472, "STELARA": 0.1599588028787531, "SUBOXONE": 0.23316878927652, "SUTENT": 0.7492211231955407, "TAMIFLU": 0.5953334546698476, "TASIGNA": 0.6287659418349508, "TOVIAZ": 0.7891365452446962, "TOZINAMERAN": 2.053709617537133, "TRELEGY": 0.4194073175627958, "TRUVADA": 0.1303592999070267, "TWINRIX": 3.303751596059743, "VAXZEVRIA": 0.5945831242639726, "VIAGRA": 1.0335017471214354, "VIMPAT": 0.9361081421795856, "VOTRIENT": 0.426407090087762, "XELJANZ": 1.962590722313517, "XOLAIR": 1.020405117271491, "XTANDI": 0.7277844832373845, "ZOSTAVAX": 0.7944112013710668, "ZYPADHERA": 1.8711534936313945, "ZYPREXA": 0.7557683957628305, "null": 1.1198689764817569}