{"ACLIDINIUM": 263.0032296998307, "ASPARAGINASE": 18.551315214788676, "AZACITIDINE": 33.18064330827153, "BEDAQUILINE": 29.902730725323096, "BUDESONIDE": 27.50088727671389, "BUSULFAN": 11.479898729220585, "CASPOFUNGIN": 150.69390469640794, "CICLOSPORIN": 3.41461728012077, "CYTARABINE": 33.09178063487313, "LEVOFLOXACIN": 6.038687055799206, "ORKAMBI": 40.120419749451166}