{"COMIRNATY": 0.5390924923705618, "VAXZEVRIA": 0.7792796753023612, "null": 0.8541545160221466}