{"ADALIMUMAB": 60.33228946518284, "AZATHIOPRINE": 26.86950048888321, "ENTYVIO": 34.9143498548905, "HUMIRA": 31.95986689950306}