{"ABILIFY": 1.5433146874161123, "ACLASTA": 6.108713715741348, "ADEMPAS": 1.9666597945820896, "AIMOVIG": 7.349167480154613, "ALEMTUZUMAB": 1.0522219596843554, "APIDRA": 1.870693908546415, "ARANESP": 14.698714259418422, "ARIPIPRAZOLE": 1.0358325156016897, "AUBAGIO": 4.011606811415761, "AVONEX": 5.874309791535641, "BENLYSTA": 3.845896128641382, "BIKTARVY": 1.174335865534843, "BOSULIF": 2.7406052831799, "BOTULINUM": 3.515337933710041, "BRIVIACT": 1.663206287304493, "BYDUREON": 2.550168436074544, "BYETTA": 2.175542803836019, "C1": 20.750398350407863, "CANNABIDIOL": 2.7654569226944017, "CAPECITABINE": 1.2301012541748773, "CHAMPIX": 3.944521303528497, "CIMZIA": 2.6307595387224576, "CINRYZE": 6.568027563436781, "CLOPIDOGREL": 1.2103465672769536, "COSENTYX": 2.9579064394750483, "CYMBALTA": 1.2293271708107187, "DARBEPOETIN": 20.310307451906084, "ENBREL": 1.7199094880333914, "ENTYVIO": 3.0583077692666296, "ESBRIET": 1.068730690571267, "EXFORGE": 1.630385120592809, "FAMPYRA": 2.04133006887499, "FASENRA": 1.6079259069216625, "FIRDAPSE": 1.6563577601963193, "FLUTICASONE": 11.498815424227177, "FULVESTRANT": 1.2063938889646906, "GARDASIL": 1.944713157190328, "GILENYA": 9.27220948299212, "HIZENTRA": 1.2753216420644582, "HUMALOG": 4.736833351745925, "HUMIRA": 4.363558512458579, "I": 119.16129990853575, "IBRANCE": 2.671666498681022, "INFLECTRA": 5.449502028288671, "INSULIN": 6.062002751662191, "JANUMET": 1.2292534064292102, "KEPPRA": 1.6055692813658151, "LANTUS": 1.7282161141482, "LATUDA": 2.730203913937683, "LEFLUNOMIDE": 1.3754113454045682, "LEVEMIR": 1.2811428413108836, "LYRICA": 1.1374877692522012, "MAVENCLAD": 1.7530908405875645, "MEPOLIZUMAB": 4.572449274301095, "METHOTREXATE": 2.025588327997877, "NAGLAZYME": 1.1397446289223303, "NUCALA": 1.1419714204717997, "OMALIZUMAB": 4.224858086692782, "OPTIMARK": 1.857307982392227, "PLEGRIDY": 3.996781270177048, "PROPRANOLOL": 2.390426165053328, "RASILEZ": 1.1022643251556912, "REMSIMA": 19.057788030558893, "RINVOQ": 1.3614683585053764, "RUCONEST": 5.023775538339215, "SILDENAFIL": 2.6225849839214184, "SIMPONI": 1.3683844157727358, "SKYRIZI": 2.8421787837467627, "SOLIRIS": 1.4635023552440365, "SOMATROPIN": 2.4625437485970263, "STELARA": 1.765206845471582, "SUBOXONE": 1.0969550267726025, "TOUJEO": 2.5029855386445985, "TREMFYA": 1.057209800340098, "TRULICITY": 1.4912090823450772, "VIAGRA": 2.360335735435324, "VIMPAT": 1.3813468186777986, "XELJANZ": 4.406089547947764, "XOLAIR": 2.065344037271125, "XYREM": 6.489671831261996, "ZOSTAVAX": 2.822684838816258, "null": 1.150400880279931}