{"COMIRNATY": 4.7748907395988, "TOZINAMERAN": 6.540735860983297, "null": 0.1149648938434856}