{"ELIQUIS": 8.440257728738448, "null": 1.510335707315242}