{"HEXYON": 234.6567004896544, "INFANRIX": 73.72642031541899, "PREVENAR": 93.29158502596154, "ROTATEQ": 45.34884902881807, "SUBOXONE": 15.345675311234537, "SYNAGIS": 133.33402067364332, "null": 1.4976835049735608}