{"AZILECT": 61.26216181591614, "CARBIDOPA": 110.3429559292266, "COMTAN": 117.08395008402184, "LYRICA": 5.416030893573151, "SIFROL": 105.48880376705112, "STALEVO": 37.57989661377093, "null": 2.139047106151979}