{"ABILIFY": 4.838090286753683, "ACETAMINOPHEN/OXYCODONE": 8.057830598170321, "AGOMELATINE": 9.64852572009864, "AIMOVIG": 1.7978842659874563, "ALL": 2.0736348445088155, "ARIPIPRAZOLE": 3.1130531623117155, "ATAZANAVIR": 13.932797348303165, "BENLYSTA": 2.2477684798178448, "BENZODIAZEPINE": 1.3752707017673724, "BETAFERON": 1.3166266581264, "BIKTARVY": 2.8649128766169167, "BREXPIPRAZOLE": 15.985482624953669, "BRINTELLIX": 13.18737448286065, "BRIVARACETAM": 5.3183167014938695, "BRIVIACT": 11.144015421193409, "BUPRENORPHINE": 2.9902942532345143, "CABOTEGRAVIR": 2.390588825279849, "CANAGLIFLOZIN": 5.303744612705502, "CANNABIDIOL": 1.5943903620595348, "CAPSAICIN": 6.526078845143178, "CARIPRAZINE": 12.797176828077571, "CHAMPIX": 27.712921871308144, "CIRCADIN": 1.5959578843580997, "COMTAN": 1.8391991855098588, "CYMBALTA": 18.566736610768658, "DESCOVY": 1.936199552547465, "DESLORATADINE": 1.108164516512502, "DOVATO": 4.502416794398693, "DULOXETINE": 4.345242159670056, "DUPIXENT": 1.2358097474831755, "EBIXA": 1.31345632433455, "EMTRICITABINE": 1.0860834988748505, "ENFUVIRTIDE": 7.090756800520585, "ERTAPENEM": 4.3421375079959725, "ESKETAMINE": 84.48162649632071, "EXVIERA": 1.2979814382852028, "FYCOMPA": 8.418510214846759, "INFLIXIMAB": 1.270377218533197, "INTERFERON": 1.28310439141678, "INTRONA": 4.438242023091989, "INVEGA": 2.302649916692346, "ISENTRESS": 1.6244054624915305, "KAFTRIO": 2.8808845881947107, "KEPPRA": 7.095066590535667, "LACOSAMIDE": 1.3348999888374995, "LATUDA": 26.10870667323299, "LEVETIRACETAM": 2.750252117852118, "LURASIDONE": 7.637357998055891, "LYRICA": 2.792754734403592, "MELATONIN": 1.2197333678790043, "MEMANTINE": 1.7341278947677723, "OLANZAPINE": 2.6097991421378803, "ORKAMBI": 1.3885686646802795, "PEGASYS": 4.10570553554784, "PEGINTERFERON": 1.0449720987493962, "PEGINTRON": 3.1354626028712, "PERAMPANEL": 4.93186003540748, "PLEGRIDY": 1.4445123426185988, "PRAMIPEXOLE": 5.748310049704841, "PREGABALIN": 1.5834559384168532, "PROPRANOLOL": 1.6085277634337318, "RASAGILINE": 14.328539877611613, "REBETOL": 1.0983558557655286, "REBIF": 2.160959104690464, "RIBAVIRIN": 1.456748662290281, "RISPERIDONE": 4.842102569902428, "RYBELSUS": 1.6417883265396331, "SAXENDA": 3.968819433549519, "SERTRALINE": 4.669139802160048, "SIFROL": 1.8538625801515816, "SOVALDI": 1.1556860303552587, "SUBOXONE": 5.37430902588306, "SUSTIVA": 5.695086941939819, "SYCREST": 3.0313231557855578, "TAMIFLU": 2.011255180203694, "TESTOSTERONE": 1.810351297884025, "TIVICAY": 6.1280402287620594, "TRIUMEQ": 7.231263881099052, "VALDOXAN": 3.434444399055876, "VARENICLINE": 12.380166911804343, "VIMPAT": 5.340918290497152, "VORTIOXETINE": 7.8814558191555, "WAKIX": 7.910600710596054, "XEPLION": 4.61463585452843, "XYREM": 5.22832178953762, "ZEPATIER": 1.6629914907717651, "ZYPREXA": 3.47952479444643, "null": 2.011204755751704}