{"AXITINIB": 12.116320269294713, "CELLCEPT": 2.75827058153774, "CICLOSPORIN": 0.6651515590223265, "COMIRNATY": 0.5842092612083732, "DARBEPOETIN": 101.68476605696192, "ELIQUIS": 1.048141998298055, "FIRDAPSE": 6.813466680856688, "GARDASIL": 1.396141217148646, "HUMALOG": 0.8449368243779116, "HUMAN": 3.769224988748321, "HUMIRA": 2.330000292524389, "INLYTA": 2.257196993466269, "IPILIMUMAB": 22.77116436963525, "KEPPRA": 0.7170305803445759, "KEYTRUDA": 29.30410881728257, "LANTUS": 0.8299440712056857, "LEVOFLOXACIN": 1.1646615749450675, "MELATONIN": 11.70979131417658, "OPDIVO": 22.258222480237016, "PEGASYS": 1.2496690715676513, "PEGINTERFERON": 2.538010425065013, "PEGINTRON": 1.59773931633655, "PEMBROLIZUMAB": 26.21331138377178, "PRIVIGEN": 2.5112297046233496, "RITUXIMAB": 2.3504252437874524, "SHINGRIX": 0.915846015048843, "SOLIRIS": 43.32096471376138, "SPIKEVAX": 0.7685990427877483, "STELARA": 1.1948104883212936, "TOZINAMERAN": 0.9265341431550832, "VAXZEVRIA": 0.22569884052345, "XOLAIR": 1.1201064247440096, "null": 0.5327203604542097}