{"ALBIGLUTIDE": 51.45540116473992, "ANORO": 1.1048816299278568, "APIDRA": 1.1792545182207612, "ARANESP": 1.3826096930452951, "AUBAGIO": 3.3721161132694637, "AVANDIA": 1.0766889902833874, "BARACLUDE": 4.843632526410175, "BENLYSTA": 6.626053796938585, "BRIDION": 1.9897637338501717, "BYETTA": 1.1546754681066116, "CICLOSPORIN": 1.7735174309569213, "CIMZIA": 10.577358921951962, "DAKLINZA": 4.2862405217937285, "ELIQUIS": 6.009813090301468, "ENBREL": 1.7314289550810205, "ENTYVIO": 4.815920517886652, "ERLEADA": 2.164993423318131, "EVENITY": 3.5739627670567877, "EVISTA": 3.441008400318584, "EXJADE": 1.841889218250608, "GALAFOLD": 4.916651430912984, "HIZENTRA": 4.645676131964215, "HUMIRA": 2.337949304889748, "INCRUSE": 4.124536575893146, "JANUMET": 4.001932360641263, "JANUVIA": 3.776308005941461, "JARDIANCE": 4.061396031008372, "KAFTRIO": 8.297899944759154, "KALYDECO": 10.038641397065984, "KEPPRA": 1.7513578035003583, "KEYTRUDA": 1.4653643545515622, "LANTUS": 4.072685878518728, "LEVEMIR": 3.09334220537124, "LONSURF": 2.298846964427156, "LYRICA": 1.4136176524861157, "MIMPARA": 2.374930569350868, "MISOPROSTOL": 40.02432412518667, "NAGLAZYME": 1.730646741791828, "NEULASTA": 3.72286271617434, "NOXAFIL": 2.16621510444783, "NPLATE": 3.460631573381158, "NUCALA": 2.311737178570053, "OCALIVA": 3.3667616356496044, "OFEV": 1.5231439622246212, "OPSUMIT": 3.232402278812138, "ORKAMBI": 4.970935843249374, "RASILEZ": 1.673734728579796, "RINVOQ": 3.3347755421198317, "ROTATEQ": 9.262282280071972, "RUBRACA": 4.27672475825635, "RUCONEST": 4.581646733683935, "RYBELSUS": 2.508260985033779, "SAXENDA": 4.884745912418875, "SIMPONI": 16.494767354827935, "SKYRIZI": 3.857534673620018, "SPRYCEL": 1.4531771015732, "STELARA": 8.179433416478334, "SYNAGIS": 3.8455500331883306, "TEMODAL": 2.435043475799687, "TOUJEO": 3.3646165505663075, "TRACLEER": 2.725809193865039, "TRELEGY": 5.103443256065959, "TREMFYA": 3.432819823791506, "VELTASSA": 15.56228087811788, "VIAGRA": 1.2527479387852958, "VICTOZA": 2.311258768995714, "VIMPAT": 1.2599252729844057, "VOTRIENT": 3.3649221351965504, "XOLAIR": 1.569723565734621, "XTANDI": 1.6456173207893383, "ZOSTAVAX": 1.2055633814301536, "null": 1.394398103629217}