{"COMIRNATY": 4.831571464584694, "SPIKEVAX": 3.713326017239901, "TOZINAMERAN": 6.908733209412334}