{"AFINITOR": 1.3971115664171143, "BETMIGA": 2.2244958654832154, "BOTULINUM": 42.79880261636546, "CELECOXIB": 1.389158153083344, "CHAMPIX": 1.7013417612552535, "CLOPIDOGREL": 1.1366065293064258, "DESLORATADINE": 2.7625054080265263, "ENTRESTO": 3.5034004295996666, "EXFORGE": 1.976091173571463, "FASENRA": 1.6401091311812168, "HIZENTRA": 1.428626443936574, "IBUPROFEN": 1.1102377279184734, "INCRUSE": 1.496121039929445, "IRBESARTAN": 3.1750382884388038, "LATUDA": 3.63075821030564, "MICARDIS": 1.5233789095401544, "NEULASTA": 1.8887316681284927, "NIMENRIX": 1.0867736836479762, "OMALIZUMAB": 1.758889490711822, "OXYBUTYNIN": 2.2422094983519347, "PRIVIGEN": 1.448019746112332, "PROTELOS": 4.309605731693081, "RASILEZ": 3.0068297554335097, "RELVAR": 1.3308723993764813, "SUBOXONE": 2.311872305778017, "TAMIFLU": 1.1065066314961507, "TICAGRELOR": 1.095320298518027, "TOUJEO": 1.0308991742369709, "TOVIAZ": 2.633845946699353, "TOZINAMERAN": 2.047366949116115, "XOLAIR": 3.8450131494927584, "null": 2.116307865719181}