{"ABILIFY": 14.386164822575331, "ACLIDINIUM": 75.6748400105427, "BENLYSTA": 7.714755378697043, "CICLOSPORIN": 2.9553198714604143, "COSENTYX": 9.20038656979777, "FASENRA": 18.220197870284245, "MEPOLIZUMAB": 15.577538721492443, "NUCALA": 4.96630252462112, "SOLIRIS": 8.449623123579581, "XELJANZ": 1.852482390942486, "XOLAIR": 3.3462164605735776, "null": 1.165020697336015}