{"ATRIPLA": 1.731484058097156, "BIKTARVY": 36.58830183238787, "DESCOVY": 116.42312442563582, "SIMPONI": 8.450840284203936, "TRUVADA": 4.282063284253092}