{"APIXABAN": 67.99347607957432, "CHAMPIX": 1.524086921154436, "ELIQUIS": 2.4097213627170437, "HUMIRA": 7.293448300319148, "RASILEZ": 10.017809356779676, "null": 1.3700022029744598}