{"COMIRNATY": 5.2836422291525205, "KEYTRUDA": 0.6261174930773596, "MODERNA": 5.691354817371805, "SPIKEVAX": 4.95952318993707, "TOZINAMERAN": 5.760693736721654, "VAXZEVRIA": 0.2243976180557381, "null": 0.1881125958273387}