{"AFINITOR": 2.592940712326932, "ANAKINRA": 76.00822313181803, "ARANESP": 12.19747309376526, "ENBREL": 2.54361559263112, "EXJADE": 8.640217524012392, "FAMPYRA": 6.328342557353514, "FASLODEX": 3.1303305151578966, "IBRANCE": 2.163928710991041, "JAKAVI": 3.481818508214796, "KEPPRA": 1.6239224171122724, "KEYTRUDA": 1.7399173292124843, "LONSURF": 8.481058799994022, "NEULASTA": 5.529934000448899, "OPSUMIT": 12.696149308023712, "REVATIO": 21.85705375953049, "SOLIRIS": 2.657530068205909, "STIVARGA": 3.174351485649747, "TRACLEER": 15.756491734455532, "TRELEGY": 5.339048304557634, "VOTRIENT": 5.308851107708662, "XTANDI": 13.890725342976491}