{"ABILIFY": 0.449350752056456, "ACLIDINIUM": 7.64959702258826, "ADCIRCA": 4.0079430509532, "ADEMPAS": 6.332022762905129, "ADENURIC": 6.065396477830619, "AERIUS": 1.307171514839501, "AFINITOR": 0.7855014796526949, "AIMOVIG": 0.9589079262353336, "ALDARA": 2.02742515866795, "ALEMTUZUMAB": 0.4957586611559902, "AMBRISENTAN": 8.602002550380435, "ANORO": 2.2811884820310686, "APROVEL": 1.0554335050414412, "ARAVA": 0.4322528559584769, "ASPARAGINASE": 0.5614775276602119, "AUBAGIO": 0.3787416727791092, "AVAMYS": 19.623993326252357, "AVASTIN": 0.361702928495629, "BENLYSTA": 1.8233752467407436, "BENRALIZUMAB": 5.670922704022179, "BEXSERO": 1.798611597243002, "BRINTELLIX": 0.2538484096394017, "BUDESONIDE": 6.789568429258964, "BUPRENORPHINE": 0.3084798657915707, "BYDUREON": 0.3995915488332468, "CHAMPIX": 0.5571642897003979, "CIALIS": 1.914194765068708, "CICLOSPORIN": 0.6340380783666402, "CIMZIA": 0.5828128353922067, "CLOPIDOGREL": 0.738788429093135, "COMIRNATY": 0.968672203368664, "COSENTYX": 1.7567082014635778, "CYMBALTA": 0.435562403943674, "CYTARABINE": 0.8053874555576103, "DARZALEX": 3.133281544677238, "DEXAMETHASONE": 0.486815239396893, "DUPIXENT": 3.884888540408189, "ELIQUIS": 0.1837114817886792, "ENBREL": 0.4195136093326824, "ENTRESTO": 0.3698304400789171, "ENTYVIO": 1.5301030846950725, "ESBRIET": 1.0859900008027832, "ESOMEPRAZOLE": 0.749061213466457, "EXFORGE": 1.1532181594728286, "EXJADE": 0.2395078602955708, "FASENRA": 3.551588319098203, "FLUCELVAX": 3.367103316474033, "FLUTICASONE": 10.01175277717234, "FORSTEO": 0.2229611630278921, "GALAFOLD": 2.8220767946630883, "GARDASIL": 0.9393356506315678, "HIZENTRA": 0.9194575128094246, "HUMALOG": 0.1011653652412068, "HUMIRA": 1.2482761771239566, "IBRANCE": 1.3741106432427994, "IBUPROFEN": 1.127121623737393, "INCRUSE": 1.5745764291037965, "INSULIN": 4.404901624536008, "JANUMET": 0.4827816959939459, "JANUVIA": 0.9949556266782424, "KAFTRIO": 2.0606345838110003, "KEPPRA": 0.1248454448071614, "KESIMPTA": 1.6555167398919814, "KEYTRUDA": 0.3669584846675984, "LANTUS": 0.1119383964943543, "LYRICA": 0.4288111819676432, "MACITENTAN": 4.338395642201544, "MEPOLIZUMAB": 7.567059375624751, "METHOTREXATE": 1.7635149821251708, "MMRVAXPRO": 0.5329595225316187, "MODERNA": 1.1682947741771883, "NAGLAZYME": 4.184875841004458, "NUCALA": 11.973440876208135, "OCRELIZUMAB": 0.5184780590269747, "OFEV": 1.1782201813864812, "OMALIZUMAB": 7.722894327642402, "OPSUMIT": 7.08142742433756, "ORKAMBI": 2.2737378618230006, "PANTOPRAZOLE": 0.9416659352470728, "PEGASYS": 0.6166616219270104, "PEGINTRON": 0.3976990223697029, "PLAVIX": 0.4300696397107338, "RELVAR": 2.179668623377172, "REVATIO": 2.088871531329061, "RITUXIMAB": 0.9284821848964494, "RIVAROXABAN": 3.487709706411384, "RIXATHON": 4.475975245137927, "ROACTEMRA": 0.3753250537103454, "ROTATEQ": 1.787343118785627, "SHINGRIX": 0.1977223928774598, "SILDENAFIL": 4.901126740203188, "SILODYX": 27.12149106958791, "SIMPONI": 0.2693951354918511, "SOLIRIS": 0.5770389683983427, "SPIKEVAX": 0.8661382902622777, "STELARA": 0.7180063569861812, "SUBOXONE": 0.2527465726546136, "SUTENT": 0.3819916008213839, "SYNAGIS": 8.841466414948421, "TAMIFLU": 1.164594685083714, "TASIGNA": 0.4053550791017689, "TOZINAMERAN": 2.1794576690897145, "TRACLEER": 1.5619933868859932, "TRELEGY": 1.77039193569653, "UROREC": 46.89901844546527, "VAXZEVRIA": 0.8004542750741258, "VIAGRA": 4.3726339451933, "VOTRIENT": 0.2706794346199478, "XELJANZ": 2.863758819826529, "XOLAIR": 4.818888881202088, "XTANDI": 0.4395500656033126, "ZOSTAVAX": 1.229300652406616, "ZYPREXA": 0.2130618022107482, "null": 0.9261889559080354}