{"ABATACEPT": 13.289828842623251, "ACTRAPID": 1.6132510063689818, "ADALIMUMAB": 5.862955601167547, "ADVATE": 2.1669892705539557, "AERIUS": 1.510756655336372, "AIMOVIG": 4.364717978775044, "ANAKINRA": 16.240962556610636, "APREMILAST": 10.591935002520287, "ARANESP": 1.3867951115850692, "ARAVA": 11.316951978945765, "AZATHIOPRINE": 10.12217932289879, "BARACLUDE": 1.3235500307445145, "BETMIGA": 1.125855778301093, "BLINCYTO": 4.227545948602611, "BRIDION": 1.315409316681966, "CERTOLIZUMAB": 9.091449399098853, "CHLORHEXIDINE": 40.964734001387, "CIALIS": 1.714630657059249, "CIMZIA": 19.04006000025908, "CINRYZE": 3.2720390997967184, "CORTICOSTEROIDS": 6.573842814511015, "COSENTYX": 4.677005106448232, "DAXAS": 13.85321575408534, "ENBREL": 18.353715178035905, "ENTYVIO": 1.9108601488736283, "ERELZI": 14.577250514364772, "ERENUMAB": 2.475058937947217, "ETANERCEPT": 4.728010150576854, "EYLEA": 1.0049900215455914, "FAMPYRA": 5.32948275007929, "FASENRA": 2.2401234419993195, "FIASP": 10.722730805040737, "FIRDAPSE": 1.9093550513454485, "FYCOMPA": 1.5503988295431963, "GLYCOPYRRONIUM": 1.9361027806287177, "GOLIMUMAB": 6.12036585884248, "HUMIRA": 12.583150218611037, "INVEGA": 2.461156267610725, "LACOSAMIDE": 1.3983096975589833, "LEFLUNOMIDE": 2.041337447852458, "MEPOLIZUMAB": 1.8004505192201294, "METHOTREXATE": 1.6734871744081987, "MIMPARA": 1.0914222161531657, "MIRCERA": 1.555728703464133, "NEULASTA": 1.0179681932103417, "NOVORAPID": 3.4513376420951225, "NPLATE": 6.578052971960744, "QUTENZA": 3.226998852160731, "REMICADE": 3.021511327266667, "RINVOQ": 4.722361518391275, "RITUXIMAB": 1.1795167038384695, "ROACTEMRA": 1.295995556504982, "SAXENDA": 1.5611628713407129, "SIFROL": 3.0787677808053973, "SILDENAFIL": 1.2893275685632588, "SIMPONI": 4.001942600489635, "SKYRIZI": 3.301838321950351, "SPINRAZA": 2.681196153624524, "STALEVO": 2.360618906236981, "STELARA": 5.185790142698638, "TESTOSTERONE": 2.223839866377145, "TOVIAZ": 1.8820052201154496, "TREMFYA": 2.918241430140565, "TRESIBA": 2.215786743725417, "UPADACITINIB": 4.62823904907316, "VIAGRA": 2.099528820459497, "XELJANZ": 1.4005943884722731}