{"LEVETIRACETAM": 10.204610223234935, "null": 3.6945677666643375}