{"EMEND": 1640.8684551118154, "null": 0.356816801180343}