{"ELIQUIS": 6.0205948439706285, "NOVOSEVEN": 202.00877410635283, "TOZINAMERAN": 1.3331365222004952}