{"ALEMTUZUMAB": 1.7038069753574496, "ARAVA": 1.5295497570951453, "AVAMYS": 4.258936277735723, "AXITINIB": 4.205265780274622, "BYDUREON": 1.675826556273146, "BYETTA": 1.1981541033089098, "CABOMETYX": 6.274420198919708, "ELIQUIS": 1.7577553376084476, "ESOMEPRAZOLE": 3.087644340943386, "EXFORGE": 1.4429739584171697, "FAMPYRA": 1.4433546962627153, "FORSTEO": 1.1456470737050737, "HARVONI": 2.6469330240135944, "HUMALOG": 6.992386315099293, "INLYTA": 6.51713019786418, "INSULIN": 1.8238440159703424, "INTRONA": 3.335622607398148, "IPILIMUMAB": 4.45171356922315, "JANUMET": 1.0292668569696093, "JANUVIA": 1.4022705348020414, "KEYTRUDA": 11.239268356469314, "LANTUS": 1.7023783783653352, "LEMTRADA": 16.259927877650952, "OPDIVO": 13.751972503811968, "PEGASYS": 4.371569488329394, "PEGINTRON": 3.411711297197196, "PEMBROLIZUMAB": 1.326342896107632, "SAXENDA": 1.561291998425419, "SUTENT": 9.351179517078643, "TRULICITY": 1.1161903275390814, "VIAGRA": 1.0005394098138611, "VICTOZA": 1.961547793791326, "VOTRIENT": 1.4559942595383992, "XELJANZ": 1.7606405825143687, "YERVOY": 6.7735081084961655, "ZOSTAVAX": 4.533358829503437, "null": 1.137020829883953}