{"LEMTRADA": 71.32546412355751, "PEGASYS": 3.674212625672781, "null": 2.1099780843773632}