{"AFINITOR": 2.684774116894966, "ATEZOLIZUMAB": 20.44049801996021, "AVASTIN": 3.64973605911209, "BEVACIZUMAB": 2.3676680354595434, "CELLCEPT": 1.2058749261971615, "CHAMPIX": 0.6229783800171352, "CICLOSPORIN": 1.3987587143716775, "CIMZIA": 0.7961899731214017, "CLOPIDOGREL": 1.9146631931526408, "COMIRNATY": 0.1988450928106617, "COSENTYX": 1.4946627592490809, "CYTARABINE": 2.602491106837406, "DABRAFENIB": 9.161247639507623, "DEXAMETHASONE": 1.558285503495102, "ELIQUIS": 2.679240879877634, "EXFORGE": 4.554524020868539, "FASLODEX": 1.635209852144748, "FORSTEO": 2.8417359295310503, "HERCEPTIN": 3.380014602364869, "HUMALOG": 1.091228995129089, "IBRANCE": 1.366714207375786, "JAKAVI": 2.478075722248186, "JARDIANCE": 0.631877197260105, "KEPPRA": 1.125980730440712, "KEYTRUDA": 0.8636070916311633, "KISQALI": 4.562013437372067, "LANTUS": 2.5713935091488533, "LYNPARZA": 5.273056498402237, "LYRICA": 1.271879424645422, "MEKINIST": 6.161463275336881, "METHOTREXATE": 1.631208418641583, "NEXAVAR": 0.8912546425735188, "OPDIVO": 1.887561343073388, "PEGASYS": 0.9245317054440796, "ROACTEMRA": 5.299096410060584, "RUBRACA": 5.61590484322116, "SIMPONI": 4.084357883263987, "SPIKEVAX": 0.074578979429217, "STELARA": 1.594808341992942, "SUTENT": 0.9272248303521436, "TOZINAMERAN": 0.4250971532125996, "VAXZEVRIA": 0.0586903210245769, "VOTRIENT": 5.259648947893268, "XELJANZ": 2.512431573449152, "XOLAIR": 1.2751379508910785, "XTANDI": 2.78309094623456, "YERVOY": 5.372987939217346, "ZELBORAF": 32.394735538409606, "null": 1.1550390247095534}