{"ACLIDINIUM": 38.63190251255492, "APIXABAN": 144.94766081879092, "ATRIPLA": 3.198416145675873, "CELLCEPT": 3.715300834994944, "CICLOSPORIN": 12.469734920694206, "ELIQUIS": 4.946373498660724, "INLYTA": 24.85979703431633, "JARDIANCE": 2.204902989355615, "LANTUS": 1.4235777592506595, "MYCOPHENOLATE": 16.403682988713747, "SUTENT": 2.8421971137719275, "TRUVADA": 1.143361622443084, "VOTRIENT": 8.576910030566427, "null": 0.2753900594122411}