{"ENBREL": 25.82597090812718, "null": 0.2316801762743038}