{"AFINITOR": 2.0283300029211078, "APROVEL": 2.743262800664838, "BRIDION": 3.0040916574661995, "BRILIQUE": 1.8699359818021903, "COAPROVEL": 4.347240129858233, "ENTRESTO": 1.3159940904580112, "EXFORGE": 1.3054766542640357, "IBUPROFEN": 2.673700126692938, "LEVOFLOXACIN": 1.6987525877634857, "MIDAZOLAM": 1.5412004852808876, "OMALIZUMAB": 1.483270033155507, "RASILEZ": 3.5821056342397206, "ROACTEMRA": 1.8408366456198104, "SYCREST": 10.430493009811324, "XOLAIR": 1.5499523326470952, "null": 5.380345900740148}