{"AFINITOR": 2.502713380858896, "AUBAGIO": 4.924505224959719, "BENLYSTA": 4.632286961005069, "CIMZIA": 2.5644337830174586, "COSENTYX": 9.125719320318892, "ELIQUIS": 1.6379916487053758, "ENBREL": 4.109538806857361, "ENTYVIO": 2.2600848610937887, "FORSTEO": 2.900563769782061, "HIZENTRA": 6.940010287625394, "HUMIRA": 7.954898425754529, "IBRANCE": 2.5033381256856058, "METHOTREXATE": 8.726740897596994, "PEGASYS": 2.544499742450005, "PEGINTRON": 2.4929345199523385, "RINVOQ": 2.9059059122796618, "RITUXIMAB": 2.464687561731058, "ROACTEMRA": 4.368585701232323, "SIMPONI": 14.533739033871369, "STELARA": 10.34106619230676, "SUTENT": 2.943595622265882, "VOTRIENT": 1.7238177274079536, "XELJANZ": 12.1726670781839, "XTANDI": 1.3160531048667246, "ZOSTAVAX": 1.256948343972719}