{"ARIPIPRAZOLE": 18.30649099055507, "null": 6.300075865500757}