{"ABACAVIR": 4.389003158639491, "ABRAXANE": 1.0378035890985686, "ACLASTA": 1.9094056560233803, "ADCIRCA": 1.612759556690386, "AFINITOR": 1.014283981741009, "ALDARA": 1.947444038755888, "ALL": 1.1187430934818905, "AMBRISENTAN": 1.004384308482322, "APIXABAN": 1.970971195248845, "ARAVA": 1.2741352298308095, "AUBAGIO": 1.37409057864488, "AVELUMAB": 1.3704133756629946, "AVONEX": 1.1956045101942148, "BAVENCIO": 1.65208654866347, "BENLYSTA": 1.0884007235859114, "BENRALIZUMAB": 1.0588515020218991, "BEXTRA": 1.937239186729625, "BINIMETINIB": 1.9121242959314009, "BONVIVA": 4.888974441123088, "BOSULIF": 1.1257710115661586, "BOTULINUM": 10.81923093934935, "BRUKINSA": 1.4089393263110053, "BUPIVACAINE": 3.996373404203416, "BYETTA": 1.27587573225797, "CABAZITAXEL": 1.509234558733672, "CABOTEGRAVIR": 1.77644870715828, "CAELYX": 4.11807273787603, "CANAGLIFLOZIN": 1.1605496592176716, "CELECOXIB": 1.1087861591401498, "CERVARIX": 1.6821739781961704, "CINACALCET": 1.1097844214853203, "COMIRNATY": 1.104761901839357, "CONTRAST": 1.457861795359886, "COSENTYX": 2.347618568762316, "COVID19": 1.7812400776305002, "CRIXIVAN": 1.6528518456675296, "DARZALEX": 1.1218629719304791, "DENOSUMAB": 4.515222883434026, "ELLAONE": 2.480527595472175, "ENTYVIO": 1.5566628730851717, "ENZALUTAMIDE": 1.6393863470033825, "ESMYA": 1.2191854346725612, "EVENITY": 1.2971214669419198, "EVISTA": 1.9927578367885923, "EXFORGE": 1.3293193106016803, "EXJADE": 1.0398209281996027, "FAMPYRA": 1.6786472824453629, "FASLODEX": 2.482875367776743, "FILGRASTIM": 1.3198934676047729, "FIRDAPSE": 1.9707529517727225, "FLEBOGAMMA": 9.682999541249233, "FORSTEO": 5.205701949766551, "FORXIGA": 1.8680553293508493, "FOTIVDA": 1.2409331870885345, "FULVESTRANT": 1.1338458891573235, "GARDASIL": 1.607687613693195, "GAZYVARO": 1.035277794827647, "GILENYA": 1.2490089847622043, "HEPSERA": 4.143619523804344, "HIZENTRA": 1.213655471141947, "HUMIRA": 1.7653620808038837, "HYDROCORTISONE": 1.624348282119747, "IBRANCE": 1.5255731871114009, "IDACIO": 1.2395321714951348, "INFERGEN": 1.7657424480974897, "IXIARO": 2.302881684585676, "JANUMET": 1.3421457830185866, "JANUVIA": 1.2315923346612494, "KENTERA": 1.8310119666233675, "KIOVIG": 3.731648370017065, "LEFLUNOMIDE": 1.3620455759863614, "LIBTAYO": 1.4266019384408215, "LUTETIUM": 1.2585017249535695, "LYRICA": 1.4805474455534926, "MARAVIROC": 4.099885419004326, "MEPOLIZUMAB": 1.1396167603234897, "MICARDIS": 1.279069823030321, "MICARDISPLUS": 1.026324296144705, "MIRCERA": 1.1756005793769717, "MOVYMIA": 4.878319875407518, "NEULASTA": 2.6227792385709163, "NINLARO": 1.9404315214170729, "NIVESTIM": 6.015607359172312, "NUCALA": 1.5910259139768623, "OCEAN": 6.007984708625272, "OCRELIZUMAB": 1.4463940794452284, "OCTREOTIDE": 1.5490871591037536, "OMALIZUMAB": 1.44750900827745, "ORENCIA": 2.4096132842581617, "PACLITAXEL": 1.1059028426575042, "PANITUMUMAB": 1.0069766336720376, "PEGFILGRASTIM": 1.4733072647902163, "PEGINTRON": 1.0731757056788884, "PIOGLITAZONE": 1.4059734266219668, "POMALIDOMIDE": 1.001057081902445, "PRIVIGEN": 2.6356742134845845, "PROLIA": 2.1297964786699315, "REKAMBYS": 3.942802078297676, "RELVAR": 1.7004228664173249, "REMSIMA": 1.814641418370886, "REPATHA": 2.934197525506811, "REVLIMID": 1.362412417901714, "RIBOCICLIB": 1.330382936285287, "RIXATHON": 1.595356606620108, "SHINGRIX": 1.126818426296687, "SOLIRIS": 1.0666332727992112, "SPIKEVAX": 1.0567394608046976, "SPINRAZA": 3.958708126764131, "SUTENT": 1.0832660143300097, "TEDUGLUTIDE": 3.826840705334224, "TERIFLUNOMIDE": 2.35408132758621, "TERIPARATIDE": 3.2535292471658583, "TERROSA": 4.502696978429284, "TORISEL": 1.924110468148449, "TOZINAMERAN": 1.695545139213567, "TRELEGY": 1.1233170424169283, "USTEKINUMAB": 1.1437057741357797, "VAXZEVRIA": 1.488996568462588, "VEDOLIZUMAB": 1.2381797752394932, "XELJANZ": 1.7852727018231611, "XGEVA": 2.935845632824664, "XOFIGO": 1.743525162513078, "XTANDI": 2.982876412686557, "ZARZIO": 13.621316334841092, "ZEJULA": 1.1246233606425804, "ZOMETA": 1.847306285300218, "ZOSTAVAX": 1.9927711732247708, "ZYCLARA": 1.0637067118090064}