{"ABILIFY": 4.5175373092797, "ACE": 2.517962398323903, "ALL": 3.397317101549877, "ALPELISIB": 1.738763597777095, "ALPHA": 84.87282914211947, "AMBROXOL": 18.03602615306352, "AMIKACIN": 1.6034807458760816, "AMLODIPINE": 16.72914899626805, "ANGIOTENSIN": 16.31705215644659, "ANGIOTENSINCONVERTING": 30.657637203995407, "ANTACIDS": 87.93454386707116, "ANTICHOLINERGIC": 34.113043035237474, "ANTIDEPRESSANT": 16.618445591439382, "ARIPIPRAZOLE": 7.685911246360181, "ASENAPINE": 24.842176364235915, "BARBITURATES": 38.30106442042462, "BASILIXIMAB": 1.3159819378870283, "BENZODIAZEPINE": 26.654608788681, "BENZODIAZEPINES": 6.998741173808761, "BETA": 26.78575417321673, "BEVACIZUMAB": 1.8916702310921665, "BEXTRA": 1.7649981429866954, "BRIMONIDINE": 3.4608334187773164, "BUMETANIDE": 9.163239687410714, "BUPRENORPHINE": 9.790995253756844, "BUVIDAL": 5.651454062519102, "CAFFEINE": 10.85850513254288, "CALCIUM": 28.557720540389333, "CANAGLIFLOZIN": 1.676778952496582, "CANNABINOIDS": 16.95599428910996, "CAPECITABINE": 1.437323538377746, "CARDIAC": 55.85553523051466, "CARIPRAZINE": 5.09512858683184, "CARMUSTINE": 1.599050526948328, "CELECOXIB": 3.122081017510918, "CETUXIMAB": 1.0234344769699124, "CICLOSPORIN": 1.520865578074438, "CLADRIBINE": 1.0301445910919624, "COBIMETINIB": 1.8248745570393168, "CYTARABINE": 1.0631785414525248, "DABRAFENIB": 1.0049808928359316, "DAPAGLIFLOZIN": 1.071560961810485, "DARUNAVIR": 1.262170651552334, "DASATINIB": 2.471776528658698, "DESLORATADINE": 1.253032247265889, "DEXMEDETOMIDINE": 2.264310416950857, "DIPHENHYDRAMINE": 35.05229652468624, "DIURETICS": 8.95414886981355, "DRUG": 8.289080547920074, "DULOXETINE": 17.477344576080725, "ESOMEPRAZOLE": 3.2299977469305428, "EVEROLIMUS": 1.4271438578243507, "FENTANYL": 16.303377521993667, "GLIBENCLAMIDE": 7.289764147767682, "GLUCAGON": 4.284395064895399, "GUANFACINE": 5.460121416690418, "HYDROCHLOROTHIAZIDE": 3.388301594537451, "IBRUTINIB": 1.239719542140084, "IBUPROFEN": 12.278529284242463, "ILLICIT": 119.73032131122972, "INTELENCE": 1.1779768536529096, "INVEGA": 1.9619899349981136, "IRBESARTAN": 1.846614286570018, "IRINOTECAN": 1.3352388860580526, "IRON": 4.852392448295709, "KALETRA": 1.0902784708831623, "LACOSAMIDE": 3.667838127629629, "LEVETIRACETAM": 2.8515691580952884, "LEVOFLOXACIN": 5.370332413921644, "LINACLOTIDE": 26.95828309183875, "LOPINAVIR": 1.689385511120565, "LOXAPINE": 6.251686584021923, "LURASIDONE": 8.60669550186828, "LYRICA": 1.807414954898085, "MANNITOL": 1.117257624773072, "MELATONIN": 3.515408352386807, "MELPHALAN": 1.2213336160568704, "MEMANTINE": 1.021413276990165, "MERCAPTOPURINE": 1.4863119517843826, "METHOTREXATE": 1.181230482094269, "MIDAZOLAM": 4.682827189843585, "MUSCLE": 31.393186735098087, "NALOXONE": 14.069781061849614, "NEVIRAPINE": 1.0585954913081028, "NOT": 3.802238221195037, "OFATUMUMAB": 3.286302126994183, "OLANZAPINE": 8.097498045037192, "OLAPARIB": 1.0362877291489745, "OPIOID": 19.32159908955936, "OPIOIDS": 11.557335086071468, "OXYBUTYNIN": 4.518411269372976, "PALIPERIDONE": 8.912159776758319, "PANTOPRAZOLE": 1.7201026437450415, "PAZOPANIB": 1.15757720331662, "PEMBROLIZUMAB": 1.423211510417322, "PEMETREXED": 1.32363846440682, "PIOGLITAZONE": 3.657993130570947, "POPPERS": 3.022339210321896, "POSACONAZOLE": 1.6567878588098872, "PRADAXA": 1.349691510499129, "PREGABALIN": 20.894681179740235, "PROPRANOLOL": 5.724654221004366, "QARZIBA": 2.0772291995017844, "REPAGLINIDE": 1.703946821084553, "RISPERIDONE": 7.321933732415831, "RITONAVIR": 1.7027323522275688, "RIVAROXABAN": 8.797043638871614, "SILDENAFIL": 2.624526114735678, "SITAGLIPTIN": 5.338830471858231, "SKELETAL": 89.14388211807089, "SODIUM": 19.5116998130631, "SORAFENIB": 1.2638936021967937, "SPIRONOLACTONE": 1.2572002583435242, "SUBOXONE": 4.15242501818528, "SUNITINIB": 1.419689146649728, "TACROLIMUS": 4.897400962091449, "TADALAFIL": 3.4816910427180288, "TELMISARTAN": 2.565865072581975, "TEMOZOLOMIDE": 2.4373725895555034, "TOBRAMYCIN": 1.531303030844077, "TRICYCLIC": 24.975687897462016, "UNKNOWN": 10.683844269619724, "UNSPECIFIED": 2.748323064287948, "VARENICLINE": 1.2008614818138652, "VIGABATRIN": 6.297140798308555, "VORICONAZOLE": 1.3956876910560618, "VORTIOXETINE": 2.607143829292662, "ZALEPLON": 16.427490773455173, "ZONISAMIDE": 2.055609582391482, "ZYPREXA": 2.044255622616792, "null": 4.170444836927049}