{"ARANESP": 25.49812255368961, "EXJADE": 17.444916406238743, "HUMIRA": 27.951435803193966, "PRIVIGEN": 78.3204035106524, "SOLIRIS": 20.802075077006705, "null": 1.0300434994485894}