{"HUMAN": 231.92152943682197, "PRIVIGEN": 97.09580515036446, "null": 1.0336706000776814}