{"ALEMTUZUMAB": 35.25162962343912, "JARDIANCE": 3.353447651415428}