{"ASPARAGINASE": 29.499874221664477, "COMIRNATY": 1.108141990307072, "COVID19": 1.4867933386702907, "VAXZEVRIA": 6.056609635218309}