{"ABACAVIR": 0.1644153514941779, "ABATACEPT": 7.685939104433996, "ADALIMUMAB": 0.861543950324914, "AFINITOR": 0.3165492060235645, "AIMOVIG": 0.5774218616307282, "ALEMTUZUMAB": 0.5354266432195999, "AMIKACIN": 0.8852631405125385, "AMINOSALICYLIC": 1.2938568636600956, "APIDRA": 0.3773058996275784, "APREMILAST": 2.2905177900150364, "ARAVA": 4.958382937414924, "ATRIPLA": 0.1242516489102989, "AUBAGIO": 0.8027845017546789, "AZATHIOPRINE": 5.8854144301066045, "BENLYSTA": 0.3898895081012827, "BRINTELLIX": 5.216931213750459, "BUDESONIDE": 1.0575378979249273, "BUPRENORPHINE": 0.2322827544622271, "BYDUREON": 1.351031814398607, "BYETTA": 0.5284756545691283, "CABOMETYX": 0.5027338332937027, "CAELYX": 0.975389613960592, "CELLCEPT": 0.3158601123404468, "CHAMPIX": 0.7762146555187123, "CHLORHEXIDINE": 0.9405258002463665, "CICLOSPORIN": 0.4069500496196667, "CIMZIA": 1.885356747359156, "CIRCADIN": 3.661918913374096, "CLOPIDOGREL": 0.1716808701374535, "COMIRNATY": 1.1264558058274083, "COSENTYX": 1.992653210740844, "CYMBALTA": 1.0416935854943314, "DEXAMETHASONE": 0.2745873992765343, "DOXORUBICIN": 2.237001474630656, "DULOXETINE": 1.18492443332314, "EFAVIRENZ": 1.1425362814119602, "ELIQUIS": 0.2870507135635307, "ENBREL": 0.4810123615364312, "ENTRESTO": 0.2347239900918285, "ENTYVIO": 1.2078614444510667, "EXJADE": 0.6951002170668487, "FASENRA": 0.4051476608480043, "FASLODEX": 0.7623748417836513, "FORSTEO": 0.8761074844710831, "FORXIGA": 0.3525916542356855, "GARDASIL": 0.7343142197023984, "HERCEPTIN": 0.7555244220661376, "HUMALOG": 0.4387386684198238, "HUMIRA": 0.3358795303947828, "HYDROCORTISONE": 1.7333106388458697, "IBRANCE": 1.1598836984531111, "ICLUSIG": 0.7968923046408103, "IMBRUVICA": 3.336130457799656, "INLYTA": 0.5054254653565005, "ISENTRESS": 1.583295804837247, "JAKAVI": 3.352461665096579, "JANUMET": 0.9874808226134968, "JANUVIA": 0.3577463981151276, "JARDIANCE": 0.5390025824130796, "KAFTRIO": 1.0123664677074466, "KALETRA": 0.8468981830977791, "KEYTRUDA": 0.1193042355998261, "LAMIVUDINE": 1.7648046194674618, "LANTUS": 0.510176316221215, "LEMTRADA": 0.7392708960695042, "LEVEMIR": 0.4291835410524492, "LEVOFLOXACIN": 0.2782792609941539, "LYRICA": 0.6046909263761154, "MEKINIST": 0.7215357002543801, "METHOTREXATE": 0.4102646224659251, "MICARDIS": 1.2720171771271416, "MODERNA": 0.7223541853109898, "NEULASTA": 0.5702277834205468, "NEXAVAR": 0.1240829628394775, "NPLATE": 0.7082360625442506, "NUCALA": 3.4805247397760257, "OCALIVA": 1.8431085643328384, "OCRELIZUMAB": 4.153147057131456, "OPSUMIT": 0.3014029423969752, "PEGASYS": 0.779258261368817, "PEGINTERFERON": 0.6064259355034456, "PEGINTRON": 0.5929413233564624, "PLAVIX": 0.2132044340528243, "RINVOQ": 0.5153917463631879, "RITUXIMAB": 1.0429853206068027, "ROACTEMRA": 0.3580028307391312, "RUXOLITINIB": 2.9029705271776423, "SAXENDA": 0.3613523386107807, "SHINGRIX": 0.9080163862856184, "SIMPONI": 0.735150733739252, "SPIKEVAX": 1.269951500338056, "SPRYCEL": 0.7466132561705605, "STELARA": 1.041133601180109, "STIVARGA": 0.3273261583252664, "SUBOXONE": 0.3376073478945896, "SUTENT": 0.472715019854963, "TAMIFLU": 0.2845637334984082, "TASIGNA": 0.5810759217209643, "TOZINAMERAN": 1.687277125681136, "TWINRIX": 0.6488191411004031, "VAXZEVRIA": 1.904288571452001, "VOTRIENT": 0.2581868777573812, "XELJANZ": 0.9111377528115764, "XOLAIR": 0.3600942217396744, "XTANDI": 0.7279148173093739, "XYREM": 1.4783333371260663, "ZOSTAVAX": 0.439548971708672, "ZYPREXA": 0.1718861119491901, "null": 0.5618551977899499}