{"COMIRNATY": 0.3785946422602026, "null": 3.0491837333782144}