{"ABILIFY": 2.1176274035231084, "ACTOS": 1.590564523074961, "ADVAGRAF": 1.8296965372163156, "AIMOVIG": 1.6087462246004316, "ALL": 1.6011843775404488, "APIDRA": 1.695014243285006, "ARIPIPRAZOLE": 1.8727259889938304, "ARSENIC": 3.801050519230832, "AUBAGIO": 1.0896101504383875, "AVONEX": 1.18286910769384, "AZILECT": 2.6205309650510564, "BAVENCIO": 1.8066766106623555, "BEXSERO": 1.178729582987643, "BEXTRA": 1.1042069907615473, "BRINTELLIX": 2.187746837964087, "BRIVARACETAM": 1.008545758118674, "BRIVIACT": 1.464139087949682, "CARBIDOPA": 2.1074084762489163, "CHAMPIX": 1.5420749584403255, "CIRCADIN": 1.362047527027515, "COMTAN": 2.934138892122291, "COVID19": 2.5485498019064483, "CYMBALTA": 3.55451544536296, "DALIRESP": 3.217502171068173, "DULOXETINE": 1.2014291642256634, "DUORESP": 3.146140616221603, "DUPIXENT": 1.0240505606142043, "EBIXA": 1.4074681224513483, "ENTACAPONE": 2.879850505920309, "EXELON": 1.2345410493518736, "FAMPRIDINE": 2.1573519936605483, "FAMPYRA": 1.7884087866724734, "FASENRA": 1.120573092802821, "FLEBOGAMMA": 5.859834203035443, "FORSTEO": 1.216727619761059, "FYCOMPA": 1.3870902099409097, "GARDASIL": 1.6093052297322363, "HUMALOG": 1.053603004568341, "INVEGA": 3.6036109735638258, "KEPPRA": 1.4420885358785307, "KETOCONAZOLE": 1.2539408092509436, "KIOVIG": 3.2911689158927584, "KYMRIAH": 1.0747438249832983, "LACOSAMIDE": 1.3236774056070957, "LANTUS": 1.90704651971843, "LATUDA": 3.2009078344346245, "LEMTRADA": 1.222079735547607, "LEVETIRACETAM": 1.340553212007232, "LEVODOPA": 2.4738617204574243, "LOXAPINE": 1.524681734988091, "LUPKYNIS": 2.3838933776968827, "LURASIDONE": 1.3426424285455325, "LYRICA": 1.7085692890167308, "MELATONIN": 1.1934871737800343, "MEMANTINE": 1.520493539172602, "MENVEO": 1.279154583766415, "MIDAZOLAM": 1.0447989726152205, "NEUPRO": 2.0256489370443838, "NIMENRIX": 1.506233556876421, "OLANZAPINE": 2.26519675361044, "PALIPERIDONE": 1.6764634148632611, "PERJETA": 1.37832368229429, "PREGABALIN": 1.1156265896659512, "PRIVIGEN": 1.9951982932744696, "PROPRANOLOL": 1.0877576801228903, "RANEXA": 1.9718275500332916, "RANOLAZINE": 1.415019068817339, "RAPISCAN": 1.621829044513195, "REAGILA": 4.376483914792225, "RELVAR": 1.5261900397646893, "RISPERIDONE": 2.283729310114632, "SELINCRO": 5.122760114248426, "SIFROL": 2.465815858571809, "SITAGLIPTIN": 2.0420897356310355, "STALEVO": 4.080310487581091, "SUBOXONE": 1.3793834320548528, "SYCREST": 1.1684211713163872, "TACROLIMUS": 1.1187849483264112, "TAMIFLU": 1.2897712217992674, "TERROSA": 1.097494227395866, "THALIDOMIDE": 1.3967352324660811, "TOUJEO": 1.2195779000880589, "TOZINAMERAN": 1.3378165952970822, "UMECLIDINIUM": 1.0655129951017177, "VALDOXAN": 2.8932874883865334, "VAXZEVRIA": 1.0442617758254007, "VIMPAT": 1.8565643481538732, "VORTIOXETINE": 2.71015018916042, "XYREM": 2.7968803022383324, "YESCARTA": 2.9958551438361463, "ZAVESCA": 3.5466112609132905, "ZONISAMIDE": 1.3636011812121165, "ZYPADHERA": 1.2866358887324618, "ZYPREXA": 1.8277015736750797, "null": 1.6563030291232024}