{"COMIRNATY": 1.6075886015628518, "SPIKEVAX": 2.712860085117506}