{"COMIRNATY": 1.1387581343296962, "null": 0.7673534021882098}