{"ADENURIC": 1.059011064020959, "AERIUS": 1.494533053450605, "AMBROXOL": 40.79774938731653, "AMLODIPINE": 34.13441854842257, "ATEZOLIZUMAB": 2.3809068100988, "AUBAGIO": 8.004615797996953, "AZILECT": 5.513015280333005, "BETAFERON": 1.2111853011967086, "BETMIGA": 1.1887029707292809, "BRINTELLIX": 1.4580562172813385, "BRIVARACETAM": 1.8902370269248263, "BRIVIACT": 3.756276233966533, "BUPIVACAINE": 1.623177379668406, "CAFFEINE": 24.5753568888814, "CANNABIDIOL": 2.4363098382793997, "CARBIDOPA": 2.569513219974195, "CELSENTRI": 2.378210072975129, "COMTAN": 2.838920545377138, "CONTRAST": 4.5160249647354895, "CYMBALTA": 1.4987512241778933, "EBIXA": 6.028040318918639, "ENTACAPONE": 4.513355337336894, "FAMPRIDINE": 17.061613810611448, "FAMPYRA": 11.360944307690714, "FIRDAPSE": 3.278938069832794, "FORSTEO": 1.6764653332645156, "FYCOMPA": 6.42614955601004, "GARDASIL": 1.2992220819544151, "GILENYA": 3.359439326763692, "IMATINIB": 1.0952798410574858, "INLYTA": 1.1753332402249392, "KEPPRA": 3.131108974804805, "LACOSAMIDE": 2.273378271303595, "LEMTRADA": 1.154383610590919, "LEVETIRACETAM": 1.6593376260130737, "LEVODOPA": 2.636679247003219, "LEVOFLOXACIN": 13.24243098999399, "LYRICA": 2.380580131187978, "MELATONIN": 2.7099050798361635, "MEMANTINE": 1.864221633193119, "MICARDIS": 1.4513669900286732, "MICARDISPLUS": 2.647555381000082, "NEUPRO": 5.218219641160419, "NINLARO": 1.2936443225680112, "OCRELIZUMAB": 6.40007148496775, "OMALIZUMAB": 1.171503909644294, "OXYBUTYNIN": 1.3163608697512037, "PAXLOVID": 3.776642041061872, "PERAMPANEL": 7.2792627732616015, "PLEGRIDY": 2.19049891646544, "PREGABALIN": 1.9748782551696085, "RANEXA": 2.683423784712419, "REBIF": 2.878996748622836, "SHINGRIX": 1.1221302016356578, "TECFIDERA": 5.827939587163809, "TEDUGLUTIDE": 5.616529568335016, "TERIFLUNOMIDE": 4.788713031039936, "THALIDOMIDE": 1.1303034982035485, "TOVIAZ": 1.5359527447453616, "TOZINAMERAN": 1.6369865091265052, "TWINRIX": 1.0852434180775097, "TYSABRI": 4.729869674120376, "VAXZEVRIA": 1.026704118306314, "VIMPAT": 5.726606707078292, "XTANDI": 2.409506461859013, "ZOSTAVAX": 1.8041551025125864, "ZYPADHERA": 5.496747060021855, "null": 1.2407455471980249}