{"ACTRAPID": 4.604732110523533, "AFINITOR": 0.7084338592180108, "AIMOVIG": 14.202390116400744, "AMIKACIN": 4.178088750542549, "APROVEL": 6.311208650492318, "BASILIXIMAB": 8.82062798509484, "CELLCEPT": 2.6687915885424327, "CICLOSPORIN": 3.386957578645865, "CLOPIDOGREL": 1.081212323464648, "COAPROVEL": 3.2884906146518005, "COMIRNATY": 0.0676672757780041, "CUBICIN": 5.222896514313198, "DACLATASVIR": 10.4227031742893, "DEXAMETHASONE": 1.0800581932017206, "ELIQUIS": 0.2375322389458107, "ENTRESTO": 4.921701033935137, "ERENUMAB": 86.87076200210286, "EUCREAS": 7.084855627102629, "EXFORGE": 2.5336996573190254, "EXJADE": 2.342633833001168, "FENTANYL": 2.54843334382937, "FORXIGA": 1.8406652756862047, "GALVUS": 3.4127886797724782, "GLIBENCLAMIDE": 12.081899525524816, "IBUPROFEN": 7.2769335264959665, "INCIVO": 1.6083041561395903, "IRBESARTAN": 6.395079655963421, "JANUMET": 2.3120838177425407, "JANUVIA": 1.4892245928199217, "JARDIANCE": 1.0116943392202462, "KALETRA": 1.6656094115673428, "KEPPRA": 0.3160509963390635, "LEVETIRACETAM": 1.71837834764099, "LEVOFLOXACIN": 0.7917300847460509, "METFORMIN": 10.079941522585113, "MICARDIS": 4.070465430069324, "MIDAZOLAM": 2.1279029565978065, "OLANZAPINE": 0.6162757162030983, "OLYSIO": 3.2301788820576784, "OPDIVO": 1.2402306777908916, "OPSUMIT": 0.9354266391438564, "PRIVIGEN": 1.5543983907018974, "RASILEZ": 3.9037176749672513, "SOLIRIS": 5.161571915354844, "SPIKEVAX": 0.0411751201782751, "SUTENT": 0.7710640548024579, "TOZINAMERAN": 0.0573732056026357, "TRACLEER": 2.339000068891427, "TRUVADA": 0.236137217724558, "VAXZEVRIA": 0.065656313476147, "VFEND": 2.5166156093434524, "XELEVIA": 95.8692694470784, "ZONISAMIDE": 18.93129004190845, "ZYPREXA": 0.6307278802114675, "null": 2.6159539036243724}