{"COMIRNATY": 1.0975924152123442, "GARDASIL": 7.371081007566778, "RITUXIMAB": 21.393384073508525, "SPIKEVAX": 0.4299951951909999, "TOZINAMERAN": 3.3071242673260968, "VAXZEVRIA": 0.9458214162660769, "null": 0.2772948372196766}