{"EMPAGLIFLOZIN": 218.7026727542693, "FORXIGA": 74.76539324589217, "JARDIANCE": 271.809110623827}