{"CIMZIA": 17.944659623278998, "KEPPRA": 24.062238392646528, "REYATAZ": 127.26107473158744}