{"PEGASYS": 2.180159899447024, "SIMPONI": 5.2546695047423215, "null": 1.09889622866779}