{"ASPARAGINASE": 2.793739560365604, "ATAZANAVIR": 3.223741427804724, "AXITINIB": 5.437023362398193, "BIKTARVY": 1.676784032469055, "BYETTA": 1.9170530773638932, "CELLCEPT": 1.5391615865151091, "CHAMPIX": 1.0749112065935456, "CRIXIVAN": 4.500700291366508, "FORXIGA": 1.3878021281451924, "GARDASIL": 3.632634075617855, "HUMALOG": 1.3048435823319686, "HUMIRA": 2.6441424246613408, "INFANRIX": 11.772646214845746, "INLYTA": 4.835605421252635, "INSULIN": 3.422614382687812, "INTRONA": 11.643094586855527, "IPILIMUMAB": 39.60417912390341, "JANUMET": 1.0024034064124745, "JANUVIA": 1.6048051490983208, "JARDIANCE": 1.7073730695573477, "KEYTRUDA": 34.41108926411956, "LEMTRADA": 2.680401902852073, "LEVEMIR": 1.723118967656597, "LIBTAYO": 15.369091241456855, "MMRVAXPRO": 1.068878691712018, "NIMENRIX": 2.885338219304841, "NORVIR": 3.2835210247272197, "OLANZAPINE": 2.2965221425861517, "OPDIVO": 21.305147466049306, "PEGASYS": 5.593327030678427, "PEGINTERFERON": 7.587471402362171, "PEGINTRON": 21.897156254167225, "PEMBROLIZUMAB": 29.26185608868576, "RIBAVIRIN": 3.659968100447061, "SOMATROPIN": 7.415810809777687, "ZYPREXA": 14.301828932237015}