{"BYETTA": 31.22489130869108, "JANUVIA": 11.244190319169984, "null": 1.8371004854383493}