{"KEPPRA": 8.881756108754143, "RECOMBINANT": 5651.195571258748, "SUBOXONE": 14.445086620257037, "null": 1.5714114576288387}