{"ADEMPAS": 42.805849628433954, "CELLCEPT": 9.699140790352994, "ENTRESTO": 7.829788801541455, "SYNAGIS": 21.10220807567137, "null": 1.31081925603329}