{"CRIXIVAN": 74.24484245035234, "null": 1.1696361539890086}