{"ABILIFY": 1.1165431840632476, "ACTOS": 2.7620160898155084, "ARIPIPRAZOLE": 2.020438328280321, "AUBAGIO": 4.48580835101655, "BETAFERON": 2.035830871649755, "BETMIGA": 13.598836000635425, "BIKTARVY": 1.3194355323468414, "BRINTELLIX": 1.3743222483941036, "BRIVIACT": 4.584272025615266, "BUPIVACAINE": 2.994754400430537, "BUPRENORPHINE": 1.7592532115207336, "COMTAN": 2.0885651192381705, "DELAMANID": 2.964045100296247, "DULOXETINE": 1.4511127581280885, "EMPAGLIFLOZIN": 1.9494917686780309, "ENTACAPONE": 4.874628567359238, "ESMYA": 12.266455029975042, "EXELON": 7.123450693544794, "EXFORGE": 1.177308506332517, "FAMPYRA": 4.406174247849132, "FESOTERODINE": 19.09595546932221, "FORSTEO": 5.962328050010876, "FORXIGA": 4.582217489823612, "GARDASIL": 2.2921957299204183, "IBUPROFEN": 1.1879589311509613, "IRBESARTAN": 6.378393739002189, "JARDIANCE": 3.713138474728701, "KEPPRA": 2.041263588073656, "KETOCONAZOLE": 9.487403754425392, "LATUDA": 2.102421555931233, "LEMTRADA": 1.3674679900487858, "LYRICA": 2.4252676051722104, "MEMANTINE": 8.13235659100843, "MENVEO": 1.7993120510409195, "MOVYMIA": 9.093557188303851, "NOT": 2.281109379589915, "OLANZAPINE": 2.2507077602968293, "OXYBUTYNIN": 7.888278650636662, "PANTOPRAZOLE": 3.3485943975497943, "PLEGRIDY": 1.2399406567282831, "PREGABALIN": 1.1538654240437882, "RISPERIDONE": 4.349393433948786, "SAXENDA": 1.0299860914692027, "SUFENTANIL": 2.5027041985782965, "SYCREST": 9.408509834622276, "TOVIAZ": 12.796172326019976, "VIMPAT": 1.194835094226577, "XTANDI": 2.1573132057832267, "ZOSTAVAX": 1.898006062717432, "ZYPADHERA": 2.6666043959039936, "ZYPREXA": 3.379143310864157, "null": 1.9626775724746293}