{"PLAVIX": 16.35825849537442, "SUTENT": 3.763101482157203, "null": 1.3559745352563124}