{"CLOPIDOGREL": 17.007714735917535, "ELIQUIS": 13.78863235625374}