{"ADENURIC": 1.3417985759745814, "AERIUS": 2.022772139277583, "ANTIHYPERTENSIVES": 3.0349387013136786, "ARZERRA": 2.239608770618571, "BENRALIZUMAB": 1.0327406619460582, "BETMIGA": 1.4655697774220346, "BEXSERO": 2.8493186136188005, "BINOCRIT": 1.7378816255457683, "BRIDION": 3.9003159958816656, "BUDESONIDE": 1.08261555157265, "CANCIDAS": 1.0978824263437597, "CELSENTRI": 1.2090444984154711, "CETUXIMAB": 1.3767052707467726, "CIMZIA": 1.121961948666583, "CLOPIDOGREL": 1.11672332389484, "COMIRNATY": 1.027715154650782, "DESLORATADINE": 3.219599444249587, "DUKORAL": 3.872641258125325, "ENTYVIO": 1.0193263494137546, "EUCREAS": 1.2702613817957595, "FASENRA": 2.979043332122493, "FENTANYL": 1.007510573882388, "FLEBOGAMMA": 2.232238117157256, "FLUCELVAX": 2.456011636788069, "GALVUS": 1.5298361937055132, "GARDASIL": 1.347029061494091, "GREPID": 3.42870808107878, "HEXYON": 4.1897069741485575, "HIZENTRA": 1.3018874119551915, "HYDROCHLOROTHIAZIDE": 1.9476332932185791, "HYDROCORTISONE": 1.1884759817728208, "IBUPROFEN": 1.1758437835096447, "IDACIO": 1.661327828748729, "INFANRIX": 3.309462328152583, "INHIXA": 5.099943814448609, "INSUMAN": 1.3110884629466155, "KAFTRIO": 1.0051589898348363, "KIOVIG": 2.775070812125989, "LEMTRADA": 1.4640043407829708, "LEVOFLOXACIN": 1.91640499882529, "MAVENCLAD": 1.0453389515005571, "MENQUADFI": 3.650229929913085, "MENVEO": 2.128916200330295, "MICARDISPLUS": 1.4699724522446056, "MIDAZOLAM": 1.72752372153644, "MMRVAXPRO": 3.3343229671625427, "MULTITRACE4": 52.12986064766994, "NAGLAZYME": 1.6359549944948633, "NIMENRIX": 2.612616351792876, "NIVESTIM": 2.451921111089596, "NUCALA": 1.6183799625385085, "OLOPATADINE": 3.071350674460613, "OMALIZUMAB": 3.73499466183055, "ONCASPAR": 6.837331823009941, "OSELTAMIVIR": 1.0853028807449554, "PEGASPARGASE": 2.684207431501586, "PREVENAR": 2.1173654720942245, "PRIVIGEN": 2.7677502414577764, "PROPRANOLOL": 1.1477311750229076, "PROTELOS": 1.2753421111664467, "QARZIBA": 1.796849386904436, "RETACRIT": 2.8671174536854944, "RIXATHON": 5.034284140491563, "ROACTEMRA": 2.1563565363282, "SHINGRIX": 1.2418999000036834, "SILGARD": 1.992823277292455, "SKYRIZI": 1.1231141266247684, "SPIKEVAX": 1.1233088377176663, "SUFENTANIL": 4.307513226225706, "SYMTUZA": 1.2505665806530046, "SYNFLORIX": 1.3045337421101064, "TAMIFLU": 1.7690761721299222, "TOUJEO": 1.051412585102966, "TREMFYA": 1.2810582804669934, "TWINRIX": 2.0789633497459845, "UROREC": 2.0178088753692727, "VORTIOXETINE": 1.2391700553456144, "XOLAIR": 6.430045808586802, "ZARZIO": 2.557703287386692, "ZIAGEN": 1.137294577799896, "ZYLLT": 9.606667415344369, "null": 2.14855599175597}