{"COMIRNATY": 1.7597809535765758, "SPIKEVAX": 2.478082636637355}