{"COMIRNATY": 0.1656865634903838, "KEPPRA": 4.985847490371339, "PEGASYS": 1.7150418931700109, "VIAGRA": 19.319876776397145, "VIGABATRIN": 206.5678709662796, "null": 1.850907673261888}