{"COMIRNATY": 4.340562251392951, "GARDASIL": 2.211264244502202, "MEPOLIZUMAB": 18.417433129844696, "NIMENRIX": 17.04662020251099, "SPIKEVAX": 2.489998353472764, "TOZINAMERAN": 7.229896800170886}