{"COMIRNATY": 0.6613518399476455, "SPIKEVAX": 0.5702215682404147, "TOZINAMERAN": 1.955352440882538, "VAXZEVRIA": 2.7121443729374737, "null": 0.7019282230434047}