{"COMIRNATY": 0.2572147722219238, "KEYTRUDA": 1.3340665601255888, "MMRVAXPRO": 5.925652820205065, "PANTOPRAZOLE": 7.87819038654952, "SPIKEVAX": 0.2600705134027883, "SUTENT": 1.974121234772083, "TOZINAMERAN": 0.5819335759578694, "VAXZEVRIA": 0.3681926644536836, "null": 2.841344699112302}