{"COMIRNATY": 1.6109612288744009, "MMRVAXPRO": 87.9787336902428, "SPIKEVAX": 2.284806062540618, "TOZINAMERAN": 1.8857700622904583, "ZOSTAVAX": 4.524481850795033}