{"ADALIMUMAB": 26.04619129250113, "ALIGN": 351.0289539109318, "AMINOSALICYLIC": 206.98563694845055, "AVAMYS": 103.09892772177292, "BUDESONIDE": 168.708486554049, "PREGABALIN": 54.33823920804201}