{"CELLCEPT": 38.05272509512184, "ZOSTAVAX": 73.02133441692403}