{"TAMIFLU": 18.249286522458576, "TOZINAMERAN": 1.0154088096921228}