{"ABACAVIR": 0.1619452483778781, "ABATACEPT": 0.4235068895972755, "ACLASTA": 6.537883717501369, "ADALIMUMAB": 0.0270913561907901, "ARAVA": 0.3151550192411796, "ATRIPLA": 68.30928615663177, "BIKTARVY": 0.7427157292495663, "BUDESONIDE": 0.2887778751508081, "BUPRENORPHINE": 0.3152195755702928, "BYETTA": 0.5256954035128376, "CICLOSPORIN": 0.1793850276311365, "COMIRNATY": 0.0048587992232189, "COSENTYX": 0.4967316846929456, "CYTARABINE": 0.2881426841765964, "DESCOVY": 2.8386089925677567, "EFAVIRENZ": 2.1395532168954507, "EMTRICITABINE": 4.308766513322853, "ENBREL": 0.8121028040763612, "EVEROLIMUS": 1.4905730651446891, "EVISTA": 0.5825066584051252, "FASLODEX": 0.7726440552876142, "HUMIRA": 0.2172199145955023, "IBRANCE": 0.4042402582743685, "ISENTRESS": 1.612920426344478, "JANUMET": 0.2963343811404151, "KALETRA": 3.6224422832624943, "KEPPRA": 0.1626282543853054, "LOPINAVIR": 2.5937450672109112, "METHOTREXATE": 0.2530567879149371, "NORVIR": 1.119849155520688, "OMALIZUMAB": 0.611781442770349, "OPTIMARK": 0.5155582919267527, "PEGASYS": 0.0605612135173839, "PEGINTRON": 0.1704755997965546, "STRIBILD": 31.278487027827527, "TENOFOVIR": 5.189291991228509, "TIVICAY": 3.734166142319564, "TOZINAMERAN": 0.0150247431790734, "TRUVADA": 39.595588742731046, "VIREAD": 22.847655999828397, "XELJANZ": 0.1857548458780758, "ZOSTAVAX": 2.1853976739061736, "null": 0.1186243698204727}