{"ADALIMUMAB": 3.53101621530496, "ATRIPLA": 25.654476190124672, "CICLOSPORIN": 3.1209870624237235, "EVISTA": 13.79897771212123, "FORSTEO": 5.802024149413668, "STRIBILD": 4.512159499609686, "TRUVADA": 19.467346146552988, "null": 0.4033739089952079}