{"FENTANYL": 28.332936677229466, "OPSUMIT": 80.47083746728701, "SILDENAFIL": 140.679676670132}