{"ABILIFY": 2.1243181289650934, "APIXABAN": 4.410217816326856, "AVANDIA": 4.790327141951398, "BENZODIAZEPINES": 105.43338101016818, "BUPIVACAINE": 12.487877859106089, "CICLOSPORIN": 1.0805154659543246, "CLOPIDOGREL": 1.555940965516274, "DEXAMETHASONE": 1.6118958701955686, "ENTRESTO": 4.719421345014501, "FENTANYL": 2.031737380088883, "IVABRADINE": 45.93901715551617, "OLANZAPINE": 4.67490220093029, "null": 3.091036117831784}