{"BUSULFAN": 265.4898838320304, "COMIRNATY": 0.2735263416373161, "GARDASIL": 17.649250192178776, "null": 0.8093783373489642}