{"ABACAVIR": 8.134701076405351, "ABASAGLAR": 0.6832956691058812, "ABATACEPT": 0.0629019823985039, "ABILIFY": 2.332464621296744, "ACETAMINOPHEN/OXYCODONE": 11.59275491568321, "ACTOS": 0.4781504266865963, "ACTRAPID": 0.5204514458919629, "ADALIMUMAB": 0.0886106777476407, "AERIUS": 2.0513633387550465, "AFINITOR": 0.0740685169007274, "AGOMELATINE": 2.7657241129280954, "AIMOVIG": 0.070092791180151, "ALL": 1.883588499187357, "ANGIOX": 2.990223381675826, "ANORO": 0.252434375750523, "ANTIDEPRESSANTS": 7.557112045353668, "ANTIHISTAMINE": 9.430591807736656, "APIDRA": 1.1390159682595733, "APIXABAN": 0.1537267886739422, "APREMILAST": 0.1872717507778151, "APROVEL": 1.4666841018113, "ARANESP": 0.155162951670143, "ARAVA": 0.0210347581642266, "ARIPIPRAZOLE": 2.727399985808901, "ASENAPINE": 6.218184290427175, "ATAZANAVIR": 0.7300240403732839, "ATRIPLA": 0.024490770575382, "AVAMYS": 0.1597846331190168, "AVANDIA": 0.1418644719742904, "AZATHIOPRINE": 0.715179180277307, "BARACLUDE": 0.4270338781135165, "BARBITURATES": 8.749745194088035, "BASILIXIMAB": 0.6411087192898877, "BEDAQUILINE": 0.3294564878695891, "BENLYSTA": 0.8251037902925581, "BENZODIAZEPINE": 13.28443762212147, "BENZODIAZEPINES": 11.273215314666494, "BETMIGA": 0.7299716464274661, "BIKTARVY": 0.210718751910736, "BONVIVA": 0.250517473135329, "BRIDION": 1.8671173910378585, "BRILIQUE": 0.1937975763179591, "BRINTELLIX": 1.663595448175084, "BRIVARACETAM": 9.244613032529807, "BRIVIACT": 5.791951032843361, "BUDESONIDE": 0.138731661111807, "BUMETANIDE": 6.872812829955204, "BUPIVACAINE": 3.840002093198773, "BUPRENORPHINE": 14.240315859458695, "BUVIDAL": 2.4082585554776474, "BYDUREON": 0.1315509893431165, "BYETTA": 0.1710148501996469, "CABOMETYX": 0.1656447338684057, "CAFFEINE": 13.805918403104684, "CANCIDAS": 1.6558332425152211, "CANNABIDIOL": 1.7275028873052756, "CAPECITABINE": 0.1222032464867894, "CARIPRAZINE": 3.214016692650831, "CASPOFUNGIN": 0.478944106852999, "CELECOXIB": 1.0656517568281365, "CELLCEPT": 0.7615413454848164, "CELSENTRI": 1.2096773402093874, "CERTAGEN": 79.27662993296236, "CHAMPIX": 0.6426479431213997, "CICLOSPORIN": 0.0743513348692916, "CIMZIA": 0.0561267505949274, "CIRCADIN": 4.953701314060728, "CLOPIDOGREL": 0.3999666157274308, "COAPROVEL": 1.0096476276721598, "COLISTIMETHATE": 3.398565002869733, "COMBIVIR": 0.343206570155947, "COMIRNATY": 0.0227269893931746, "CORTICOSTEROIDS": 1.2612363760228196, "COSENTYX": 0.0804651084592907, "CRIXIVAN": 1.9429987391065835, "CUBICIN": 2.4475557792468874, "CYMBALTA": 1.2442138051772245, "DACLIZUMAB": 15.10407027085082, "DARUNAVIR": 0.6181617085757765, "DESLORATADINE": 2.921857486838308, "DEXAMETHASONE": 0.2483232892716567, "DEXMEDETOMIDINE": 2.1573167509016526, "DOCETAXEL": 0.0846285088657492, "DULOXETINE": 3.806761020111919, "EBIXA": 0.7182151463106903, "ELIQUIS": 0.5880575273440152, "EMEND": 0.4933586620031031, "EMTRICITABINE": 1.1246661119295644, "ENALAPRIL": 2.644313198169167, "ENBREL": 0.2903092383907865, "ENOXAPARIN": 0.5436291963876078, "ENTACAPONE": 1.0271373901371414, "ENTRESTO": 0.3193119077209244, "ENZALUTAMIDE": 0.4819637518887777, "EPCLUSA": 0.5432076301050189, "EPIDYOLEX": 5.686020081046888, "EPIVIR": 0.5962551664386152, "ESOMEPRAZOLE": 1.4264643726311863, "EUCREAS": 1.1466345893443215, "EVEROLIMUS": 0.4584906588644815, "EXFORGE": 0.6812372222595153, "EXJADE": 0.0995589883866361, "EXVIERA": 0.6429553048967902, "EYLEA": 0.111475101829452, "FAMPYRA": 0.6082590591601261, "FASLODEX": 0.1159729633945239, "FEBUXOSTAT": 0.5092655157970462, "FENTANYL": 8.095217720864943, "FESOTERODINE": 31.18354674290772, "FIRDAPSE": 0.6158074933230588, "FORSTEO": 0.808953243344726, "FORXIGA": 0.2709526160163444, "FYCOMPA": 1.013078368278619, "GANCICLOVIR": 0.2661140897346415, "GARDASIL": 0.034001590123966, "GENVOYA": 1.3152756896366955, "GILENYA": 0.8695059759862965, "GLIBENCLAMIDE": 5.82406378973073, "GLUCAGON": 4.220962392169906, "HARVONI": 0.6282531527865095, "HEPSERA": 0.6330432845777795, "HERBAL": 4.36787360081528, "HUMALOG": 0.5061231113189288, "HUMIRA": 0.1075210151044631, "HYDROCORTISONE": 0.2939703448103931, "IBRANCE": 0.0579467035793189, "IBUPROFEN": 6.127109600245635, "INCIVO": 0.3421524783762059, "INCRUSE": 0.737875885655437, "INSULIN": 1.0878802523220616, "INTEGRILIN": 1.8462170565339693, "INVEGA": 2.735138234345458, "IRBESARTAN": 1.3148872062284147, "ISENTRESS": 0.395468725080323, "JAKAVI": 0.1182710251544139, "JANUMET": 1.2665882307782896, "JANUVIA": 0.858375290548858, "JARDIANCE": 0.2666082443345935, "JEVITY": 28.387805474557503, "JEVTANA": 0.619245962357661, "KAFTRIO": 0.3494188073009061, "KALETRA": 0.9221486798298252, "KEPPRA": 3.339968521395181, "KEYTRUDA": 0.0753413022917871, "LACOSAMIDE": 2.695134369652358, "LANTUS": 1.2354954071620203, "LATUDA": 1.0226142319297775, "LEVEMIR": 0.414500784264867, "LEVETIRACETAM": 2.2436122680641586, "LEVODOPA": 2.327211917401294, "LEVOFLOXACIN": 1.2637927346858977, "LIXIANA": 0.6603995945803433, "LOXAPINE": 6.888201236158349, "LURASIDONE": 3.9029597959734046, "LYNPARZA": 0.2306734471220094, "LYRICA": 2.260802787769693, "MEKINIST": 0.1254978241763064, "MELATONIN": 2.4853409892807115, "MEMANTINE": 0.8374562376193976, "MEPOLIZUMAB": 0.1998358872488976, "METFORMIN": 0.9789916133092698, "METHOTREXATE": 0.1805745506246681, "MICARDIS": 1.300432293592654, "MIDAZOLAM": 3.853949001975022, "MIXTARD": 2.180112163946692, "MYCAMINE": 1.523181685519233, "NALOXONE": 18.58924069369474, "NEULASTA": 0.1878834671764755, "NEXAVAR": 0.0904919905399098, "NORVIR": 0.7342375573419933, "NOT": 5.136330255025773, "NOVORAPID": 0.7539984876317511, "NOXAFIL": 1.9566172241404969, "NPLATE": 0.2881613023856811, "NUCALA": 0.144764143399035, "OFEV": 0.304176211758338, "OLANZAPINE": 4.3147112812479325, "OLYSIO": 0.4741219226108344, "OPIOIDS": 14.344372271990986, "OPSUMIT": 0.133944069425736, "ORENCIA": 1.9166572597011664, "ORGALUTRAN": 5.858271996896808, "OXYBUTYNIN": 1.4958340642058872, "PANTOPRAZOLE": 0.5977682971948165, "PEGASYS": 0.487791689693284, "PEGINTERFERON": 0.1770269610275757, "PEGINTRON": 0.737540937974002, "PIOGLITAZONE": 1.6961137676655045, "PLAVIX": 0.4420733172839424, "PLEGRIDY": 0.1693129726206703, "PRADAXA": 2.42582339372099, "PREGABALIN": 4.643060331804887, "PRIALT": 8.329305050587235, "PROPRANOLOL": 4.703782006492072, "PROQUAD": 6.098810933662947, "RANOLAZINE": 0.9377496405074588, "RAPAMUNE": 0.3857955591739265, "RASILEZ": 0.2809850954198366, "RELVAR": 1.20658211030283, "REVATIO": 0.2913898560248522, "RIBAVIRIN": 0.2564840347079765, "RISPERIDONE": 0.8998508926890415, "RITUXIMAB": 0.1268420466211772, "RUCONEST": 1.2864400927173552, "SAXENDA": 0.5032026893034749, "SEEBRI": 5.28533097805287, "SERTRALINE": 2.7941216912224616, "SHINGRIX": 0.0456517769481141, "SIFROL": 2.5762404735889946, "SILDENAFIL": 1.0140707754990923, "SIMPONI": 0.0849435247582159, "SODIUM": 17.66334240346588, "SOLIRIS": 0.0585338078114337, "SOVALDI": 0.7486355554566899, "SPIKEVAX": 0.008934877123296, "SPIRONOLACTONE": 0.6520528018527554, "SPRYCEL": 0.1136395786540737, "STALEVO": 1.016229597510605, "STELARA": 0.0676175437485696, "STOCRIN": 2.905313149425483, "SUBOXONE": 6.697916695121059, "SUFENTANIL": 1.23008147714811, "SUTENT": 0.0598093964045535, "SYCREST": 0.9153308131051971, "SYNAGIS": 0.1923937230248275, "TAMIFLU": 1.153530844488632, "TELMISARTAN": 0.9005592900300838, "TEMODAL": 0.7646174424161367, "TEMSIROLIMUS": 4.736074388706919, "TERIPARATIDE": 1.6413003062845126, "TESTOSTERONE": 1.5228393924918815, "TOUJEO": 0.250500882405918, "TOVIAZ": 0.1761604635995546, "TOZINAMERAN": 0.1148339387246793, "TRACLEER": 0.066151191585499, "TRACTOCILE": 3.1146338112295417, "TRELEGY": 1.1825026909216256, "TRESIBA": 0.5873569213265563, "TRULICITY": 0.7667877176678541, "TRUVADA": 0.0499933434817978, "ULTIBRO": 4.575354809980388, "UNKNOWN": 2.1465761918483364, "UNSPECIFIED": 8.639218236813234, "VALDOXAN": 1.9124709718827648, "VALSARTAN": 0.4606631557323438, "VAXZEVRIA": 0.014517835405957, "VELMETIA": 1.8779314548596056, "VFEND": 1.036056119091305, "VIAGRA": 2.18976453470984,