{"SUBOXONE": 36.7926682516745, "null": 4.329886383123141}