{"ABACAVIR": 4.006606114955514, "ADEFOVIR": 155.48106806424838, "ATAZANAVIR": 24.187752007122715, "ATRIPLA": 2.937051567944192, "BARACLUDE": 166.47896318073563, "BIKTARVY": 128.68420443678886, "CABOTEGRAVIR": 207.4362275517437, "CELLCEPT": 1.0330299377025256, "COMBIVIR": 7.794316609638822, "DAKLINZA": 12.881783917569264, "DARUNAVIR": 26.852048780969945, "DESCOVY": 43.65226576249108, "DOLUTEGRAVIR": 25.150319199271856, "EFAVIRENZ": 26.47656970226932, "EMTRICITABINE": 18.884105716020542, "ENTECAVIR": 102.31203578379056, "GANCICLOVIR": 15.384479018341914, "GENVOYA": 124.54115527873388, "HARVONI": 5.1893987753290105, "HEPSERA": 73.73402075593185, "INCIVO": 13.896632287420111, "ISENTRESS": 10.083610546482534, "KALETRA": 25.4041516903568, "LAMIVUDINE": 8.295727128053338, "NORVIR": 18.752262737242443, "OLYSIO": 40.2837904915344, "PEGASYS": 22.90058888141333, "PEGINTERFERON": 6.039716537112199, "PEGINTRON": 3.5837865174260566, "REKAMBYS": 155.6588293864485, "REYATAZ": 38.12423962785753, "RIBAVIRIN": 13.45464430674092, "SOVALDI": 23.913711484866848, "STRIBILD": 9.588219359523416, "SYMTUZA": 104.16448448730864, "TENOFOVIR": 51.89174899445597, "TIVICAY": 42.6312920656961, "TRIUMEQ": 21.478645110576345, "TRUVADA": 4.756791089592164, "VEMLIDY": 72.46452354431024, "VIREAD": 62.40505438352553}