{"CICLOSPORIN": 38.273802464270375, "PEGASYS": 4.785999630580513}