{"ABASAGLAR": 3.506080805167576, "AIMOVIG": 1.0378969936082632, "ALL": 1.025639118805382, "APIDRA": 4.656397479508501, "APROVEL": 1.342278076683764, "AUBAGIO": 2.446971027120906, "AVAMYS": 1.09014624738783, "AVASTIN": 1.226557530815077, "AZOPT": 5.181402587196589, "BELANTAMAB": 14.39819922915318, "BEOVU": 15.303544586473242, "BETAFERON": 1.1971475748915794, "BETMIGA": 1.452601190223533, "BINIMETINIB": 1.9732014930879025, "BLINCYTO": 2.485637782188793, "BRAFTOVI": 3.2075703988200104, "BRINTELLIX": 1.1022631718850695, "BROLUCIZUMAB": 17.66306922815562, "BYDUREON": 1.2484435189463812, "CIALIS": 1.4868229586704114, "COMIRNATY": 1.0437804685956362, "COTELLIC": 1.3517699903782103, "CYMBALTA": 1.154382750460868, "DAKLINZA": 1.1462962544334454, "DELTYBA": 3.6410359803174464, "DRONEDARONE": 9.381421933072788, "DULAGLUTIDE": 3.26031759834686, "EVISTA": 1.71660726689511, "EVOLOCUMAB": 12.488085687630624, "EXFORGE": 1.715797671909661, "EXJADE": 1.0465407431514568, "EYLEA": 15.071782429343443, "FIRDAPSE": 1.1033904548715947, "GARDASIL": 1.9127214936288308, "GILENYA": 2.2612639621503563, "GLIBENCLAMIDE": 1.0532421662785143, "HUMALOG": 6.828254123474561, "IBRANCE": 1.1353721141763808, "IKERVIS": 5.959429557153886, "INCRUSE": 1.3221362304644335, "INSULIN": 2.7469159900887696, "INSUMAN": 1.5410327906411896, "JCOVDEN": 2.5679817323795118, "JETREA": 27.21344601221359, "KESIMPTA": 1.4412028543543771, "LANTUS": 8.79495953480712, "LEVEMIR": 1.5391165471875152, "LIXIANA": 1.564351291682485, "LUCENTIS": 5.673552456338943, "LUXTURNA": 15.390855893424083, "LYRICA": 1.063929448749659, "MEKINIST": 3.3629855414440617, "MELATONIN": 1.399718896858676, "NEVANAC": 9.143000338439425, "OPATANOL": 5.85637179482383, "PEGASYS": 1.0740087380333678, "PEGINTRON": 1.603139546286778, "PLEGRIDY": 1.354379911431863, "RANEXA": 2.260566440901425, "REVATIO": 1.7421634465108602, "RYBELSUS": 1.1454981380823914, "SIFROL": 1.3038221521615914, "SILDENAFIL": 1.9581997176170176, "TAFINLAR": 1.419254859674084, "TERIFLUNOMIDE": 1.4170933759625124, "THIOTEPA": 6.677342690487749, "TIKOSYN": 3.519889071561064, "TOUJEO": 5.016017648068181, "TOVIAZ": 1.7529392887811572, "TRELEGY": 1.2972385971451783, "TRULICITY": 1.1352288732494615, "TWINRIX": 1.9943872264668543, "UROREC": 1.675633739548722, "VFEND": 8.021913558434237, "VIAGRA": 4.79238179223219, "VIGABATRIN": 1.7807420489098682, "VORICONAZOLE": 4.336999119729569, "XALKORI": 5.382014105059722, "XELJANZ": 1.0888902665646354, "null": 1.1136876410793728}