{"GARDASIL": 6.578791146617865, "null": 1.2420881786854028}