{"CAPECITABINE": 7.722920801418919, "COMIRNATY": 1.065042450547022, "FORXIGA": 4.541726296017542, "JARDIANCE": 6.12018106651269, "TOZINAMERAN": 1.398463380763204, "null": 2.0586039416863424}