{"BETMIGA": 22.8773739055385, "ELLAONE": 22.795403911648453, "EMPAGLIFLOZIN": 38.23713240228954, "FORXIGA": 47.7090247619072, "IBRANCE": 1.2388484012974776, "JARDIANCE": 51.78722738505421, "null": 2.211223070873932}