{"ABACAVIR": 0.2410503521269301, "ABILIFY": 0.5619126112988581, "ADENURIC": 6.239271696451349, "ADVAGRAF": 8.629185471714257, "AERIUS": 2.3323422196112187, "AIMOVIG": 0.1520396710069096, "ALIMTA": 0.9909196496308044, "AMINOSALICYLIC": 0.7184064259945558, "APROVEL": 3.834222051394935, "ARAVA": 0.0666652657858118, "ASPARAGINASE": 13.164815233504898, "ATAZANAVIR": 0.721476626084694, "ATRIPLA": 0.0238321874059889, "AUBAGIO": 0.5978470661278812, "AVANDIA": 0.1937041245437264, "AVASTIN": 0.4637636877930577, "AXITINIB": 2.1997530111795074, "AZATHIOPRINE": 1.7883132535599862, "BENLYSTA": 0.3475394400027032, "BEVACIZUMAB": 0.927552872336993, "BIKTARVY": 1.8545398133425373, "BRAFTOVI": 2.0701855016824218, "BRILIQUE": 0.4912441564614337, "BRINTELLIX": 0.6797032627720695, "BUDESONIDE": 0.7331461414318377, "BUSULFAN": 1.0897074080069946, "BYDUREON": 4.754094815536652, "BYETTA": 24.718934351883235, "CABOMETYX": 0.6040337548150205, "CAELYX": 0.7602824710859031, "CANCIDAS": 2.73345514031356, "CELLCEPT": 2.882207016818495, "CHAMPIX": 0.5417167511466809, "CICLOSPORIN": 0.9699707123954292, "CIMZIA": 0.1493233422428677, "CLOPIDOGREL": 0.3627009514730839, "COAPROVEL": 5.015471040446294, "COMBIVIR": 2.146778328158112, "COMIRNATY": 0.1264524026107966, "COSENTYX": 0.1305060019504634, "COTELLIC": 2.198002288287974, "CRIXIVAN": 3.488385110481233, "CYMBALTA": 0.3325314045146674, "CYTARABINE": 1.8876411363923464, "DARZALEX": 0.7803025310758318, "DELAMANID": 1.8716010004622992, "DEXAMETHASONE": 1.9346511368660464, "DULAGLUTIDE": 3.0738798159934837, "EBIXA": 6.577299342398249, "ELIQUIS": 0.4243702758650411, "EMEND": 3.350705271393696, "EMPAGLIFLOZIN": 3.746006424900579, "EMTRICITABINE": 3.033080190170774, "ENTRESTO": 0.1651708886213268, "ENTYVIO": 1.1926197319785037, "EPIVIR": 2.743474523763604, "ESOMEPRAZOLE": 7.174808179816264, "EUCREAS": 23.31092100895109, "EXFORGE": 0.9867903958993558, "EXJADE": 0.9943261205503048, "FASLODEX": 0.3529838132840963, "FEBUXOSTAT": 1.8567528796547597, "FENTANYL": 0.3687111951295548, "FORXIGA": 1.2856867194010206, "GALVUS": 13.376712239629532, "GARDASIL": 0.146595447787095, "GEFITINIB": 3.5635039625955947, "HARVONI": 1.2780503256472815, "HUMALOG": 0.0952806332017326, "HUMIRA": 0.4848994364128795, "IBUPROFEN": 0.5444937813557144, "ICANDRA": 23.105299434417457, "ICLUSIG": 5.193429312729352, "INCIVO": 3.8287733213352526, "INLYTA": 0.4101274755172498, "INTELENCE": 3.90052859478247, "INVIRASE": 6.8706616635760085, "INVOKANA": 6.816723529365103, "IPILIMUMAB": 0.5642810795295514, "IRBESARTAN": 1.0726222248875246, "IRESSA": 1.2807867976788476, "IRINOTECAN": 0.8669664255100369, "ISENTRESS": 3.348714117382291, "JAKAVI": 0.4703992986276269, "JANUMET": 17.097783197801025, "JANUVIA": 24.847722364374416, "JARDIANCE": 2.162405055883138, "KALETRA": 3.485668774930973, "KALYDECO": 2.57172234377964, "KEPPRA": 1.1912463041335026, "KEYTRUDA": 0.9295541567007108, "KIVEXA": 3.981455186552933, "LACOSAMIDE": 1.5392441064572198, "LANTUS": 0.187643918482618, "LENVIMA": 1.7183309426239444, "LEVEMIR": 1.1018115999122362, "LEVETIRACETAM": 0.9497097739914098, "LEVOFLOXACIN": 0.4511597791695308, "LIRAGLUTIDE": 13.392195914457334, "LYRICA": 0.7971486390390337, "MEKINIST": 0.8884327325250103, "MERCAPTOPURINE": 6.945241939698022, "METFORMIN": 4.618796183190683, "METHOTREXATE": 0.7109948464425314, "MIDAZOLAM": 1.3289413062899118, "NEXAVAR": 3.215301896133324, "NILOTINIB": 4.265214066736592, "NORVIR": 2.147938191645139, "NOXAFIL": 1.325953272012913, "OFEV": 0.441921860190449, "OLANZAPINE": 1.2470029639002178, "ONCASPAR": 24.737938345639527, "ONGLYZA": 18.78576684086436, "OPDIVO": 0.5847872503564648, "OZEMPIC": 5.378289760485154, "PANTOPRAZOLE": 0.5717092443887729, "PEGASYS": 1.117846462852624, "PEGINTERFERON": 2.693064518090718, "PEGINTRON": 2.2729548882269266, "PEMBROLIZUMAB": 0.5228301437153839, "PLAVIX": 0.8507693903474043, "PRADAXA": 2.6475803914390323, "PREGABALIN": 0.656515448855654, "REMICADE": 1.7286701553785535, "REPAGLINIDE": 5.093129475791856, "REYATAZ": 3.938583819082288, "RIBAVIRIN": 0.8156595022852579, "RILUTEK": 12.25409631709886, "RILUZOLE": 15.922121402782386, "RINVOQ": 0.4182145356935438, "RISPERIDONE": 1.2181159625535525, "ROACTEMRA": 2.469714726131123, "RYBELSUS": 14.240260598248671, "SAXENDA": 11.630526219325995, "SIMEPREVIR": 7.570739143679191, "SIMPONI": 0.3863680016240082, "SOLIRIS": 0.4193554503258615, "SOMATROPIN": 6.354695258301056, "SOVALDI": 2.857094945402418, "SPECTRILA": 73.61796610087383, "SPIKEVAX": 0.0758060811732171, "SPRYCEL": 0.6898035595549034, "STELARA": 0.6761475633174037, "STIVARGA": 0.6122494215339147, "STRIBILD": 0.1921674434961933, "SUBOXONE": 0.3823220166282581, "SUSTIVA": 12.270590573638067, "SUTENT": 0.4976414358302126, "TAMIFLU": 1.358338495176456, "TASIGNA": 4.088881982234512, "TIGECYCLINE": 7.436616929245351, "TOCILIZUMAB": 2.2247782265943603, "TOZINAMERAN": 0.1326128950007254, "TRIUMEQ": 2.332336366873145, "TRULICITY": 12.953750442096418, "TRUVADA": 0.2886081340427511, "VAXZEVRIA": 0.0327537365496714, "VEKLURY": 3.7315142581223, "VELMETIA": 39.9984755530353, "VFEND": 0.4221199755084455, "VICTOZA": 48.31485992133669, "VILDAGLIPTIN": 15.667470033671016, "VIREAD": 1.074725873968572, "VOTRIENT": 1.5512993847943533, "XELEVIA": 63.37477913824392, "XELJANZ": 0.1036389354036227, "XOLAIR": 0.2034127777808465, "ZELBORAF": 1.436637375302675, "ZERIT": 21.72216881088159, "ZYPREXA": 2.774000244627797, "null": 1.2923284319168178}