{"AMINOSALICYLIC": 3.65535516676802, "ARAVA": 0.3959149080543565, "ASPARAGINASE": 3.28688134670332, "BEOVU": 17.215404632937354, "CICLOSPORIN": 4.095629597089677, "CIMZIA": 0.742007999005774, "COMIRNATY": 0.3998930704533603, "DOXORUBICIN": 8.555582261201163, "GARDASIL": 1.5970441244572195, "KAFTRIO": 19.14009688655715, "KEPPRA": 1.553834754378539, "KEYTRUDA": 0.8200242890788766, "LEVETIRACETAM": 1.4599275041913884, "MEKINIST": 4.666101138623208, "MULTAQ": 4.683874972733009, "OLANZAPINE": 1.0151891038579604, "OMNITROPE": 46.948165393100005, "PEGASYS": 2.7331147756334957, "PEGINTRON": 6.061506012587965, "SOMATROPIN": 23.66846701604428, "SPIKEVAX": 0.2085633256701773, "STELARA": 0.9056962438372936, "SUTENT": 0.4112328432502679, "TASIGNA": 2.919336754881121, "TESTOSTERONE": 18.124087432693496, "TOZINAMERAN": 0.3169364206253693, "VAXZEVRIA": 0.1921222787208765, "VFEND": 9.290576519719766, "VIAGRA": 5.251589461528071, "XOLAIR": 1.0390422537131203, "null": 1.4173241944853638}