{"COMBIVIR": 118.6214886852543, "null": 0.4380007937505467}