{"ADALIMUMAB": 0.9572923597366582, "AIMOVIG": 52.12798232262707, "ARIPIPRAZOLE": 5.961315765377827, "CIMZIA": 1.1185461569354884, "COSENTYX": 4.45088973969223, "DEXAMETHASONE": 5.081279787743528, "EFAVIRENZ": 34.394895656535255, "ERENUMAB": 303.9100530685184, "LEVETIRACETAM": 6.250227453284563, "LEVOFLOXACIN": 3.200853529403504, "LURASIDONE": 98.99268137396714, "MIDAZOLAM": 32.845014609609585, "OLANZAPINE": 1.496380677804745, "SIMPONI": 4.524261988290436, "STELARA": 1.192850884706928, "null": 1.942781220693424}