{"IBUPROFEN": 61.6138247137884, "null": 1.388842788657508}