{"COMIRNATY": 0.1974864031867363, "IBRANCE": 5.719704035218321, "OPSUMIT": 8.322349197140197, "null": 1.0500269659353247}