{"BUPRENORPHINE": 9.91141519496481, "BUVIDAL": 74.95806986209539, "COVID19": 1.2433535685660235, "CYMBALTA": 4.72685073686399, "SUBOXONE": 9.518967689817346, "null": 1.9783012608465709}