{"ABILIFY": 18.55459376855225, "ARIPIPRAZOLE": 19.471873678184963, "ATAZANAVIR": 2.6660025180205214, "AZILECT": 21.3905529021994, "BRINTELLIX": 0.7972205902128936, "CARBIDOPA": 13.154723313172632, "CARIPRAZINE": 88.298763168657, "CICLOSPORIN": 0.8585757208880429, "COMIRNATY": 0.0562560724906985, "COMTAN": 7.084402574685902, "CYMBALTA": 1.113597411292623, "ENTACAPONE": 25.524049144938555, "FORSTEO": 0.4990142603049644, "INVEGA": 21.79121037476481, "JANUMET": 0.8141673873281875, "KEPPRA": 1.453013680164584, "LACOSAMIDE": 2.7560485677460216, "LATUDA": 10.460422764586962, "LEVETIRACETAM": 1.2773221158633852, "LEVODOPA": 38.09030227816618, "LOXAPINE": 34.10754488140372, "LYRICA": 0.9362902121470916, "NEUPRO": 49.79497931617493, "OLANZAPINE": 25.268399196977267, "PEGASYS": 0.3007873998162189, "PEGINTERFERON": 1.9982805262957983, "PEGINTRON": 1.1369744708022111, "PREGABALIN": 4.152837257383991, "PROPRANOLOL": 5.264932741200411, "REAGILA": 25.37826357570688, "RISPERIDONE": 19.074003955242866, "SIFROL": 12.737749659104246, "SPIKEVAX": 0.0373923587647269, "SPIRONOLACTONE": 9.590956800928131, "STALEVO": 7.755478468608146, "SYCREST": 42.65624719921861, "VAXZEVRIA": 0.0361383004327553, "ZYPREXA": 15.681670210029065, "null": 3.2166171233997365}