{"CARBIDOPA": 965.97898000275, "null": 0.7011289212253213}