{"AFINITOR": 2.2239130163867578, "ATRIPLA": 6.539249611821661, "AVANDIA": 1.6330742006760628, "BONVIVA": 29.343236651921647, "DEXAMETHASONE": 4.892951717779329, "ENBREL": 2.1958808983577525, "EVENITY": 48.53169007781396, "FASLODEX": 4.183700382275155, "FENTANYL": 3.1336119980908017, "FORSTEO": 11.0471333534074, "HEPSERA": 49.06039601632977, "IBRANCE": 3.956631021125322, "KEYTRUDA": 2.0493725158764, "METHOTREXATE": 1.997089489519948, "STRIBILD": 5.419408444349534, "SUTENT": 2.895754832619012, "TRUVADA": 4.969325355061479, "VIREAD": 17.89257424991074, "XOFIGO": 42.75146840466586, "XTANDI": 2.305351023381109, "null": 0.5805561306942717}