{"JARDIANCE": 39.35747841742409, "VIAGRA": 59.62887672071078, "null": 1.007369280660236}