{"FORXIGA": 15.07728781427142, "JARDIANCE": 21.24428873171295, "VIAGRA": 207.54539720643365, "null": 2.0631929235347752}