{"JARDIANCE": 23.736254779586226, "VIAGRA": 61.48212710937026, "null": 2.7195031935280944}