{"AVANDIA": 30.486712478463133, "CLOPIDOGREL": 14.547138415030242, "ELIQUIS": 15.62128600969008, "null": 0.5741550080953235}