{"COMIRNATY": 2.625161173870346, "null": 0.4265354194532689}