{"COMIRNATY": 0.1625867796203709, "FORSTEO": 16.79240931345673, "NEULASTA": 69.43368450228891, "VAXZEVRIA": 1.657274213188857, "null": 1.7480415472151292}