{"COMIRNATY": 0.5455154050978042, "VAXZEVRIA": 1.522648967842349, "null": 0.955922073788854}