{"LOPINAVIR": 466.2048133717102, "null": 0.5563632974768191}