{"AFINITOR": 0.8989107581458357, "ALIMTA": 3.129826647901603, "ANIDULAFUNGIN": 33.843766951424854, "ARANESP": 4.3002807585614224, "ARIPIPRAZOLE": 1.7531258410464965, "ASPARAGINASE": 2.3044057099609327, "AVASTIN": 23.75170365490472, "AZATHIOPRINE": 1.8430487028090607, "BEDAQUILINE": 3.046480804019243, "BEVACIZUMAB": 3.866838655108787, "CABOMETYX": 1.5407862984763687, "CELLCEPT": 5.068658084155625, "CICLOSPORIN": 3.7921370246896826, "CIMZIA": 0.3786207402892131, "CLOPIDOGREL": 0.6670973646997848, "COMIRNATY": 0.1069818485234363, "COSENTYX": 0.5132234684257533, "DEXAMETHASONE": 2.483874832177575, "DOCETAXEL": 2.213287758370078, "ECULIZUMAB": 41.09252560238984, "EMTRICITABINE": 4.682494025458942, "ENBREL": 0.6578466181385192, "FORSTEO": 1.24256319477173, "HUMIRA": 1.1876835476845773, "INCIVO": 1.857309709975416, "IPILIMUMAB": 2.2190722713139697, "IRESSA": 4.753691269167062, "IRINOTECAN": 3.40998473978924, "ISENTRESS": 3.8194366330449774, "JAKAVI": 1.3940643460872189, "JANUVIA": 0.7621031413546708, "KALETRA": 1.370167890338881, "KEYTRUDA": 1.990055179370499, "LANTUS": 0.3803141134101764, "LENVIMA": 2.652979241113815, "MEKINIST": 1.1673565157750605, "METHOTREXATE": 1.6935369091922994, "MYCOPHENOLATE": 3.214422121006701, "NEXAVAR": 2.4924478670896604, "OLANZAPINE": 1.1443220492528825, "OPDIVO": 2.603082735384791, "PEGASYS": 0.9905883361222771, "PEGINTRON": 2.3135606293766737, "PEMBROLIZUMAB": 1.8377800186453916, "REMICADE": 4.382928698491725, "ROACTEMRA": 18.309373716437896, "SIMPONI": 0.6433215391590771, "SOLIRIS": 3.4172283699725168, "SPIKEVAX": 0.0273758844402024, "STELARA": 1.4583481470847477, "STIVARGA": 4.713961807887195, "SUTENT": 2.1670159327057403, "TACROLIMUS": 9.178477286389231, "TORISEL": 5.153673278473041, "TRACLEER": 0.9483091353446144, "TRULICITY": 1.247813411931925, "VAXZEVRIA": 0.0451116906547347, "VOTRIENT": 1.0027131880958766, "XELJANZ": 0.7732678871590742, "YERVOY": 6.7155303973396485, "ZYPREXA": 0.6077971629721617, "null": 1.8316947979820608}