{"KEPPRA": 19.1788300514043, "null": 1.719766998457522}