{"CIMZIA": 5.73848130530222, "COMIRNATY": 0.2015091424672453, "STELARA": 9.813323581256924, "null": 1.4907157840646728}