{"ACETYLSALICYLIC": 102.13676139474896, "AFINITOR": 0.5681932678872098, "ARAVA": 1.3336901019840046, "AVAMYS": 1.225722162688056, "BENLYSTA": 4.80104222973927, "CASPOFUNGIN": 6.453135242464469, "CHAMPIX": 0.6702059489404202, "CICLOSPORIN": 1.0171376785709163, "CIMZIA": 1.370620239121629, "COMBIVIR": 2.108673334253926, "COMIRNATY": 0.6262560093965934, "COSENTYX": 3.3496331853071872, "CYMBALTA": 0.2610795902633407, "ENBREL": 3.394320856624504, "ENTYVIO": 2.0146480372178823, "ETANERCEPT": 22.791669832868497, "EXJADE": 1.521880049976355, "FASENRA": 7.431989635152971, "FORSTEO": 0.641917750315147, "FULVESTRANT": 1.99346648266026, "GARDASIL": 3.816142607469242, "HALAVEN": 3.575939261741412, "HIZENTRA": 1.57415199072372, "HUMALOG": 0.5195946888991229, "HUMIRA": 0.922902462612571, "IBRANCE": 0.7604961899524054, "IBUPROFEN": 1.4010755835999646, "INCIVO": 1.4120483298452533, "JARDIANCE": 0.3726924400223882, "KEPPRA": 0.5731434751680552, "LANTUS": 0.268982917900368, "LEVOFLOXACIN": 0.5779803756079955, "MENVEO": 4.873705111979427, "MEPOLIZUMAB": 1.2719696393436652, "METHOTREXATE": 2.237128838322657, "MICARDIS": 1.800312821862906, "MMRVAXPRO": 8.140673305398892, "NAGLAZYME": 4.013183544048117, "NIMENRIX": 1.8999162082386305, "NUCALA": 3.374091730374153, "OLANZAPINE": 0.4942789135731236, "OMALIZUMAB": 1.6071200189789283, "PEGASYS": 0.4361676922959839, "PEGINTRON": 0.4878168389525648, "PREVENAR": 4.405390526535821, "PRIVIGEN": 1.545438492659031, "RINVOQ": 1.1176310143679375, "RITUXIMAB": 1.0887413854890802, "ROACTEMRA": 1.9943693417873865, "SIMPONI": 13.121279774519005, "SOLIRIS": 1.5252079585588243, "SPIKEVAX": 0.2916625507061219, "STELARA": 1.9093160993802205, "SUTENT": 0.5455721878564802, "SYNFLORIX": 41.23229230924512, "TAMIFLU": 0.9511770124216232, "TOZINAMERAN": 0.4802104994182916, "TRELEGY": 1.032983277582479, "VAXZEVRIA": 0.2747680734547592, "XELJANZ": 1.9220145474707653, "XOLAIR": 2.451456662646564, "ZOSTAVAX": 1.5337161201875658, "ZYPREXA": 1.061633086777249, "null": 1.2714198125297194}