{"BOSULIF": 113.38880249549912, "BOSUTINIB": 343.68706501491647, "DASATINIB": 512.8557772777307, "ICLUSIG": 93.7088246239684, "IMATINIB": 161.73462635180908, "NILOTINIB": 196.87095117596877, "SPRYCEL": 192.4662638449781, "TASIGNA": 41.0443062034632, "null": 0.0668655850976496}