{"COMIRNATY": 1.666078380874551, "SPIKEVAX": 0.962672589310722, "VAXZEVRIA": 2.2106849976023284, "null": 0.692273913526651}