{"COMIRNATY": 11.120928786800206, "SPIKEVAX": 1.7295173117875402, "VAXZEVRIA": 0.7744585673441121}