{"AIMOVIG": 0.1682915135705356, "ALDARA": 20.30630379720485, "AMELUZ": 125.9977490592772, "BETAFERON": 1.536580205019826, "BUPRENORPHINE": 0.4226127387395116, "COMIRNATY": 1.925117392888704, "EVRA": 5.052446358825056, "INHIXA": 5.420470806772504, "KENTERA": 9.697428163479664, "LANTUS": 0.2734186987830387, "MIRVASO": 11.537680285135067, "NEULASTA": 2.804593177942601, "NIMENRIX": 0.3493561514183039, "QUTENZA": 155.60998013993242, "SHINGRIX": 0.3460729769656571, "SIMPONI": 0.1429210101603793, "SPIKEVAX": 1.5916867954234817, "SYNAGIS": 1.0204541287625144, "VAXZEVRIA": 8.283057857211558, "ZYCLARA": 12.67780233131007, "null": 0.5449307651923636}