{"COMBIVIR": 139.53448020130247, "ELIQUIS": 13.85859090451669, "null": 1.0274320514860724}