{"COMIRNATY": 1.4411944696098051, "VAXZEVRIA": 0.2860899150488348, "null": 0.6054131355758636}