{"AZACITIDINE": 75.60746659487052, "CICLOSPORIN": 4.113041541759277, "EXJADE": 8.574264750041122, "JAKAVI": 170.59371217443262, "KYMRIAH": 86.52630852031776, "NPLATE": 18.90257243573125}