{"ARAVA": 0.2819629671085361, "BRIVIACT": 15.260027866893164, "BUPIVACAINE": 9.391780331867553, "BYETTA": 3.716992369920854, "CELLCEPT": 3.960664057259996, "CHLORHEXIDINE": 11.793522732298658, "CICLOSPORIN": 1.3680940757350024, "CIMZIA": 1.8989709070753376, "CYMBALTA": 2.927777188698605, "HUMALOG": 3.218317673877612, "HUMIRA": 2.723031372099268, "IBRANCE": 1.880575035708577, "LANTUS": 2.0365265190624977, "METHOTREXATE": 2.71009665931964, "NEXAVAR": 1.966863427245472, "OPSUMIT": 2.066705991246776, "ROACTEMRA": 3.5317002388020224, "SIMPONI": 3.948586793942425, "SOLIRIS": 2.700912882721453, "STELARA": 3.3379872842766893, "SUTENT": 1.9672407147176088, "XELJANZ": 5.952842732383256, "XOLAIR": 2.118523083237267, "null": 0.9880892327516896}