{"ASPARAGINASE": 35.1839188335527, "CICLOSPORIN": 7.083545135005069, "CYTARABINE": 29.330349030159496, "JAKAVI": 77.27963742127534}