{"AMIKACIN": 89.69608075187472, "ZOSTAVAX": 11.877041876860147}