{"ACLASTA": 28.83017076200957, "ADALIMUMAB": 20.613889272672285, "AMINOSALICYLIC": 39.64681039436218, "AVAMYS": 51.67119098351181, "BENLYSTA": 1.219664920672056, "BUDESONIDE": 61.95597092553348, "BUPIVACAINE": 3.299003172759335, "BUPRENORPHINE": 2.1642773954404824, "BYETTA": 1.6581784995000068, "CABOMETYX": 1.7420717943040742, "CIMZIA": 2.864659499329008, "COMIRNATY": 0.0112971395830476, "COSENTYX": 0.5123999498068998, "ELIQUIS": 1.4313284886457427, "ENBREL": 0.518313746254371, "ENTYVIO": 1.0353014289778046, "FASLODEX": 1.386379264722641, "FENTANYL": 2.670741101758068, "FORSTEO": 0.9061504558938426, "HUMALOG": 1.396705223335639, "HUMIRA": 4.235908062788276, "IBRANCE": 0.3457778281632678, "KEYTRUDA": 0.5473170423354392, "OMALIZUMAB": 0.9474794205092252, "PREGABALIN": 28.24629973648908, "SIMPONI": 1.070352403746283, "SOLIRIS": 1.061590998089712, "SPINRAZA": 120.87952076780572, "SUBOXONE": 13.969368258522453, "SUTENT": 0.5495449867998875, "VAXZEVRIA": 0.0450391169311036, "XELJANZ": 0.7249467213529147, "null": 0.3444861290611654}