{"LEVEMIR": 17.111884658031975, "NEVANAC": 141.15257464816798, "NOVORAPID": 267.41556891083013, "null": 2.2138585110476297}