{"ABATACEPT": 0.5706226982843818, "ACE": 40.20452458043525, "ANORO": 3.1323630042090533, "APIDRA": 2.1698423549050143, "ARAVA": 0.1382008667613642, "BYDUREON": 1.8737622948522312, "BYETTA": 1.1053935962952095, "CHAMPIX": 0.467741322640338, "CLOPIDOGREL": 1.3955346715785104, "CYMBALTA": 0.2622895824728518, "DAPTOMYCIN": 42.9960251449162, "ELIQUIS": 1.360588029262905, "ENTRESTO": 0.8663407566487672, "ENTYVIO": 2.68939055319414, "FIASP": 4.509962676687867, "FLUTICASONE": 30.38988706625284, "GARDASIL": 0.8615455066795452, "HUMALOG": 6.752269901843565, "IBRANCE": 4.094948278041528, "INCRUSE": 5.543423532013192, "INSULIN": 1.1370396967389702, "JANUMET": 2.420640120236335, "JARDIANCE": 0.4239978517342224, "JEVTANA": 6.758245194668755, "KEPPRA": 1.7827947339851062, "LANTUS": 1.4800282968570206, "LEVEMIR": 4.630371690540557, "LEVETIRACETAM": 0.9050286168747366, "NOVOMIX": 39.40436118860804, "NOVORAPID": 2.2245701272421683, "OLANZAPINE": 0.7377306223785596, "PANTOPRAZOLE": 1.7381542951331337, "RAPAMUNE": 3.1038582586778425, "RELVAR": 5.722550759897726, "REVATIO": 2.405952606024619, "RINVOQ": 1.1228087099237545, "SPIKEVAX": 0.0381381391990997, "STELARA": 0.6375842377902016, "SUBOXONE": 1.386416582963569, "SUTENT": 1.1273426580142831, "TAMIFLU": 1.2108172192582218, "TOUJEO": 2.7433617618824675, "TOVIAZ": 5.17099796717938, "TRELEGY": 4.223488242024546, "TRESIBA": 5.749580509544384, "VAXZEVRIA": 0.0202877049401384, "VEMLIDY": 16.39437735989556, "VFEND": 2.652762511189472, "VIAGRA": 3.609722227177732, "XELJANZ": 4.141014331122789, "null": 3.191112432935244}