{"BUPRENORPHINE": 52.070351000802425, "BYDUREON": 1.4903530277971764, "COMIRNATY": 0.0634875608269133, "HUMALOG": 0.4535495868632624, "KEPPRA": 0.5002914634093427, "LANTUS": 0.3827811206081375, "MENVEO": 8.599709621853313, "OPIOIDS": 72.06738655976147, "SHINGRIX": 1.2225490375031505, "SOLIRIS": 1.6152227372847592, "SUBOXONE": 321.29017703116045, "TOZINAMERAN": 0.178780464505763, "null": 1.300240612192634}