{"ABASAGLAR": 7.750088083341915, "BUPRENORPHINE": 1.5633029871041857, "CLOPIDOGREL": 3.340909555007235, "DESLORATADINE": 6.438806872786277, "DEXAMETHASONE": 0.7296779794870524, "DUORESP": 97.82665079169182, "EFAVIRENZ": 2.097835031956915, "EFAVIRENZ/EMTRICITABINE/TENOFOVIR": 216.75931459080996, "ELIQUIS": 0.1424693107781109, "EMTRICITABINE": 1.998936865865718, "EMTRICITABINE/TENOFOVIR": 79.69252866459298, "FAMPRIDINE": 60.77426743591488, "FIRDAPSE": 7.632033296057564, "HYDROCHLOROTHIAZIDE": 16.203726705119042, "IDACIO": 11.137470791797783, "INHIXA": 45.58339541123116, "IRBESARTAN": 15.6367401964026, "JANUMET": 0.4584852830966735, "JANUVIA": 0.4121519182297221, "KEPPRA": 2.6709040463721183, "LACOSAMIDE": 4.598251383730196, "LEVETIRACETAM": 9.064376919790805, "MICARDIS": 1.3847411055705223, "NOVORAPID": 0.5509143761889559, "OLANZAPINE": 2.277880771023389, "SILDENAFIL": 3.4328815420474204, "SUBOXONE": 0.3996046556126919, "TELMISARTAN": 20.64133703091313, "TEMOZOLOMIDE": 2.75563338050983, "TERIFLUNOMIDE": 14.914393889373814, "ZYLLT": 27.06103239303645, "null": 11.226821495193596}