{"HUMALOG": 19.281774508222444, "null": 3.9332517777756375}