{"ABATACEPT": 0.4567368304210345, "ABILIFY": 5.029988914072413, "ADALIMUMAB": 1.3953800354600947, "ADCETRIS": 1.3429947115051697, "AERIUS": 2.073783007499787, "AFINITOR": 1.266992718314194, "AGOMELATINE": 3.321607137994649, "AIMOVIG": 3.042100155672735, "ALDARA": 0.494891304325145, "ALEMTUZUMAB": 4.3491461304417545, "ALIMTA": 0.272443128655689, "ALITRETINOIN": 21.37438387914948, "ALLI": 6.209607709185447, "ALPELISIB": 1.8996769905940611, "AMIKACIN": 3.434444910283996, "AMINOSALICYLIC": 0.5747020515799547, "AMLODIPINE": 3.1538655938880025, "ANAKINRA": 1.727012247425466, "ANORO": 2.415338084373309, "APIDRA": 0.1726759158182302, "APIXABAN": 0.4827882765889284, "APREMILAST": 2.8384190819698927, "APREPITANT": 0.5155253180588322, "APTIVUS": 2.6649504644446664, "ARAVA": 0.5361760883086799, "ARIPIPRAZOLE": 3.834646916956757, "ASPARAGINASE": 1.704397811586064, "ATAZANAVIR": 3.757814277560218, "ATEZOLIZUMAB": 2.3701582013658684, "ATOSIBAN": 27.21188472333624, "ATRIPLA": 0.005455262493949, "AUBAGIO": 0.719882886668489, "AVAMYS": 1.3674484296168872, "AVASTIN": 0.5186583125309246, "AVELUMAB": 1.252516122676148, "AXITINIB": 2.499015900103504, "AZACITIDINE": 2.0163403753643445, "AZATHIOPRINE": 2.191257268591132, "AZOPT": 1.371261882744834, "BARACLUDE": 0.8029935347466107, "BARICITINIB": 4.790750472339156, "BASILIXIMAB": 4.914917708276403, "BAVENCIO": 0.8062130314149132, "BEDAQUILINE": 3.045479638418408, "BELIMUMAB": 0.9609026592373846, "BENLYSTA": 0.6573970559485449, "BEOVU": 1.1666416711661756, "BETMIGA": 3.3019900668903177, "BEVACIZUMAB": 1.6145337002360154, "BINIMETINIB": 5.93488568748329, "BORTEZOMIB": 3.144487117850824, "BOSENTAN": 2.563239755144085, "BOSULIF": 0.4633175069851246, "BOTULINUM": 16.62448329640936, "BRAFTOVI": 14.86864743712768, "BRENTUXIMAB": 4.628003716095495, "BRIDION": 0.2461306607212187, "BRILIQUE": 0.554669912203337, "BRINTELLIX": 3.741314972788296, "BRIVARACETAM": 2.515002386031213, "BRIVIACT": 1.4194701463626471, "BROLUCIZUMAB": 5.372076572496315, "BUDESONIDE": 1.5422060838428924, "BUPIVACAINE": 0.4323809484576511, "BUPRENORPHINE": 1.195943518173975, "BUSILVEX": 1.1989364384015644, "BUSULFAN": 9.454030391480542, "BYDUREON": 0.4389411638078666, "BYETTA": 0.1348963133501587, "CABAZITAXEL": 1.8446400421373748, "CABOMETYX": 0.3774177304950403, "CAELYX": 15.357298762361864, "CAFFEINE": 10.425591825072408, "CANAKINUMAB": 9.818044199080132, "CANCIDAS": 1.4228652127923211, "CANNABIDIOL": 1.4416596034186708, "CAPECITABINE": 2.569178121240113, "CAPSAICIN": 5.170714561162338, "CARBIDOPA": 1.1519470422397953, "CARFILZOMIB": 0.756924921433581, "CARMUSTINE": 2.631025605959052, "CASPOFUNGIN": 3.57854360702743, "CELECOXIB": 1.1083314089004437, "CELLCEPT": 1.548697089125113, "CETUXIMAB": 1.276230898349775, "CHAMPIX": 0.0632372433222491, "CHLORHEXIDINE": 0.1264392876608008, "CIALIS": 0.8211921431987539, "CICLOSPORIN": 3.797213749358917, "CIDOFOVIR": 4.559701506585711, "CIMZIA": 0.6130487636876351, "CINRYZE": 5.038396230068543, "CIRCADIN": 1.2881009397599814, "CLADRIBINE": 12.228632595667632, "CLOFARABINE": 2.0162289293508686, "CLOPIDOGREL": 0.7933212089486552, "COMIRNATY": 0.0025911194598505, "CORTICOSTEROIDS": 1.6226060946863743, "COSENTYX": 1.8741529891503892, "COTELLIC": 0.3347194664987005, "CRIZOTINIB": 1.8488042207815731, "CUBICIN": 3.893665558017846, "CYMBALTA": 0.2342857888277142, "CYTARABINE": 3.3494230620746683, "DABRAFENIB": 5.758567984652719, "DACOGEN": 5.013199718430815, "DAPAGLIFLOZIN": 0.9542293876498056, "DAPTOMYCIN": 2.8811141561621785, "DARATUMUMAB": 1.6458730901645042, "DARUNAVIR": 1.0449285077245285, "DARZALEX": 2.5955250911527994, "DASATINIB": 1.22928294143133, "DECITABINE": 3.403404710142926, "DELAMANID": 2.0652872692667934, "DELTYBA": 3.1371751037633806, "DESLORATADINE": 2.088007455306219, "DEXAMETHASONE": 2.417669640056085, "DEXDOR": 2.1264440425342745, "DEXMEDETOMIDINE": 3.4634854195071494, "DIACOMIT": 18.758201537734205, "DINUTUXIMAB": 5.083334655697058, "DOCETAXEL": 1.8886090874268984, "DOXORUBICIN": 6.81091587579335, "DULOXETINE": 1.0897661625084891, "DUPIXENT": 5.137391852295288, "EBIXA": 1.2701124324764603, "EDOXABAN": 2.966851482688189, "ELIQUIS": 0.2827229195362648, "ELTROMBOPAG": 14.865301818635553, "EMEND": 1.0877585653688204, "EMTRICITABINE": 0.345294256021308, "ENBREL": 0.198473033113588, "ENFUVIRTIDE": 4.010025275051348, "ENOXAPARIN": 0.6656243807970345, "ENTACAPONE": 0.934939280892768, "ENTECAVIR": 1.810350597898562, "ENTRESTO": 2.2603264592795003, "ENTYVIO": 0.358008365204162, "ENZALUTAMIDE": 0.6199479162754155, "EPIDYOLEX": 3.885145001237264, "ERENUMAB": 1.5018683372965325, "ERLEADA": 0.6371966169988876, "ERLOTINIB": 2.630681826785493, "ESBRIET": 0.1148089392692406, "ESOMEPRAZOLE": 0.7798374743926032, "ETANERCEPT": 2.0143193753238844, "EVEROLIMUS": 2.4918793489983444, "EVICEL": 18.727776006640703, "EVOLOCUMAB": 10.895478829038847, "EVRA": 2.036159416731394, "EXFORGE": 0.1482802068434264, "EXJADE": 0.1160708856861428, "EYLEA": 1.5911837751206803, "FAMPRIDINE": 1.3288125928618664, "FASENRA": 0.4708248606122396, "FASLODEX": 0.6312587937881795, "FEBUXOSTAT": 0.5963452730921739, "FENTANYL": 1.0008536392779488, "FESOTERODINE": 2.267321273012227, "FILGRASTIM": 2.903947403442673, "FIRDAPSE": 0.4842914294730167, "FLUTICASONE": 1.7338554892682791, "FORSTEO": 0.0342558675220118, "FORXIGA": 0.8675659035056238, "FULVESTRANT": 0.303673408368011, "FYCOMPA": 1.5768803777870468, "GANCICLOVIR": 8.146721008049399, "GARDASIL": 0.0495814899289917, "GEFITINIB": 0.8895040686968845, "GILENYA": 0.8216408222524483, "GLIVEC": 0.4647818081181513, "GLUCAGON": 1.3726702390615575, "GLUCOCORTICOIDS": 12.805231519371109, "GLYCOPYRRONIUM": 0.8763992162627183, "GUSELKUMAB": 4.31969455271971, "HALAVEN": 0.3062766362447868, "HIZENTRA": 0.7840033860396965, "HUMALOG": 0.0462004064717194, "HUMAN": 6.2217301523849455, "HUMIRA": 0.5561942651956084, "HYCAMTIN": 0.9928566575551252, "HYDROCORTISONE": 0.9260579967603516, "HYQVIA": 1.0198941929358634, "IBRANCE": 1.2627360356307038, "IBRUTINIB": 0.848266688051723, "IBUPROFEN": 0.6728658595568867, "ICLUSIG": 1.2323309071690431, "IKERVIS": 3.13751735246158, "ILOPROST": 4.235997881048182, "IMATINIB": 1.9396107400187288, "IMBRUVICA": 1.8876382831581349, "INCRUSE": 4.193899556667789, "INFLIXIMAB": 2.1717322217431403, "INLYTA": 1.5235198653506112, "INSULIN": 0.1794165911122244, "INVEGA": 2.687984012338703, "INVOKANA": 1.558542281213725, "IPILIMUMAB": 0.9700986989211142, "IRBESARTAN": 0.2902186893029693, "IRESSA": 0.4138024882088316, "IRINOTECAN": 1.9778453558443796, "IRON": 0.7214652601617085, "ISENTRESS": 0.7058098460112687, "JAKAVI": 5.160840334755516, "JANUMET": 0.1849167774805586, "JANUVIA": 0.3126879892785704, "JARDIANCE": 0.2142643009954516, "KALETRA": 0.2266427534379817, "KEPPRA": 0.8903003317487894, "KETOCONAZOLE": 1.924504226710908, "KEYTRUDA": 5.992439118742416, "KIOVIG": 0.4552744661206455, "KISQALI": 0.7757629828275331, "LACOSAMIDE": 2.025920702086735, "LAMIVUDINE": 0.7296421244443622, "LANTUS": 0.0988560922264894, "LATUDA": 2.1191594548135377, "LEFLUNOMIDE": 0.2037354604565311, "LENALIDOMIDE": 1.051622923429774, "LENVATINIB": 4.717998904059279, "LENVIMA": 1.668073462924764, "LEVETIRACETAM": 1.235607007011697, "LEVODOPA": 1.05767619988618, "LEVOFLOXACIN": 1.3553234907326372, "LIXIANA": 0.6926343400353446, "LOPINAVIR": 0.8646576200562409, "LOXAPINE": 2.804075252826336, "LURASIDONE": 1.80234203573179, "LUTATHERA": 1.30801058181792, "LUTETIUM": 3.069725337517337, "LYNPARZA": 2.2282228490334064, "LYRICA": 1.6288854500681356, "MABTHERA": 0.3917126611212104, "MACITENTAN": 1.7046769617699569, "MEKINIST": 5.586566709570676, "MELATONIN": 0.5868905881904487, "MELPHALAN": 4.750272960421307, "MEMANTINE": 1.3733353149555132, "MEPOLIZUMAB": 1.2799482320005882, "MERCAPTOPURINE": 1.5880027065706108, "METHOTREXATE": 2.3928740975055813, "MICAFUNGIN": 2.081380045692739, "MICARDIS": 0.1216891214004658, "MIDAZOLAM": 1.4063854794688184, "MISOPROSTOL": 2.333179381335308, "MITOTANE": 5.657312224280502,