{"VIAGRA": 21.43258406191056, "XTANDI": 16.770769596990146, "null": 0.5315602473049383}