{"OLANZAPINE": 11.506893293653528, "ZYPREXA": 7.695042052797245, "null": 2.6228865482311337}