{"DARZALEX": 214.1076754529604, "null": 2.6942395959759136}