{"COMIRNATY": 1.1969894723546444, "null": 1.181174239710313}