{"ADCIRCA": 7.579080276744194, "ALEMTUZUMAB": 6.161411891175391, "ANORO": 150.9443917057108, "APIXABAN": 24.01674833110748, "AZATHIOPRINE": 11.909114882528094, "BUSULFAN": 10.699623431443188, "CANCIDAS": 7.533468878919313, "CEFUROXIME": 50.65044261465893, "CELLCEPT": 3.917607016456537, "CICLOSPORIN": 2.714221649880832, "CLOPIDOGREL": 7.8377983299823635, "COMIRNATY": 0.0903994662340581, "CYTARABINE": 2.0754669119067217, "DEFITELIO": 106.68041045205912, "DEXAMETHASONE": 1.1936861843155335, "EFIENT": 61.38074092182914, "ELIQUIS": 7.38926120452117, "ENOXAPARIN": 5.426935522074787, "EPTIFIBATIDE": 105.89690505423144, "FENTANYL": 1.304842275998631, "INTEGRILIN": 36.71392107007821, "IRESSA": 5.783167906744686, "JAKAVI": 2.982980934284573, "KEYTRUDA": 0.6887243367572855, "LEMTRADA": 4.6561172992204565, "LEVOFLOXACIN": 1.6073868712003554, "NEXAVAR": 1.004832794397346, "OPSUMIT": 3.1554667951821656, "PLAVIX": 3.402200048721525, "RITUXIMAB": 1.8787355704364677, "SOLIRIS": 1.7502785715844065, "SPIKEVAX": 0.0504235912404714, "SPRYCEL": 2.1635207220795505, "TAGRISSO": 4.041715289510191, "TICAGRELOR": 14.28467889812784, "TRACLEER": 1.5952230592904575, "XARELTO": 9.978223399768538, "null": 0.9370534854674089}