{"ET3620": 253.5073240712776, "FA5831": 373.5352457193685, "FD0810": 670.4359792580774}