{"013M20A": 0.7390336981328772, "023C21A": 3.0669580252095088, "027B21A": 1.728944483615796, "030L20A": 0.6592129536756232, "032B21A": 1.7760458243681174, "205A21A": 0.8394430979708636, "EE8492": 1.9216824573394455, "EJ1685": 1.466697548847211, "EJ1686": 1.2092794496371135, "EJ6134": 2.420775109957459, "EJ6136": 1.0798600543696817, "EJ6788": 7.814199219945141, "EJ6789": 5.800284810793644, "EJ6795": 3.704213236873306, "EJ6797": 1.6681730337905647, "EK1768": 1.5634006762999455, "EK4176": 1.2491265664789777, "EK9788": 4.604407323606279, "EL0725": 5.016659929750223, "EL1484": 2.1542710332978414, "EL1491": 1.7193830547338034, "EL3249": 0.8890673217449144, "EL8723": 3.6496688317261055, "EL9261": 0.9962598206055712, "EM0477": 5.637529008172737, "EM6950": 4.6371457706355805, "EN3924": 2.082518344984878, "EN5318": 0.6432454789288576, "EN6200": 0.6755363345159513, "EP6955": 0.7043209630150944, "EP9598": 3.4539776663534285, "EP9605": 0.8543919680412805, "ER2659": 3.155610219008298, "ER7449": 1.5725272178669991, "ER7812": 9.825686061201573, "ER7934": 1.645191987462043, "ER8734": 0.8419861947791165, "ER9470": 6.570665865159771, "ER9480": 4.991195091966173, "ET1831": 5.6616820872559455, "ET3045": 2.3789652145597664, "ET3620": 1.2217220437170002, "ET6956": 7.693262610409101, "ET7205": 4.9787319186231205, "EW0150": 0.715588589966598, "EW0173": 0.9798028902231974, "EW0217": 1.2241299287025542, "EW2239": 5.719825560748328, "EW2246": 4.7230695424752005, "EW4815": 2.361786292912473, "EW6126": 1.916157307477073, "EW8904": 5.938323818949824, "EW9127": 3.743222676791985, "EX0893": 2.456780773502979, "EX3510": 1.8538303431265708, "EX3599": 1.8183900020567447, "EX6537": 6.000095793760323, "EX7389": 3.3661627320889784, "EX7823": 2.7661086194612268, "EX8679": 2.4508294608613896, "EX8680": 4.771997884138092, "EY2172": 2.4015642641741346, "EY3014": 1.3295325237855795, "FA4598": 3.620894075899968, "FA4632": 4.881386877216833, "FA5831": 10.932738899103466, "FA5833": 1.3563231807552032, "FA8016": 4.142229305098314, "FC0681": 4.287179259102489, "FC1440": 7.467916749685393, "FC1526": 9.48770973258601, "FC2336": 1.4212292796052493, "FC2473": 0.6822934613697632, "FC3095": 8.59357298521403, "FC3098": 7.469316431043951, "FC3143": 6.771435127883422, "FC5089": 2.129678735985499, "FC5435": 3.8933605876361415, "FC8889": 5.408597251558395, "FD0168": 1.7582181920706457, "FD0785": 2.4377468936552957, "FD1921": 0.3833794343565008, "FD4555": 0.2828190736203081, "FD5613": 2.183139026854249, "FD5996": 8.209402391346472, "FD6840": 0.2149497222008644, "FD7958": 8.905521060283984, "FD7959": 8.782795652098176, "FD9234": 4.722965581437205, "FE1248": 9.98184243439718, "FE1573": 8.884559018041374, "FE2296": 5.590987078039324, "FE2707": 1.6415165427477505, "FE4728": 8.22323982198619, "FE6208": 0.6318793729970604, "FE6975": 5.276274589359335, "FE7010": 5.571814985571661, "FE7051": 6.480133213205483, "FE8087": 2.384575049313863, "FE8235": 8.127038375394855, "FE8244": 3.1615811405805263, "FE8405": 2.283602769793217, "FE9174": 4.207600493860552, "FF0680": 0.3714408433901635, "FF0688": 5.446064713374144, "FF0900": 5.59612191041773, "FF2382": 1.9961603811696491, "FF2593": 1.3889738149301636, "FF2832": 5.2751324496032, "FF2834": 2.675175742164098, "FF3318": 1.794761036313898, "FF4213": 7.9222010266337985, "FF8288": 1.368270104428536, "FG3739": 5.73976467988857, "FG4493": 6.218561712496722, "FG6273": 14.72055208675649, "FG7387": 8.596589789835884, "FG7911": 3.97157240644012, "FH0161": 1.6686272610541113, "FH9951": 1.8714230012978403, "FK0596": 1.0905120278877407, "FK6304": 4.770825969129257, "FK9896": 2.609965482296573, "J07BX03": 4.433061050032056, "UNKNOWN": 4.308963749784104, "XD955": 10.566671870399803, "XD975": 2.394456121351165}