{"003C21A": 14.081100672940744, "011A21A": 19.2966775593909, "011J20A": 2.602225774956336, "012L20A": 3.6543266566902406, "023C21A": 18.996829559133527, "025A21A": 8.813990536153417, "026B21A": 9.727031316062297, "026L20A": 2.568294505248108, "028L20A": 3.7551635873792177, "032B21A": 11.000880852429384, "032L20A": 5.855534673179175, "040A21A": 6.754664053334515, "1805029": 5.602039027371254, "3002332": 9.02053346726866, "30155BA": 11.841047419337784, "EJ6790": 15.02309420250944, "EJ6797": 5.153907731263386, "EK4176": 15.70871288147805, "EK5730": 3.246737922702972, "EL1283": 4.686829920069099, "EL1484": 6.655732893920195, "EL3248": 5.786350741957457, "EN6204": 4.960306966948847, "EP2166": 15.657848102446438, "EP9598": 7.096978986089384, "EP9605": 5.292129354285542, "ER1749": 4.447793031995829, "ER2659": 6.483915524628992, "ER8733": 9.914249311966609, "ET3674": 7.918404501430279, "ET6956": 7.846362363850079, "EW0153": 5.640632722846681, "EW0162": 5.755680853290152, "EW0170": 7.5128174718610845, "EW0182": 8.063923343859944, "EW0186": 7.559376146871615, "EW2246": 14.741701905301383, "EW6126": 5.92006809922021, "EW8904": 12.201630533464067, "EX0893": 7.590352539031591, "EX7389": 10.399935605110723, "FC2336": 8.803136582629529, "FC3095": 17.794772343119956, "FD0168": 1.7932076088282702, "FE1573": 9.061366162679011, "FE6975": 10.841300524405002, "FE8405": 14.144703723346046, "FF0900": 11.498499248768768, "FF2832": 10.83895373973195, "FF8222": 11.985563340087326, "FJ1620": 12.1160349496778, "GH9702": 8.812438335747423, "GH9703": 13.268155255468688, "J07BX03": 27.80738295020108, "UNKNOWN": 1.2564929072404156}