{"010M20A": 9.405542656526908, "012L20A": 6.801107944395725, "017B21A": 14.671997622917868, "021B21A": 17.737711237853823, "022M20A": 12.28076703547594, "025J20-2A": 9.353456257180785, "025L20A": 6.597752016764353, "028A21A": 17.53734857978279, "030B21A": 18.45451498769339, "044A21A": 11.545974045633445, "046A21A": 14.341970372648523, "202A21A": 17.663427096502318, "30155BA": 22.0375049193231, "EL8723": 20.985595782425108, "EN5318": 7.415190937652109, "ER7934": 18.965407633243, "ER8727": 9.213368604957806, "ER8737": 10.021310535182996, "EW0164": 10.442415188297542, "EW0169": 10.908029386905923, "EW0179": 21.335327970493783, "EW2239": 10.85707629586488, "EW9127": 21.52353039155392, "EY3014": 15.326555482528208, "FD7958": 16.90399830887238, "FE3592": 15.749104245221078, "FE3594": 23.53411637810277, "FE7010": 21.307033231862, "FE9174": 24.193702839698176, "FF8222": 22.306465105162523, "FF8839": 16.131045017003864, "FG7387": 24.595798565363783, "FK9712": 12.572879210116264, "UNKNOWN": 0.9046748932130992}