{"001B21A": 17.910612945895203, "009C21A": 28.46524295201952, "010A21A": 13.396585379484335, "011J20A": 5.6241653845830495, "012H21B": 33.753073153095244, "018B21A": 17.15198324521748, "020B21A": 21.42256278779066, "025L20A": 15.83460484023445, "026L20A": 5.550830059729781, "031L20A": 10.013889303653444, "041L20A": 8.510486473858093, "042A21A": 15.08374428606814, "042L20A": 10.606808981657178, "043B21A": 21.25004902922141, "047A21A": 18.221481863316964, "1805022": 11.53811019126463, "1808978": 14.784574796074768, "202A21A": 9.971289489960984, "EJ1685": 9.79375460036686, "EJ6790": 15.992326086542308, "EL9267": 21.03520143285676, "EN6205": 8.842331718847278, "ER8737": 11.637650944083475, "EW0177": 16.588738086650626, "EW0217": 16.387545819727745, "FD8448": 20.99845586396599, "FE3592": 18.289282349289, "FK5618": 18.543312608364342, "GJ6739": 41.529780951557306, "UNKNOWN": 0.5107035687493302}