{"1808978": 114.58045466957944, "EW0169": 98.17226448215332, "FK9729": 182.9783769063181, "UNKNOWN": 10.554540420819492}