{"041L20A": 52.76501613792018, "042A21A": 45.25123285820442, "047C21A": 230.69039121482496, "ER8732": 56.27260365956018, "EW0196": 121.246678700361, "FL3209": 277.93749483257545}