{"013F21A": 1208.6630708378282, "022M20A": 442.1076132771338}