{"FE7053": 838.3395708582833, "UNKNOWN": 15.831810631229237}