{"003B21A": 283.2922220347561, "040A21A": 226.28124578670625, "EX3599": 377.3159254267745}