{"207A21A": 74.66034965968237, "EP2163": 78.35978057889822, "ER8732": 46.89383638296682, "EW4109": 47.48579239616976, "EW6126": 66.10742710795901, "FA6780": 100.92940858276236, "FE2707": 113.53822754005272}