{"020B21A": 221.3664821405035, "EN6201": 83.76428678566072, "ER1741": 84.08717910110667, "UNKNOWN": 5.277270210409746}