{"004M21A": 34.69941176470588, "006C21A": 14.90881541232951, "011J20A": 3.0587566126679744, "011L20A": 9.92577019200019, "012L20A": 8.744281642794505, "014M20A": 7.659202311189004, "016B21A": 11.502820099242838, "020B21A": 11.650867481079132, "035C21A": 13.991196838524036, "039K20A": 7.824153167570945, "047A21A": 9.909928732681156, "065F21A": 23.96409960292849, "1805029": 6.584852891822352, "203A21A": 6.536462199362926, "32030BD": 25.95905145787003, "EE8493": 15.56292724948591, "EH9899": 8.702137662337663, "EJ6797": 12.332564928380243, "EK4244": 16.94676328648583, "EK5730": 3.8163410670368263, "EL3247": 5.566600767222248, "EL3302": 9.307598273611031, "EL9262": 6.734409527995713, "EL9265": 11.095019605122769, "EM9809": 10.9708800020905, "EN5318": 14.560738568480502, "EN6205": 4.808987426039748, "EP7533": 5.913996297275853, "EP9598": 8.342063018736642, "ER1741": 9.009340617975711, "EW0151": 6.64071703401102, "EW0167": 8.537148785865229, "EW0170": 8.830855624819169, "EW0176": 8.61977862848252, "EW0182": 9.478646737519584, "EX6537": 8.652769723633307, "EX8680": 11.52535161490662, "FC3181": 18.98066182788405, "FE2296": 13.503378147545266, "FF2588": 11.541176187629278, "FF8841": 9.240310973512212, "FJ8757": 17.516272112247346, "FK5618": 10.084959488759557, "FK9896": 19.00238026584347, "GJ6665": 15.371980145931971, "UNKNOWN": 0.5654218082581871, "XD985": 15.959398360546738}