{"001B21A": 79.31842876039303, "040C21A": 190.41299422227257, "1808982": 98.94618556701032, "203A21A": 53.225477909098124, "207A21A": 63.9945854225849, "EM6950": 137.1270249316522, "FA1027": 68.62958950036797, "UNKNOWN": 2.2616872330327484}