{"006B21A": 40.59176247295059, "007M20A": 24.25316776115949, "010M20A": 26.046118125766824, "012M20A": 24.026546199701937, "015M20A": 34.27524022506102, "022C21A": 91.49237846371604, "038B21A": 58.04860391181146, "044A21A": 31.973466587908003, "045A21A": 44.30223078242286, "076C21A": 55.91071131378357, "1805031": 33.83852202843028, "EN6202": 22.84785067873303, "FC3180": 41.19498221077168, "FG6273": 57.74985818650623}