{"032L20A": 392.3208231030048, "EL3248": 387.6854997111497}