{"1808978": 65.47454552547397, "EJ6795": 72.84952699184169, "EJ6797": 49.33025971352098, "EN6203": 45.718566384469625, "EN6205": 39.15889761203795, "EN6208": 41.46596165739023, "EW0177": 73.46441152659563, "UNKNOWN": 2.2616872330327484}