{"FF0688": 249.91385851372465, "FH4751": 233.52645116440732, "UNKNOWN": 15.831810631229237}