{"018B21A": 53.17114806017419, "026A21A": 47.63088819523269, "027L20A": 39.52394581861013, "030A21A": 44.65882118147951, "EL0140": 51.25205312166082, "EL3249": 36.89629385241395, "EM0477": 28.75139794168096, "ER8730": 36.51775334712093, "FE4728": 113.2066015493432, "FL3209": 138.96874741628773, "FM7553": 105.35683385579938}