{"EN3924": 172.84902263374488, "EW4109": 56.9829508754037, "FG7911": 164.42309762662097, "FK0596": 90.51249831468247, "FL1939": 158.82023162372963, "UNKNOWN": 3.1663621262458475}