{"037K20A": 66.30731639759418, "039B21A": 200.950538277512, "EK9231": 49.332493220139135, "FE6208": 21.74718175398216, "FG3739": 197.5435677328316}