{"1802070": 241.00595238095235, "EP7534": 83.10992169689762, "FC0681": 88.10153377455615, "GH9702": 147.60834212376935, "UNKNOWN": 3.957952657807309}