{"001A21A": 0.7207318402758105, "001B21A": 1.050244012590324, "001M21A": 1.500524206931942, "002A21A": 0.959044101152374, "002B21A": 3.330070646925976, "002C21A": 1.0115294146690548, "002M21A": 0.7411188341835475, "003A21A": 1.2356261247408404, "003B21A": 1.4298661049072867, "003C21A": 1.1889524197694137, "004C21A": 1.364570138171613, "004M20A": 1.1424812914995244, "004M21A": 2.492585344156566, "005C21A": 3.553242229140933, "006B21A": 2.00009947750483, "006C21A": 1.0709546042883202, "006M20A": 0.4127232290962708, "007B21A": 1.9614918605747096, "007C21A": 0.9313260984611276, "007M20A": 0.5963893711760531, "008C21A": 1.796671447523091, "009C21A": 1.1120636818054253, "010A21A": 1.3109032410480252, "010M20A": 0.4267164910333569, "011A21A": 2.1155961060264112, "011F21A": 0.7936836925610999, "011J20A": 1.215361467771115, "011L20A": 0.3502477194404604, "011M20A": 1.7137138331300237, "012A21A": 1.9578636474075517, "012L20A": 1.2389115041024472, "012M20A": 0.5908167098287361, "013A21A": 0.9529877840165072, "013F21A": 2.2862479271837857, "013L20A": 1.1922746004740743, "013M20A": 1.1624724626347849, "014C21A": 1.5913533939592777, "014F21A": 3.0327906533476043, "014M20A": 0.274920989759303, "015M20A": 1.6888621210074282, "016B21A": 1.2402157862361445, "016C21A": 3.257180338850588, "016M20A": 0.2615851401914906, "017B21A": 1.667272457149758, "017C21A": 1.2764786068846752, "017F21A": 1.5931502502587187, "018B21A": 1.6783821988691343, "019B21A": 0.8316547884766082, "020B21A": 1.6759607480669034, "020F21A": 0.9404781753869256, "021B21A": 0.8047354814905325, "021C21A": 2.527206415930036, "022C21A": 0.7489930226878517, "022M20A": 0.8362691297802027, "023C21A": 0.8015035141448023, "023M20A": 1.6785887326894968, "024C21A": 3.6711129190116663, "024M20A": 1.692483424734372, "025A21A": 0.3718749155681857, "025B21A": 0.779789409066573, "025J20-2A": 1.7038554092777138, "025J20A": 1.5082179430225973, "025L20A": 1.2018675400557457, "026A21A": 1.20204134246644, "026B21A": 3.297715866799108, "026C21A": 2.512259333570161, "026L20A": 0.325490035028291, "027A21A": 0.5669662036752001, "027B21A": 0.9042368754890426, "027C21A": 2.027874282749175, "027H21B": 2.202235878449771, "027L20A": 1.4980649078437194, "028A21A": 2.7935599507618605, "028L20A": 0.4759066084887911, "029K20A": 0.6452342646065, "029L20A": 0.8321893514280629, "030A21A": 1.9760540345787392, "030B21A": 0.8372558784586792, "030H21B": 3.208857136091709, "030L20A": 1.3843055067698096, "030M20A": 1.7521575626434631, "031A21A": 1.2793386587510975, "031B21A": 2.0571688705055995, "031H21A": 1.5471464413885097, "031L20A": 1.1766161784456983, "031M20A": 1.7185858561207152, "032B21A": 0.4641429578795772, "032H21A": 2.708208912739451, "032L20A": 1.4870024880720332, "032M20A": 0.4344563068774693, "033B21A": 3.917039652093874, "033C21A": 0.91803197659812, "033F21A": 1.6058426764466598, "034C21A": 1.13040811962651, "034F21A": 2.972169449485917, "035C21A": 1.5085086124764246, "036A21A": 2.327109698251751, "036B21A": 0.5341932710425388, "036C21A": 1.8696742230979757, "037B21A": 1.7893239836851655, "037C21A": 2.029818502896513, "037F21A": 1.810507919581644, "037K20A": 1.173580821196357, "038A21A": 1.3940504700725411, "038B21A": 0.4752089740891367, "038C21A": 1.8460327854449208, "038K20A": 1.9256557939059329, "039A21A": 1.1561346532991146, "039K20A": 0.9999181804774864, "040A21A": 1.428543218350418, "040B21A": 1.1800021876036415, "040C21A": 0.8393519896447783, "041A21A": 2.2570671239238385, "041B21A": 1.2351169819378542, "041C21A": 3.04149718418347, "041J21A": 5.214984612711885, "041L20A": 0.6658046200368477, "042A21A": 1.1448762266465382, "042B21A": 1.419020327430051, "042L20A": 0.6219629478525331, "043A21A": 1.698640140760093, "043B21A": 2.079392423945277, "043L20A": 2.1755297901045747, "044A21A": 1.0489717744928808, "044B21A": 1.5825994571524746, "045A21A": 2.9142517402732304, "046A21A": 1.629769360528241, "046B21A": 2.007366050090813, "047A21A": 1.78303641970589, "047B21A": 1.0863584091239007, "047C21A": 4.371896232750947, "048A21A": 1.6984929971740932, "048B21A": 1.1353449863248817, "048C21A": 0.7556836933912592, "050C21A": 2.9968435521463133, "052E21A": 2.167667224594334, "054C21A": 0.978766430149375, "058H21A": 2.288718920140865, "062E21A": 2.633021860534334, "065F21A": 0.8601723409111611, "067F21A": 0.92525921024819, "068H21A": 2.146428459705217, "070H21A": 0.9553422441779048, "076C21A": 0.9159914897028184, "088D21A": 0.9160443917873884, "1802068": 2.865856509527011, "1802070": 0.6070678901283435, "1802072": 2.338423229740554, "1805018": 0.4340552438816953, "1805020": 0.91859389504833, "1805022": 1.1290448735139005, "1805025": 3.4269792900292333, "1805029": 0.947221740905676, "1805031": 1.1101597132355678, "1808609": 0.5831811021761629, "1808978": 0.8669391273864777, "1808980": 0.9672397143909606, "1808982": 1.7479452339913495, "1820095": 3.703183076831987, "1822809": 0.6116344039836346, "1822811": 1.1790118908784206, "201A21A": 2.5326829953429613, "202A21A": 0.3895525824685451, "203A21A": 1.4121731346696913, "204A21A": 2.134572025530064, "205A21A": 1.541455246273931, "206A21A": 1.031427641691706, "207A21A": 0.5645395059333261, "211D21A": 0.8765685706984578, "213D21A": 2.4333613723988456, "3002339": 0.7796405824531129, "3002545": 0.7839754174829742, "301308A": 2.295114806862373, "30135BA": 4.675384214156144, "30145BA": 2.1030750838716137, "30155BA": 4.014422148491495, "32030BD": 2.798863681775394, "939902": 2.020455302816548, "AS7146B": 1.2678935579722168, "AS7147B": 1.1888334320995335, "EH9899": 0.4608950590393213, "EJ1685": 1.3433911177494366, "EJ1686": 1.9021515032194645, "EJ1688": 0.7874781190026388, "EJ6788": 0.2875141670526774, "EJ6789": 0.6008612620633115, "EJ6790": 0.937759348075936, "EJ6795": 0.6426549325052197, "EJ6796": 0.7351541243070681, "EJ6797": 0.2174507669991479, "EK1768": 1.2272596733880408, "EK4176": 1.3082335018013267, "EK5730": 1.1007283533009442, "EK9231": 0.7479341991682497, "EK9788": 0.1311218710262913, "EL0140": 1.2934272081176232, "EL0142": 0.8265573343634816, "EL0739": 0.7395291179061572, "EL1283": 1.788707874558017, "EL1284": 1.2098733942484992, "EL1491": 0.8992362542086055, "EL3246": 2.771966991090178, "EL3247": 1.2026389528679775, "EL3248": 1.7154225650935826, "EL3249": 0.6979122418489396, "EL3302": 0.334088854909212, "EL8723": 0.4757439849920049, "EL8982": 1.5557437882689484, "EL9261": 2.092082608735292, "EL9262": 0.241726286584229, "EL9263": 2.177326219143533, "EL9264": 1.0191796763076146, "EL9265": 3.6023702895113794, "EL9266": 0.3721371042984268, "EL9267": 2.058368827078786, "EL9269": 2.891120296219753, "EM0477": 0.5438473759460459, "EM4965": 0.2687540358640977, "EM9809": 2.370209071835092, "EM9810": 2.0377654597095303, "EN3924": 1.089155782191209, "EN5318": 1.1811808573251146, "EN6198": 2.844992932861791, "EN6199": 1.2057365693593494, "EN6200": 1.7754754833699795, "EN6201": 1.7517246285974672, "EN6202": 1.5029579194106486, "EN6203": 1.416061790669413, "EN6204": 2.1047534311942537, "EN6205": 1.91079538411085, "EN6206": 2.1381143359640067, "EN6207": 2.017590481847443, "EN6208": 1.100170808345161, "EN9581": 0.6526030489230437, "EP2163": 0.8893291616772813, "EP2166": 0.6511770477387934, "EP6955": 0.7376484533785848, "EP7533": 1.9201772787990583, "EP7534": 1.2600367155562493, "EP9598": 0.5992408217618004, "EP9605": 0.2232825357286721, "ER1741": 0.1588548723572544, "ER1749": 0.1876587740199751, "ER2613": 1.246438982672715, "ER2659": 0.5474761690613011, "ER7812": 2.03828743023538, "ER7934": 0.8604343727747297, "ER8727": 0.8370505231002676, "ER8729": 0.8520082111008623, "ER8730": 1.847830656400806, "ER8731": 0.7738387779576229, "ER8732": 1.7819063856732165, "ER8733": 1.2400640327033403, "ER8734": 1.3244129027163614, "ER8735": 1.2684177725041097, "ER8736": 1.842384000527021, "ER8737": 0.6824095446404562, "ER9470": 0.3401188501990763, "ET1831": 0.2930669191262208, "ET3045": 0.6217069043087551, "ET3620": 0.959044101152374, "ET3674": 1.3388847989800092, "ET6956": 0.6625157887560873,