{"001B21A": 16.330264744786803, "025B21A": 18.19890870865664, "027A21A": 13.231990665184451, "031H21A": 36.10766768358184, "032B21A": 21.678206385669668, "036B21A": 24.949968071045635, "040A21A": 13.31066151686507, "042A21A": 6.6545930673830025, "043B21A": 19.375044703113645, "1805031": 12.938258422635109, "201A21A": 9.789316381509437, "206A21A": 12.020682441774664, "3004675": 26.125312932468784, "301308A": 26.748213006447507, "EJ1685": 8.929599782687433, "EJ6136": 13.180644781276996, "EJ6790": 14.581238490670929, "EL9269": 14.92800675825886, "EN1185": 23.800868468774794, "EN6201": 7.39096648108771, "EN6205": 8.06212597894899, "EP7534": 9.777637846693835, "ER2613": 8.285153237765694, "ER2659": 12.777127651474776, "EW0164": 11.05667490525622, "EW0167": 14.312278846891706, "EW0172": 10.693826940118196, "EW0175": 16.093013447842882, "FC2336": 17.347357383417012, "FC3183": 14.82471277056086, "FC3184": 13.29987875522026, "FD5996": 33.2400312512362, "FF2589": 16.316751051982, "FM0698": 23.75504100678733, "UNKNOWN": 0.4656414891538011}