{"003C21A": 188.686749017406, "047C21A": 230.69039121482496, "EW0182": 108.05657280772326, "FD0809": 146.5105538595726, "FG3527": 146.38270152505444, "FK9896": 216.62713503061556}