{"003C21A": 34.94199055877888, "012A21A": 19.131470085470088, "012H21B": 38.753528435035285, "017F21A": 46.82091568815901, "025J20A": 17.696423864798476, "029A21A": 21.045077395500407, "033B21A": 57.48618378304435, "EJ1685": 11.244681207828618, "EJ6788": 16.910092491838956, "EL0142": 145.6577702556091, "EN5318": 32.033624850657105, "EN9581": 38.382727469992346, "EP7534": 12.31258099213298, "EW0182": 20.01047644587468, "EW0198": 28.857976018690305, "FE3594": 31.378821837470355, "FH8020": 20.95273659778377, "FJ8762": 34.033320167309775, "FK9729": 27.107907689824906, "FK9896": 40.11613611678066}