{"001A21A": 2.094874414867603, "001B21A": 1.01504387810375, "001C21A": 3.3430539223586475, "001M21A": 4.361413766302183, "002B21A": 2.4106418007280075, "002C21A": 1.4673648821570289, "002M21A": 6.478330506514531, "003A21A": 1.1942126958189965, "003B21A": 1.035803371242253, "003C21A": 3.455801264055054, "004M20A": 0.6616783786966167, "006B21A": 0.9647036785161932, "006M20A": 1.198180050831587, "007B21A": 1.8956298017642037, "007M20A": 1.735547784743523, "008B21A": 4.0141432309674885, "008C21A": 1.736453940141147, "009C21A": 3.232316965247638, "010A21A": 2.2860228262239324, "010M20A": 1.8638506548713876, "011A21A": 0.7643412805365074, "011J20A": 1.2819788744270186, "011L20A": 0.5080833005045801, "011M20A": 2.4888155943530528, "012A21A": 0.9443321614400226, "012H21B": 1.9128798313454345, "012M20A": 1.7193308289694964, "013A21A": 0.9210473037478244, "013L20A": 0.4307555172188096, "013M20A": 1.1234395044877072, "015M20A": 2.4527236124355585, "016B21A": 2.4016877130287244, "016M20A": 0.7594098768264848, "017B21A": 3.8837640766547294, "017F21A": 4.630640013114627, "019B21A": 2.417282324747944, "020B21A": 2.432598704840698, "021C21A": 5.512324086122622, "022C21A": 2.17440753204444, "022M20A": 2.433619889598902, "023C21A": 2.3268511525812543, "023M20A": 2.437803636557315, "024M20A": 1.4011034944687475, "025A21A": 2.163140534513842, "025B21A": 1.1311935943223503, "025C21A": 4.632383543218757, "025J20-2A": 1.8535289463771092, "025L20A": 0.8700332329799149, "026A21A": 1.7447211793125526, "026B21A": 1.1914279674153083, "026C21A": 2.4280580761988277, "026L20A": 0.6303140360865319, "027B21A": 1.3117220488127157, "027L20A": 1.447763583099272, "028A21A": 1.1541947877005128, "028L20A": 0.4599560518362113, "029A21A": 4.178066835871404, "029L20A": 0.9657054451736644, "030A21A": 1.63585425573185, "030B21A": 1.214556745076713, "030H21B": 3.7236847645196103, "030L20A": 0.5001341421853448, "030M20A": 2.911673596745755, "031A21A": 0.92676040864739, "031L20A": 1.1371083092060688, "031M20A": 0.8289218190856465, "032B21A": 4.057205598785883, "032F21A": 7.194274972534137, "032M20A": 2.5271670890894558, "033B21A": 2.8375264390168145, "034C21A": 6.575414263615011, "036A21A": 0.840758782663624, "036C21A": 2.7122239415507194, "037C21A": 1.9617868041400792, "037F21A": 5.262410381641151, "037K20A": 1.4599776087543672, "038B21A": 2.7642192338957843, "038C21A": 5.365666722529467, "038K20A": 2.7950223748543075, "039B21A": 1.4694737716819888, "039K20A": 0.7895934389291779, "040A21A": 0.827353732309712, "040C21A": 2.436729359334384, "041A21A": 3.279800664451827, "041B21A": 1.791709918039648, "041C21A": 2.203278353259049, "041L20A": 1.452248150584959, "042A21A": 2.504680785509469, "042B21A": 2.058487440248164, "042L20A": 1.8099692390717752, "043A21A": 0.8925921219178912, "043B21A": 3.626155155445123, "044A21A": 0.7598812900234078, "045A21A": 2.1096300372582317, "045B21A": 1.9871893262319933, "045J21A": 2.8362161692463568, "046A21A": 1.891248840349256, "047A21A": 1.0326616778113815, "047B21A": 4.745093931962286, "047C21A": 2.108687305437157, "048A21A": 3.704740459432483, "050E21A": 3.097991426844371, "051F21A": 5.264661802498484, "058H21A": 4.43212235328866, "059H21A": 6.248296266561106, "065F21A": 2.497173084765857, "066H21A": 2.2658864657315583, "067F21A": 5.382093867670792, "1802068": 3.5652306668978238, "1802070": 7.088410364145658, "1802072": 4.528375143307104, "1805018": 2.5325208530891565, "1805022": 1.3101883367370093, "1805025": 1.8007903162391374, "1805029": 2.066073109177288, "1805031": 0.8042061908036447, "1808609": 1.695070346435111, "1808980": 1.873067383423765, "1822809": 3.5577854707912517, "201A21A": 1.832128937456812, "202A21A": 0.565100501259215, "203A21A": 2.05088997447901, "204A21A": 0.8819255535096793, "205A21A": 1.2760765042414226, "206A21A": 3.005170610443666, "207A21A": 2.4658464107785, "213D21A": 4.7122236100422095, "301308A": 3.331279275528261, "30135BA": 2.2550680106670247, "30145BA": 3.052540300308157, "30155BA": 1.45036595447099, "33130BA": 2.3128282436996823, "939902": 2.930952984981592, "AS7140C": 2.6041218665757757, "AS7146B": 3.680831755136893, "AS7147B": 3.451311682219487, "EH9899": 0.8925269397269396, "EJ1685": 2.232399945671858, "EJ1686": 0.9174606427777005, "EK5730": 2.003051941262423, "EK9231": 1.0862200342048984, "EL0140": 2.82121393330243, "EL1283": 1.1502476360609144, "EL1284": 1.7570913606379577, "EL3246": 0.6143467835688539, "EL3247": 1.7465848278807417, "EL3249": 1.351512595326518, "EL3302": 0.9698959809795772, "EL8982": 2.25939671268784, "EL9262": 0.7017574828075972, "EL9264": 3.96181119270558, "EL9265": 1.156153779692866, "EL9266": 2.164665646981325, "EL9267": 1.1921229331235093, "EL9269": 1.859165676852752, "EM9809": 2.290623297139774, "EN1185": 1.479395846322382, "EN5318": 0.4880198788948371, "EN6198": 1.6433096793851223, "EN6199": 1.399184414553267, "EN6200": 1.0269142081469589, "EN6201": 1.8477416202719277, "EN6202": 1.6349838100377767, "EN6203": 1.7616328331630495, "EN6205": 1.0040742977445627, "EN6206": 1.2366602697755191, "EN6207": 3.430711849832706, "EN6208": 0.5306430193815934, "EN9581": 5.704588853338312, "EP6955": 3.2357180773202674, "EP7534": 0.6077507985147906, "EP9605": 0.648213284711392, "ER2613": 1.0318505863884015, "ER8729": 3.1087316173914976, "ER8730": 0.6676006096365801, "ER8731": 3.0081085829431125, "ER8732": 1.0306337666586114, "ER8733": 2.405663435991898, "ER8734": 1.9234363532110093, "ER8735": 0.7346156313149943, "ER8736": 0.7612043585358441, "ER8737": 1.9858743812839696, "ER9470": 0.9874017077077388, "EW0150": 1.6346932009328703, "EW0151": 2.0836011244328154, "EW0153": 2.778841120814174, "EW0161": 0.8438871995060565, "EW0162": 1.4125663632616856, "EW0164": 1.3770217830722034, "EW0167": 3.5780697117229265, "EW0168": 1.025576131021133, "EW0169": 2.1615911445611737, "EW0170": 2.770782223567116, "EW0171": 0.7429995135698944, "EW0172": 2.673456735029549, "EW0173": 1.4894439540022963, "EW0175": 2.004258085079333, "EW0176": 1.7997339993534929, "EW0179": 0.6825744780322508, "EW0180": 4.201568427268815, "EW0181": 1.1609704941061143, "EW0182": 2.9740341139740343, "EW0183": 2.670482844567005, "EW0185": 3.6169446240034473, "EW0186": 2.787953404626045, "EW0187": 0.882306700881908, "EW0191": 1.8744976001491775, "EW0196": 3.337064551386083, "EW0198": 1.4244339168274922, "EW0217": 3.735396473614412, "EX0893": 0.929714113555972, "FA6780": 2.218228760060711, "FA7485": 2.1183641569382914, "FC3180": 0.9790397965996926, "FC3182": 3.1470035891332664, "FC3183": 1.8463012241724148, "FC3184": 2.489151620243058, "FD0809": 2.6833434772815496, "FD8448": 2.3844400431609736, "FE3590": 2.0973790631079634, "FE3592": 3.1209234100621583, "FE3594": 1.548863235121937, "FF2587": 2.9597208776195267, "FF2588": 3.621176381806617, "FF2589": 1.0142039045107645, "FF2590": 1.965119824522285, "FF2593": 1.0537918339963763, "FF8839": 2.127170771473037, "FF8841": 1.9292956977662865, "FH8020": 2.072248674506087, "FH8028": 2.825219393401212, "FH8030": 2.935891319240556, "FJ1620": 2.9735323869172623, "FJ4989": 6.273855544252289, "FJ6369": 1.3774142881332376, "FJ8757": 1.825278812427968, "FJ8762": 3.365932763799868, "FK5127": 1.6345464780721364, "FK5618": 3.164271692803457, "FK9729": 1.3380502881632037, "FK9893": 2.573750031604037, "FK9894": 1.1222884700015403, "FK9895": 3.0885858599785823, "FK9896": 3.967529945615669, "FL0007": 1.4415048780079691, "FL3197": 5.636735823423846, "FL3209": 2.540562109986978, "FM7553": 1.9260847139999888, "FM9992": 2.882870545555015, "FN2908": 2.9211956332849067, "FP4554": 5.987321635343368, "GH9693": 1.0213031137004462, "GH9694": 1.8327917983655688, "GH9702": 4.341421827169687, "GH9703": 3.2562871872395687, "GJ2524": 5.542177402852862, "GJ5342": 5.859779621051457, "GJ6665": 4.823135054962142, "UNKNOWN": 0.1457809450389432}