{"008C21A": 32.75311397438646, "011A21A": 14.417057946671363, "011J20A": 6.012038859381881, "011L20A": 9.58350225434501, "011M20A": 15.59085630945303, "013M20A": 10.575827059487729, "022C21A": 41.01382482856236, "028A21A": 21.7705016852476, "029K20A": 35.332138351555926, "030L20A": 9.43356468190978, "030M20A": 13.654745143359404, "031L20A": 10.70450235907782, "032L20A": 13.5283042449312, "038K20A": 26.3117623563871, "1805018": 11.876649517935354, "1808982": 23.883562033416283, "EL9261": 14.2568215707349, "EN6198": 10.29429626741255, "EN6199": 13.171632592173856, "EN6200": 9.66715789048689, "EP7533": 11.62406168774909, "ER2613": 9.713627933932194, "EW0167": 16.77991313083855, "EW0177": 17.732788989178253, "EW0191": 17.64613258071467, "EW0196": 20.90459977592431, "EW0217": 17.517721393502068, "FJ8762": 31.686194638529795, "FK5618": 19.822161753768786, "GJ3277": 33.48256931921211}