{"020B21A": 36.89441369008392, "022M20A": 24.56153407095188, "032M20A": 38.328700851190064, "035C21A": 44.3054566553261, "039K20A": 7.969044892896331, "041B21A": 54.44807362042709, "052E21A": 63.66518922604841, "EN6198": 16.585255097498, "EN6207": 14.730278656821378, "EW0164": 20.884830376595083, "UNKNOWN": 14.248629568106312}