{"011L20A": 277.9215653760053, "EN9581": 1036.3336416897932}