{"003A21A": 14.846235104840709, "011M20A": 10.275791658503136, "013M20A": 6.970431471026002, "025L20A": 5.398160740989017, "027B21A": 16.307090015921712, "030M20A": 8.999718389941425, "207A21A": 10.180956771774868, "EK9788": 4.7323075270397865, "EL1491": 16.216908357148373, "EL3247": 7.2112782666288195, "EL9264": 12.245598231999066, "EM0477": 6.534408623109309, "EM4965": 9.699577476186072, "EN6199": 8.681303299387316, "EN6200": 6.371535882366358, "EN6205": 6.229824620096946, "EP9598": 10.80676345609065, "ER1741": 5.733216756893636, "ER7449": 14.831790804881926, "ET1831": 21.64605895685761, "ET3620": 11.52306018505807, "ET3674": 12.057570490814287, "EW0169": 8.924751316559393, "EW0172": 8.263411726454969, "EW0186": 11.510868223645414, "EW2246": 11.056276428976036, "EW4815": 11.111130968929134, "EW6126": 9.01464915108532, "FA5833": 12.792593636668396, "FC1526": 36.27394139621256, "FC3095": 27.312906387114342, "FE3594": 19.255186127538625, "FE7010": 17.43302718970527, "FE9174": 40.51038615019229, "FF8288": 12.905274848587329, "FG6273": 17.062458100558658, "FJ8757": 22.691534327229515, "UNKNOWN": 1.5445668908516328}