{"001A21A": 1.3771259053360816, "001B21A": 2.103864627816144, "001C21A": 2.8274986186696034, "001M21A": 2.456669789959758, "002A21A": 1.7459182098572836, "002B21A": 1.1311536809878755, "002C21A": 0.8271885165302936, "002M21A": 1.6177274346164583, "003A21A": 1.5729757180223385, "003B21A": 1.1690187979425977, "003C21A": 1.2968161444495256, "004C21A": 1.4883661919438835, "004M20A": 1.4966426181132293, "004M21A": 0.6789792209365723, "005C21A": 1.9336873775373085, "006B21A": 0.7253510819908696, "006C21A": 0.8757840726583119, "006M20A": 1.3522788606703122, "007B21A": 0.8894928426978819, "007C21A": 2.034431546122242, "007M20A": 0.7592150898746176, "008B21A": 0.7526518558064043, "008C21A": 0.6523628470173128, "009C21A": 2.1248564570306967, "010A21A": 1.430076262961482, "010M20A": 1.6346184478929524, "011A21A": 0.8626437698489742, "011F21A": 2.600487696947098, "011J20A": 0.7812956394301859, "011L20A": 0.8610306672578477, "011M20A": 1.0887319679459806, "012A21A": 1.0657834091630514, "012H21B": 2.880510028206339, "012L20A": 0.5895697289259453, "012M20A": 0.4293403444620277, "013A21A": 1.3869590506539848, "013F21A": 1.661392537234128, "013L20A": 0.892819823322624, "013M20A": 0.8443192972474715, "014C21A": 1.735723598772078, "014F21A": 4.138234491697618, "014M20A": 0.9007727614947176, "015M20A": 0.9193496346474412, "016B21A": 2.711209148133046, "016C21A": 0.708705172629029, "016M20A": 1.7177003554407464, "017B21A": 1.636394915602544, "017C21A": 2.089860607764078, "017F21A": 3.916517215911408, "018B21A": 1.463761818587039, "019B21A": 1.816704954318482, "020B21A": 1.1414565940555352, "020F21A": 2.566997838629147, "021B21A": 0.877742411770086, "021C21A": 1.7212195639605987, "022C21A": 1.225765290307429, "022M20A": 0.912189023267814, "023C21A": 4.822825830203723, "023M20A": 1.831292876531684, "024C21A": 0.99909237236152, "024M20A": 1.3171530784778516, "025A21A": 0.8117352108897304, "025B21A": 1.27667722715473, "025C21A": 1.7383377419913686, "025J20-2A": 0.5787631922628191, "025J20A": 0.9858392937061048, "025L20A": 0.8179031425740935, "026A21A": 1.1469426122003057, "026B21A": 1.34465838688344, "026C21A": 1.3687541405160686, "026L20A": 0.6520265416354996, "026L21B": 0.9047102116014364, "027A21A": 0.6184023128745997, "027B21A": 0.9862707363581515, "027C21A": 1.104846654909032, "027H21B": 2.0011149898139893, "027L20A": 0.8154871902051607, "028A21A": 2.1740514768325774, "028L20A": 0.6058382258276067, "029A21A": 2.1530788792503, "029K20A": 1.4084288827424356, "029L20A": 0.9989712200676932, "030A21A": 0.767597476477819, "030B21A": 2.0582660433778512, "030H21B": 2.7985297748488747, "030L20A": 1.036619749751712, "030M20A": 2.598882408977904, "031A21A": 0.6968219155053228, "031B21A": 0.4476037762198996, "031H21A": 1.6875061185454052, "031L20A": 1.0689757865470275, "031M20A": 0.9355300585416412, "032B21A": 1.7748239146162303, "032F21A": 4.500550803525143, "032H21A": 2.954071069879484, "032L20A": 1.350967021704562, "032M20A": 2.3757459205283102, "033B21A": 1.0660212652075534, "033C21A": 2.0038966032134904, "033F21A": 2.1901618490210115, "033H21A": 2.463526989500216, "034C21A": 4.322537549971891, "034F21A": 2.0242731941539955, "035C21A": 1.3707429009898071, "036A21A": 1.2660565839421951, "036B21A": 1.4580593235055888, "036C21A": 1.0189467692501673, "037A21B": 0.7610984902061518, "037B21A": 1.4629015719434255, "037C21A": 2.9541565915061896, "037F21A": 2.9641775120798504, "037K20A": 1.0050023842556473, "038A21A": 1.7113709083980035, "038B21A": 1.557012071912412, "038C21A": 2.5177501121528785, "038K20A": 1.3115178898852289, "039A21A": 2.525513688624494, "039B21A": 1.3815781249743002, "039K20A": 0.4444011265573858, "040A21A": 0.9337602989822816, "040B21A": 0.8574952895942157, "040C21A": 1.3736423492503345, "041A21A": 2.92746283832246, "041B21A": 2.0221430367971545, "041C21A": 0.4137292342027807, "041J21A": 2.2709376292881447, "041L20A": 1.0909376182891837, "042A21A": 2.7505959535205884, "042B21A": 5.04581323254212, "042L20A": 0.7917707426968036, "043A21A": 1.768831882113816, "043B21A": 0.905500371004624, "043L20A": 1.1846129898678743, "044A21A": 1.4313190965661295, "044B21A": 2.0146794144371944, "045A21A": 1.5854893328878106, "045B21A": 2.617457148311765, "045J21A": 4.270916020860997, "046A21A": 1.599586368584551, "046B21A": 1.915353141190022, "046C21A": 0.9656409567011826, "047A21A": 1.5550335519967675, "047B21A": 0.888380691487271, "047C21A": 1.9825575044244157, "048A21A": 1.6206380980088204, "048B21A": 1.8587955570470287, "048C21A": 1.6495198695605768, "050C21A": 1.632770138682258, "050E21A": 1.16387452643123, "051F21A": 5.446014258664468, "052E21A": 1.575221176726971, "053E21A": 2.639752718403103, "054C21A": 2.1364688537143746, "058A22-2A": 0.7169537711650281, "058H21A": 3.3309549964151524, "059H21A": 0.5855766840958401, "065F21A": 3.760368003763039, "066H21A": 2.1303538961071884, "067F21A": 2.0196723379713077, "068H21A": 1.7552638091131114, "070H21A": 1.5634663178507515, "076C21A": 2.0009339217596325, "084J21A": 2.1246738555121065, "088D21A": 0.99909237236152, "1802068": 1.559609562460176, "1802070": 0.9934975707905972, "1802072": 1.6993077857358616, "1805018": 1.7821119490520452, "1805020": 1.1693876187164958, "1805022": 1.850714466691291, "1805025": 1.6928917229107594, "1805029": 3.1169822685166007, "1805031": 0.90763573528802, "1808609": 1.75346064427993, "1808978": 1.4199299029620864, "1808980": 2.1144620083033265, "1808982": 3.103792790967921, "1820095": 2.01702583394457, "1822809": 2.0040070843040128, "1822811": 1.6080198271090185, "201A21A": 2.53195319964352, "202A21A": 3.7578496341117296, "203A21A": 2.186341688361297, "204A21A": 0.9953506418909104, "205A21A": 2.286358835060539, "206A21A": 1.831486259656809, "207A21A": 1.852358778599976, "211D21A": 2.8720582330175057, "213D21A": 3.985519246083893, "3003651": 0.4125449009230992, "3004675": 0.3049298454184478, "301308A": 2.1899121759664624, "30135BA": 2.970297699636752, "301458A": 2.4661576208342044, "30145BA": 2.8696401583475444, "30155BA": 3.006149482622097, "32030BD": 1.5249047747494933, "33130BA": 0.8688990723239877, "939902": 1.652247972639915, "AS7140C": 4.413112547040462, "AS7146B": 1.3828399519642036, "AS7147B": 1.2966122872074586, "EH9899": 0.8390490859003256, "EJ1685": 1.465686033296282, "EJ1686": 0.8625833131650088, "EJ6134": 0.1720221241885321, "EJ6136": 0.1538420606122272, "EK4176": 1.0695753612560708, "EK5730": 0.8995097483987559, "EK9231": 0.8159750773834179, "EL0140": 1.942034393173507, "EL0142": 0.3001190321200736, "EL1283": 1.4071798898242625, "EL1284": 0.7686393235676882, "EL1484": 0.1530841413980958, "EL3246": 1.6222991960587183, "EL3247": 0.7640432425599164, "EL3248": 0.6663552762309206, "EL3249": 1.1430865565291757, "EL3302": 1.4605178295824603, "EL8982": 0.9883727163059408, "EL9261": 1.5666297213449647, "EL9262": 1.3218365809082495, "EL9263": 2.3749926984605527, "EL9264": 1.29743524439481, "EL9265": 1.0869991706634543, "EL9266": 1.8308376917842053, "EL9267": 1.1208168518710202, "EL9269": 0.87238265689378, "EM9809": 1.5058070591104606, "EM9810": 0.4433819351895461, "EN1185": 0.5557895109466641, "EN5318": 0.9192385459899308, "EN6198": 1.441201477437757, "EN6199": 1.4473822931117677, "EN6200": 1.8399322962550173, "EN6201": 1.2131379465509482, "EN6202": 1.4338995943204869, "EN6203": 0.660309418207608, "EN6204": 0.9149086490999938, "EN6205": 2.0852248382620484, "EN6206": 1.2792596590202838, "EN6207": 1.7401572713757898, "EN6208": 2.005955297869604, "EN9581": 1.4245135968244582, "EP6955": 1.816739500594874, "EP7533": 2.3296322663768048, "EP7534": 1.7201087622676292, "ER1749": 0.1023007666130177, "ER2613": 1.164832019644522, "ER8727": 2.2921995147096133, "ER8729": 2.803667158328443, "ER8730": 2.3966746583602685, "ER8731": 1.408756085675838, "ER8732": 1.3583042262652458, "ER8733": 1.6928435355030942, "ER8734": 0.9619388047717368, "ER8735": 0.6906750607241353, "ER8736": 1.5777356614916205, "ER8737": 1.9918132740736387, "ET6956": 0.1804690279361329, "EW0150": 2.052310054154376, "EW0151": 2.221213257147628,