{"FA1027": 480.4071265025758, "XD974": 904.5378196500671}