{"EM4965": 42.67814089521872, "ER2659": 43.44223401501424, "ER7812": 80.76713942307693, "EX6537": 49.320787424709856, "FC3098": 76.93395923975268, "FD6840": 8.920413471335872, "FE8405": 94.76951494641852, "NOT KNOWN": 20.81955102294633, "UNKNOWN": 5.936928986710964}