{"067F21A": 489.770541958042, "AS7146B": 671.1383233532933, "EN6206": 112.53608454957224, "FE3590": 190.86149474282465}