{"001C21A": 14.486566996887472, "013A21A": 16.252028230647095, "040C21A": 21.156999358030284, "042A21A": 3.591367687159081, "043B21A": 10.45637333183911, "1802070": 15.301965230536656, "1805031": 6.982552164596725, "EJ6789": 7.56799065789266, "EJ6796": 9.259441232343786, "EK9788": 3.305103669678581, "EL3249": 5.856554579748246, "EL3302": 8.421160342790932, "EL8723": 11.991769018528633, "EL9261": 6.562663897639873, "EN5318": 4.237251964372634, "EN6204": 5.275247091834488, "EN6206": 5.358861169027249, "EN9581": 16.449740344282436, "ER2613": 4.471352541016407, "ER2659": 6.895592700795911, "ER7812": 12.82018086080586, "ET3674": 17.113971019220283, "EW0162": 6.121120907467304, "EW0169": 6.233159649660528, "EW0178": 8.949537347959108, "EW0179": 5.926479991803829, "EW0217": 8.063713022405715, "EW2239": 6.2040435976370745, "EW4815": 7.760154962426697, "EW8904": 12.976337234001468, "EW9127": 38.10723413586594, "EY2172": 15.819828089401044, "EY2173": 12.396489635680709, "FA5833": 8.934509841482688, "FC1440": 16.318781045608823, "FC3095": 18.94282217170834, "FC3183": 8.000638638080465, "FC3184": 7.1777123440871256, "FC5435": 12.792470502233035, "FD7959": 19.192034943473796, "FE1573": 9.636690998404664, "FE2296": 12.217342133493336, "FE2707": 10.81316452762407, "FE6975": 11.529637065637065, "FE8405": 15.04278015022516, "FF8841": 8.360281356987239, "FH8030": 12.722195716709074, "FJ6369": 11.959454216013985, "FK5127": 7.083034738312591, "FP4554": 17.26502799609596, "GJ5342": 12.64968299147616, "UNKNOWN": 2.2616872330327484}