{"013F21A": 134.29589675975868, "EJ6797": 38.36797977718299, "EP9605": 39.39696297079237, "FC3095": 65.24749859143984, "FD4555": 13.04110172804754, "FE9174": 96.7748113587927, "FG6273": 83.41646182495344, "FK9729": 81.3237230694747, "J07BX03": 101.96040415073728, "UNKNOWN": 1.759090070136582}