{"011A21A": 69.68244674224492, "031A21A": 38.99522642539402, "031M20A": 34.878479618449894, "038K20A": 58.69546987194047, "EN6206": 25.9698656652859, "EN6208": 22.32782550782551, "ER7812": 62.12856878698225, "EW0185": 37.83880529726684, "FD0809": 56.35021302291255, "FE1248": 63.115957546726776, "UNKNOWN": 4.317766535789792}