{"013M20A": 27.881725884104007, "024M20A": 34.772841271815274, "042A21A": 20.568742208274735, "044A21A": 37.78682414934582, "1802068": 58.88032465028223, "EM9810": 58.68764523963448, "EW0176": 44.6661256203185, "EX0893": 46.232147283192425, "EX3599": 68.60289553214082, "FH8020": 51.429444376378335, "FK9413": 63.39773906807331, "UNKNOWN": 1.4392555119299306}