{"011J20A": 14.529093910172875, "028L20A": 20.966330029533964, "043A21A": 20.30647077363202, "EJ6797": 28.775984832887243, "EL0725": 57.55223752741228, "EL3249": 30.74691154367829, "ER2659": 36.201861679178535, "ER9470": 45.00906117634443, "EW2245": 81.292404450895, "FD7959": 100.7581834532374, "FF4213": 54.26707703244151, "FL0007": 65.70859735586326, "UNKNOWN": 1.3193175526024363}