{"001A21A": 11.914598234559492, "002M21A": 24.518681430905698, "004C21A": 22.558050096649485, "010A21A": 8.651961390916965, "010M20A": 7.054156992395181, "012L20A": 5.100830958296794, "016B21A": 13.659598867850873, "022M20A": 9.210575276606956, "028A21A": 13.153011434837092, "029K20A": 21.34650025406504, "030A21A": 9.3039210794749, "030M20A": 8.249741857446306, "041A21A": 9.292768549280176, "046A21A": 10.756477779486392, "205A21A": 7.257685117873091, "206A21A": 8.514650062923721, "AS7147B": 39.330572711959576, "EJ1688": 26.052401103670636, "EJ6134": 10.439592661691542, "EK9788": 4.337948566453138, "EL3246": 7.000993554420065, "EL9264": 11.22513171266581, "EL9266": 12.311535867206288, "EN5318": 5.561393203239081, "EN6200": 11.929684205281692, "EN6201": 5.235267924103795, "EP7533": 7.022870603015076, "EP7534": 6.925826808074801, "EP9598": 9.906199834749764, "ER8736": 8.67455800248139, "EW0150": 12.636989993027155, "EW0164": 7.831811391223155, "EW0171": 8.467098623390255, "EW0177": 10.713560014295195, "EW0187": 10.05462011213341, "EW2239": 8.14280722189866, "FA5831": 15.563968571640354, "FC3183": 10.500838212480607, "FC3184": 9.420747451614352, "FD7218": 24.39047079995356, "FE7051": 9.225189643799473, "FF2588": 13.705146722809769, "FF2590": 11.176619001970495, "FG3527": 15.248198075526508, "GH9702": 12.30069517698078, "GH9703": 18.520133377425044, "UNKNOWN": 0.3298293881506091}