{"EN6202": 49.50367647058823, "EN6207": 44.190835970464136, "EP7534": 55.406614464598405, "FA7485": 96.38556914069228, "FC3183": 84.00670569984487, "FF2589": 92.46158929456467, "UNKNOWN": 2.638635105204873}