{"013F21A": 302.16576770945704, "025B21A": 154.69072402358142, "939902": 400.8078206962327, "EL9265": 158.10402937299943, "FH8030": 200.37458253816797}