{"001M21A": 17.256028379717332, "007M20A": 4.5694374042764245, "011J20A": 2.526798940899631, "011L20A": 4.027848773565294, "012L20A": 3.548404144902117, "013M20A": 9.020558374268942, "022M20A": 6.40735671416136, "025L20A": 10.635182355381346, "026L20A": 5.061050936812447, "028A21A": 9.149920998147543, "028L20A": 3.646318266005906, "030H21B": 14.732839720490636, "030M20A": 5.738950857353952, "031H21A": 17.79218407596786, "032L20A": 5.68580903047833, "032M20A": 20.29166515651239, "036A21A": 6.665145711840614, "041L20A": 3.823551894052186, "044A21A": 6.023986458591363, "046B21A": 11.52780865722442, "046C21A": 20.376423666042346, "065F21A": 19.796430106767016, "1802068": 9.38671842250876, "1805018": 4.991635304639497, "203A21A": 5.399686164691113, "30145BA": 12.07744205774097, "EL0140": 7.4278337857479455, "EL1284": 4.626158413273851, "EL9264": 7.808787278376215, "EL9266": 8.564546690230461, "EM9809": 9.06290087129215, "EM9810": 9.356001415014193, "EN6198": 8.780429169263645, "EN6201": 3.641925512420031, "EN6205": 12.273684326161147, "EN6206": 9.929654519079902, "EN6207": 7.798382818317201, "EP6955": 4.236133328279191, "EP7534": 9.777637846693835, "EP9605": 5.138734300538136, "ER8730": 5.292428021321874, "ER8733": 4.741597497027508, "ER8737": 5.228509844443302, "EW0151": 5.485809723748234, "EW0162": 5.5888495242092775, "EW0170": 7.295054646589748, "EW0172": 5.269421970493024, "EW0179": 5.411133905560018, "EW0183": 7.030981402362403, "FA7484": 10.958876852368324, "FC3182": 8.285589159795315, "FC3183": 7.304930930421293, "FD7958": 8.819477378542112, "FF2834": 8.025527226492294, "FH8030": 11.61591782829959, "FJ4989": 16.518122085108683, "FK9894": 8.896982508562937, "GL0446": 43.215047819827234}