{"012H21B": 65.39657923412204, "013A21A": 31.48830469687875, "023C21A": 79.54922377887164, "032H21A": 89.4837361584327, "065F21A": 85.37210483543275, "076C21A": 45.42745294244916, "202A21A": 19.31937338679941, "EK4176": 32.39922031804848, "EK5730": 13.595715051318695, "EL1283": 19.62610029028935, "EN6202": 18.56387867647059, "ER8734": 21.839016927083332, "EW0150": 18.560579052258635, "EW0162": 24.101913573152512, "EW0217": 31.750870025722502, "FD7218": 73.17141239986069, "NOT KNOWN": 13.012219389341457}