{"EL8723": 755.4814481673038, "FD8813": 622.6694475342973}