{"ER1741": 252.26153730332, "FJ8757": 998.4275103980988}