{"022M20A": 44.21076132771338, "EK9231": 19.732997288055653, "EL8982": 41.04570694716242, "EN6208": 29.02617316017316, "ER8731": 40.91027672802633, "ET3620": 50.70146481425552, "EW0173": 40.661819944262696, "EW4811": 46.35226456779895, "FC3182": 57.17056520258768, "FE8244": 25.988196975571924, "FF0900": 77.03994496675075}