{"011A21A": 13.936489348448983, "013L20A": 7.854108930622963, "015M20A": 14.85260409752644, "017B21A": 17.60639714750144, "039A21A": 30.579761579761584, "046C21A": 46.865774431897385, "062E21A": 46.39969634230504, "088D21A": 48.48928313861243, "1802072": 41.20821380409464, "202A21A": 10.30366580629302, "EK4244": 32.19885024432308, "EM9809": 20.844672003971947, "EN5318": 8.89822912518253, "EN6208": 31.099471243042668, "EP2163": 15.671956115779643, "EP7534": 11.08132289291968, "ER8732": 9.378767276593363, "EW0151": 12.61736236462094, "EW0175": 18.238748574221933, "EW0178": 18.794028430714125, "EW0196": 20.2077797833935, "FA5833": 18.762470667113647, "FD7958": 20.284797970646856, "FE8235": 27.90283175552233, "FK9893": 23.421125287596738, "GH9693": 18.62176010647147, "GJ2524": 20.06268219832736, "UNKNOWN": 1.091849009050292}