{"013M20A": 34.07766496946045, "022C21A": 132.15565778092318, "EJ6796": 64.81608862640651, "EK9788": 23.135725687750067, "EL3246": 37.33863229024035, "ER8727": 36.85347441983122, "EY3014": 61.306221930112834, "FE2296": 85.52139493445335, "FF8839": 64.52418006801545, "FJ6369": 83.71617951209788}