{"001A21A": 3.5085933451463536, "002B21A": 12.2628300297903, "004C21A": 6.642861378154449, "004M20A": 2.2204789763622657, "004M21A": 12.13415012630819, "006B21A": 3.237379829131029, "006M20A": 4.020886428250786, "007C21A": 4.533786865821501, "007M20A": 1.9343017232826587, "010M20A": 2.0772977646317097, "011J20A": 1.0696265455341996, "012L20A": 1.502085190173289, "012M20A": 1.916227611019173, "013L20A": 1.4455415209735516, "017B21A": 3.2404411927916765, "023M20A": 2.716979513136476, "027B21A": 8.858172354327843, "027H21B": 7.142630067937295, "027L20A": 2.424781952061972, "029A21A": 3.485994415205589, "029L20A": 1.617408506333806, "030B21A": 4.075843800962957, "031H21A": 7.531660743814615, "032B21A": 4.521834460814532, "033C21A": 8.943771649311744, "033H21A": 10.995189477677345, "034F21A": 7.2252892291950594, "037F21A": 8.813730271092235, "038B21A": 4.62964325677024, "038K20A": 4.681233793467644, "041A21A": 2.736520799788028, "041L20A": 1.618558777236815, "042L20A": 2.0172458799470707, "043A21A": 3.008366040538077, "043B21A": 4.0414203675206375, "046A21A": 3.1675517387444585, "047A21A": 3.4654352009989315, "1808980": 3.1371005869612745, "1820095": 27.34260175518028, "201A21A": 4.109095765078035, "202A21A": 3.816172520849266, "203A21A": 4.599732658810948, "205A21A": 2.137232427349131, "EJ1686": 9.351260340361527, "EJ6795": 3.12850729412817, "EK5730": 1.3345487166938597, "EK9231": 1.2106133305555615, "EL3249": 2.263576309964046, "EL8982": 2.5181415305007624, "EL9261": 2.536489727308663, "EL9264": 10.03986935791228, "EL9265": 7.807606388790096, "EL9266": 3.625482954760134, "EM4965": 2.618290852467406, "EM9810": 3.9605159364170506, "EN3924": 5.302117258703831, "EN5318": 1.637710881935435, "EN6200": 1.7199237964669924, "EN6201": 1.541673989920136, "EN6204": 2.038899182733575, "EN6207": 1.6266565387900906, "EN6208": 1.7807468196425251, "EP2163": 2.8844091010637385, "EP2166": 6.379123300996698, "EP6955": 3.608558020385977, "EP7533": 2.0680845947529054, "ER7934": 4.188678986483116, "ER8730": 4.508364610755671, "ER8734": 2.143707183026585, "ER8735": 2.465243867050932, "ER8737": 2.2132955783226245, "ET3045": 6.056874626026399, "ET3674": 3.2548043042688883, "ET7205": 4.204941272783945, "EW0151": 2.322213932138823, "EW0162": 2.365832007180615, "EW0164": 2.30630028698596, "EW0169": 4.848013060847077, "EW0171": 5.017539924972002, "EW0172": 2.230614208368213, "EW0173": 2.494590180629613, "EW0176": 6.06577014596918, "EW0177": 3.1549133784427568, "EW0182": 3.314618797782922, "EW0183": 2.9763050108159868, "EW0187": 2.9608697262724157, "EW0191": 3.139495980617948, "EW8904": 5.015394145657009, "EY7015": 8.285709352376019, "FA5833": 3.4532154602049654, "FA7484": 4.6390337595914986, "FC2336": 3.6184671842710334, "FC3095": 7.249722065715537, "FC3143": 3.4147973466994928, "FC3183": 6.22271894072925, "FC8889": 4.567997269721098, "FD0810": 8.226208334454936, "FE3380": 6.341963597624552, "FE3590": 3.512788246800454, "FE6208": 0.5336731718768629, "FE7053": 5.143187551277812, "FE8087": 6.071157334142657, "FE8235": 5.13549050715135, "FF0900": 4.726376991825199, "FF2587": 3.298666417796814, "FF8222": 4.926581250219944, "FH8028": 4.731809168089146, "FH8030": 4.917167669648293, "FJ1611": 6.823277559654558, "FK0596": 2.7764570035178675, "FK5127": 5.50902701868757, "FK5618": 10.711354488061394, "FK9413": 4.278375029133781, "FK9706": 8.593490506669122, "FK9712": 5.587946315607229, "FK9729": 4.490266917946456, "FL0007": 9.734607015683446, "GH9694": 3.0696451592257685, "GJ5342": 4.889141278914099, "UNKNOWN": 1.5938064393854934}