{"067F21A": 734.6558129370629, "3002188": 640.2758095238096, "FA7485": 289.1567074220768}