{"EJ6136": 26.361289562553992, "EJ6788": 26.85720572233246, "EJ6789": 59.59792643090471, "EJ6795": 29.996864055464226, "EP2163": 27.65639314549349, "EP9605": 20.85721569041949, "ET3620": 63.37683101781939, "ET7205": 40.31796632139899, "EW2246": 28.61624487499681, "FE2296": 96.21156930126004, "FE2707": 85.15367065503955, "FE8244": 15.287174691512895, "FF0688": 44.10244562006905, "UNKNOWN": 0.9312829783076022}