{"EJ6788": 20.753295330893263, "EJ6795": 23.17939495194963, "EP2166": 49.210379750545954, "ER9470": 24.550397005278786, "ET1831": 44.32288262594654, "ET6956": 23.895739926270693, "EW2246": 22.112552857952075, "EW4815": 22.222261937858267, "EW6126": 18.02929830217064, "EX0893": 23.116073641596213, "EX6537": 22.41853973850448, "EY7015": 30.506475342838986, "FE1573": 27.59597876815881, "FE2707": 30.96497114728711, "FE8244": 11.812816807078148, "FG4493": 81.53225356384591, "FG6273": 34.124916201117315, "UNKNOWN": 2.3747715946843857}