{"046A21A": 516.3109334153468, "EN6199": 381.9773451730419}