{"3003608": 144.08939290001712, "EJ6795": 72.84952699184169, "EN1185": 115.60421827690614, "EP2163": 67.16552621048419, "EX7823": 81.79778346121057, "FC3098": 109.90565605678955, "FG7911": 117.44506973330073, "UNKNOWN": 2.2616872330327484}