{"038K20A": 763.041108335226, "EL8713": 1101.9747540983606}