{"001A21A": 0.3133702549363592, "001B21A": 0.6088037295205606, "001C21A": 1.5018986080152126, "001M21A": 3.925272389671964, "002A21A": 1.6714768620084235, "002B21A": 0.3606055953965732, "002M21A": 3.879879259396066, "003A21A": 1.0749879505424975, "003B21A": 1.2438736423040886, "003C21A": 0.5169499973079615, "004C21A": 0.59330761898037, "004M20A": 0.7945951111900095, "004M21A": 2.1687132352941174, "005C21A": 0.8805183594143101, "006B21A": 2.613778871400781, "006C21A": 0.4656451937001545, "007B21A": 1.7060668215877834, "007C21A": 1.2161392086597442, "007M20A": 1.387419937932116, "008C21A": 2.085269605394528, "009C21A": 0.9675685652550494, "010A21A": 0.9117324846630392, "010M20A": 0.9297076760982116, "011A21A": 0.9178807474280342, "011F21A": 0.6906135363216584, "011J20A": 1.0566613752853, "011L20A": 2.147296862728518, "011M20A": 1.7399361356893708, "012A21A": 0.8500543482847377, "012H21B": 0.5733398727375083, "012L20A": 1.2127457204095848, "012M20A": 2.413262366636729, "013A21A": 1.10606558759618, "013F21A": 1.3252884548660395, "013L20A": 1.4280198055678115, "013M20A": 1.180259974203413, "014C21A": 0.6919117359488695, "014F21A": 0.6584894774734181, "014M20A": 1.1987219432668126, "015M20A": 1.4689388667883292, "016B21A": 1.800276621792536, "016C21A": 1.1314415913902045, "016M20A": 0.6835938605991561, "017B21A": 1.159587078869469, "017C21A": 1.1106203668453836, "018B21A": 0.8750051792678145, "019B21A": 0.72359438010547, "020B21A": 1.092867986431449, "021C21A": 1.6479520718249203, "022C21A": 3.2657905547180355, "023C21A": 1.3956004171731866, "023M20A": 1.4600032768392712, "024C21A": 0.7970841063881496, "024M20A": 0.4194092697258422, "025A21A": 1.9468264810624576, "025B21A": 1.3584256774847985, "025C21A": 0.6929538122184772, "025J20-2A": 1.1100805228302468, "025J20A": 1.5751761901633805, "025L20A": 1.176484124068052, "026A21A": 1.0456836047251965, "026B21A": 1.0724812367133962, "026L20A": 0.852328886441722, "027A21A": 0.7403527415517355, "027B21A": 0.3931572387400303, "027C21A": 0.5874353630027747, "027H21B": 0.637944493739057, "027L20A": 1.3029872247893448, "028L20A": 0.6908181228841503, "029A21A": 1.5601787196005243, "029K20A": 0.5614421984630805, "029L20A": 1.305854858993777, "030A21A": 0.2447058694875589, "030B21A": 2.190206174363611, "030H21B": 0.557022433267865, "030L20A": 1.0527837440504042, "030M20A": 0.2169795118670809, "031A21A": 0.8342368790950997, "031B21A": 0.7145955023861554, "031H21A": 0.6726907952009766, "031L20A": 1.023397478285462, "031M20A": 1.494791983647853, "032B21A": 1.618131760950096, "032H21A": 0.7845149471424238, "032L20A": 0.6456184691766398, "032M20A": 1.514635818488301, "033F21A": 0.6982115965810545, "033H21A": 0.9820361012939216, "034C21A": 1.9682983486479144, "035C21A": 0.4369853259155452, "036A21A": 2.023740612176028, "036B21A": 0.9301523184381048, "037A21B": 1.6213375082254722, "037B21A": 2.3374273468194957, "037C21A": 1.765930963024613, "037K20A": 1.0206733695066723, "038A21A": 1.5167284425212642, "038B21A": 1.656710978822281, "038K20A": 0.4181047168960142, "039A21A": 0.5026810122700534, "039B21A": 1.3227682168569082, "039K20A": 0.7105037273798601, "040A21A": 0.4962308021638294, "040B21A": 0.6840217359427543, "041B21A": 2.691008580910729, "041C21A": 0.6603798680727123, "041L20A": 1.160946449679212, "042A21A": 0.3723359807312486, "042B21A": 1.2346410414646332, "042L20A": 0.7218684488065259, "043A21A": 0.803332909726102, "043B21A": 1.4462162895847726, "043L20A": 1.134187335444535, "044A21A": 0.6840182100539837, "044B21A": 0.9173986619312224, "045A21A": 0.6315010966792732, "045B21A": 1.7887974132455848, "045J21A": 2.5530612911318005, "046A21A": 0.5661304094466522, "046B21A": 0.4358459163553341, "047A21A": 0.6193705457925722, "047B21A": 1.4185826620512594, "048A21A": 1.1075609162867268, "050C21A": 2.607237451291307, "051F21A": 1.575934947458428, "052E21A": 0.6279306334623953, "053E21A": 0.8415387022284523, "054C21A": 0.8516608718231274, "058H21A": 0.6629969328481119, "059H21A": 0.934676646997908, "062E21A": 1.5263058007337182, "066H21A": 0.6791451489069382, "076C21A": 0.398268080591335, "088D21A": 3.994174887859343, "1802068": 0.3548951074811531, "1802070": 0.5282322243966079, "1802072": 0.677395295409775, "1805018": 1.135459898967446, "1805020": 0.5324890049512615, "1805022": 0.5886145078374166, "1805025": 1.8918693206888355, "1805029": 0.6176685927052232, "1805031": 2.4223611584228726, "1808609": 1.2706046254167631, "1808978": 0.502545853813945, "1808980": 0.8414932457619656, "1808982": 0.3795196158734642, "1820095": 1.6089761997748628, "1822809": 0.5322057170005543, "1822811": 1.0258179116359942, "201A21A": 0.3649525843983781, "202A21A": 0.8487368868445649, "203A21A": 0.6131294767367309, "204A21A": 0.264336042613586, "205A21A": 0.7648054569877243, "206A21A": 0.67257795340703, "207A21A": 0.491186510918963, "211D21A": 3.0559624374734384, "213C21A": 1.5029819660774544, "213D21A": 0.7048970112556291, "3001659": 0.97707283655971, "3001943": 0.8852414210765372, "3002188": 0.7016721200260927, "3004675": 0.9739699996753712, "3004732": 0.5024063989235455, "3004737": 0.574234615203899, "301308A": 1.4966087365099536, "30135BA": 2.029932312399664, "301458A": 0.98308475022295, "30145BA": 0.4566265764296586, "30155BA": 0.8699015099732803, "32030BD": 0.8107758537526529, "939902": 1.7579290381413712, "AS7140C": 2.3441382243833497, "AS7146B": 1.103241079484866, "AS7147B": 2.0700301427347148, "EE8493": 0.4860749880661352, "EH9899": 1.476726391184573, "EJ1685": 3.0226300149362326, "EJ1686": 1.93125717492898, "EJ6134": 1.1001107524943887, "EJ6136": 1.4773909535057732, "EJ6788": 0.2501767108381654, "EJ6789": 0.2612511843546508, "EJ6790": 0.8158454887813685, "EJ6795": 2.808076480963061, "EJ6796": 0.6396324535500643, "EJ6797": 1.5195239515716032, "EK1768": 0.7114158779215762, "EK4176": 1.1380626236855669, "EK4243": 1.2199152714623367, "EK4244": 1.0591727054053643, "EK5730": 2.4089860556046414, "EK9231": 1.9645683140763373, "EK9788": 1.0313669679184123, "EL0140": 3.390433503086713, "EL0142": 0.2394374305571656, "EL0725": 4.185617274720893, "EL0739": 0.643438985809798, "EL1283": 1.55539815178958, "EL1284": 1.2283862086922868, "EL1484": 1.9623062877564492, "EL1491": 1.1742358218011988, "EL3246": 1.4787577144649642, "EL3247": 1.9230075377676852, "EL3248": 1.278084064981812, "EL3249": 2.236139021358421, "EL3302": 1.1647268970270663, "EL8723": 2.074358726434113, "EL8982": 1.12701007543005, "EL9261": 1.1352219262803736, "EL9262": 1.0539850167373852, "EL9263": 1.262148897500601, "EL9264": 1.7762845787075572, "EL9265": 1.7364528212300872, "EL9266": 2.2741484614520684, "EL9267": 1.7904756848395371, "EL9269": 1.3936085386622767, "EM0477": 0.7894398116881098, "EM4965": 0.4679620712195034, "EM6950": 3.1644698061150507, "EM9809": 1.3728653350585256, "EM9810": 1.4172647588056624, "EN1185": 0.8873130788797621, "EN3924": 1.4222355126199522, "EN5318": 1.027283186524646, "EN6198": 1.8093005560906903, "EN6199": 0.8385891222240217, "EN6200": 1.2336527120973368, "EN6201": 0.689985887855525, "EN6202": 0.9791936005171298, "EN6203": 2.828994163016905, "EN6204": 2.198504300676335, "EN6205": 1.0548576047222975, "EN6206": 1.859076286611876, "EN6207": 1.9012052982328755, "EN6208": 0.956906807478236, "EN9581": 0.5678540502409827, "EP2163": 1.5499736817804044, "EP2166": 1.134377579321037, "EP6955": 1.447792403335926, "EP7533": 0.9255842639888074, "EP7534": 1.2793171014365767, "EP9598": 1.3055947063920612, "EP9605": 3.926607605062364, "ER1741": 0.4151314382391443, "ER1749": 0.3267567249382901, "ER2613": 1.863474377623155, "ER2659": 1.6717737114079148, "ER7449": 4.31708133681238, "ER7812": 0.885604598937247, "ER7934": 1.4989125681597102, "ER8727": 2.194142909229202, "ER8729": 1.859076286611876, "ER8730": 0.4004139621394839, "ER8731": 0.6732354919587438, "ER8732": 2.487186902080008, "ER8733": 0.7182661411523558, "ER8734": 1.5376205537220389, "ER8735": 1.3247299461405555, "ER8736": 1.3726773102827692, "ER8737": 1.3883288921748842, "ER9470": 0.5922244891624268,