{"030B21A": 17.483224725183213, "035C21A": 20.98679525778605, "040C21A": 35.07607788305021, "042A21A": 5.9541095866058455, "207A21A": 11.788476262055111, "EJ6788": 12.015065717885577, "EJ6796": 15.35117888520154, "EM0477": 15.54129618469241, "ET1831": 12.24711230453786, "ET7205": 18.036984933257443, "EW0164": 9.89281438891346, "EW0179": 20.182066999115744, "EW0182": 14.217970106279376, "EW0187": 12.700572773221149, "EW0198": 20.504351381701007, "EW0217": 27.46021191413838, "FA7484": 19.89901323193196, "FC3183": 13.264216689449189, "FD0168": 3.1617081524077397, "FE1573": 15.976619286828784, "FE2707": 17.927088558955695, "FE7051": 11.652871129009858, "FE8244": 6.838999204097875, "FF2834": 14.572667858630744, "FG3739": 20.79405976135069, "FG7387": 47.86209450557276, "FH9951": 20.43790909312115, "UNKNOWN": 4.085628549994642}