{"202A21A": 154.55498709439527, "EW0153": 188.96119621536383, "UNKNOWN": 7.915905315614618}