{"013L20A": 9.062433381488036, "026L20A": 6.618297378908585, "029A21A": 21.8545034491735, "1805022": 13.756977535738596, "EJ1686": 19.30196044613085, "EJ6788": 17.560480664601993, "EL0725": 26.56257116649797, "EL1484": 17.151311688178968, "EN6199": 14.691436352809305, "EN6205": 10.54278012631791, "EP2163": 18.08302628743805, "EP7534": 12.78614179952271, "EP9605": 13.637410259120436, "ER2659": 16.708551544236247, "ER7449": 25.099953669800183, "ER9480": 64.26163680906447, "ET3620": 19.50056339009827, "EW0171": 15.631566689335855, "EW0180": 21.977434850329185, "FC5089": 33.992949055153154, "FC5435": 64.4740513312545, "FE3594": 32.58569960044998, "UNKNOWN": 1.266544850498339}