{"007M20A": 35.032353432785925, "010M20A": 37.62217062610763, "031A21A": 56.3264381700136, "038A21A": 61.376944307360496, "048A21A": 74.78087223669272, "EM9809": 69.48224001323983, "FA1027": 53.37856961139731, "FE1510": 110.11769717225334, "FE8087": 109.9554050516948, "FJ8757": 110.9363900442332}