{"019B21A": 164.9795186640471, "206A21A": 102.17580075508464, "EW0196": 151.55834837545126, "UNKNOWN": 10.554540420819492}