{"031A21A": 42.2448286275102, "033F21A": 106.18634698003537, "201A21A": 27.736396414276737, "EL8982": 34.20475578930202, "EN6208": 52.77486029122392, "EW0164": 31.32724556489262, "EW2246": 40.53968023957881, "FA5833": 46.90617666778411, "FC3143": 46.38433062600144, "FE9174": 72.58110851909453, "FG7387": 73.78739569609134, "FK9893": 58.55281321899184}