{"3002916": 166.2156348892405, "EX7823": 71.57306052855925, "FC2336": 168.5171860103367, "FC5435": 100.74070520508516, "FE6208": 10.87359087699108, "UNKNOWN": 7.915905315614618}