{"006C21A": 849.802478502782, "FG7387": 885.4487483530961}