{"001A21A": 5.499045339027457, "011J20A": 1.6764339127122552, "022M20A": 4.251034743049363, "024M20A": 3.6778966729804634, "025A21A": 5.678243903098836, "EJ6134": 4.818273536165327, "EJ6788": 18.08207910018423, "EJ6789": 4.584455879300362, "EJ6795": 20.195908472985817, "EK9788": 6.124162682051489, "EM0477": 8.456293512259107, "EM6950": 9.229703601168897, "EN5318": 2.566796863033422, "EN6199": 3.6728590882023258, "EN6202": 2.855981334841629, "EP7533": 3.241324893699266, "EP9598": 4.572092231422968, "EP9605": 3.409352564780109, "ER9470": 15.88555100341568, "ET3620": 9.844944624127285, "ET6956": 10.20788890054282, "ET7205": 6.590436802536374, "EW0153": 3.6338691579877658, "EW0164": 3.6146821805645337, "EW0173": 3.909790379256028, "EW2239": 3.7582187177993815, "EW2246": 4.677655412259093, "EW4815": 9.49300509966761, "EW9127": 7.450452827845586, "EX0893": 4.889938654953045, "EX6537": 14.506113948444076, "EX7823": 11.118145324824738, "EY3014": 5.305346128567457, "FA8016": 5.483143278864115, "FC2336": 5.671251452270947, "FC2473": 2.72261333142742, "FC3095": 5.6464181473361394, "FC3098": 7.3974960807454515, "FC3143": 5.352038149154013, "FC5435": 7.749285015775781, "FD0168": 1.155239517225905, "FD0785": 19.643979822659176, "FE1248": 24.13257200316024, "FE1573": 17.856221555867467, "FE2296": 7.40088994625077, "FE7051": 8.5982350078131, "FE8235": 8.048893775631443, "FE8244": 7.643587345756448, "FF0688": 7.209053610972826, "FF2382": 7.965447674859658, "FF2834": 5.3246286406535415, "FF8841": 5.064401206636501, "FG3739": 7.597829528185831, "FH9951": 7.467697553255805, "J07BX03": 8.823496513044574, "UNKNOWN": 4.690906853697552}