{"011L20A": 10.293391310222418, "028L20A": 9.318368902015097, "029L20A": 9.76435505675594, "030H21B": 37.6505903968094, "036A21A": 17.033150152481568, "040A21A": 16.761573761978237, "044A21A": 15.394632060844597, "206A21A": 15.137155667419949, "30145BA": 30.86457414756026, "EJ6134": 18.559275843007185, "EL1484": 34.302623376357936, "ET3045": 36.56557644601123, "EW0162": 14.282615450757044, "EW0170": 18.642917430173803, "EW0171": 15.052619774916009, "EW0172": 13.46630059125995, "EW0185": 18.218684032017364, "EW2239": 14.476101727819842, "EW2245": 36.12995753373112, "EW2246": 18.017635662035023, "EW4815": 18.10702824566229, "FA4598": 13.813040363618398, "FF2834": 20.509680689924757, "FG4509": 29.272606881169576, "FG6273": 27.805487274984483, "FK6304": 36.57633242999097, "UNKNOWN": 0.586363356712194}