{"021B21A": 35.475422475707646, "024C21A": 80.81547189768737, "043A21A": 13.537647182421347, "1820095": 81.52146078859305, "EL3249": 20.49794102911886, "ER8736": 23.132154673283704, "EW0167": 27.034304488573223, "EW0169": 21.816058773811847, "EW0179": 20.7426799713134, "EX8680": 36.496946780537634, "FA8016": 31.68038338899266, "FD6840": 4.955785261853262, "FD7958": 33.80799661774476, "FJ1620": 45.09857453491181, "FK6304": 54.864498644986455, "UNKNOWN": 4.221816168327797}