{"001A21A": 0.6907013469309851, "001C21A": 1.6543571978318627, "001M21A": 0.7185672650576318, "002A21A": 0.3059834931457786, "002B21A": 0.3971666937831901, "003A21A": 1.1841105944646362, "003C21A": 1.139412735612355, "004M20A": 0.8753036835478822, "006B21A": 0.3184628317129497, "006C21A": 0.5128560522044551, "006M20A": 0.7915513137740073, "007B21A": 0.3123155919623582, "007C21A": 1.7872001429961415, "007M20A": 0.1902783228093381, "008C21A": 0.5732289108371801, "010A21A": 0.2506301428871541, "010M20A": 0.4089366372403004, "011A21A": 0.5049452662481516, "011F21A": 0.7606334965522189, "011J20A": 0.7392149536368999, "011L20A": 0.3356540644637745, "011M20A": 0.5460565615629684, "012A21A": 0.3117378951766399, "012H21B": 1.8966983705364704, "012L20A": 0.2957003454085098, "012M20A": 0.7553690461816812, "013A21A": 0.9132559670393836, "013F21A": 1.4597380082582463, "013L20A": 0.9990084042585236, "013M20A": 0.7417145942566966, "014M20A": 0.5272639272195329, "015M20A": 0.8076944826449423, "016B21A": 0.3956914578496329, "016C21A": 0.6227367117367931, "016M20A": 0.7529858657838437, "017B21A": 0.3187639797375035, "017C21A": 0.6112768705871996, "017F21A": 2.2915372632875406, "018B21A": 0.3208880389871707, "020B21A": 0.4007842163074897, "021C21A": 0.6043485469597323, "022C21A": 1.436474541096991, "022M20A": 0.2668120780187892, "023C21A": 0.7681276888726289, "023M20A": 0.8027812579599618, "024C21A": 0.8778989101740331, "024M20A": 0.2308396222027568, "025A21A": 0.3563894785288345, "025B21A": 1.121624585065243, "025C21A": 0.7632110484603022, "025J20-2A": 0.6103766016770541, "025J20A": 2.025817147454217, "025L20A": 0.2868587833375806, "026A21A": 0.8633997860163025, "026B21A": 1.181349422675844, "026L20A": 0.7295760890135446, "027A21A": 0.5433426118554001, "027C21A": 0.6469942893663632, "027H21B": 1.4060974650649507, "027L20A": 0.7164461477693679, "028A21A": 0.7624934165122953, "028L20A": 0.4560651849324608, "029A21A": 0.3429191850805739, "029L20A": 0.7974518648893234, "030A21A": 0.5393577437376752, "030B21A": 0.4009429930941231, "030H21B": 1.2277366433742194, "030M20A": 0.2389786416158253, "031A21A": 0.9189207435591342, "031B21A": 0.3933078444032431, "031H21A": 1.482682006330655, "031L20A": 0.3749161454266386, "031M20A": 0.8219097916130188, "032B21A": 0.4448153392352255, "032L20A": 0.7111555705794649, "032M20A": 0.4163648855289205, "033B21A": 3.753632314733247, "033F21A": 1.538932564928049, "033H21A": 1.081602827315273, "034C21A": 1.083336206377126, "036B21A": 0.5119486508241108, "036C21A": 1.7917711304688932, "037A21B": 0.8919314432327327, "037B21A": 1.2852319550487858, "037C21A": 0.647614593762597, "037K20A": 0.9633024173984628, "038B21A": 0.4554205497003917, "038C21A": 1.769114752718049, "039B21A": 1.9438987983314335, "039K20A": 1.397737472079259, "040B21A": 0.7534152453862222, "041A21A": 0.2691930539320751, "041J21A": 0.9970471486464244, "041L20A": 1.2791519063738224, "042A21A": 0.2732562370664518, "042B21A": 0.6795368918622483, "042L20A": 0.5960321663408565, "043A21A": 0.4417117509672222, "043B21A": 0.3975567410415593, "044A21A": 1.0052117669717149, "045A21A": 0.6955664253278951, "045B21A": 0.6560003388345809, "045J21A": 1.873683870262992, "046A21A": 0.3115938041130638, "047A21A": 0.6822052388439925, "047C21A": 2.090849467203852, "048B21A": 1.0880389452280117, "051F21A": 0.8673824212927497, "052E21A": 0.6915952963602121, "053E21A": 0.9268606708309748, "058H21A": 0.7302168994856996, "067F21A": 0.8867300095800397, "070H21A": 1.8322264296552089, "076C21A": 0.4386477049361415, "088D21A": 0.8778989101740331, "1802070": 1.1642799631930063, "1802072": 1.493051224786038, "1805018": 0.8329451898914758, "1805020": 0.8802960226867984, "1805029": 0.2265157603101231, "1805031": 0.2654802573141784, "1808609": 0.8388293738551998, "1808978": 0.5535287665197075, "1808982": 0.8365015688032273, "1822809": 0.5861650172154566, "203A21A": 0.2248511438525569, "205A21A": 0.2102407276149115, "206A21A": 0.2466525063490275, "207A21A": 0.5410170265194375, "211D21A": 0.8400669223108937, "213D21A": 0.7763651451668818, "3001531": 0.9873376532795322, "3001659": 2.1549949865597475, "3001943": 2.928517692080992, "3002188": 2.3212416055243854, "3002332": 0.364740942852746, "3002545": 0.7513294888128925, "3002621": 0.477320009728743, "3002916": 0.8024894864899964, "3004675": 1.0727785503670757, "3004732": 1.1073570990766557, "3004737": 0.6324551434804561, "30135BA": 0.74443102102285, "301458A": 1.0827577967150777, "30145BA": 0.5029230549089481, "30155BA": 0.4787870712707494, "32030BD": 0.8929788371144186, "33130BA": 0.7634985210040592, "EE8492": 0.9631621012027416, "EE8493": 1.6080124227565504, "EH9899": 1.1813811129476586, "EJ1685": 0.9183496449224824, "EJ1686": 0.3028672127938456, "EJ1688": 1.5102841219519207, "EJ6134": 2.4295779285391226, "EJ6136": 2.993054734789069, "EJ6788": 2.2136848352952816, "EJ6789": 1.7316588793483203, "EJ6790": 1.198941012534006, "EJ6795": 3.0943367047505577, "EJ6796": 5.325728523776554, "EJ6797": 2.306272008464551, "EK4176": 0.6260718902038354, "EK4243": 2.6905990993316835, "EK4244": 1.75099487733479, "EK5730": 1.319972335079485, "EK9231": 1.3179293877875664, "EK9788": 2.285358269155799, "EL0140": 0.6189861488123288, "EL0142": 0.2637135249045426, "EL0725": 2.0890104365666886, "EL0739": 0.7087154046600672, "EL1283": 0.9498415143515716, "EL1284": 0.192640271886479, "EL1484": 4.894398701260827, "EL1491": 6.952925385768852, "EL3247": 0.7673427901612287, "EL3248": 0.2339683160598368, "EL3249": 1.116040346413005, "EL3302": 0.320176886901526, "EL8713": 1.330887384176764, "EL8723": 3.2031315185773024, "EL8982": 1.7402783078748454, "EL9261": 0.4993331226465121, "EL9263": 0.6946770033316524, "EL9264": 0.9766881973558168, "EL9265": 0.7637875815120746, "EL9266": 0.3566407493216064, "EL9267": 1.1820385095200474, "EM0477": 6.019381342470152, "EM4965": 1.5500535434098808, "EM6950": 2.903476026985981, "EM9809": 0.3773929753283997, "EM9810": 0.3895981277223773, "EN1185": 0.4883702642959222, "EN5318": 0.9695407037123822, "EN6198": 0.360549023858652, "EN6200": 0.677986889538379, "EN6201": 0.9126859334999352, "EN6202": 0.5384085658432557, "EN6203": 0.193138180260282, "EN6204": 0.8037256754185557, "EN6205": 0.3310534822273739, "EN6206": 0.4077394367738124, "EN6207": 0.8020115421136867, "EN6208": 0.1751730426081663, "EN9581": 0.625427665473623, "EP2163": 1.137022209125488, "EP2166": 4.400198189373635, "EP6955": 0.8841294605301396, "EP7533": 0.611053393857505, "EP7534": 0.8039653852178729, "EP9598": 3.1757580526702336, "EP9605": 1.719140202361849, "ER1741": 0.7630415526416214, "ER2613": 0.1700031442872864, "ER2659": 2.3710133786241854, "ER7449": 1.5782316696851384, "ER7812": 1.953256092456516, "ER7934": 0.4120426522611635, "ER8727": 0.802131244929821, "ER8729": 0.6119787075203323, "ER8730": 0.4410356684434895, "ER8732": 0.169802666444056, "ER8733": 0.7912218314265975, "ER8734": 0.8450405582426442, "ER8735": 0.4853076694798331, "ER8736": 0.7547651675875046, "ER8737": 0.6539586331116396, "ER9470": 4.2683365006138185, "ER9480": 0.9318908056903608, "ET1831": 0.8436077357808556, "ET3045": 2.986299346770427, "ET3620": 3.076545195039776, "ET3674": 1.2830304754433586, "ET6956": 5.122594673597615, "ET7205": 1.2424267567319327, "ET8885": 0.7123245078826171, "EW0150": 0.5383128667724558, "EW0153": 0.228076277870083, "EW0158": 0.2509725927105838, "EW0161": 0.8367485766703558, "EW0162": 0.6990283090702843, "EW0167": 0.5877022714907222, "EW0168": 1.0169005625411962, "EW0169": 0.4742621472567793, "EW0170": 0.3037771699545519, "EW0171": 0.4908462970081307, "EW0172": 0.6590757389075866, "EW0173": 0.4910847819355398, "EW0175": 0.3302127080426421, "EW0177": 0.3103505616693841, "EW0178": 0.3402660548711067, "EW0179": 0.4509278254633349, "EW0182": 0.979364708227099, "EW0183": 0.5859151168635336, "EW0185": 0.8916697320806082, "EW0187": 0.2912623810394711, "EW0196": 0.3658620359093573, "EW2239": 0.4720467954723861, "EW2245": 1.178150789143406, "EW2246": 2.9519184640470004, "EW3143": 0.2507545621731211,