{"027C21A": 536.0347687400318, "ER8737": 180.38358963329392, "EW3143": 207.7501547604309}