{"ET3620": 169.00488271418504, "EW6126": 132.21485421591802, "EY3014": 183.91866579033848, "FD0168": 40.048303263831365}