{"025L20A": 237.51907260351675, "EH9899": 243.65985454545452}