{"002A21A": 50.70146481425552, "021C21A": 100.14055423122764, "1805025": 49.16157563332845, "1808982": 69.26232989690722, "EN6204": 33.23405667855728, "EP7534": 33.24396867875904, "EW0177": 114.2779734858154, "FA7484": 75.61625028134144, "FC3182": 57.17056520258768, "FF2588": 65.78470426948688}