{"038A21A": 276.1962493831222, "EL9263": 575.539897260274, "ET6956": 262.85313918897765}