{"EN6207": 265.14501582278484, "FJ1620": 811.7743416284127}