{"037K20A": 265.2292655903767, "041J21A": 1652.1071253071252}