{"005C21A": 80.30327437858509, "014C21A": 126.27389181066869, "046A21A": 51.63109334153468, "EH9899": 24.365985454545456, "EN6206": 33.760825364871664, "EP2163": 47.01586834733893, "EW0171": 40.64207339227322, "EW4811": 46.35226456779895, "FE3380": 51.36990514075887, "FE8405": 94.76951494641852, "FG6273": 75.0748156424581}