{"025A21A": 118.10747318445576, "EL9269": 101.51044595616024, "EY3014": 110.35119947420309, "FA5833": 112.57482400268188, "FD9234": 130.03898567557104, "UNKNOWN": 3.1663621262458475}