{"003A21A": 18.145398461471974, "004C21A": 30.077400128865985, "004M20A": 10.053835365195816, "011F21A": 35.01026954963963, "012A21A": 14.348602564102563, "013M20A": 8.519416242365113, "016M20A": 11.53881118400242, "019B21A": 18.33105762933857, "026L20A": 4.779881440322867, "044A21A": 11.545974045633445, "048A21A": 18.69521805917318, "051F21A": 39.92368533561351, "1808978": 12.731161629953274, "213D21A": 35.73436237615342, "EJ6790": 13.771169685633655, "EL1284": 8.866803625441547, "EL3246": 9.334658072560089, "EL9265": 17.567114374777713, "EN5318": 7.415190937652109, "EN6207": 7.365139328410689, "EP7533": 19.26273079684135, "EP7534": 9.234435744099734, "ER2613": 7.824866946778711, "EW0161": 12.82239717027258, "EW0169": 10.908029386905923, "EW0185": 13.664013024013023, "EW0217": 14.11149778921, "FC3181": 14.762736977243147, "FD0168": 3.3373586053192805, "FE3590": 15.905124561902054, "FF2382": 23.011293282927895, "FF2588": 18.273528963746354, "FF2593": 16.011781477667164, "FK0596": 12.57118032148368, "FK9893": 40.15050049302298}