{"ER9470": 270.0543670580666, "ET8885": 196.48284342428855, "UNKNOWN": 7.915905315614618}