{"029L20A": 26.36375865324103, "EW8904": 81.75092457420925, "EY3014": 55.17559973710154, "FC1440": 228.4629346385235, "FD1921": 15.910246525794784, "FD7959": 120.90982014388489, "FF8288": 56.78320933378424, "FG4509": 79.03603857915785, "UNKNOWN": 3.518180140273164}