{"EY2173": 780.9788470478846, "UNKNOWN": 15.831810631229237}