{"042A21A": 20.568742208274735, "EN6201": 22.84480548699838, "ET3620": 46.09224074023228, "EW0183": 44.10342879663689, "EW0185": 44.71858807858808, "EW9127": 70.44064491781282, "FC5435": 73.26596742188012, "FE2296": 69.97205040091639, "FG4493": 171.2177324840764, "FJ1620": 73.79766742076478, "UNKNOWN": 1.4392555119299306}