{"EJ6796": 291.67239881882927, "EL1283": 157.0088023223148, "EW0185": 245.95223443223443}