{"010A21A": 25.9558841727509, "011L20A": 17.37009783600033, "026B21A": 40.73194363601086, "3002621": 49.43245350753296, "EJ1686": 31.36568572496263, "EM9810": 40.3477561022487, "EN1185": 50.57684549614643, "EW4109": 17.80717214856366, "FC9001": 52.14871492426124, "FE7010": 47.9408247716895, "FG7911": 51.38221800831906, "FH0161": 43.28001958359101, "FL8094": 73.6851543318134, "J07BX03": 57.352727334789726, "NOT KNOWN": 13.012219389341457, "UNKNOWN": 2.1109080841638983}