{"ER8735": 200.9173751646509, "FE7010": 383.526598173516, "UNKNOWN": 7.915905315614618}