{"039B21A": 80.38021531100479, "048A21A": 67.30278501302344, "201A21A": 33.28367569713208, "EL8713": 110.19747540983607, "EP2166": 114.82421941794055, "EW0158": 41.58615861214375, "EW0162": 38.563061717044015, "EW2246": 48.64761628749457, "FA6780": 60.55764514965741, "UNKNOWN": 1.5831810631229235}