{"1808978": 91.66436373566356, "202A21A": 61.82199483775811, "EK9788": 41.644306237950126, "EN6208": 58.05234632034632, "FF8841": 105.3395450980392, "UNKNOWN": 3.1663621262458475}