{"010M20A": 67.71990712699375, "201A21A": 66.56735139426416, "EP9598": 475.4975920679887, "FE6975": 145.27342702702703}