{"003A21A": 46.65959604378508, "012H21B": 74.73894769613948, "1805031": 67.67704405686057, "EL1484": 31.852435992332367, "EL3249": 26.354495608867104, "ER8737": 25.7690842333277, "EW0217": 36.28670860082572, "EX3599": 116.09720782362292, "FC8889": 53.18453964032422, "FD7958": 43.46742422281469, "GJ3277": 69.35675073265365, "UNKNOWN": 2.4356631740352674}