{"EY3014": 137.93899934275387, "FE2707": 170.3073413100791, "FE8244": 64.97049243892981, "UNKNOWN": 3.957952657807309, "XD985": 227.42142663779103}