{"002B21A": 31.3383434094641, "012A21A": 24.5976043956044, "019B21A": 31.424670221723268, "038K20A": 36.335290873106, "1805020": 23.12523678645478, "1805025": 23.410274111108787, "33130BA": 60.24366901446314, "EL3247": 15.109344939603243, "EL9262": 18.279111575988367, "EN6201": 25.12928603569821, "EN6208": 13.821987219130078, "ER2613": 13.41405762304922, "ET6956": 25.033632303712157, "EW0150": 14.141393563625629, "EX6537": 23.486089249861838, "EY7015": 31.95916464487893, "FH8030": 38.16658715012723, "FK9413": 33.208339511847925, "FL3198": 52.04797522260937, "UNKNOWN": 1.5831810631229235}