{"039K20A": 20.491829724590566, "084J21A": 220.8143185550082, "206A21A": 58.38617186004837, "EL1484": 63.704871984664734, "ET3620": 72.43066402036501, "ET6956": 75.10089691113646, "EW4815": 162.96325421096063}