{"EK5730": 72.51048027369971, "ER8730": 121.72584449040312, "EW2245": 325.16961780358, "FA4598": 124.31736327256556}