{"001C21A": 26.842756494232678, "003A21A": 19.21277484155856, "011L20A": 8.174163687529568, "013L20A": 6.930096115255555, "014C21A": 37.13937994431432, "024C21A": 88.16233297929533, "025C21A": 37.195314920550615, "025J20A": 14.053042480869378, "032M20A": 20.29166515651239, "033C21A": 88.35362295986754, "036B21A": 24.949968071045635, "038A21A": 16.24683819900719, "041B21A": 28.8254507402261, "045J21A": 45.62971307581639, "047B21A": 25.35368816587692, "076C21A": 21.37762491409372, "1802072": 36.36018865067175, "203A21A": 10.95818662834373, "EL1283": 9.235811901312635, "EL9262": 11.290039502816342, "EM9810": 18.987179342234683, "EN6201": 7.39096648108771, "EN6207": 7.798382818317201, "EP6955": 8.596858813272476, "EP7534": 9.777637846693835, "ER8730": 10.740515690329689, "EW0164": 11.05667490525622, "FH8020": 34.286296250918895, "FL3209": 40.8731610047905, "GH9694": 14.716240028052953, "GH9702": 17.365687308678748, "GH9703": 26.14607065048241}