{"013L20A": 10.244489909508212, "1805022": 15.551365909965371, "EL0142": 18.998839598557705, "EL3246": 14.61076915705057, "EN6206": 14.678619723857247, "ER8734": 15.192359601449274, "ER9480": 22.351873672718074, "EW0172": 15.80826591147907, "EW0176": 21.362060079282763, "EW0182": 23.490559306026796, "EW0187": 20.983555016626248, "EW8904": 35.5438802496562, "EW9127": 33.68900409112786, "EX7823": 24.89497757515104, "EY3014": 23.989391190044152, "FA8016": 24.793343521820344, "FC2473": 12.31094723775877, "FD4555": 5.103039806627298, "FE6975": 31.581179788484132, "FF2834": 24.076581679476885, "FH8030": 34.84775348489877, "UNKNOWN": 2.261687233032748}