{"EN6201": 83.76428678566072, "EN6203": 106.6766548970958, "FE7051": 147.60303430079156, "FF2587": 179.22754203362692}