{"015M20A": 222.7890614628966, "026A21A": 238.15444097616344, "GJ3277": 485.4972551285756}