{"037K20A": 132.61463279518836, "041L20A": 131.91254034480045, "EN6204": 166.17028339278636}