{"028L20A": 11.98076001687655, "032L20A": 18.68194395728594, "048C21A": 57.1440811954914, "207A21A": 21.331528474194965, "EL1484": 21.23495732822158, "EP2163": 74.23558160106148, "ET8885": 18.71265175469415, "EW4811": 22.07250693704712, "FA5833": 26.803529524448063, "FC2336": 28.08619766838945, "FE2625": 38.74965689836119, "FE6208": 4.142320334091841, "FE8244": 12.375331893129488, "FF0680": 7.340378571757992, "FH8469": 30.699780641623253, "UNKNOWN": 4.65641489153801}