{"001A21A": 22.876028610354226, "013M20A": 12.267959389005762, "016B21A": 26.22642982627367, "020B21A": 26.56397785686042, "027L20A": 15.809578327444052, "030L20A": 10.942935031015343, "037K20A": 10.609170623615068, "038K20A": 30.52164433340904, "039K20A": 5.737712322885359, "043A21A": 9.74710597134337, "043B21A": 26.350060796234555, "044B21A": 33.466703187251, "1805022": 14.30725663716814, "204A21A": 19.296531110791783, "301308A": 36.37756968876861, "EJ6790": 19.830484347312463, "EL1284": 12.768197220635829, "EN5318": 10.677874950219037, "EN6201": 10.051714414279283, "ER1741": 10.090461492132802, "ER8731": 16.364110691210534, "EX7389": 27.871827421696743, "FK9712": 18.10494606256742, "FL1939": 31.764046324745927, "UNKNOWN": 1.3193175526024363}