{"016B21A": 34.50846029772851, "022M20A": 23.268821751428096, "032B21A": 38.79257984804046, "053E21A": 80.83200692457503, "201A21A": 36.98186188570232, "206A21A": 21.51069489580729, "EK9788": 10.959027957355294, "EN5318": 29.660763750608435, "EN6204": 17.491608778188038, "EN6207": 13.955000832778149, "EW0171": 45.15785932474803, "FA8016": 30.01299478957199, "FF2593": 30.33811227347463, "FG6273": 39.51306086445163, "GH9693": 29.40277911548127, "GL0446": 77.3321908354803, "UNKNOWN": 0.8332531911173282}