{"031B21A": 72.41234424179709, "EL8723": 83.94238312970043, "ER9470": 60.01208156845925, "EX7389": 77.42174283804651, "EX8679": 126.83042459957692, "FA8016": 63.36076677798532, "FE7010": 85.228132927448, "UNKNOWN": 3.957952657807309}