{"001M21A": 1190.665958200496, "EK9231": 197.3299728805565}