{"031M20A": 453.4202350398487, "EN6208": 290.2617316017316}