{"011M20A": 90.4269665948276, "012A21A": 103.30993846153844, "012H21B": 209.2690535491905, "067F21A": 293.8623251748252, "FJ1620": 405.8871708142064}