{"EW0177": 514.2508806861694, "UNKNOWN": 15.831810631229237}