{"025B21A": 56.25117237221144, "036A21A": 41.80864128336385, "039K20A": 13.040255279284906, "041C21A": 109.56302356660908, "3001659": 81.00822063113233, "ET8885": 35.72415334987065, "EW0176": 44.6661256203185, "FA7485": 52.57394680401397, "FG3527": 66.53759160229748, "FK9413": 63.39773906807331, "UNKNOWN": 3.1663621262458475}