{"007B21A": 54.47441430332922, "011A21A": 20.90473402267348, "011J20A": 8.717456346103726, "011M20A": 22.606741648706898, "013F21A": 60.4331535418914, "015M20A": 22.27890614628966, "037K20A": 13.261463279518836, "041B21A": 49.00326625838437, "044A21A": 20.7827532821402, "1805025": 24.580787816664227, "EK5730": 10.876572041054956, "EK9788": 10.411076559487531, "EN6207": 13.257250791139242, "EP2163": 23.507934173669465, "EP2166": 25.835449369036628, "EP6955": 14.614659982563207, "EW0180": 28.57066530542794, "EW0185": 24.595223443223443, "FE6975": 36.31835675675676, "UNKNOWN": 0.7915905315614619}