{"001A21A": 1.7705904497178189, "001B21A": 0.4287482635696921, "001C21A": 2.117526034347821, "001M21A": 0.9194331723555952, "002A21A": 0.7836393325232691, "002B21A": 0.5081893525859043, "002C21A": 1.86229371354964, "002M21A": 0.9088005472459254, "003A21A": 0.504428065338217, "003B21A": 2.1943626803621705, "003C21A": 0.7285202664764708, "004C21A": 2.5122654399980866, "004M20A": 1.1205513100527842, "005C21A": 1.8631850203848048, "006B21A": 1.2243455038244957, "006C21A": 1.3134505077322751, "006M20A": 1.0129899347834284, "007B21A": 0.3996192555070483, "007C21A": 0.5706619761613162, "007M20A": 2.9466465504212462, "008C21A": 4.417861884917245, "009C21A": 1.3638679003286014, "010A21A": 0.3206904608216327, "010M20A": 1.0482957759596554, "011A21A": 0.3228530350992042, "011F21A": 0.9732584585228006, "011J20A": 1.7665928682673182, "011L20A": 2.5973978072523862, "011M20A": 0.6988173616292703, "012A21A": 1.198491165447082, "012H21B": 1.617226070704718, "012L20A": 1.520744633529479, "012M20A": 0.4827590426524346, "013A21A": 3.523166959091329, "013F21A": 0.9333305566315274, "013L20A": 1.2795677854389622, "013M20A": 1.4265069056983446, "014C21A": 0.9750879676499512, "014F21A": 1.857408495191636, "014M20A": 1.0129339483475015, "015M20A": 1.379498832587595, "016B21A": 3.560609169587193, "016C21A": 0.7968144643612867, "016M20A": 2.904875542825784, "017B21A": 0.8163708105487532, "017C21A": 3.135869271092848, "017F21A": 0.9761889757376782, "018B21A": 2.47307665396159, "019B21A": 1.5311324237962614, "020B21A": 4.124841282121183, "020F21A": 2.308314285184603, "021B21A": 0.4930946753380213, "021C21A": 0.773286133059673, "022C21A": 1.83833217933278, "022M20A": 1.0257717245409137, "023M20A": 1.3711073084868282, "024C21A": 1.123303856492952, "024M20A": 2.3757841862730937, "025A21A": 0.912731632028252, "025B21A": 0.4778091861732245, "025C21A": 1.954622422409151, "025J20-2A": 1.5661601174814337, "025J20A": 1.1085926783052409, "025L20A": 1.8469601291097724, "026A21A": 1.474640501400393, "026B21A": 3.031214410121739, "026C21A": 2.052778620835794, "026L20A": 1.0687933655380324, "026L21B": 4.073293425649125, "027A21A": 2.092500849378006, "027B21A": 2.2213992591348464, "027C21A": 2.487400318979266, "027L20A": 0.9170289053041792, "028A21A": 1.9546270862915804, "028L20A": 2.351364115461753, "029A21A": 2.6428701845512137, "029L20A": 0.6116881358060564, "030A21A": 1.3826260427702637, "030B21A": 0.5130212660671521, "030H21B": 1.571199290129604, "030L20A": 1.059540572329139, "030M20A": 3.079219355811996, "031A21A": 0.3914578714518319, "031B21A": 2.5240553763600846, "031L20A": 0.961085351124634, "031M20A": 2.108931325766738, "032B21A": 1.139194771426227, "032F21A": 1.0092354852074914, "032L20A": 2.130524252692811, "032M20A": 0.5327541431053446, "033C21A": 1.125741141959702, "033F21A": 0.9839661496219494, "034C21A": 1.386168412329651, "034F21A": 0.9094379493118104, "035C21A": 3.088684042586638, "036A21A": 1.0670418889025577, "036B21A": 1.3111266065155358, "037A21B": 1.1414516769655372, "037B21A": 1.095857231120938, "037C21A": 0.8286466269224891, "037F21A": 1.1093729993729995, "037K20A": 1.2336244911180312, "038A21A": 0.4265579141052081, "038B21A": 2.922664023445194, "038C21A": 1.1311405523170228, "038K20A": 2.362356372554879, "039A21A": 2.128521687686421, "039B21A": 1.2423526323184666, "039K20A": 1.7930351009016745, "040A21A": 2.4576706291806727, "040B21A": 0.9641851981140525, "041A21A": 1.72754798747269, "041B21A": 1.514784119269996, "041C21A": 0.9306511654306564, "041L20A": 1.6386650974509371, "042A21A": 1.228699107864356, "042B21A": 0.8694923782360968, "042L20A": 1.5293538531691746, "043A21A": 1.5135257719477284, "043L20A": 2.1337703947527222, "044A21A": 1.6098182247978468, "044B21A": 0.6460753511052315, "045A21A": 1.7830619200355948, "045B21A": 4.209885985472116, "046A21A": 0.3986957014790322, "046B21A": 1.845519251388596, "047A21A": 1.3105938231156051, "047C21A": 1.7827696384453242, "048A21A": 3.130362093628997, "048B21A": 0.6956727773349758, "048C21A": 1.8547537945986392, "051F21A": 2.221410621456084, "053E21A": 5.948133739608542, "054C21A": 1.2002170587468783, "059H21A": 2.6364526750713786, "065F21A": 1.0547904844532232, "068H21A": 1.3152053921050884, "084J21A": 1.1935909111081524, "088D21A": 2.2483438858707467, "1802068": 1.0010565241933609, "1802072": 0.954630435616092, "1805018": 2.4085513008400365, "1805020": 3.016335233015841, "1805022": 1.3852882104151958, "1805025": 0.3796260666666289, "1805029": 1.7457516969017397, "1805031": 0.3396917269263272, "1808609": 1.7922316211339475, "1808978": 1.7750651381809368, "1808980": 1.583118872057857, "1808982": 2.1443445788516167, "1820095": 1.133116829493957, "1822809": 2.2535392889234607, "1822811": 3.623338247141854, "201A21A": 1.0304543559483617, "202A21A": 0.9569968241139029, "203A21A": 0.864450917317139, "204A21A": 2.24378268730137, "205A21A": 2.436146053551807, "206A21A": 1.5828938924102964, "207A21A": 1.734942284888049, "211D21A": 3.2296772396035998, "213D21A": 0.9933876799548442, "3002339": 0.9560380269772536, "3002545": 0.9613536393536394, "3002621": 1.2224408904490374, "3003608": 1.558926971097558, "3003651": 1.857408495191636, "3004675": 2.750032940259872, "3004732": 1.4171432427132469, "301308A": 1.4056247947746758, "30135BA": 0.9525267967836776, "30145BA": 0.6435084957406385, "30155BA": 1.2261981098850565, "32030BD": 2.28696434791127, "939902": 1.238016434582958, "EE8492": 0.615828741155112, "EE8493": 2.058206155964494, "EH9899": 1.5134152456239411, "EJ1685": 1.4121227563319658, "EJ1686": 2.334190565578614, "EJ1688": 1.9327901900713915, "EJ6134": 0.7744983736649057, "EJ6136": 0.3460555386590099, "EJ6789": 0.3681725184920754, "EJ6790": 0.7662474631882714, "EJ6795": 0.393781226982928, "EJ6796": 0.4504593031951031, "EJ6797": 1.3373811696152087, "EK1768": 1.5053626001495997, "EK4176": 1.6049149383553427, "EK4243": 1.719571449109198, "EK4244": 1.4929915105559388, "EK5730": 0.8424920248687031, "EK9231": 2.4666246610069567, "EK9788": 0.3218261687631385, "EL0140": 2.3838164242632938, "EL0142": 1.0138591897142162, "EL0725": 1.0674294440941998, "EL0739": 0.4531400425162438, "EL1283": 0.9721907264539618, "EL1284": 1.7334635481856242, "EL1484": 1.380600940844127, "EL3246": 0.519393648550484, "EL3247": 0.4904115049948502, "EL3248": 1.803188370749533, "EL3249": 1.1423001192697817, "EL3302": 0.4096780707303696, "EL8713": 1.7032067296728914, "EL8982": 2.2290143415836847, "EL9261": 1.2800242277130405, "EL9262": 0.5932941933473812, "EL9263": 1.7791032372805995, "EL9264": 3.3466231193040925, "EL9265": 0.4883522142795349, "EL9266": 0.4563349201744416, "EL9269": 2.360708045492099, "EM0477": 1.1135320659055368, "EM4965": 0.3295609335538125, "EM9809": 1.936037647427735, "EN3924": 1.3357729724400689, "EN5318": 0.8264609094596778, "EN6198": 0.2305286422818254, "EN6199": 2.671170245965328, "EN6200": 0.8679491604461912, "EN6201": 1.3646625465468385, "EN6202": 2.0770773344302755, "EN6203": 2.237971781057954, "EN6204": 1.545770078072431, "EN6205": 1.4885849363769277, "EN6206": 1.3075455214899947, "EN6207": 0.6151856515609856, "EN6208": 1.3500545655894494, "EN9581": 0.8002576383704968, "EP2166": 0.7986228553025232, "EP6955": 1.8154857121196533, "EP7533": 1.5678966927661566, "EP7534": 0.2567101828475601, "EP9598": 0.7349267265347583, "EP9605": 0.5480257600264782, "ER1741": 0.585293590030905, "ER1749": 0.922607223355172, "ER2613": 1.3102102794606214, "ER2659": 0.3354612665252064, "ER7812": 0.6236844743094743, "ER8727": 1.284590510373668, "ER8729": 2.09694567483675, "ER8730": 1.1305805989820723, "ER8731": 1.5844413914804931, "ER8732": 1.7475963869428626, "ER8733": 1.2671193930863596, "ER8734": 0.8107291666666666, "ER8735": 0.3102971045013913, "ER8736": 0.3215280186247928, "ER8737": 2.522847407458656, "ER9470": 0.4170723815568596, "ER9480": 0.3969830845347611, "ET1831": 0.3593747239941611, "ET3045": 0.7623710919245584, "ET3620": 0.3915171028127839, "ET3674": 0.4096780707303696, "ET7205": 1.059359238738459, "EW0150": 1.381252394586689,