{"012A21A": 57.39441025641026, "018B21A": 59.07905340019354, "048B21A": 100.09958296097707, "206A21A": 45.41146700225985, "EL8982": 45.60634105240269, "EN6200": 31.14973098045775, "ER8737": 40.08524214073198, "EW0182": 60.031429337624026, "FF2593": 64.04712591066865, "GH9693": 62.07253368823824}