{"001A21A": 2.888387450802301, "001C21A": 4.609362226282379, "003B21A": 2.861537596310668, "003C21A": 4.764816894378939, "004M20A": 5.539868466536468, "005C21A": 4.055720928211368, "006B21A": 2.6651157179209983, "006M20A": 6.6538526680698284, "007B21A": 2.6136713933415536, "007C21A": 3.7323598945904273, "007M20A": 8.126061363275085, "008B21A": 5.534652030576387, "010A21A": 2.09744518567684, "010M20A": 1.7100986648230745, "011A21A": 4.244616045212889, "011J20A": 1.770041897686036, "011L20A": 1.4036442695757845, "011M20A": 2.283509257445141, "012L20A": 2.485684121809605, "012M20A": 3.1710162497068546, "013A21A": 5.114851524366091, "013F21A": 18.49994496180349, "013M20A": 3.1136952763974017, "014F21A": 12.200439557248613, "016B21A": 10.035623658012884, "016C21A": 5.21148854216094, "016M20A": 6.358120448327864, "017B21A": 8.084570118750662, "017C21A": 5.115584720015099, "017F21A": 6.384670321112592, "022C21A": 6.007075353678326, "022M20A": 4.488402165250089, "023M20A": 2.236705356773967, "025A21A": 2.9825119491024186, "025B21A": 3.125065131789524, "025C21A": 6.387074279286469, "025J20-2A": 1.7006284103965057, "025L20A": 1.199591275775337, "026A21A": 4.835623167028699, "026L20A": 1.7469617446865302, "027A21A": 2.272160013213492, "027H21B": 11.819783767246488, "028L20A": 3.8509585768531767, "029A21A": 2.869783281204601, "029L20A": 1.3315029622849006, "030H21B": 31.60308623980892, "030L20A": 8.504871785763221, "030M20A": 1.9999374199869837, "031H21A": 18.79072501900687, "031L20A": 1.5678311536023073, "031M20A": 14.0959658561611, "032B21A": 3.722520288448327, "032F21A": 40.63087937856067, "032L20A": 6.004910557699053, "033B21A": 7.83902506132423, "033F21A": 19.50361475143507, "033H21A": 9.051595378087915, "035C21A": 8.096428627369237, "037A21B": 11.303865841786264, "037C21A": 5.419683746791027, "037K20A": 1.3395417454059428, "038A21A": 5.608045672753751, "038K20A": 3.85374297139003, "040A21A": 4.594543061659009, "041J21A": 33.88937692937693, "041L20A": 4.038138990146952, "043L20A": 6.997033883300804, "045A21A": 5.846994925598956, "045J21A": 15.750357812972156, "046C21A": 7.100874913923847, "047A21A": 5.734679571196202, "053E21A": 15.591960726567772, "058H21A": 12.283953324343187, "059H21A": 26.10895225670177, "066H21A": 18.971018827885132, "067F21A": 7.4207657872430595, "068H21A": 8.601974660485299, "076C21A": 3.67090528827872, "3002545": 6.287641227085671, "AS7140C": 195.35378208232444, "AS7146B": 73.40575411676646, "AS7147B": 89.42530216613966, "EL9266": 2.984614755686373, "FF2382": 4.1838715059868905, "FL8095": 6.168738621681936, "UNKNOWN": 0.2423236321106515}