{"EK9788": 34.7035885316251, "ET3045": 164.54509400705052, "FA7485": 96.38556914069228, "FC3183": 84.00670569984487, "FF2834": 92.2935631046614, "FG7387": 147.57479139218268, "UNKNOWN": 2.638635105204873}