{"002A21A": 31.688415508909696, "011A21A": 26.130917528341847, "020B21A": 41.506215401344406, "046A21A": 32.26943333845917, "1805025": 30.725984770830284, "EJ6795": 31.871668058930737, "EP9598": 29.71859950424929, "ER7812": 50.47946213942308, "ER9470": 33.756795882258324, "EW0183": 30.321107297687863, "EX8679": 31.70760614989423, "FC3182": 35.731603251617294, "FD7958": 38.03399619496285, "FG4493": 53.50554140127388, "FG7387": 55.34054677206851, "UNKNOWN": 2.1109080841638983}