{"028L20A": 125.79798017720378, "EH9899": 121.82992727272728, "EN6203": 160.0149823456437}