{"002C21A": 47.21462297293499, "016M20A": 24.43512956612277, "020F21A": 87.85172603026106, "059H21A": 100.34028710418718, "203A21A": 21.91637325668746, "3002188": 75.32656582633054, "301308A": 53.49642601289501, "EL0142": 25.704312398048657, "EL3302": 31.207829505636983, "EN6207": 15.596765636634402, "EN6208": 17.074219505984214, "ER1741": 14.838913959018823, "ER7934": 40.16203969392635, "EW0153": 22.230728966513396, "FC3180": 31.502045220001875, "FD7218": 68.86721167045711, "FK5618": 33.81427593289969, "UNKNOWN": 0.9312829783076022}