{"EL8723": 188.870362041826, "EX3510": 192.3348980993817, "FE8244": 64.97049243892981, "UNKNOWN": 10.554540420819492}