{"FA8016": 570.2469010018679, "FF2587": 537.6826261008807}