{"026B21A": 651.7110981761738, "031A21A": 506.9379435301223}