{"027L20A": 12.749659941487138, "029L20A": 8.504438275239043, "030M20A": 12.773793843787828, "037B21A": 22.87160092049184, "039K20A": 4.627187357165612, "1802070": 31.09754224270353, "EH9899": 7.859995307917888, "EJ6790": 15.992326086542308, "EJ6795": 16.449893191706188, "EL9261": 27.563188370087467, "EN6205": 8.842331718847278, "ER8735": 12.96241130094522, "ER9470": 17.422862390843008, "ET3045": 31.847437549751717, "EW0182": 17.42847948511665, "EX0893": 16.404955487584406, "EX3599": 24.342962930759647, "EX7823": 18.47046723317658, "FA4598": 12.030712574764411, "FC3143": 17.95522475845217, "FC5435": 25.997601343247783, "FD9234": 20.974029947672747, "FE1248": 26.467982197014454, "FE2707": 21.975140814203755, "FE7010": 24.74365149506555, "FG4493": 27.61576330388329, "FK6304": 31.856805664830844, "GH9694": 16.140392288832267, "UNKNOWN": 1.637773513575438}