{"FC1526": 779.8897400185701, "FE2296": 769.6925544100802}