{"066H21A": 1239.4398967551622, "1808609": 462.7542045767853}