{"007B21A": 34.50046239210851, "014C21A": 84.18259454044578, "014M20A": 29.104968782518213, "031M20A": 30.228015669323245, "040B21A": 41.588521545319466, "EW0153": 25.194826162048507, "EW0172": 24.239341064267908, "FA8016": 38.01646006679119, "FC5089": 58.92111169559881, "FD0809": 48.8368512865242, "FF2382": 55.22710387902696, "FF2593": 38.4282755464012, "FH8020": 37.71492587601078, "FJ1620": 54.11828944189417, "GL0446": 97.9541083916084, "UNKNOWN": 1.0554540420819492}