{"EW0175": 547.162457226658, "EW0177": 514.2508806861694}