{"FA5833": 281.43706000670466, "UNKNOWN": 31.663621262458477}