{"205A21A": 34.83688856579084, "EJ6788": 45.65724972796518, "EL0725": 69.06268503289473, "EL1491": 71.35439677145284, "FA4598": 37.29520898176968, "FC1526": 77.988974001857, "FE2707": 68.12293652403164, "FF3319": 42.00881211666041, "FG3739": 79.01742709313264, "UNKNOWN": 3.518180140273164}