{"043A21A": 243.67764928358423, "J07BX03": 917.6436373566356}