{"011A21A": 418.0946804534696, "UNKNOWN": 15.831810631229237}