{"045A21A": 23.03716000685989, "202A21A": 12.364398967551622, "3001659": 35.64361707769823, "EJ6789": 19.071336457889505, "EK9788": 8.328861247590025, "EL1484": 17.837364155706126, "EP6955": 11.691727986050568, "ER7812": 32.30685576923077, "ET3045": 39.49082256169213, "ET3674": 21.22132406383315, "ET6956": 21.02825113511821, "EW0180": 22.856532244342358, "EW4811": 18.54090582711958, "EX8679": 20.292867935932307, "FC1526": 31.195589600742807, "FD0168": 4.805796391659764, "FD6840": 3.5681653885343487, "FD7958": 24.341757564776227, "FE6975": 29.054685405405408, "FE9174": 34.83893208916537, "FF0680": 6.165918000276714, "FF3318": 7.394415469613261, "GH9693": 22.346112127765764, "UNKNOWN": 2.065018777986422}