{"019B21A": 34.73253024506256, "020B21A": 34.9526024432374, "025J20A": 25.14754970260836, "031A21A": 26.680944396322225, "1805022": 18.825337680484395, "1808978": 24.12220098306936, "32030BD": 77.87715437361008, "EL3246": 17.6867205585349, "EL9267": 34.32059181150313, "EN5318": 14.04983546081452, "EN6208": 15.2769332421964, "EP7533": 17.74198889182756, "EW0181": 33.42372948821287, "EW0187": 25.401145546442297, "FC3180": 28.18604046000168, "FD7218": 61.61803149461952, "FE2625": 42.82856815082025, "FF2589": 29.19839661933621, "GH9702": 31.075440447109337, "GH9703": 46.78770537454748}