{"032B21A": 147.41180342255376, "EJ6789": 95.35668228944752, "EY3014": 110.35119947420309, "FD1921": 31.82049305158957, "FG4493": 171.2177324840764, "FG6273": 150.1496312849162}