{"025B21A": 154.69072402358142, "048A21A": 168.25696253255862, "EK5730": 54.38286020527478, "EN6199": 95.49433629326047, "FH8028": 192.8212235996327}