{"002A21A": 42.25122067854626, "002B21A": 54.84210096656217, "002M21A": 98.0747257236228, "018B21A": 44.30929005014516, "032B21A": 61.42158475939739, "042A21A": 18.85468035758517, "EN6204": 27.695047232131063, "EW0177": 42.85424005718078, "FE3592": 47.24731273566324, "FF2587": 44.80688550840673, "FF2588": 54.82058689123907, "GH9703": 74.08053350970017, "GJ6739": 107.28526745818972}