{"002A21A": 16.355311230405004, "004M20A": 5.745048780111894, "011J20A": 2.767446459080548, "013L20A": 3.7400518717252207, "017F21A": 20.06610672349672, "024C21A": 23.09013482791068, "024M20A": 6.07144847603124, "028L20A": 3.9935866722921833, "030B21A": 10.545437135824791, "031L20A": 4.927469339892966, "038K20A": 12.111763624368669, "042B21A": 17.87289888596421, "042L20A": 5.219223467164643, "047B21A": 13.682942819679608, "048A21A": 10.68298174809896, "048C21A": 19.0480270651638, "201A21A": 5.283123126528902, "EH9899": 3.867616738816739, "EJ1685": 4.819149089069408, "EK9788": 3.305103669678581, "EL1283": 15.443488753014572, "EL8982": 6.515191578914671, "EM0477": 4.563713958996978, "EM9809": 9.926034287605688, "EN6198": 4.738644313570856, "EN6200": 4.449961568636822, "EN6204": 5.275247091834488, "EN6205": 4.350988623559772, "EP6955": 4.639574597639114, "EP7533": 5.350758554678152, "EP7534": 5.2768204251998485, "ER2613": 9.086942260775276, "ER8735": 6.378329370306378, "ER8736": 6.609187049509631, "ET1831": 7.387147104324423, "ET3620": 8.047851557818335, "EW0150": 4.713797854541876, "EW0164": 12.12667570253908, "EW0169": 6.233159649660528, "EW0171": 6.45112276067829, "EX3510": 12.211739561865508, "EX7389": 11.060248976863788, "FC1526": 12.379202222516986, "FC3143": 8.835110595428846, "FC8889": 11.818786586738714, "FD4555": 1.86301453257822, "FE1248": 13.02392774773727, "FE2707": 10.81316452762407, "FE8244": 8.383289346958685, "FF8839": 9.217740009716492, "FG4493": 13.588708927307652, "FM7553": 16.723306961238, "GJ3277": 15.412611273923035, "UNKNOWN": 1.341678867053325}