{"005C21A": 25.904282057608093, "011A21A": 13.486925175918373, "011J20A": 5.6241653845830495, "013M20A": 9.89351563629497, "018B21A": 35.44743204011613, "029L20A": 17.57583910216069, "030L20A": 8.824947605657536, "031A21A": 16.352836888068463, "031L20A": 10.013889303653444, "037K20A": 8.555782760979893, "038K20A": 24.61422930113632, "041C21A": 38.87720191073226, "041L20A": 8.510486473858093, "047C21A": 37.20812761529435, "203A21A": 12.018656302054415, "301308A": 29.33674974900694, "EJ1685": 9.79375460036686, "EK9231": 6.3654829961469845, "EL3249": 11.90203027497224, "EL3302": 17.113971019220283, "EN6198": 9.630148121127869, "EN6203": 10.323547248106044, "ER8736": 13.431573681261506, "EW0151": 12.21035067543962, "EW0153": 12.191044917120246, "EW0173": 13.116716111052485, "EW0185": 15.86788609240222, "EW0191": 16.50767241421695, "FF2593": 18.5943268772909, "FG3527": 23.61011314920233}