{"028L20A": 251.5959603544076, "029A21A": 568.217089678511}