{"039K20A": 143.44280807213397, "FD0810": 1340.8719585161548}