{"005C21A": 34.91446712112395, "024C21A": 63.246891050364034, "025B21A": 26.90273461279677, "026C21A": 57.74555511655471, "032M20A": 29.996374579192228, "041J21A": 71.83074457857066, "048B21A": 39.16940202820842, "066H21A": 53.88869116326792, "1805022": 15.551365909965371, "1805025": 21.374598101447155, "EL0140": 22.28350135724384, "EL3246": 14.61076915705057, "EL3249": 16.04186689235389, "EP6955": 12.708399984837571, "EP9605": 15.416202901614406, "ER8731": 17.78707683827232, "ER8737": 15.685529533329904, "EW0198": 33.876754456723404, "EW9127": 33.68900409112786, "EY2172": 43.33257259270721, "FC5435": 35.04024528872527, "FF2587": 23.37750548264699, "FM7553": 45.80731906773886, "UNKNOWN": 0.6883395926621407}