{"017C21A": 13.3274444021446, "030H21B": 13.37586764097176, "031L20A": 4.084612742279695, "037B21A": 9.329205638621673, "042A21A": 2.9770547933029228, "EJ6134": 6.593426944226237, "EJ6788": 6.007532858942787, "EJ6789": 6.273465940095233, "EJ6795": 6.709824854511735, "EJ6796": 7.675589442600771, "EJ6797": 4.543576552561143, "EK9788": 2.739756989338824, "EL0725": 9.087195399065097, "EL3249": 4.854775506896572, "EL8723": 9.940545370622418, "EM0477": 11.655972138519308, "EM6950": 25.59704465390841, "EN6202": 3.908184984520124, "EN6203": 4.210920588043255, "EP9598": 12.679935788479696, "ER9470": 45.64299161544788, "ET1831": 18.86717300969346, "ET3620": 20.554647897671156, "ET7205": 18.27747806570088, "EW0153": 4.972663058299048, "EW0186": 6.664186866321029, "EW0217": 6.68439368962579, "EW2239": 39.085474665113566, "EX0893": 6.691495001514692, "EX3599": 9.929366458599327, "EX7389": 9.168364283452876, "EX8679": 20.567095881012477, "EY2172": 26.57731119019376, "EY3014": 22.36848637990603, "FA8016": 7.503248697392998, "FC0681": 4.636922830239797, "FC3098": 10.12288937365167, "FC3143": 7.323841677789701, "FD0785": 13.311381064038784, "FD4555": 1.544340994110893, "FD7959": 15.909186861037483, "FE1248": 33.26381546381546, "FE1573": 7.988309643414392, "FE4728": 30.18842707982485, "FF0900": 10.13683486404615, "FF2593": 7.584528068368657, "FF2832": 9.555393428447903, "UNKNOWN": 0.4221816168327796}