{"007B21A": 21.562788995067816, "020B21A": 27.67081026756294, "203A21A": 15.524097723486951, "204A21A": 20.100553240408107, "207A21A": 18.665087414920592, "EJ6134": 20.879185323383084, "EM9809": 26.05584000496493, "EM9810": 26.898504068165803, "EN6202": 12.375919117647058, "EP6955": 12.178883318802676, "ER8734": 14.559344618055556, "EW0161": 19.233595755408874, "EW0172": 15.149588165167444, "EW0180": 23.808887754523283, "EW0198": 32.4652230210266, "EW2246": 20.269840119789404, "EW4811": 19.313443569916227, "FA4632": 42.10196181599519, "FC2336": 24.57542295984077, "FD6840": 3.716838946389947, "FD7959": 50.379091726618704, "FH8469": 26.862308061420347, "GH9694": 20.848006706408345, "UNKNOWN": 1.3766791853242817}