{"058H21A": 151.24617530597553, "1805020": 60.70374656444381, "EN6207": 33.143126977848105, "EP9605": 44.32158334214142, "EW3143": 51.93753869010772, "FA4598": 106.55773994791336, "FE8244": 32.485246219464905, "UNKNOWN": 1.9789763289036544}