{"027H21B": 72.7655438171112, "032F21A": 81.68499708398134, "1802072": 77.26540088267745, "EJ6136": 28.00887016021362, "EJ6790": 30.985131792675723, "EL0725": 43.164178145559205, "EL3248": 24.230343731946853, "EL9264": 33.67539513799743, "EM0477": 17.9696237135506, "EP2163": 29.384917717086832, "EX0893": 31.78460125719479, "FC3143": 34.78824796950108, "FD7959": 75.56863758992806, "FG6273": 46.92175977653631, "FG7387": 55.34054677206851, "UNKNOWN": 2.1109080841638983}