{"EW0153": 755.8447848614553, "FE2083": 507.0547676523838}