{"004C21A": 90.23220038659794, "005C21A": 66.91939531548756, "1802072": 103.02053451023662, "1808982": 57.71860824742269, "203A21A": 31.048195446973903, "30155BA": 66.11251475796931, "ER8736": 34.69823200992556, "EW0176": 40.94394848529196, "FJ1620": 67.64786180236773, "FJ6369": 62.78713463407341, "FK0596": 37.71354096445104, "UNKNOWN": 2.878511023859861}