{"031A21A": 38.99522642539402, "032M20A": 53.07050887087856, "036A21A": 35.3765426243848, "038K20A": 58.69546987194047, "044B21A": 64.3590445908673, "1802070": 74.15567765567765, "1805031": 33.83852202843028, "EK9788": 16.017040860750047, "ER7449": 50.199907339600365, "EW0182": 41.56022031066279, "EY2173": 60.075295926760354, "FC5089": 67.98589811030631, "FF2834": 42.59702912522833, "UNKNOWN": 1.2178315870176335}