{"EJ6790": 70.8231583832588, "EM0477": 41.0734256309728, "EP9605": 50.65323810530448, "ET3674": 75.7904430851184, "FF0900": 110.05706423821536, "FG6273": 107.249736632083, "UNKNOWN": 5.277270210409746}