{"001C21A": 182.53074416078212, "016M20A": 83.07944052481743, "043B21A": 131.75030398117278, "1805029": 75.06732296677481, "EN6200": 56.069515764823954, "EN6207": 53.02900316455697}