{"030L20A": 6.217576722167809, "031B21A": 14.811615867640317, "EJ6788": 10.376647665446631, "EJ6789": 10.835986623800856, "EJ6790": 11.267320651882082, "EJ6795": 11.589697475974814, "EJ6796": 13.257836309946786, "EL0725": 15.696064780203349, "EL1484": 10.1348659975603, "EL9263": 53.53859509397898, "EP2163": 21.86784574294834, "EP2166": 36.90778481290947, "EP9598": 10.80676345609065, "ET1831": 10.577051535737242, "ET3620": 11.52306018505807, "ET6956": 11.947869963135346, "ET7205": 15.57739607872234, "EW2239": 18.17929054191329, "EW2246": 34.74829734821041, "EX6537": 11.20926986925224, "EY7015": 15.253237671419493, "FA4598": 8.476183859493107, "FC1526": 17.724766818603868, "FC2473": 6.435267874282994, "FD0168": 2.730566131624866, "FD4555": 2.667498080736997, "FF3318": 4.201372425916625, "FG3739": 17.95850615753015, "UNKNOWN": 4.523374466065496}