{"024M20A": 42.50013933221867, "045J21A": 172.37891606419527, "053E21A": 170.6453479518806, "1802068": 71.96484123923383, "1805022": 39.74237954768928, "AS7140C": 158.27274011299434, "EN5318": 29.660763750608435, "ER8737": 40.08524214073198, "FC3183": 56.00447046656325, "FK9893": 78.07041762532246}