{"014C21A": 126.27389181066869, "014F21A": 120.1743296388988, "016B21A": 65.56607456568418, "EJ1685": 30.360639261137266, "EL3248": 38.768549971114965, "EP7533": 33.709778894472365, "ER8737": 36.07671792665878, "FA6780": 60.55764514965741, "FE3592": 56.69677528279588, "UNKNOWN": 3.518180140273164}