{"025B21A": 618.7628960943257, "FR2583": 2957.727352682498}