{"EW0150": 296.96926483613817, "EW0151": 378.52087093862815}