{"004M20A": 72.38761462940987, "037K20A": 53.04585311807534, "043A21A": 48.73552985671686, "30135BA": 246.70444036697245, "EW0168": 112.198028733712, "FA7485": 115.66268296883072}