{"FD0168": 120.1449097914941, "FK9894": 613.8917930908426}