{"EL0725": 20.928086373604465, "EN3924": 26.189245853597708, "EN6202": 9.000668449197862, "EP2163": 14.247232832526947, "EP9605": 10.744626264761555, "ET3674": 16.07676065441905, "ET6956": 15.93049328418046, "EW8904": 24.77300744673008, "EX0893": 15.41071576106414, "EY2172": 30.201489988856537, "EY3014": 16.71987870821259, "FA5831": 46.691905714921056, "FA8016": 17.280209121268722, "FC1526": 23.633022424805155, "FE1248": 24.86386206386206, "FE2296": 23.324016800305458, "FE7010": 23.24403625294036, "FF0680": 4.671150000209632, "FF4213": 19.73348255725146, "FG6273": 22.749944134078213, "FG7387": 26.831780253124126, "FH8469": 19.536224044669343, "FK5127": 13.522157227687671, "FT9142": 42.14661300635649, "UNKNOWN": 5.699451827242525}