{"020B21A": 60.37267694741004, "022C21A": 108.12735636620988, "EL8723": 68.68013165157308, "EM0477": 26.13763449243724, "EP9598": 43.2270538243626, "EW0183": 44.10342879663689, "EX3599": 68.60289553214082, "EX8679": 46.12015439984615, "EY2173": 70.99807700435315, "FA5833": 51.17037454667358, "FC0681": 32.03692137256587, "FD7959": 109.91801831262262}