{"025L20A": 237.51907260351675, "FF3318": 184.86038674033148}