{"030L20A": 34.19667197192295, "047B21A": 107.7531747049769, "EN3924": 108.03063914609056, "EN6201": 31.41160754462277, "EX6537": 61.65098428088732, "EX8679": 63.41521229978846, "FF4213": 81.40061554866227, "FH0161": 86.56003916718203, "FK9893": 87.82921982848777}