{"002A21A": 253.5073240712776, "1805025": 983.2315126665692}