{"001M21A": 595.3329791002479, "032M20A": 344.9583076607106, "050E21A": 847.3006552419355}