{"EL3246": 336.0476906121631, "FE7010": 767.053196347032}