{"047A21A": 564.8659377628259, "EL1283": 314.0176046446296}