{"030L20A": 27.357337577538363, "039B21A": 80.38021531100479, "039K20A": 14.344280807213396, "051F21A": 143.72526720820863, "EK9231": 43.85110508456812, "EN5318": 26.69468737554759, "ER8731": 40.91027672802633, "EW0186": 50.64782018403982, "FL3197": 102.40070079219988, "GL0446": 146.9311625874126}