{"EW6126": 132.21485421591802, "FC0681": 117.4687116994082, "FF2832": 242.06996685401356, "UNKNOWN": 5.277270210409746}