{"026L20A": 172.0757318516232, "FA7485": 578.3134148441536}