{"002B21A": 109.68420193312434, "3002621": 131.81987602008786, "EL0739": 97.80272584308928, "EP2163": 78.35978057889822, "ER8732": 46.89383638296682, "FF8841": 87.78295424836602, "FM0698": 134.61189903846153}