{"003B21A": 188.86148135650413, "042A21A": 75.4187214303407, "EL9267": 217.36374813951983, "FG3527": 243.97116920842413}