{"043B21A": 131.75030398117278, "ET3620": 101.40292962851105, "EW0179": 74.67364789672824, "FK9706": 139.2145462080398, "UNKNOWN": 7.915905315614618}