{"017C21A": 144.6979677947128, "042A21A": 32.32230918443173, "058H21A": 172.85277177825773, "1805020": 69.37571035936435, "1805029": 53.61951640483915, "ER2613": 40.24217286914766, "ER8733": 46.73860389927116, "FF8839": 82.95966008744844}