{"001A21A": 51.99097411444141, "029L20A": 23.96705332112821, "032L20A": 35.66552937300044, "036A21A": 41.80864128336385, "EK9231": 17.939088443686956, "ER1741": 22.932867027574545, "ER8734": 31.765842803030303, "EX3510": 69.93996294522971, "EX7823": 52.05313492986127, "FG7911": 74.73777164846409, "FK5127": 40.56647168306302, "UNKNOWN": 1.4392555119299306}