{"030M20A": 79.19752183148454, "046B21A": 159.08375946969696, "EL0725": 138.12537006578947, "FC5089": 441.9083377169911, "FE9174": 174.19466044582686}