{"009C21A": 2.912285582549852, "016M20A": 1.3709478634458323, "030A21A": 2.9575378265880468, "3001943": 5.331899648398286, "EH9899": 0.8041579357935793, "EJ6134": 1.65379685729767, "EJ6136": 41.91255390880887, "EJ6789": 1.573542612037088, "EJ6790": 4.941150584878521, "EJ6797": 44.92904695097637, "EK9788": 18.65784329657264, "EL0725": 38.36815835160819, "EL1484": 105.13893506412148, "EP2166": 8.64061851807245, "EP9598": 7.951464750300815, "ER7449": 2.1537914040092567, "ER8737": 1.1906507566554052, "ET1831": 6.205203567632515, "ET3620": 1.6733156704374756, "ET7205": 9.138739032850438, "EW2246": 3.221696442880435, "EX0893": 5.0686407320443525, "EX3599": 2.490534161232835, "EX7389": 11.652101764923389, "FA5831": 15.04168774708866, "FA8016": 7.603292013358239, "FC1526": 15.702477986951076, "FC2336": 3.906027490305817, "FC3098": 7.667836469078342, "FC5089": 20.830696053999574, "FC5435": 13.47701741874049, "FD1921": 0.5250906444156694, "FD7959": 20.219033468877075, "FE2083": 3.3468961561213453, "FE2296": 5.097301684834968, "FE2625": 5.389025131560165, "FE2707": 11.39179540535646, "FE7010": 2.531528700815287, "FE7051": 1.4614161811959558, "FF0680": 1.536358305716789, "FF0688": 12.537484540822303, "FF2382": 2.734015043516186, "FF8288": 9.495519955482315, "FG3739": 10.53565694575102, "FG4493": 11.414515498938428, "FG6273": 12.554316997066572, "FG7387": 20.869162419096543, "FK6304": 3.259277147226918, "J07BX03": 3.0285268559624936, "UNKNOWN": 0.7072630178899658, "XD975": 3.279535611751595}