{"004C21A": 23.038008609344157, "029A21A": 24.70509085558744, "032H21A": 30.462548479466456, "062E21A": 29.616827452535134, "065F21A": 29.062844199296254, "1805025": 10.45990970921882, "1805029": 7.985885421997319, "201A21A": 14.471163346579166, "EJ6795": 10.84992955197642, "EK9788": 4.4302453444627785, "EN6200": 5.964842102640846, "EN6201": 5.346656603340046, "EN6206": 7.183154332951419, "ER8729": 7.183154332951419, "ET3620": 10.787545705160747, "EW0151": 8.053635551885707, "EW0162": 8.204906748307238, "EW2239": 8.316058439385866, "EW6126": 8.439246013782002, "EX0893": 22.11102696152681, "EY3014": 11.739489305766286, "FA5831": 15.895116839122062, "FA8016": 12.132912787273783, "FC3095": 12.494201857935288, "FC3143": 24.20052032660945, "FC3182": 12.16395004310376, "FD0785": 21.524786401424414, "FE1573": 12.91726665743604, "FE2296": 16.376437327874047, "FE7051": 9.42147027451861, "FF2587": 23.37750548264699, "FF2590": 11.41441940626774, "FF2832": 15.451274480043416, "FF3318": 3.933199717879393, "FH0161": 14.73362368803098, "FK6304": 21.011935651271408, "FM0698": 17.184497749590836, "GJ6739": 27.391983180814396, "UNKNOWN": 1.8409082129336325}