{"1808982": 57.71860824742269, "EW0177": 42.85424005718078, "EY3014": 45.97966644758462, "FA7485": 48.19278457034613, "FD7218": 97.56188319981425, "FE8087": 82.4665537887711, "FF8288": 47.319341111486864, "FH8469": 53.72461612284069, "FK5618": 47.90355757160789, "FL2757": 174.69186408977558, "UNKNOWN": 4.749543189368771}