{"001A21A": 1.6340020435967304, "001B21A": 3.1818280878094627, "001C21A": 2.6075820594397454, "002A21A": 1.4486132804073004, "002B21A": 1.8803006045678456, "003A21A": 0.9318606913166776, "005C21A": 1.1455531295090595, "006C21A": 1.2122717239697318, "007B21A": 0.7382409926984702, "007M20A": 1.3531810338844348, "008C21A": 1.3549790374567867, "009C21A": 1.2588053231278244, "010A21A": 0.592431022487895, "010M20A": 0.9674272446713392, "011A21A": 0.5964260776796998, "011F21A": 3.6010562965343618, "011J20A": 0.2487148743538866, "011M20A": 0.644985496396773, "012A21A": 0.7368754526500604, "012L20A": 1.0508149613658633, "012M20A": 0.8924145731317863, "013A21A": 0.7187059559915264, "013L20A": 1.3502766069838903, "013M20A": 0.8762828135004116, "014F21A": 8.62082709030838, "014M20A": 2.5018597807322247, "016B21A": 2.813994616552969, "016C21A": 1.4720038963592956, "016M20A": 1.1868491503545346, "017B21A": 1.5091197555001234, "017F21A": 3.6118992102294096, "018B21A": 1.5191756588621197, "019B21A": 3.781765470809104, "020F21A": 4.267083835755537, "021B21A": 0.9109238296187412, "021C21A": 1.4285385767650165, "022C21A": 1.696720285347088, "022M20A": 1.2631646093632394, "023M20A": 0.6317655643955, "024C21A": 2.0751476378864093, "024M20A": 1.6416362832187472, "025C21A": 1.8040523641921835, "025J20-2A": 0.9620697864528804, "026B21A": 2.797043339811905, "026C21A": 1.8946473148085, "026L20A": 0.4916449481474949, "027A21A": 0.6417798610788464, "027B21A": 1.023554865478681, "027H21B": 1.6608398018170885, "027L20A": 1.129255594817432, "028L20A": 1.441810661056777, "029K20A": 1.4616719146863366, "030A21A": 1.275966319470843, "030H21B": 2.904474116325296, "030L20A": 2.358391170477445, "030M20A": 1.1313931690212076, "031B21A": 3.734734086969477, "031L20A": 0.4428396125724063, "031M20A": 1.2954863858281391, "032F21A": 1.864422187366193, "032L20A": 0.5596588061383806, "032M20A": 0.9841891802017422, "033F21A": 3.6406747536012127, "034C21A": 5.128823125619708, "035C21A": 1.1376579455005278, "036B21A": 1.2101268393945102, "036C21A": 2.1163858716522737, "037A21B": 1.053522446500289, "037B21A": 1.0114402689518502, "037F21A": 2.049412316958679, "037K20A": 0.3783584387879838, "038A21A": 1.5782642821892698, "038B21A": 1.0765076331719672, "038K20A": 1.0885037208776405, "039A21A": 2.621122421122421, "039B21A": 1.1466507177033491, "039K20A": 0.204625974425298, "040A21A": 1.2930356902097495, "040C21A": 1.9014136370269727, "041A21A": 1.9143900874053583, "041B21A": 2.8001866433362497, "041J21A": 2.356786198726284, "041L20A": 1.1322964836463556, "042A21A": 1.6230714798495127, "042B21A": 4.8325863940589935, "042L20A": 1.88430417439182, "043A21A": 0.3476143356399205, "043B21A": 1.88214719973104, "043L20A": 2.95797355152416, "045A21A": 1.6455114290614206, "046A21A": 0.7365348550860867, "047A21A": 4.052122939475078, "047B21A": 1.2297081278742017, "048B21A": 1.2851586970738853, "048C21A": 3.428644871729485, "050C21A": 2.260101699336212, "052E21A": 1.6347694808400448, "054C21A": 4.44080311736345, "058H21A": 1.7260619150467962, "062E21A": 3.977116829340432, "065F21A": 1.948578712363657, "067F21A": 6.306058480146463, "076C21A": 1.0368605521814358, "088D21A": 4.156224269023923, "1802070": 2.7543537414965984, "1802072": 1.7635469530996282, "1805018": 1.478209596652898, "1805020": 1.387514207187287, "1805022": 1.5351133730867104, "1805029": 2.692515170974706, "1805031": 0.6275332187868669, "1808609": 1.9860695475398509, "1808978": 1.3094909105094796, "1808980": 1.4609925590705366, "1808982": 0.988050355162728, "1822809": 1.3855569665135687, "1822811": 2.672988386891505, "201A21A": 0.4748027916851937, "202A21A": 2.664741156799918, "203A21A": 1.0645095581819626, "204A21A": 1.3783236507708416, "205A21A": 1.4951454320081905, "206A21A": 1.7540910000872898, "207A21A": 2.5671180398744657, "213D21A": 3.675534415832923, "3004732": 2.619690508672773, "301308A": 1.2973455666465268, "30135BA": 1.7596607729455955, "30145BA": 1.188792442202749, "30155BA": 2.266714791701805, "32030BD": 2.110793057201985, "33130BA": 1.804731882030993, "EH9899": 0.3475889508494358, "EJ1685": 0.8674468360324935, "EJ1686": 0.715907234806565, "EJ6134": 0.714836587391147, "EJ6789": 0.680147519896202, "EJ6795": 0.7274560469941395, "EK1768": 0.9255510423173716, "EK4176": 0.7394971827229324, "EK4243": 1.5871080279224694, "EK9231": 0.846909754852174, "EK9788": 0.5949186605421446, "EL0140": 0.7311277192818948, "EL0725": 1.973219572368421, "EL1283": 1.3477150413932604, "EL1484": 1.2740974396932947, "EL3247": 0.4526337285758461, "EL3248": 1.1076728563175704, "EL3302": 0.7568232547729369, "EL8982": 0.585530769574357, "EL9262": 1.6474735755182648, "EL9263": 1.6420539151505675, "EL9264": 0.7686252813237645, "EL9266": 1.688439204645434, "EL9267": 0.9302300205685584, "EL9269": 0.724040270728675, "EM0477": 0.821468512619456, "EM4965": 1.2193754541491062, "EM9810": 0.9209188268701558, "EN5318": 1.145694737147965, "EN6198": 2.1415680900643035, "EN6199": 2.188981920762417, "EN6200": 1.6065763829462452, "EN6201": 0.3584776895249388, "EN6202": 2.130717782091316, "EN6203": 0.9143713276893924, "EN6204": 0.4740949597511737, "EN6205": 1.5708440302823246, "EN6206": 0.4816094916529482, "EN6207": 2.2857328950240072, "EN6208": 1.2457585047284618, "EP2163": 0.6706971233571888, "EP2166": 1.4763113925163789, "EP6955": 1.675032662757961, "EP7533": 1.4467716263722044, "EP7534": 2.3847897187058136, "ER1741": 0.7207472494380571, "ER2613": 1.614299198189305, "ER8727": 1.9007522623408653, "ER8729": 1.934717785952531, "ER8730": 0.5209379935395283, "ER8731": 1.7558058681556366, "ER8732": 0.8038943379937169, "ER8733": 1.4041640656433392, "ER8734": 1.4996749821173103, "ER8736": 1.1896536689117334, "ER8737": 3.110061890229205, "ER9470": 0.77048321557223, "ET1831": 1.3296864787783962, "ET3045": 1.4083745564084211, "ET6956": 2.2562501217938, "ET7205": 0.9777538194918444, "EW0150": 1.701829597914832, "EW0151": 1.081488202681795, "EW0153": 0.5391189620980422, "EW0158": 4.793793499958933, "EW0161": 1.9811429104283815, "EW0162": 2.7663602379515075, "EW0164": 2.1543091505943357, "EW0167": 1.3903356594123373, "EW0169": 2.250367094146781, "EW0170": 1.438167916041979, "EW0172": 2.083610979736497, "EW0173": 1.1617662841217913, "EW0175": 0.780545588055147, "EW0176": 1.4037925194957244, "EW0177": 2.946996450923607, "EW0178": 1.6109167226326395, "EW0179": 1.0667663985246894, "EW0180": 0.8151402369594277, "EW0181": 2.7255401728585604, "EW0182": 2.3188105752730315, "EW0183": 2.0821361234463764, "EW0185": 2.111177977959094, "EW0186": 2.173726188156216, "EW0187": 2.071338048851518, "EW0191": 0.7300111909282818, "EW0196": 0.8648122589184094, "EW0198": 2.2261867214418234, "EW0217": 0.7246988878909558, "EW2239": 0.5575673989317199, "EW2245": 1.3915960818983455, "EW2246": 2.787829013610004, "EW3143": 0.5927251205718426, "EW4811": 0.661230592978587, "EW4815": 1.3968278932368057, "EW6126": 1.702337178745726, "EW8904": 1.1662043448531991, "EW9127": 1.1053453553437105, "EX0893": 0.7254687876107228, "EX6537": 0.7035775666863032, "EX7389": 2.990539422928835, "EX7823": 1.6359556692242112, "EY3014": 0.7870984270627895, "FA1027": 1.3725917900073594, "FA5833": 1.608211771466884, "FA6780": 1.7302184328473549, "FA7484": 1.078691159505584, "FA7485": 3.314116990510908, "FA8016": 2.447411592282695, "FC0681": 0.5027191656180094, "FC1526": 5.594617934136084, "FC2336": 1.685171860103367, "FC3095": 1.6777928209227386, "FC3098": 1.0974887195399814, "FC3180": 2.298432483862798, "FC3181": 1.518452946230724, "FC3182": 4.101188321562961, "FC3183": 5.076664229343144, "FC3184": 1.2919882219356826, "FC5435": 2.302644690401946, "FC8889": 1.0621734022318672, "FD0168": 0.1713907414999916, "FD1921": 0.2269650003679712, "FD4555": 0.1674321191903393, "FD5613": 1.2924432184657824, "FD7218": 1.6701035640481752, "FD8448": 1.8598632336655592, "FD8813": 0.8882588409904384, "FE1248": 1.170481381037729, "FE1510": 2.8315979272865146, "FE1573": 0.8660649542075518, "FE2083": 1.4466612486515944, "FE2296": 2.1991215840288003,