{"003A21A": 32.66171723064955, "007M20A": 15.764559044753668, "011A21A": 20.90473402267348, "012A21A": 25.827484615384613, "015M20A": 22.27890614628966, "031H21A": 61.38303506208912, "047A21A": 28.24329688814129, "048A21A": 33.65139250651172, "1802068": 32.384178557655225, "32030BD": 73.98329665492957, "EL9265": 31.62080587459989, "EN6198": 14.926729587748197, "ER7812": 40.38356971153846, "ER8735": 20.09173751646509, "EW0150": 31.259922614330332, "FD1921": 7.955123262897392, "FM0698": 40.38356971153846, "UNKNOWN": 2.6386351052048727}