{"027B21A": 358.75598035027764, "EX7823": 286.292242114237, "FE7010": 383.526598173516}