{"001A21A": 0.84351137943784, "001C21A": 0.672552484011725, "002A21A": 0.7478092155494913, "002B21A": 0.4849706791442491, "002C21A": 2.371192291107518, "003A21A": 1.9297912691668864, "003B21A": 2.935670694660686, "003C21A": 2.0887831994546784, "004C21A": 1.5970300953380163, "004M20A": 1.069240984186261, "005C21A": 2.37232716037179, "006B21A": 0.778308130012327, "006C21A": 1.8814815022201812, "006M20A": 0.9666732858479028, "007B21A": 2.6813830874695728, "007C21A": 0.5445889897781169, "007M20A": 0.4650312402582202, "008B21A": 3.2374035511200137, "008C21A": 2.806027489681558, "009C21A": 1.9537030217991256, "010A21A": 3.3914147100253587, "010M20A": 1.251291705968103, "011A21A": 1.855449765326048, "011F21A": 1.8589523654675908, "011J20A": 0.5150638904640311, "011L20A": 0.6153244989874657, "011M20A": 2.342667528363409, "012A21A": 1.9089049974415828, "012L20A": 1.086567541412335, "012M20A": 0.6915389681095022, "013F21A": 1.7826888950410444, "013L20A": 0.3475269438328744, "013M20A": 0.9060531306503516, "014C21A": 0.9305371540948318, "014F21A": 0.8855882803161299, "014M20A": 0.643915238551288, "015M20A": 0.6571948715719663, "016C21A": 3.0483743909833567, "016M20A": 0.9196986035957648, "017B21A": 1.9519287303216677, "017C21A": 1.4939318208893655, "017F21A": 1.864549739793943, "018B21A": 1.5707872395915563, "019B21A": 1.461073228021082, "020B21A": 4.926553756836132, "020F21A": 7.738234935307969, "021B21A": 0.9418253754612648, "021C21A": 5.18862975291335, "022M20A": 4.273159087436981, "023M20A": 1.308323960535437, "024C21A": 7.5371942702506365, "024M20A": 1.697490772144829, "025A21A": 1.307462802779953, "025B21A": 0.4559785527592673, "025C21A": 0.9319386199695806, "025J20-2A": 0.2481388542804039, "025J20A": 0.3521027592848628, "025L20A": 0.7016811598331366, "026A21A": 1.4071163425474946, "026B21A": 0.4802587311541442, "026L20A": 0.1268059925214614, "027A21A": 0.3315310851999051, "027B21A": 3.1842246776651866, "027H21B": 0.8579577752938681, "027L20A": 0.2912597333722191, "028A21A": 1.8651242211881252, "028L20A": 0.185406013525724, "029A21A": 3.367212383280065, "029K20A": 0.7550714901953737, "029L20A": 0.77884072830845, "030A21A": 1.3193152490835895, "030B21A": 4.432366831736588, "030H21B": 2.250699499735469, "030L20A": 3.468118857704341, "030M20A": 1.169830455413361, "031A21A": 2.626621469067991, "031B21A": 0.9612258085194304, "031L20A": 2.071071249606605, "031M20A": 1.3394984786997006, "032B21A": 2.177426933863423, "032F21A": 2.8936382730856858, "032H21A": 1.055077213363982, "032L20A": 0.5786442818628389, "032M20A": 1.5274906612282388, "033F21A": 1.87940437132806, "034F21A": 1.7370533102637091, "035C21A": 1.176251061645826, "036A21A": 2.725304024397051, "036B21A": 1.2511783398459464, "037A21B": 1.0892614085497088, "037F21A": 1.058686834331639, "037K20A": 0.5872234662517566, "038A21A": 0.8147381987702721, "038B21A": 1.6707716255060123, "038K20A": 1.125429363326292, "039B21A": 2.970444024796925, "039K20A": 0.5300916780197117, "040A21A": 4.714192620556379, "040B21A": 1.3811686122061813, "040C21A": 1.965915869551487, "041A21A": 5.3180672472780754, "041B21A": 0.7222294216416267, "041C21A": 3.560393675724372, "041J21A": 1.217470247094418, "041L20A": 1.5634078855680051, "042A21A": 2.186862554485715, "042B21A": 4.161096192962844, "042L20A": 0.7279950075971348, "043A21A": 1.9899436838303093, "043L20A": 3.571025064793416, "044A21A": 0.6130605687946962, "044B21A": 1.852400545419797, "045A21A": 3.84237286993586, "045J21A": 1.1432647343977578, "046A21A": 1.5252907929552344, "046B21A": 0.58615976223175, "047A21A": 0.4162608237014192, "047B21A": 2.5466038335001926, "047C21A": 2.553768168429797, "048A21A": 1.9882654361306775, "048B21A": 0.6638881699696342, "048C21A": 2.656883479937977, "050C21A": 3.507744556239153, "050E21A": 1.248785048256353, "051F21A": 1.059139773089231, "053E21A": 1.1317672303367174, "054C21A": 1.145380317669276, "058H21A": 2.678899046009899, "059H21A": 1.2570264412462655, "062E21A": 3.081898650042401, "065F21A": 4.035313670212479, "067F21A": 3.2530884705700207, "068H21A": 2.512081095539955, "070H21A": 1.1179686689421613, "076C21A": 2.1472355895987785, "084J21A": 2.2797938493879903, "1802068": 3.838124866092472, "1802070": 3.562541794249112, "1802072": 1.8233722922165772, "1805018": 1.528503710148485, "1805020": 2.155162599921081, "1805022": 0.7919145740129968, "1805025": 6.232265367386903, "1805029": 4.192143873796062, "1805031": 4.913262692139915, "1808609": 2.053642919719461, "1808978": 1.3539787848694766, "1808980": 1.5106274613727853, "1808982": 0.5104077368968845, "1820095": 3.248825743604446, "1822809": 1.4325596364690436, "1822811": 2.071319414196369, "201A21A": 1.9723659672374565, "202A21A": 3.2198955644665683, "203A21A": 1.3768601085132552, "204A21A": 3.2184725722224985, "205A21A": 3.105814730976895, "206A21A": 2.4219449067871914, "207A21A": 2.988627784746366, "213D21A": 1.8973997721851372, "301308A": 2.0135186174595168, "301458A": 1.322129454058131, "30145BA": 1.8450409638024952, "30155BA": 2.343722827461246, "EJ1685": 0.4477970392498122, "EJ1686": 0.3698238552685351, "EK1768": 0.4781217985736753, "EK4176": 1.147721457761127, "EK5730": 0.3208428330694677, "EK9231": 0.1454163396319502, "EL0140": 0.3776864636820988, "EL0142": 0.3220142304840289, "EL1283": 0.4631528092103681, "EL1284": 0.7067267834300274, "EL3246": 0.7440170271856009, "EL3247": 1.1725655718095644, "EL3248": 1.1453042827508113, "EL3249": 0.8168921148135928, "EL3302": 1.5673060608443978, "EL8982": 1.2125762761347836, "EL9261": 4.617808922762235, "EL9262": 1.1340069219963238, "EL9263": 0.8482533489466088, "EL9264": 1.1929291266596878, "EL9265": 0.4660398802446557, "EL9266": 3.061936381481356, "EL9267": 3.378711110976992, "EL9269": 2.62980429938239, "EM9810": 1.9071317507709875, "EN5318": 2.9815361923545334, "EN6198": 2.885464455624187, "EN6199": 2.2635694528772854, "EN6200": 3.1312089965463863, "EN6201": 4.138056083722759, "EN6202": 2.648042129184512, "EN6203": 1.6581863455507115, "EN6204": 4.213116804887947, "EN6205": 3.061566827448983, "EN6206": 1.498261480689571, "EN6207": 4.366160440195558, "EN6208": 1.936512664503769, "EN9581": 6.141236395198775, "EP6955": 1.732107849785269, "EP7533": 3.0053294705324545, "EP7534": 0.9820965636265596, "ER2613": 2.3004063184293764, "ER8727": 3.455013226859177, "ER8729": 1.498261480689571, "ER8730": 2.4363215724543243, "ER8731": 2.1197034574106906, "ER8732": 0.4149897025041311, "ER8733": 1.2090547941422691, "ER8734": 3.639836154513889, "ER8735": 1.484976904395055, "ER8736": 2.777916276554455, "ER8737": 4.029417489946997, "EW0150": 2.425138762581678, "EW0151": 1.6798263503193558, "EW0153": 1.1164620160435086, "EW0158": 0.6133651712705567, "EW0161": 2.391742477356544, "EW0162": 3.149173562639081, "EW0164": 1.389234836580604, "EW0167": 1.7982907642066446, "EW0168": 2.489601229298343, "EW0169": 2.3270462692065967, "EW0170": 0.7424170658033814, "EW0171": 3.318951798923574, "EW0172": 1.3436441831634096, "EW0173": 0.5997318575849955, "EW0175": 1.6164326653667889, "EW0176": 1.0878097014542514, "EW0177": 0.7584821249058544, "EW0179": 1.1030080930092798, "EW0180": 1.6880747595526109, "EW0181": 0.4679814740427742, "EW0182": 1.996610731850023, "EW0183": 1.0741056459697544, "EW0185": 0.3624940816982084, "EW0186": 0.3732337522773752, "EW0187": 2.141812568265105, "EW0191": 0.7547755823609521, "EW0196": 1.34221415535455, "EW0198": 1.1492114343726227, "EW0217": 1.1247540673318672, "FA6780": 2.687469459304323, "FA7484": 1.674160522834128, "FA7485": 1.2803987044520009, "FC3180": 1.5820820346825166, "FC3181": 0.783862140384592, "FC3182": 1.6889384107116003, "FC3183": 1.862676401326937, "FC3184": 3.354568825500659, "FD0810": 0.988114928899156, "FD7218": 1.7267589946869777, "FD8448": 0.960106389060392, "FE3590": 1.6915346653721537, "FE3592": 0.8362356236400572, "FE3594": 0.6243391227794396, "FF2587": 1.1904412385997358, "FF2588": 2.431068154822132, "FF2589": 0.8182441530492449, "FF2590": 1.1877735323127316, "FF2593": 0.850183087309761, "FF8839": 0.8565156646196741,