{"024M20A": 10.337871729458596, "025A21A": 15.96046934925078, "028L20A": 6.799890820389393, "1805025": 13.286912333332015, "202A21A": 8.354323626724069, "EJ6789": 12.88603814722264, "EJ6795": 13.782342944402483, "EK9788": 5.627608951074341, "EM0477": 7.770648092346205, "EP2163": 26.11992685963274, "EP2166": 13.965107767046824, "EP9605": 9.583045046949495, "ER2659": 24.13457445278569, "ER8736": 11.253480651867749, "ET3674": 14.33873247556294, "EW0176": 13.279118427662258, "EW0178": 15.238401430308752, "EX3599": 20.395455428474296, "EY2173": 43.38771372488248, "FA6780": 16.36693112152903, "FC3184": 12.2215102074997, "FD0168": 6.674717210638561, "FD0785": 27.34229623964723, "FD7958": 16.447133489713668, "FD9234": 17.572835902104195, "FE1248": 22.17587697587697, "FE7053": 22.657826239413065, "FE8244": 7.023837020424845, "FF4213": 17.60013309160265, "FK6304": 26.69083717864206, "UNKNOWN": 1.8625659566152044}