{"002B21A": 38.71207127051448, "015M20A": 26.210477819164307, "019B21A": 38.81871027389344, "020B21A": 39.064673318912384, "021B21A": 37.562212033102206, "025A21A": 34.73749211307523, "030A21A": 26.269894812635005, "031M20A": 26.671778531755805, "036B21A": 49.89993614209127, "046B21A": 46.78934102049911, "201A21A": 19.57863276301887, "202A21A": 18.182939658164152, "EL0142": 25.704312398048657, "EL8982": 24.14453349833084, "ER8729": 19.859309038159804, "FH8020": 70.71548601752022, "GH9693": 32.86192959965553}