{"033F21A": 91.01686884003033, "EP2166": 36.90778481290947, "EP7534": 23.74569191339932, "EP9598": 33.96411371914204, "EW2239": 27.918196189366835, "EX6537": 35.22913387479275, "FE1248": 58.60767486481772, "FE7010": 54.789514024788, "FE9174": 62.21237873065245, "J07BX03": 65.54597409690254, "UNKNOWN": 7.915905315614618}