{"201A21A": 332.8367569713208, "EL3249": 368.9629385241395}