{"001A21A": 7.239249560238679, "001B21A": 7.028215206617104, "002A21A": 6.417906938513356, "004M20A": 4.581494596798093, "006B21A": 6.679657115801996, "006C21A": 10.756993398769392, "008B21A": 13.871659519672464, "010M20A": 4.286070071328718, "011J20A": 4.4704904338993465, "013L20A": 6.041622254325357, "020B21A": 8.4063221066014, "021B21A": 16.373271911865068, "023M20A": 5.605919754952475, "025A21A": 7.475156530661758, "025J20A": 6.048144865184288, "026B21A": 8.249507571850302, "026L20A": 2.178173820906623, "027H21B": 14.737325330047836, "027L20A": 5.003031116279764, "028A21A": 7.991703150280766, "028L20A": 3.184758991827944, "029L20A": 3.337184639650764, "030L20A": 3.4629541237390327, "031A21A": 6.416935994052181, "032B21A": 9.329860976110997, "032L20A": 4.966086368392465, "035C21A": 10.094914174631263, "038A21A": 14.1639102247755, "038C21A": 18.5421141170955, "039B21A": 10.174710798861366, "043L20A": 17.67199583346485, "046B21A": 20.39535377816628, "048B21A": 11.403749957579668, "066H21A": 15.68911261715395, "1802068": 8.198526217127906, "1802070": 12.202833031946954, "EJ1688": 15.829306999698613, "EJ6134": 6.34304364254676, "EK4243": 14.083072500932293, "EK9231": 2.497847757981728, "EL0739": 7.428055127323237, "EL3247": 4.016408148502128, "EL8982": 5.19565910723575, "EL9267": 8.25431954960202, "EN3924": 10.939811559097777, "EN6200": 7.188399457028712, "EN6202": 3.759772896500373, "ER1741": 9.828371583246234, "ER8729": 4.273522198085021, "ER8737": 4.566673155273263, "EW0151": 4.791403429602888, "EW0153": 4.783827752287691, "EW0158": 5.264070710397943, "EW0164": 4.758568946565968, "EW0176": 12.59813799547445, "EW0179": 4.72618024662837, "EW0183": 6.140983756493744, "EW3143": 5.259497588871667, "EW4109": 7.305506522487655, "FA6780": 7.665524702488279, "FC3181": 6.727323179503207, "FC9001": 10.561765047951644, "FE2707": 8.623156522029321, "FF2834": 7.009637704151498, "FF3318": 2.340004895447234, "FH8469": 8.160701183216307, "FJ1611": 14.078408129413834, "UNKNOWN": 0.4059438623392111}