{"024M20A": 191.25062699498403, "EX0893": 254.27681005755832, "J07BX03": 458.8218186783178}