{"001B21A": 1.353391837471667, "001C21A": 0.5551421659391185, "001M21A": 13.913070852281315, "002A21A": 1.856063385512709, "002B21A": 0.4003073063252713, "002C21A": 0.4882290696714689, "002M21A": 13.752175562722012, "003A21A": 2.3913398826589054, "003B21A": 0.6896950019105446, "003C21A": 1.72369137348422, "004C21A": 2.639333100887691, "004M20A": 0.2201569787999083, "004M21A": 7.240511789828806, "005C21A": 2.448270560322716, "006B21A": 3.8777188890265113, "006M20A": 1.5975734011087828, "007B21A": 0.9455059729871392, "007C21A": 1.801358340350773, "007M20A": 0.9612536002898576, "008C21A": 1.1562267866794975, "010A21A": 0.252612011413634, "010M20A": 0.6186349615742425, "011A21A": 0.2543154990592881, "011F21A": 3.072199156092692, "011J20A": 0.4249826372262633, "011L20A": 0.1690520470656966, "011M20A": 1.3784598566284694, "012A21A": 0.6287884264244581, "012H21B": 2.550506441793913, "012L20A": 0.4473323130296823, "012M20A": 0.9522716481589184, "013A21A": 0.9204863735993788, "013F21A": 2.946162268952658, "013L20A": 0.7183636217033198, "013M20A": 0.1865565600517907, "014F21A": 2.1956333064354228, "014M20A": 0.2655562845120275, "015M20A": 0.5423957674081475, "016B21A": 0.3988204049007553, "016C21A": 1.2560861002408596, "016M20A": 1.7752017206157569, "017B21A": 0.3212846194799533, "017C21A": 1.232971119370651, "017F21A": 3.081449661377924, "018B21A": 0.6472446507629238, "019B21A": 0.8033086727403391, "020B21A": 1.618767693897649, "021B21A": 1.9468219651302976, "022C21A": 0.7234798783627181, "022M20A": 1.8893487746886064, "023M20A": 1.6212360975274396, "024M20A": 0.4656132124040998, "025A21A": 0.3592076435050358, "025B21A": 1.130504682267343, "025C21A": 0.7692461723228229, "025J20-2A": 0.6152090595466045, "025J20A": 0.290634698509464, "025L20A": 0.724143514035112, "026B21A": 0.3964179429295461, "026C21A": 0.8078757710953519, "026L20A": 0.3143892786570461, "026L21B": 4.815019816799606, "027A21A": 0.5476417317300929, "027B21A": 0.8734168724291604, "027C21A": 1.958714136687084, "027H21B": 1.4172230080021655, "027L20A": 0.7221183767102947, "028A21A": 2.698053627658891, "029A21A": 0.6916823976609994, "029L20A": 0.3209221990656242, "030A21A": 1.6348561750389083, "030B21A": 0.8087188552123702, "030H21B": 1.857306834434568, "030L20A": 2.3482693199603744, "030M20A": 0.7234852786067407, "031A21A": 0.9261959991415146, "031B21A": 0.3964179429295461, "031H21A": 0.7467522513636146, "031L20A": 0.756686333731278, "031M20A": 0.5519418564088238, "032B21A": 0.448332735470054, "032F21A": 0.7949878061701346, "032H21A": 3.489920240182628, "032L20A": 0.4775664310444367, "032M20A": 1.6816980263776262, "033B21A": 2.835798347397438, "033C21A": 3.5535277972890054, "033F21A": 1.5511091463912654, "033H21A": 1.0901556477259169, "034F21A": 3.5906162937768125, "036A21A": 0.5598235594850911, "036B21A": 0.5159969065788027, "037A21B": 0.4492209458617412, "037B21A": 1.2954073602958227, "037C21A": 0.6527356337376055, "037F21A": 0.8738674173893152, "037K20A": 1.622197343060408, "038A21A": 1.3464777544576343, "038B21A": 0.918602374745647, "038K20A": 0.464136927211208, "039A21A": 1.116728968220143, "039K20A": 0.4373256343662621, "040A21A": 0.8268498628016061, "040B21A": 1.139758507636648, "040C21A": 2.435245358506531, "041A21A": 2.179855298059614, "041C21A": 1.4670642230465003, "041J21A": 4.027074040968008, "041L20A": 0.3211504329757771, "042A21A": 2.36262579419372, "042B21A": 0.6849103587687017, "042L20A": 0.2000067387052144, "043A21A": 1.4903831760463868, "043B21A": 2.008388780200805, "043L20A": 0.4192261785311005, "044A21A": 0.75941851213667, "044B21A": 1.0184632741098902, "045A21A": 1.4038488730566658, "045B21A": 0.6611876894458032, "045J21A": 3.7816215589951434, "046A21A": 0.3140577453864639, "046B21A": 3.39922562969438, "046C21A": 0.8552148618959379, "047A21A": 1.722152249276908, "047C21A": 0.7016131119672293, "048A21A": 1.2296489344644963, "048B21A": 2.195968913220704, "048C21A": 0.729942643008102, "051F21A": 1.7495467706416143, "052E21A": 0.6970641156136688, "053E21A": 1.8695168978294896, "058A22-2A": 2.5422840357927288, "058H21A": 1.4728781527057873, "062E21A": 0.8467097872683401, "065F21A": 0.830872066524893, "067F21A": 2.684491399282813, "068H21A": 1.0360042474307112, "070H21A": 1.846723656426674, "076C21A": 3.1061506285435323, "084J21A": 3.767703180707026, "088D21A": 0.8848409331863583, "1802068": 1.5787533727071408, "1802070": 1.7613102488254744, "1802072": 1.5048647767776495, "1805018": 1.6831904020531474, "1805020": 0.2953953604109187, "1805022": 0.4354003845760238, "1805025": 3.612608129822054, "1805029": 1.834265680312152, "1805031": 0.8037164184584539, "1808609": 0.2814806597182392, "1808978": 0.557908482870746, "1808980": 1.5589859624228286, "1808982": 1.2654506071298517, "1820095": 1.7862279904986913, "1822811": 0.5690668706885808, "201A21A": 2.035698819396458, "202A21A": 0.3762750750928674, "203A21A": 1.592215151126867, "204A21A": 0.5872346655749173, "205A21A": 0.636483956744047, "206A21A": 1.7465948847023016, "207A21A": 0.2724830279550451, "213D21A": 1.5659611023025235, "301308A": 2.2167927902966857, "30135BA": 1.501548632787416, "301458A": 2.183967947847698, "30145BA": 1.0144169226830515, "30155BA": 2.9042715451945025, "32030BD": 5.416714825254148, "33130BA": 2.311419700311314, "AS7140C": 6.0874130812690135, "AS7146B": 3.678590079281145, "AS7147B": 2.298073633808959, "EE8493": 0.5395905433215917, "EH9899": 1.9409179590017829, "EJ1685": 2.606063455891611, "EJ1686": 1.5300334499981771, "EJ6134": 0.3048056251588771, "EJ6790": 0.3015584602693501, "EK4176": 1.5804497716121209, "EK4243": 1.3543064243136351, "EK5730": 2.406617046576389, "EK9231": 0.8432904823955408, "EL0140": 0.9363956112361902, "EL0142": 2.672619637717598, "EL1283": 1.1495458376252456, "EL1284": 1.1685354381301856, "EL1484": 0.2712494549225384, "EL3246": 1.6422611636513773, "EL3247": 0.9673665967428904, "EL3248": 1.8946145373788617, "EL3249": 1.5767646945476044, "EL3302": 2.267235476905251, "EL8982": 1.7540900404770268, "EL9261": 0.2514889449825499, "EL9262": 1.1703089728529137, "EL9263": 2.8058008397819574, "EL9264": 3.627215143382832, "EL9265": 1.92809791918292, "EL9266": 2.8879839786238333, "EL9267": 1.5894972441646789, "EL9269": 1.2371778909952498, "EM9809": 1.9065248784120683, "EM9810": 2.7588209300682878, "EN5318": 1.140798605792632, "EN6198": 2.009718793944066, "EN6199": 0.6978879631663372, "EN6200": 1.714664090667399, "EN6201": 1.3824179359491684, "EN6202": 1.9995365037079704, "EN6203": 3.341836240633836, "EN6204": 2.237298797210098, "EN6205": 1.507952658654273, "EN6206": 2.064882285313252, "EN6207": 0.8083689506792221, "EN6208": 1.596794367002191, "EP6955": 1.0700178144646644, "EP7533": 4.569409338745483, "EP7534": 1.2169848204548763, "ER2613": 2.2438956685615423, "ER8727": 1.6209225157164615, "ER8729": 1.0292934562460874, "ER8730": 2.2335017337688647, "ER8731": 1.9992804754075175, "ER8732": 1.547840565207951, "ER8733": 2.404190280182962, "ER8734": 1.065317898882114, "ER8735": 1.4710241012665108, "ER8736": 2.29059233317357, "ER8737": 0.8793837398332426, "ET3620": 0.308403070646323, "EW0150": 2.182260366217794, "EW0151": 1.617610559566787, "EW0153": 1.1522024159473403, "EW0158": 1.2678706893946263, "EW0161": 1.4073362747860152, "EW0162": 2.358597046914007, "EW0164": 1.3761816233509878, "EW0167": 0.8890696969445518, "EW0168": 4.122401545635468, "EW0169": 1.4375438362243314, "EW0170": 2.7690885914011205, "EW0171": 1.4878123267458163, "EW0172": 2.0001901244964357, "EW0173": 0.7429077943531551, "EW0175": 0.3328238790916411, "EW0176": 0.2988609378488464, "EW0177": 0.625990116477382, "EW0178": 1.0301233610013831, "EW0179": 0.9100993040430012, "EW0180": 0.6955731054273389, "EW0181": 0.773038174407845, "EW0182": 1.977850631013848, "EW0183": 2.073238105824811, "EW0185": 1.4997087465380148, "EW0186": 1.2345599069845172, "EW0187": 0.5874884545129686, "EW0191": 0.3112760613386408, "EW0196": 0.3687551055363777, "EW0198": 0.4739448616208262, "EW0217": 0.3090109004936496, "EW2239": 0.2377461962598148,