{"EN6205": 68.52807082106641, "ET6956": 350.4708522519702, "EW0171": 101.60518348068304, "FK5127": 111.5577971284233}