{"024M20A": 382.50125398996806, "EM9809": 625.3401601191584}