{"032L20A": 392.3208231030048, "EL1491": 713.5439677145284}