{"007C21A": 15.081780798549074, "013L20A": 4.80863812078957, "027L20A": 8.066111391553088, "032M20A": 14.079930924926964, "042B21A": 22.97944142481113, "042L20A": 6.710430172068828, "043A21A": 4.973013250685393, "046A21A": 10.536957824802997, "053E21A": 31.34302309320256, "1805020": 9.91081576562348, "1808978": 9.35350650363914, "EH9899": 10.15249393939394, "EJ1685": 6.196048828803524, "EJ6788": 9.31780606693167, "EJ6797": 14.38799241644362, "EK9788": 4.249419003872461, "EL0142": 8.917822668710759, "EL1484": 18.58058766219388, "EL3246": 6.8581161349421045, "EN6201": 5.128425721571064, "EN6202": 6.061674669867948, "EN6205": 5.594128230291135, "EN6207": 5.411122771893568, "ER8734": 7.13110756802721, "ER8735": 8.200709190393916, "ER9480": 10.491695805561546, "EW0150": 6.0605972415538405, "EW0151": 7.7249157334413905, "EW0164": 7.671978505687989, "EW0186": 10.336289833477515, "EW3143": 8.479598153486974, "EW4109": 5.814586824020786, "EW4815": 9.977342094548607, "EW6126": 8.094786992811308, "EY7015": 13.696784847805256, "FC3180": 10.929280994694528, "FD1921": 3.2469890868968947, "FF2588": 13.42544985091569, "FF2832": 14.82061021555185, "FF2834": 11.301252625060576, "FH8030": 16.357108778625953, "FK9893": 14.33946446179392, "UNKNOWN": 1.759090070136582}