{"3002916": 132.9725079113924, "EM0477": 28.75139794168096, "EW2239": 39.085474665113566, "EX3510": 170.9643538661171, "EX8679": 50.73216983983077, "FD4555": 11.736991555242788, "FE6975": 72.63671351351351, "FP4554": 108.76967637540452, "UNKNOWN": 3.518180140273164}