{"002A21A": 25.35073240712776, "004M20A": 18.096903657352467, "007M20A": 15.764559044753668, "011J20A": 8.717456346103726, "013M20A": 15.334949236257204, "016M20A": 20.76986013120436, "017B21A": 26.40959572125216, "018B21A": 26.58557403008709, "021C21A": 50.07027711561382, "026B21A": 32.58555490880869, "031M20A": 22.671011751992435, "036A21A": 48.41000569652657, "037B21A": 35.45098142676235, "3001659": 44.55452134712278, "EN6204": 16.61702833927864, "EW0170": 25.16793853073463, "EW0187": 24.131088269120184, "EW3143": 20.775015476043084, "FF3319": 21.004406058330204, "UNKNOWN": 0.7915905315614619}