{"EJ6789": 39.73195095393647, "EM4965": 35.56511741268226, "EN6207": 22.095417985232068, "EP2163": 39.17989028944911, "ER7449": 118.6543264390554, "ER8734": 29.118689236111116, "ER9480": 42.84109120604298, "EW4811": 84.27684466872536, "EW4815": 40.74081355274016, "FE8087": 82.4665537887711, "UNKNOWN": 1.3193175526024363}