{"012H21B": 174.39087795765877, "016M20A": 69.23286710401452, "048B21A": 150.1493744414656, "205A21A": 58.06148094298473, "EN6206": 56.26804227478612, "FK9729": 121.98558460421206, "UNKNOWN": 2.638635105204873}