{"FF0680": 154.14795000691785, "UNKNOWN": 15.831810631229237}