{"031L20A": 310.4305684132568, "035C21A": 797.49821979587}