{"001A21A": 0.7360369565751037, "001B21A": 3.591390694196322, "001C21A": 1.1745865132611466, "001M21A": 3.06872669639303, "002A21A": 0.6525285046879731, "002B21A": 1.6961474525740878, "002M21A": 1.5146675787432091, "004C21A": 4.19143124376455, "004M20A": 0.4658147659550184, "006B21A": 0.6791414570763934, "006M20A": 0.8435064193112974, "007M20A": 0.405780155592115, "008B21A": 2.824384283644651, "008C21A": 2.4480420238587817, "009C21A": 3.4158291542423425, "010A21A": 1.60759024553812, "011A21A": 1.6184310211102046, "011J20A": 0.6748998461499659, "011L20A": 1.0758254143587302, "011M20A": 1.1652959612735514, "012A21A": 0.6648001188001188, "012H21B": 1.3466477062367472, "012L20A": 0.3151092483889911, "012M20A": 0.4019885464557596, "013A21A": 1.298486791623866, "013L20A": 1.2176913070733275, "013M20A": 0.7904613008380001, "014M20A": 1.1251920921076628, "016B21A": 0.8438362234965788, "016M20A": 1.0706113469692968, "017B21A": 0.6797836736487043, "017C21A": 2.6105303468118293, "017F21A": 3.258156504072921, "018B21A": 0.6843133598478017, "019B21A": 0.8493154113979261, "021B21A": 1.6457670220689111, "022M20A": 0.5689930672807385, "023M20A": 1.1414114964980555, "024M20A": 2.4741348899739206, "025A21A": 0.7600223499643229, "025B21A": 0.7963486436220408, "025C21A": 1.6275942178876717, "025J20-2A": 0.8678464568518252, "025L20A": 0.6121625582564865, "026A21A": 1.2276002112173372, "026B21A": 1.6796677788045715, "026C21A": 1.7093278863330224, "026L20A": 0.6660996071675737, "026L21B": 3.3917900211003658, "027A21A": 0.5790060265331677, "027B21A": 0.9234388168604316, "027C21A": 1.3797548744917163, "027H21B": 1.4983895766715305, "027L20A": 0.5086736913592037, "028A21A": 0.8125412469397432, "028L20A": 2.2842694195601205, "030A21A": 1.728728561863723, "030L20A": 0.7050860200396485, "031A21A": 0.6524297857530532, "031B21A": 0.8387530221057579, "031L20A": 0.3995245410724026, "031M20A": 1.1686088531954864, "032B21A": 0.948595903620037, "032H21A": 3.6900509756054727, "032L20A": 1.0111361420180536, "032M20A": 2.670644962534534, "033C21A": 1.8762352365995036, "033F21A": 1.6399435827032491, "033H21A": 4.6191131053129055, "034F21A": 3.0353663514401923, "036A21A": 1.1852965312293875, "037B21A": 1.8273701766372343, "037C21A": 1.3810777115374815, "037K20A": 1.0266939313175871, "038A21A": 0.7109298568420135, "038B21A": 0.9712121632606808, "038K20A": 0.9820348884623242, "039A21A": 1.18068577528037, "039B21A": 2.071655033788783, "039K20A": 0.9278318762751226, "040A21A": 0.5824485091034909, "040C21A": 1.715432380380834, "041A21A": 0.5740706439709762, "041B21A": 1.2613453348361483, "041L20A": 1.021258376862971, "042A21A": 1.16928250279598, "042L20A": 0.8474512330705478, "043A21A": 0.3136134482414212, "043L20A": 2.667901306471468, "044A21A": 2.148088194536455, "045A21A": 0.7412213644420813, "046A21A": 1.3306982819983166, "046B21A": 2.0500484467744453, "046C21A": 1.8094893603049185, "047A21A": 2.1865778235980358, "047B21A": 1.1094277961902386, "047C21A": 1.4844941519615509, "048A21A": 2.6052690972783266, "048B21A": 1.1594546288916263, "050C21A": 2.039036410855449, "050E21A": 2.1809540675468093, "053E21A": 1.976587041913675, "058H21A": 1.5572321781825025, "059H21A": 2.195347336899848, "062E21A": 1.791494067270465, "065F21A": 3.5204991684714537, "068H21A": 2.192008986841814, "076C21A": 0.9354430464339594, "088D21A": 1.87217309415492, "1802070": 1.2406998835570264, "1805018": 0.8876877217013537, "1805020": 3.141202927008735, "1805022": 0.4603364426373275, "1805025": 1.9030287341933596, "1805029": 1.45291592838919, "1805031": 2.273389076845445, "1808609": 0.5955652568555794, "1808978": 1.181241800717314, "1808980": 1.317905658955381, "1808982": 2.681122447622214, "1820095": 5.680205009785838, "1822809": 1.25003273298071, "1822811": 1.204048822924101, "201A21A": 1.2884003495664031, "202A21A": 0.397824934605908, "203A21A": 0.9602534674321828, "205A21A": 1.3485247186757745, "206A21A": 0.526001548288724, "207A21A": 0.5765277965998639, "301308A": 1.1704494751856052, "30155BA": 2.044716951277401, "33130BA": 1.6282072706611663, "AS7140C": 1.8332749820037957, "AS7146B": 2.591267657734724, "EH9899": 0.6279893158388004, "EJ1685": 1.1752505520440233, "EJ1686": 1.2934303391737167, "EJ1688": 1.6094147399950969, "EJ6136": 1.1550049550603554, "EJ6788": 1.1767332404114736, "EJ6789": 1.8456132056022096, "EJ6790": 0.6380464719212504, "EJ6795": 0.6563020449715466, "EJ6797": 2.233582263872231, "EK1768": 0.8350209532361357, "EK4176": 0.6671654119546663, "EK5730": 0.5606480433533483, "EK9231": 1.276390510223522, "EK9788": 1.8904678577538965, "EL0140": 0.659614583290358, "EL0142": 1.1262198731103794, "EL0725": 3.569131009451924, "EL0739": 0.7552334041937396, "EL1283": 1.2155520179792114, "EL1284": 0.4108171563911141, "EL1484": 0.5739177656276102, "EL3246": 0.8661022953921729, "EL3247": 0.4083606740433309, "EL3248": 1.5007180633979986, "EL3249": 0.4748557767363442, "EL3302": 0.6827967845506161, "EL8723": 1.947117134451814, "EL8982": 1.5888660753740294, "EL9261": 0.5321078835924222, "EL9262": 0.49403004259428, "EL9264": 0.6934444301260733, "EL9266": 1.523076602128613, "EM0477": 0.7410154108680659, "EM4965": 1.0999520849283173, "EM6950": 2.473941171447333, "EM9809": 1.6117014436060784, "EM9810": 3.336248566594208, "EN1185": 2.085643113243152, "EN5318": 0.6880074065862781, "EN6198": 2.3202170343650046, "EN6199": 1.4786219813150008, "EN6200": 1.085216434157883, "EN6201": 0.3234142346936707, "EN6202": 0.7655207701637357, "EN6203": 0.8248194966270292, "EN6204": 1.7175223089693683, "EN6205": 1.0610798062616733, "EN6206": 1.7447454968925924, "EN6207": 0.3412419766059006, "EN6208": 1.1235937997486385, "EP2166": 1.3317241942802385, "EP6955": 0.3761817241329011, "EP7533": 0.8688087343936177, "EP7534": 0.856803316462862, "EP9598": 1.2255092579071871, "EP9605": 1.3725393551114764, "ER1741": 0.9764962734322064, "ER1749": 1.1535566444273055, "ER2613": 1.0904330712930332, "ER2659": 2.24507669328239, "ER7449": 1.6819556582855792, "ER7812": 1.039474123849124, "ER8727": 2.1454157165490364, "ER8729": 0.8701243650740121, "ER8730": 1.4135904521466167, "ER8731": 0.5265157880054869, "ER8732": 1.8199419036080264, "ER8733": 0.8432222352961292, "ER8734": 1.3526100806451613, "ER8735": 0.5171618408356523, "ER8736": 0.5358800310413213, "ER9470": 0.6951206359280994, "ER9480": 1.324982202248752, "ET1831": 1.1994594525062852, "ET3045": 1.270618486540931, "ET3674": 0.6827967845506161, "ET6956": 4.085800091020378, "ET7205": 1.7665088336695436, "ET8885": 1.012798161980869, "EW0150": 0.7653847031859232, "EW0151": 1.956180211569138, "EW0153": 2.4445174154639564, "EW0158": 1.6097867849862093, "EW0161": 1.78686308953476, "EW0162": 0.993893343222784, "EW0164": 1.4552010843046896, "EW0167": 2.514819022192858, "EW0169": 1.5200866758526963, "EW0171": 1.5732415506686408, "EW0172": 1.407445610183298, "EW0173": 0.5233181460008068, "EW0175": 1.4102125186254073, "EW0176": 1.2663076851121229, "EW0177": 1.990648570398075, "EW0179": 0.962289277019694, "EW0180": 0.7354096603713756, "EW0181": 1.6367290213300116, "EW0182": 2.0914175382139986, "EW0183": 0.6243728658468543, "EW0185": 1.9041463310882665, "EW0186": 0.6518380976066901, "EW0187": 0.6211348331819867, "EW0191": 0.6586072649172787, "EW0196": 1.56245719974692, "EW0198": 2.008158125011954, "EW2239": 1.00735759446169, "EW2246": 0.6260954477155029, "EW4811": 1.1946459940154368, "EW6126": 2.5656181283813333, "EW9127": 0.9972292073306834, "EX0893": 1.9685946585101288, "EX3510": 0.9901410455566628, "EX3599": 0.9712121632606808, "EX6537": 2.5488779030857804, "EX7823": 0.7369169681190141, "EY2173": 3.023143924056328, "EY3014": 0.7101106787271756, "FA4598": 0.96121672633427, "FA5833": 2.17886756134223, "FA6780": 0.7793776724537633, "FA8016": 1.4697085077367729, "FC0681": 0.4535471494185644, "FC1526": 3.018928025878336, "FC2336": 2.283136068527142, "FC2473": 0.364416713601611, "FC3095": 1.5134729054715426, "FC3098": 1.982834001024554, "FC3143": 0.7163603185482847, "FC3180": 0.6892339366023577, "FC3182": 2.9545511732603447,