{"013L20A": 39.27054465311482, "030H21B": 169.42765678564228, "039B21A": 133.9670255183413, "041A21A": 74.34214839424142, "050C21A": 264.0552152057807, "1805020": 80.93832875259174, "EJ1688": 208.41920882936503}