{"030A21A": 446.5882118147951, "044A21A": 415.655065642804}