{"025A21A": 590.5373659222789, "EW0150": 296.96926483613817}