{"015M20A": 23.45148015398912, "021B21A": 33.60829497698619, "1805029": 19.75455867546705, "3003651": 63.2496471783678, "EJ6796": 30.702357770403083, "EM0477": 15.132314706147874, "EN5318": 14.04983546081452, "EN6201": 13.225940018788537, "EP2166": 27.195209862143816, "EP9605": 18.661719301954285, "ET1831": 24.49422460907572, "EW2246": 25.60400857236556, "FA4598": 19.629057358826145, "FA4632": 53.18142545178341, "FC1440": 54.109642414387146, "FC3098": 40.49155749460668, "FC3143": 29.29536671115881, "FD6840": 4.694954458597827, "FE8405": 49.878692077062375, "GJ6739": 67.75911628938297}