{"012L20A": 6.801107944395725, "013L20A": 6.545090775519136, "016M20A": 11.53881118400242, "026A21A": 13.230802276453524, "207A21A": 12.443391609947062, "301308A": 25.26220117275598, "EL1491": 19.820665769848013, "EL9264": 14.966842283554412, "EP2163": 41.48458971824024, "EP9605": 9.849240742698091, "ER8729": 9.378007045797686, "ER8735": 11.162076398036165, "ER8736": 11.566077336641852, "EW0167": 13.517152244286612, "EW0169": 10.908029386905923, "EW0173": 11.294949984517414, "EW4815": 13.58027118424672, "EW6126": 11.01790451799317, "FA5833": 32.16423542933768, "FC3182": 15.880712556274354, "FD8448": 18.08200366063738, "FE2707": 18.92303792334212, "FF2382": 23.011293282927895, "FF2588": 18.273528963746354, "FF8288": 15.773113703828956, "FG6273": 20.85411545623836, "UNKNOWN": 4.367396036201169}