{"EJ6795": 19.61333419011122, "EL0725": 13.030695289225422, "ET1831": 8.780948444762993, "ET6956": 9.918986384489722, "ET7205": 12.93217787667515, "EW2246": 9.178795525942371, "EX3510": 14.515841365991074, "EY3014": 10.410490516434256, "EY7015": 39.4789680907328, "FA4598": 7.036831883352768, "FC2336": 11.128493415776951, "FC3095": 11.079763911753934, "FD7958": 11.481961115460484, "FD9234": 12.267828837318024, "FE2083": 19.134142175561657, "FE6208": 1.6412967361495971, "FE7051": 8.35488873400707, "FF0900": 14.535838672971838, "FF2832": 13.702073595510202, "FG4509": 14.912460109275068, "UNKNOWN": 18.364900332225915, "XD985": 17.16388125568234, "XE423": 23.83422319598959}