{"EX6537": 82.20131237451642, "FA4598": 62.15868163628279, "FC0681": 58.7343558497041, "FH8469": 107.4492322456814, "UNKNOWN": 11.873857973421927}