{"008C21A": 11.873003815715093, "014M20A": 5.457181646722165, "025J20-2A": 4.209055315731352, "025J20A": 5.972543054369486, "027L20A": 4.940493227326266, "034C21A": 22.438601174586225, "037A21B": 9.231490437458785, "048A21A": 8.41284812662793, "203A21A": 4.657229317046085, "EJ6788": 5.707156215995648, "EJ6795": 12.910042758047894, "EP2166": 6.458862342259157, "EP6955": 3.6536649956408014, "EP9598": 12.03791372324022, "EP9605": 4.432158334214143, "ER8734": 4.367803385416667, "ER8737": 4.509589740832348, "ER9470": 13.67363883838312, "ET3620": 6.33768310178194, "ET6956": 6.571328479724441, "ET7205": 8.567567843297285, "EW0169": 4.908613224107666, "EW2239": 4.885684333139196, "EW4815": 6.111122032911024, "EW9127": 9.68558867619926, "EX0893": 26.418369876109956, "EX6537": 6.165098428088732, "EY3014": 13.968506262557352, "FA8016": 14.43663040511058, "FC1526": 9.748621750232124, "FC5435": 20.403180801029905, "FD0168": 4.62095806890362, "FE2296": 9.621156930126002, "FE2707": 8.515367065503956, "FE6208": 1.0873590876991082, "FE7053": 10.479244635728543, "FE8405": 11.846189368302314, "FF0680": 1.9268493750864728, "FF0688": 18.98079938078921, "FF2832": 9.077623757025506, "FF3319": 5.251101514582551, "FF4213": 16.48620061745059, "FG3739": 9.87717838664158, "FG7387": 11.068109354413702, "FG7911": 10.27644360166381, "FK9893": 8.782921982848778, "UNKNOWN": 5.903387015034631}