{"EP2163": 470.1586834733893, "FF2382": 828.4065581854044}