{"EJ6788": 6.128489896371165, "EJ6789": 9.664528610416978, "EJ6795": 6.844921999233447, "EK9788": 2.794919881741619, "EL8723": 5.036542987782025, "EM6950": 6.399261163477102, "EP2163": 3.1343912231559288, "EP2166": 3.444726582538217, "EP9598": 3.169983947119924, "ER2659": 5.831172351008623, "ER9470": 10.948150015867563, "ET3620": 10.277323948835576, "ET6956": 14.304932744978377, "EW2239": 7.922731351036535, "EW2246": 9.861003301519167, "EW4811": 3.090150971186597, "EW4815": 13.30312279273148, "EW9127": 10.400632135515986, "EX0893": 6.826223088793513, "EX6537": 23.975382775900627, "EX7823": 3.817229894856493, "EX8679": 3.382144655988718, "FA4598": 15.432500268318485, "FA5831": 4.980469942924913, "FA8016": 3.8016460066791193, "FC0681": 4.730283692593619, "FC1526": 10.468318657967384, "FC2336": 3.932067673574523, "FC2473": 1.8876785764563448, "FC3098": 5.128930615983513, "FC3143": 7.471301577342515, "FC5435": 16.336330573797593, "FD0168": 4.971513508613549, "FD7959": 24.508747326463155, "FE1248": 22.326733281835324, "FE2296": 5.131283696067201, "FE2707": 13.808703349465873, "FE4728": 7.547106769956214, "FE6208": 0.5799248467728577, "FE7010": 5.113687975646879, "FE7051": 12.049227289860534, "FE8235": 5.580566351104467, "FE8244": 7.071618224645422, "FF0680": 1.027653000046119, "FF0688": 15.19746436907785, "FF2834": 3.691742524186456, "FF4213": 22.301538506482817, "FG3739": 16.017046032391754, "FG4493": 5.707257749469214, "FG7387": 11.885218098699276, "FG7911": 22.370489473009656, "FH9951": 10.424705309243004, "J07BX03": 12.317364259820613, "UNKNOWN": 3.603989411987144}