{"002B21A": 18.28070032218739, "007M20A": 8.758088358196481, "011F21A": 35.01026954963963, "013L20A": 6.545090775519136, "030A21A": 12.405228105966527, "040A21A": 12.57118032148368, "059H21A": 47.38291335475506, "067F21A": 40.81421182983683, "076C21A": 20.18997908553296, "204A21A": 27.56647301541683, "30145BA": 23.148430610670196, "EL3248": 10.769041658643046, "EN5318": 7.415190937652109, "EN6198": 8.292627548749, "EN6203": 8.889721241424649, "EN6205": 7.614230091229602, "EN6207": 7.365139328410689, "EP6955": 8.11925554586845, "ER8734": 9.706229745370372, "ET7205": 19.03903965177175, "EW0150": 8.249146245448282, "EW0164": 10.442415188297542, "EW0169": 22.4393747387779, "EW0172": 10.099725443444962, "EW0179": 10.3713399856567, "FC3180": 14.87596579833422, "FC3181": 14.762736977243147, "FC8889": 20.68287652679275, "FD0810": 37.24644329211541, "FD7218": 32.52062773327141, "FH8030": 22.26384250424088, "UNKNOWN": 1.919007349239908}