{"033H21A": 597.4052949538024, "EN6202": 99.00735294117646, "FG3739": 263.39142364377545, "UNKNOWN": 5.277270210409746}