{"EL0739": 117.36327101170714, "ER1749": 59.60042662874412, "FC8889": 148.91671099290778, "FD7959": 241.81964028776977, "FE7053": 167.6679141716567, "XE423": 252.64276587748964}