{"032H21A": 1431.7397785349233, "084J21A": 1545.7002298850575}