{"EW0171": 135.47357797424408, "EW0177": 171.41696022872313, "FC1440": 342.69440195778526, "FM9992": 262.3412196455064}