{"011A21A": 69.68244674224492, "EN6207": 44.190835970464136, "ET3620": 84.50244135709252, "EX8680": 109.4908403416129, "FC3184": 75.36597961291483, "FE3594": 141.20469826861657, "UNKNOWN": 2.638635105204873}