{"001A21A": 1.4124175724848251, "001B21A": 1.1214230278062751, "001C21A": 0.8183400321039326, "001M21A": 0.8005373990590515, "002A21A": 1.480500994126958, "002B21A": 0.737786111657787, "002C21A": 1.0800384712355615, "003A21A": 0.4391983491346868, "003B21A": 0.8896570454209483, "003C21A": 0.8459392468836852, "004C21A": 0.9708911944758352, "004M20A": 0.5683190919760757, "004M21A": 0.4430704459203036, "005C21A": 0.720047293239947, "006B21A": 0.5915839822291006, "006C21A": 0.190367938732702, "006M20A": 1.0291232424033527, "007B21A": 0.3479428076299603, "007C21A": 1.160397221602138, "007M20A": 1.4898998197111928, "008B21A": 0.7367959000812133, "008C21A": 0.8516837527524838, "009C21A": 0.7912329356759517, "010A21A": 0.932197860300818, "010M20A": 0.8362359434181984, "011A21A": 0.5625853515857405, "011F21A": 0.5648082920847084, "011J20A": 1.1397936611226696, "011L20A": 0.7489465044940633, "011M20A": 0.8115500704045553, "012A21A": 0.6950657443027929, "012H21B": 0.7035042140828907, "012L20A": 1.1569841597576886, "012M20A": 0.98243797087076, "013A21A": 0.7910924463998251, "013F21A": 0.2707578563704811, "013L20A": 1.2200214232620092, "013M20A": 1.102985784581323, "014C21A": 1.4156265898057026, "014F21A": 1.3472458479697178, "014M20A": 0.7836204294148946, "015M20A": 0.7997812392655027, "016B21A": 0.5879047259868565, "016C21A": 0.6937750322822945, "016M20A": 0.558955643809043, "017B21A": 0.9480671562486754, "017C21A": 0.6810079165596076, "017F21A": 0.8499538706277185, "018B21A": 1.4328627368562548, "019B21A": 0.4436921165326234, "020B21A": 1.640119872168077, "020F21A": 0.3345607846134494, "021B21A": 0.7158717539941005, "021C21A": 1.347484470480749, "022C21A": 1.8676102378192367, "022M20A": 0.694202174279932, "023C21A": 1.4268919063474734, "023M20A": 1.0937459063883477, "024C21A": 0.9780447069643924, "024M20A": 0.7725563927086428, "025A21A": 0.7946230534948807, "025B21A": 1.3889178363508996, "025C21A": 0.8502738955392564, "025J20-2A": 1.515070529847056, "025J20A": 0.9650428633631124, "025L20A": 0.8541931134313931, "026A21A": 1.2835631222609305, "026B21A": 1.023323841909649, "026C21A": 0.8929725018023926, "026L20A": 0.7353663754342871, "027A21A": 1.3136882017096871, "027B21A": 0.804385606166542, "027C21A": 0.9612818089935564, "027H21B": 0.2608084007781763, "027L20A": 1.065096226865757, "028A21A": 0.7077853686907852, "028L20A": 1.0183780720439255, "029A21A": 1.531238508004072, "029K20A": 0.4591673816693354, "029L20A": 0.8292352755456628, "030A21A": 1.102934515034294, "030B21A": 0.7448010533149799, "030H21B": 0.4555527406291076, "030L20A": 0.7372289488669669, "030M20A": 0.7997954403987443, "031A21A": 0.9099177806239576, "031B21A": 1.6095244903318169, "031H21A": 0.8254106014624265, "031L20A": 0.9764160767884956, "031M20A": 0.8138572762662754, "032B21A": 0.8262993465389784, "032F21A": 2.639730605945537, "032H21A": 1.605089437819421, "032L20A": 0.9689108787905372, "032M20A": 0.9283470939512284, "033B21A": 1.3917300714119685, "033F21A": 1.142556524331248, "033H21A": 1.2049860274729318, "034C21A": 0.4021254690786062, "034F21A": 1.584734888125761, "035C21A": 0.5361933346901859, "036A21A": 0.618831649406148, "036B21A": 0.7606356551585309, "036C21A": 0.6648382236290583, "037A21B": 0.9937464476295615, "037B21A": 1.5915143176997688, "037C21A": 0.9622034358795096, "037F21A": 1.2881757760036172, "037K20A": 0.8940312323271125, "038A21A": 1.3642383220540388, "038B21A": 0.6766481514042134, "038C21A": 0.3281422525202833, "038K20A": 1.0267429132117865, "039A21A": 0.6168037969920535, "039B21A": 0.720737191759738, "039K20A": 1.068053399454066, "040A21A": 0.8123176873653353, "040B21A": 0.839418465817168, "040C21A": 0.8961615595400547, "041A21A": 0.6002057282333911, "041B21A": 1.0987279430131025, "041C21A": 1.35111351931917, "041J21A": 0.7403572150155165, "041L20A": 1.0678775472032418, "042A21A": 0.4061138241705579, "042B21A": 0.2522384923422369, "042L20A": 1.1825078118457992, "043A21A": 0.4373841584627942, "043B21A": 1.182412420741959, "043L20A": 0.6179850594083204, "044A21A": 0.559302622529003, "045A21A": 1.8115043815773888, "045B21A": 2.439938409537375, "045J21A": 2.087567048097453, "046A21A": 1.0428183125534385, "046B21A": 1.2489752313681908, "046C21A": 0.9452980051256756, "047A21A": 1.1408872172049895, "047B21A": 1.159935498057612, "047C21A": 0.2583897751062107, "048A21A": 0.905621686652031, "048B21A": 0.6057124024980682, "048C21A": 1.0760149787987623, "050C21A": 0.7099848941226459, "050E21A": 0.3796149889076771, "051F21A": 0.9663285558597624, "052E21A": 1.0275484474950651, "053E21A": 1.3770976297394537, "054C21A": 1.3936615925372853, "058H21A": 1.6281265787591, "059H21A": 1.9123148887569303, "062E21A": 0.3118259162789317, "066H21A": 0.5554290373090577, "067F21A": 1.3174728768205568, "068H21A": 0.763249376104006, "070H21A": 0.3398484506618532, "076C21A": 0.97802993551808, "084J21A": 2.079883691255964, "088D21A": 0.6518837078908236, "1802070": 0.4320070847070623, "1802072": 0.5539979449351733, "1805018": 0.4634530199867126, "1805020": 0.544428220308913, "1805022": 0.1602874371181732, "1805025": 0.3305350221873271, "1805029": 0.673702696583126, "1805031": 0.5919274990395968, "1808609": 0.5187827405569341, "1808978": 0.4109588152237775, "1808980": 0.2291496283552264, "1808982": 0.4656812857255079, "1820095": 2.304105890390921, "1822809": 2.180191769979824, "1822811": 0.6290089211645181, "201A21A": 0.5226238893672602, "202A21A": 0.7634058635107086, "203A21A": 0.7525146113718988, "204A21A": 0.7574905662603324, "205A21A": 0.7036175877291687, "206A21A": 0.458187447332218, "207A21A": 1.5099845998587444, "211D21A": 0.9358970575543374, "213D21A": 1.7310209179746894, "3001531": 1.0999676096935354, "3001659": 1.799778689964565, "3001943": 0.3619098551668191, "3002188": 1.148219340100981, "3002332": 1.492620827430849, "3002339": 0.2773452609622632, "3002621": 1.9533255090538395, "3002916": 0.8940329980595636, "3003608": 1.1307463568386995, "3003651": 1.886990371180556, "3004675": 1.3947565002080686, "3004732": 1.2337631908976954, "3004737": 1.410152284476944, "301308A": 0.4075461538065046, "30135BA": 1.9368899535316368, "301458A": 0.8040016442558295, "30145BA": 1.3085250143312894, "30155BA": 0.1777218138655089, "32030BD": 0.3314663828625877, "33130BA": 0.8505941613427113, "939902": 1.077923318770684, "AS7140C": 0.3190982663568434, "EE8492": 0.894056300219585, "EE8493": 0.9944919879155796, "EH9899": 0.6566176183573893, "EJ1685": 0.8865415777061646, "EJ1686": 0.7880118441444179, "EJ1688": 0.2801333452007595, "EJ6134": 1.9151770710297435, "EJ6136": 1.5105907502137683, "EJ6788": 1.539008417796579, "EJ6789": 0.9629826532821226, "EJ6790": 1.447643174500573, "EJ6795": 3.3337362442163805, "EJ6796": 2.888495509346947, "EJ6797": 1.631761516176324, "EK1768": 0.4362245275646419, "EK4176": 0.6975387195632774, "EK4243": 1.247267631809026, "EK4244": 0.2163901226096981, "EK5730": 1.1263446958318957, "EK9231": 0.6651572119569322, "EK9788": 1.2667826368010966, "EL0140": 1.2657669158919376, "EL0142": 0.4898803932363534, "EL0725": 2.483710857555216, "EL0739": 1.3172084288631554, "EL1283": 0.9876985991967682, "EL1284": 0.6447137286003278, "EL1484": 1.2017087910873203, "EL1491": 5.637480557563995, "EL3246": 0.9055855125411983, "EL3247": 0.4982220067567691, "EL3248": 0.6087479807039137, "EL3249": 0.99428593359301, "EL3302": 1.07154351758583, "EL8713": 0.7409063788200542, "EL8723": 2.035880839435806, "EL8982": 1.0137017880978596, "EL9261": 0.7421096262980696, "EL9262": 0.9480185842059524, "EL9263": 1.2904482001351434, "EL9264": 1.3306846754125614, "EL9265": 1.277321601756728, "EL9266": 1.060720164462018, "EL9267": 0.8774495327453145, "EL9269": 0.4551017527736393, "EM0477": 2.5989964241067534, "EM4965": 1.4385890189399568, "EM6950": 0.8606941712813856, "EM9809": 0.841453456092162, "EM9810": 1.7396741907998543, "EN1185": 1.4525098100755538, "EN3924": 1.745557903617262, "EN5318": 0.8396441771684257, "EN6198": 1.1409820278404648, "EN6199": 1.2014564889738455, "EN6200": 0.8817942268114305, "EN6201": 0.7904066603005504,