{"EL1484": 148.64470129755105, "FA4598": 124.31736327256556, "FD4555": 39.12330518414262, "FF4213": 217.068308129766}