{"EW6126": 396.6445626477541, "FA5833": 562.8741200134093}