{"030M20A": 197.99380457871132, "EJ6796": 291.67239881882927, "ER8736": 208.1893920595533}