{"002B21A": 65.8105211598746, "031M20A": 45.34202350398487, "038B21A": 167.69596685634423, "046A21A": 51.63109334153468, "30145BA": 83.3343501984127, "EL3248": 38.768549971114965, "EN6201": 25.12928603569821, "ER8731": 40.91027672802633, "EW2239": 39.085474665113566, "EW2246": 48.64761628749457}