{"001A21A": 0.7166675629810221, "001B21A": 1.1361121479211411, "001C21A": 1.6260822529830803, "001M21A": 0.8633701740412296, "002A21A": 0.8028205816072654, "002B21A": 0.7812368138743936, "002C21A": 2.4395001760710384, "002M21A": 0.6981327694536819, "003A21A": 0.5598659335422523, "003B21A": 0.9345876947570472, "003C21A": 0.8708427791401342, "004C21A": 1.7145130112383855, "004M20A": 0.5252745965588156, "004M21A": 1.8256827710315355, "005C21A": 0.7942431199253437, "006B21A": 0.8355630990011602, "006C21A": 0.7844158171714214, "006M20A": 0.4752438606363651, "007B21A": 0.8536337686091772, "007C21A": 1.609931314447706, "007M20A": 0.5409152559070872, "008B21A": 0.9392269466444896, "008C21A": 2.383539034522478, "009C21A": 1.3972514848784403, "010A21A": 0.8223103691452994, "010M20A": 0.7600438510324774, "011A21A": 0.4411153898618868, "011F21A": 1.829153208213905, "011J20A": 0.2415126428340082, "011L20A": 0.4400684547749639, "011M20A": 0.7458017170990663, "012A21A": 0.7837869720990186, "012H21B": 1.449422864291887, "012L20A": 0.3391581534276496, "012M20A": 0.4945756029759849, "013A21A": 0.6978938244163101, "013F21A": 2.153484420788, "013L20A": 0.4821334195035879, "013M20A": 0.3235861362085265, "014C21A": 2.583822208667148, "014F21A": 1.505943980437329, "014M20A": 0.4894333315445887, "015M20A": 0.9706943528222324, "016B21A": 1.2548945105628568, "016C21A": 1.0205803092587362, "016M20A": 0.5754182885953715, "017B21A": 0.766555981090504, "017C21A": 1.9386013372707696, "017F21A": 1.751151661951594, "018B21A": 0.6663051135360174, "019B21A": 1.8308051479992016, "020B21A": 0.7883525710998608, "020F21A": 1.1814722203291752, "021B21A": 0.6737172220905904, "021C21A": 2.049080647635681, "022C21A": 1.7261574141185296, "022M20A": 0.7292617004439395, "023C21A": 2.688573673165376, "023M20A": 0.818339239619539, "024C21A": 1.630805486724633, "024M20A": 0.8332810523943058, "025A21A": 0.6620374057424652, "025B21A": 0.3670489101535019, "025C21A": 1.0838824627428385, "025J20-2A": 0.4219604326547722, "025J20A": 0.3464626162060084, "025L20A": 0.470303754082602, "026A21A": 0.565426358579561, "026B21A": 1.462875641248426, "026C21A": 2.366371237124224, "026L20A": 0.3407215335983562, "026L21B": 0.1736113864555325, "027A21A": 1.0991709097201556, "027B21A": 1.230967402059679, "027C21A": 1.697543636571982, "027H21B": 1.2283533938134168, "027L20A": 0.2865942017170148, "028A21A": 0.4994485191157074, "028L20A": 0.3485168316254986, "029A21A": 0.7120514908252018, "029K20A": 0.4726785346886683, "029L20A": 0.4871545187690549, "030A21A": 0.6481259093558607, "030B21A": 1.3594216981033544, "030H21B": 1.5424869136046069, "030L20A": 0.6140816515721294, "030M20A": 0.4700769613423207, "031A21A": 1.6079443130539794, "031B21A": 0.9888742088700356, "031H21A": 1.376301234575989, "031L20A": 0.6762746737283782, "031M20A": 0.5382552417540907, "032B21A": 1.264502437804816, "032F21A": 1.2063980580742282, "032H21A": 1.6996185460415894, "032L20A": 0.4398215505639068, "032M20A": 0.7279041111205236, "033B21A": 2.355120736856481, "033C21A": 1.0570983894011838, "033F21A": 0.587824775690192, "033H21A": 1.0631388718529309, "034C21A": 2.723777949679288, "034F21A": 1.3203163053349716, "035C21A": 1.3154826797899677, "036A21A": 0.728210153645712, "036B21A": 0.4472676013526931, "036C21A": 2.741399187539816, "037A21B": 1.6577311672204322, "037B21A": 0.8884957751068258, "037C21A": 1.4156023769733177, "037F21A": 1.9900658784926597, "037K20A": 0.577803390842516, "038A21A": 0.8746730863884586, "038B21A": 0.8958236045217888, "038C21A": 1.9323620015177687, "038K20A": 0.5029603245239115, "039A21A": 1.1496150969835182, "039B21A": 1.4321405657893158, "039K20A": 0.1987004597305285, "040A21A": 1.52549154462948, "040B21A": 0.9465655055505484, "040C21A": 2.1105352661702046, "041A21A": 0.1763635810341147, "041B21A": 2.00541419671276, "041C21A": 1.35111351931917, "041J21A": 1.088990261226765, "041L20A": 0.5049450461984177, "042A21A": 0.0447205490099529, "042B21A": 1.2623235760266205, "042L20A": 0.5858452631415506, "043A21A": 0.1606206903194148, "043B21A": 0.9125185961756688, "043L20A": 1.0002356636396097, "044A21A": 0.7955383384134977, "044B21A": 1.1037102825424112, "045A21A": 0.9500016497946312, "045B21A": 1.577533897478449, "045J21A": 2.661607809899155, "046A21A": 0.7493133145416998, "046B21A": 0.471840836813628, "046C21A": 0.9267505325666876, "047A21A": 1.006426047221611, "047B21A": 1.5358773747046992, "047C21A": 1.3692630224450468, "048A21A": 0.7545155270518323, "048B21A": 1.5455824752800151, "048C21A": 1.345320297203273, "050C21A": 1.3578788756626383, "050E21A": 1.005234101921621, "051F21A": 1.7061629029530805, "052E21A": 1.5117385476800624, "053E21A": 1.3162912520022436, "054C21A": 1.7424675908937306, "058A22-2A": 0.6880885396032309, "058H21A": 0.877367397951605, "059H21A": 0.8993790974869477, "062E21A": 1.46863529471193, "065F21A": 1.982385441128856, "066H21A": 1.3076846915979292, "067F21A": 1.453229222478695, "068H21A": 2.4718122317483977, "070H21A": 1.2001451516285946, "076C21A": 1.1028699487281497, "084J21A": 2.2432485690000177, "088D21A": 1.630805486724633, "1802068": 0.0426669019204943, "1802070": 0.0635061798105276, "1805018": 0.1134761584146432, "1805020": 0.0319914342895619, "1805022": 0.0235626756211596, "1805025": 0.1943785527512162, "1805029": 0.0247257322024949, "1805031": 0.1159387985424243, "1808609": 0.0914654508980337, "1808978": 0.1510021806399307, "1808980": 0.1010701137846925, "1808982": 0.2281969224331418, "1820095": 0.1933442643381875, "1822809": 0.127976208383426, "1822811": 0.3082320556839835, "201A21A": 0.1535427243178625, "202A21A": 0.20375055974477, "203A21A": 0.2701622807515198, "204A21A": 0.1589395353748664, "205A21A": 0.0918149530626364, "206A21A": 0.21548972676219, "207A21A": 0.2952752606671243, "211D21A": 0.825726206988028, "213D21A": 0.1695022129971043, "3001531": 0.6468606885604684, "3001659": 2.531172437476918, "3001943": 0.2128685148513973, "3002188": 0.8440785835130308, "3002332": 2.719350921516312, "3002339": 0.2447099574915423, "3002545": 0.3281156916289023, "3002621": 1.2523627463807254, "3002916": 0.1752058869640851, "3003608": 0.5318003033283437, "3003651": 0.158342881136964, "301308A": 0.7794508273239581, "30135BA": 1.0572118027329385, "301458A": 0.5911075610031905, "30145BA": 1.2094173127284644, "30155BA": 0.7846665341180585, "32030BD": 0.6825926935343443, "33130BA": 1.5853597109069248, "939902": 0.951033584567913, "AS7140C": 0.7510470762628085, "AS7146B": 0.1326360322832595, "AS7147B": 0.1243654473105441, "EE8492": 0.7887691742673116, "EE8493": 0.760293320930186, "EH9899": 0.1284702324104419, "EJ1685": 0.3203232628936342, "EJ1686": 0.2315115856857661, "EJ1688": 0.9067678169240668, "EJ6134": 0.1320683791951489, "EJ6136": 0.0885772676037853, "EJ6788": 0.0902436086334797, "EJ6789": 0.3142728966101362, "EJ6790": 0.6212557752917439, "EJ6795": 0.0671910783243812, "EJ6796": 0.230647036957229, "EJ6797": 0.0910092424048618, "EK1768": 0.6845354758082188, "EK4176": 0.6838434471192871, "EK4243": 1.173821539147934, "EK4244": 1.2104830918918452, "EK5730": 0.2151504425897723, "EK9231": 0.5474508792511642, "EK9788": 0.2334322098539805, "EL0140": 0.3378291023773042, "EL0142": 0.5764439163205952, "EL0725": 0.0454958399426184, "EL0739": 0.9679604695475976, "EL1283": 0.414243921436092, "EL1284": 0.5687299144733524, "EL1484": 0.2645272169149669, "EL1491": 0.0940172564351444, "EL3246": 0.487700322809393, "EL3247": 0.2510089606948392, "EL3248": 0.8189277173910349, "EL3249": 0.6817766962763746, "EL3302": 1.050491257862508, "EL8713": 1.6720820256143487, "EL8723": 0.1991121956031636, "EL8982": 0.4872536602578141, "EL9261": 0.4635065308871211, "EL9262": 0.3036677511470148, "EL9263": 0.3033747893577249, "EL9264": 0.4973487512963293, "EL9265": 0.2917432992252526, "EL9266": 0.8576411290830424, "EL9267": 0.1718630149353784, "EL9269": 0.4684994538755995, "EM0477": 0.189515509469916, "EM4965": 8.282287616652035, "EM6950": 0.0632338059632124, "EM9809": 0.3297120728236517, "EM9810": 0.3829473292066842,