{"001A21A": 1.261545695423946, "001B21A": 0.8159133009886133, "002B21A": 0.9670906856704572, "002C21A": 0.5893161457708479, "002M21A": 1.7294587930690275, "003A21A": 1.440958113116892, "003B21A": 0.4159944523271016, "004M20A": 1.065307058563795, "005C21A": 0.5895981966122253, "006B21A": 0.7754488055082405, "006M20A": 0.4812074066115111, "007C21A": 0.5425897644118243, "007M20A": 1.394065648762299, "008B21A": 0.8045969912291663, "009C21A": 0.6478873212280507, "010A21A": 1.8362305678585749, "010M20A": 0.4975746298823934, "011A21A": 0.6143933584915056, "011J20A": 0.5131688798295057, "011L20A": 0.6130622765647177, "011M20A": 0.9973562492076572, "012H21B": 3.852523077120592, "012L20A": 2.174743621005887, "012M20A": 0.4589935350420649, "013A21A": 1.4828929364240175, "013L20A": 0.6935195523728885, "013M20A": 0.6765418780701707, "014F21A": 0.8823372220183466, "014M20A": 0.6415496425242809, "015M20A": 0.6547804892370216, "016M20A": 1.2226554896956208, "017B21A": 0.7761820932035903, "017C21A": 0.7436753117202568, "017F21A": 0.9281679321441212, "018B21A": 0.7813541228534048, "021B21A": 0.938365326322906, "021C21A": 0.7352463599943293, "022C21A": 0.8732752716801091, "022M20A": 1.301273328262351, "023C21A": 1.870371168937467, "023M20A": 1.303510406596749, "024C21A": 2.137661269887396, "024M20A": 1.1258315054892365, "025A21A": 1.7381526590795553, "025B21A": 1.821230010579325, "025J20-2A": 0.7427744674820034, "025J20A": 1.053978186065203, "025L20A": 1.0501948678121595, "026B21A": 0.478495666796016, "026L20A": 1.0159452803047864, "027A21A": 0.661113420450068, "027C21A": 0.7871288821439528, "027H21B": 3.4267805771119324, "027L20A": 1.1633243802387088, "028L20A": 0.7405326279747095, "029A21A": 1.2534200507614215, "029K20A": 0.7522995684251996, "029L20A": 1.948540920416928, "030B21A": 0.4877845371196491, "030H21B": 0.7463773426680277, "030L20A": 1.2096096202301414, "030M20A": 1.1655264434361228, "031A21A": 1.1182454636693877, "031B21A": 0.478495666796016, "031L20A": 1.3725743629178635, "032B21A": 0.5411593370872018, "032F21A": 2.8829998970816946, "032H21A": 2.103952650308484, "032L20A": 3.1919593595658675, "032M20A": 1.01383778886322, "033B21A": 3.4238094753136714, "034F21A": 1.7306717771620788, "035C21A": 0.585534669453649, "036A21A": 0.3376615668994143, "036B21A": 1.8712476053284224, "037B21A": 0.5205724144899023, "037F21A": 2.111150674780359, "037K20A": 1.369177624729083, "038A21A": 1.625879319400278, "038K20A": 0.5602357623606652, "039A21A": 3.3777350787660065, "039K20A": 0.8468948078059569, "040A21A": 0.9982996137648804, "040B21A": 0.4580233650365579, "041A21A": 0.3274984510759534, "041B21A": 2.161908805516957, "041C21A": 1.771040792406613, "041J21A": 1.2130008262166854, "041L20A": 1.5576388527799314, "042B21A": 0.8267199925225738, "042L20A": 0.9678030270239074, "043A21A": 0.3580861855747013, "043B21A": 1.9389301542483115, "043L20A": 1.012796234394018, "044A21A": 0.6108083257058105, "044B21A": 1.229489463161315, "045A21A": 1.2704316180253614, "045B21A": 1.5973439551049236, "045J21A": 1.1390677272964445, "046A21A": 0.7587228999490768, "046C21A": 4.13825822798211, "047A21A": 1.2460278038885866, "047B21A": 2.537234430139265, "047C21A": 0.8468810250177128, "048A21A": 0.9890196181193748, "048C21A": 0.8810761417807046, "050E21A": 1.2442006684903604, "051F21A": 4.230324273972292, "053E21A": 1.1276124314000922, "054C21A": 1.1411755441095504, "058H21A": 2.669050152458392, "059H21A": 5.020706050834972, "062E21A": 1.022019743222578, "067F21A": 1.0787897399956872, "068H21A": 3.7570389325943134, "076C21A": 1.6033218685570292, "084J21A": 7.979278472857966, "088D21A": 3.208849619467, "1802072": 0.9076699075791772, "1805022": 0.2626148428261406, "1805025": 0.3609513629466112, "1805031": 0.3229814877897163, "1808978": 0.6735074484618924, "1822809": 0.7131244005330482, "202A21A": 0.4542394918277598, "204A21A": 0.7089100334603888, "205A21A": 0.2557774490880384, "207A21A": 0.6582837589391539, "213D21A": 0.9445205914401784, "3001659": 0.6542514147888808, "301308A": 0.6677233790155765, "301458A": 1.3172758217010894, "30145BA": 0.6118527914714589, "32030BD": 1.0863920213646048, "939902": 2.355960738846335, "AS7140C": 1.0458551108788172, "EE8493": 1.9568092350456552, "EH9899": 0.7171739648136999, "EJ1685": 0.8936170496287644, "EJ1686": 1.847757627391024, "EJ6134": 1.4749093385171277, "EJ6136": 1.9814676016068584, "EJ6788": 1.6810474863021052, "EJ6789": 1.4033360160330763, "EJ6790": 0.3639956745101407, "EJ6795": 1.8775651286557136, "EJ6796": 3.444102126273999, "EJ6797": 4.101699397115331, "EK4176": 0.7617744674339099, "EK4243": 1.6349195114969155, "EK5730": 0.9618191930188612, "EK9231": 0.8724980377917018, "EK9788": 1.5389617974113126, "EL0725": 2.0327501113434803, "EL0739": 0.8623311609971135, "EL1283": 0.4614512926445696, "EL1284": 0.4690741080321759, "EL1484": 2.632821277595, "EL1491": 4.212805713443711, "EL3246": 0.2467310503760375, "EL3247": 0.699918184702209, "EL3248": 1.4274134746360445, "EL3249": 0.8138888349797193, "EL3302": 0.7796224858131209, "EL8713": 0.8090857225391781, "EL8723": 3.899977977264842, "EL8982": 0.3013634871304143, "EL9261": 0.3035593432829016, "EL9262": 0.5640872051370399, "EL9263": 0.8451393498682437, "EL9264": 0.3955993555124514, "EL9265": 0.4643290143113053, "EL9266": 1.7393781357642435, "EL9269": 1.1196005068694146, "EM0477": 2.7686531351248336, "EM4965": 0.6271585730377475, "EM6950": 1.410564547423314, "EM9809": 0.9189421897415996, "EM9810": 0.9486614219485366, "EN5318": 2.171905037951357, "EN6198": 0.4386988857530697, "EN6200": 1.4472220145787893, "EN6201": 0.1845028343296491, "EN6202": 0.6551957179930795, "EN6205": 0.4028101150393323, "EN6206": 0.2478768382149168, "EN6207": 0.58487871137379, "EN6208": 0.6402832314744079, "EN9581": 1.5229002816896302, "EP2163": 2.078815107472613, "EP2166": 1.5208505883170935, "EP6955": 0.860318468436392, "EP7533": 0.7435980638486551, "EP7534": 0.4885226844784576, "EP9598": 3.160619149639511, "ER1741": 0.3707002752436738, "ER2659": 3.2108081311910004, "ER7449": 0.95899896460662, "ER7812": 11.41797357915522, "ER7934": 0.501288307486599, "ER8727": 0.7316498598054729, "ER8729": 0.4961179333559393, "ER8730": 0.2681186001991258, "ER8731": 0.6011796727116288, "ER8732": 1.0359463118475734, "ER8733": 0.9629734431049244, "ER8734": 0.2565523280714635, "ER8735": 1.479509390019521, "ER8736": 0.6118718355901641, "ER8737": 0.5301501532205551, "ER9470": 0.793693951676904, "ER9480": 3.7996533220437225, "ET1831": 1.369802112060158, "ET3045": 3.635016804279467, "ET3620": 1.866769691246521, "ET3674": 3.921161135224159, "ET6956": 1.5473326810241508, "ET7205": 0.503234528240663, "ET8885": 0.2885210622970463, "EW0150": 0.6550792606679519, "EW0151": 0.2779154705863643, "EW0153": 0.8336523362442522, "EW0158": 0.917341734091406, "EW0161": 1.699581362775453, "EW0162": 0.8506557731700887, "EW0164": 0.2760109741400231, "EW0167": 1.073420913516878, "EW0170": 0.739689596788674, "EW0172": 1.070169583411387, "EW0173": 0.8969519105352064, "EW0176": 0.3607396342316473, "EW0177": 0.3775703969795663, "EW0178": 1.2437224696796112, "EW0179": 0.274132334422644, "EW0180": 1.6818640356396135, "EW0181": 0.9332121385393748, "EW0182": 0.7939498369413904, "EW0183": 0.356195093071223, "EW0185": 0.72285741199775, "EW0186": 0.371863584317473, "EW0187": 0.3543478453615299, "EW0191": 1.5062188221949242, "EW0196": 0.445105281572544, "EW0217": 1.495258043889801, "EW2239": 1.1504186803565437, "EW2245": 1.4335177860554595, "EW2246": 1.4318650857246378, "EW4109": 0.2091885127584571, "EW4811": 0.6811501038618508, "EW4815": 0.358949899143085, "EW6126": 0.8749512411347518, "EW8904": 3.0099751315982783, "EW9127": 2.280638981886508, "EX0893": 1.49684656398857, "EX3510": 1.1305504664181143, "EX3599": 4.455391001349367, "EX6537": 0.3621203188304688, "EX7389": 2.5655216698910848, "EX7823": 2.531692634761123, "EX8679": 3.749606048767979, "EX8680": 3.391309214120753, "EY2172": 3.6695477526961184, "EY2173": 1.1476544409226812, "EY3014": 0.4051071933707896, "EY7015": 1.48046130340248,