{"EK5730": 72.51048027369971, "EN6205": 91.3707610947552, "FJ4991": 385.0129438717068, "FK9893": 234.21125287596735}