{"001B21A": 3.093197778956832, "001C21A": 2.535149224455308, "001M21A": 3.307405439445822, "003B21A": 3.1564592984373947, "003C21A": 5.2558983013205, "004M20A": 3.0330006129641, "004M21A": 5.494073529411764, "006B21A": 4.422007643701321, "006C21A": 2.3605624402855057, "006M20A": 5.492216378253167, "007C21A": 2.052797942024735, "007M20A": 5.328865029212508, "008B21A": 3.0440586168170127, "009C21A": 7.3946022193793715, "010A21A": 2.3136164165126147, "010M20A": 3.793832332044467, "011A21A": 3.5035867077106384, "011F21A": 3.5010269549639634, "011J20A": 2.448723692725766, "011L20A": 4.697265893678964, "011M20A": 3.788839382464843, "012A21A": 2.877714163274052, "012L20A": 8.418563415412475, "012M20A": 3.499664992673672, "013A21A": 2.8067569646242894, "013L20A": 3.3093155606557434, "013M20A": 6.950685206235559, "015M20A": 4.992471965555106, "017B21A": 1.4671997622917867, "017C21A": 2.813571596008305, "018B21A": 4.455682798338619, "019B21A": 1.8331057629338567, "021B21A": 1.7737711237853824, "022C21A": 3.30389144452308, "022M20A": 2.462995060039743, "023M20A": 2.4672293071935685, "025A21A": 3.289901760012696, "025B21A": 1.7187858224842385, "025J20-2A": 1.8759020905766477, "025J20A": 2.66185762868835, "025L20A": 4.014406860904509, "026A21A": 1.3230802276453526, "026B21A": 3.6307024968031967, "026L20A": 2.9083222284781383, "027A21A": 5.040758348641695, "027B21A": 3.997281118108943, "027H21B": 6.486065187040551, "027L20A": 6.680103518638332, "028L20A": 2.108346036489449, "029A21A": 4.761595723562941, "029L20A": 4.455846532942147, "030A21A": 2.487956611781588, "030B21A": 1.845451498769339, "030L20A": 3.8423226934744887, "030M20A": 2.2060591039410733, "031A21A": 2.8241668163238014, "031B21A": 1.8103086060449272, "031H21A": 3.410168614560507, "031L20A": 1.7294182084304, "031M20A": 2.5260180225061206, "032B21A": 2.04738615864658, "032L20A": 3.287604662874341, "032M20A": 1.9164350425595036, "033B21A": 4.311463783728327, "033C21A": 4.049541052327262, "033F21A": 3.539544899334513, "033H21A": 4.978377457948353, "034F21A": 3.271450400996652, "035C21A": 2.2152728327663054, "036A21A": 3.853869168578232, "037A21B": 4.114313286889708, "037B21A": 1.969498968153464, "037K20A": 8.335776918554696, "038A21A": 3.0773955363021974, "038B21A": 2.0961995857043028, "038K20A": 2.1195586342645165, "039K20A": 1.2020347045150892, "040A21A": 3.7924231137436792, "041B21A": 2.7224036810213543, "041L20A": 2.956023313048749, "042A21A": 1.2604800239054157, "042L20A": 7.451809142920625, "043A21A": 1.3575356506049263, "043B21A": 3.6699249019825286, "043L20A": 3.839597980529968, "044A21A": 3.4831430081799226, "045A21A": 1.5998027782541588, "045B21A": 9.108876213258942, "046B21A": 4.431302492192116, "047A21A": 1.569072049341183, "048A21A": 3.749458775098799, "048C21A": 3.3334047364036654, "052E21A": 3.1832594613024208, "058H21A": 6.740776615308101, "068H21A": 4.731086063266915, "084J21A": 8.611143341978035, "088D21A": 4.040773594884369, "1802068": 3.608265020351557, "1802070": 2.677843915343915, "1805020": 1.348972145876529, "1805022": 0.993559488692232, "1805025": 1.3655993231480126, "1805029": 1.0426017078718723, "1808609": 1.2854283460466256, "1808978": 1.2731161629953274, "1808980": 1.4204094324296883, "202A21A": 2.590307046274781, "206A21A": 3.424887176148089, "211D21A": 3.866641361858753, "32030BD": 4.110183147496088, "EH9899": 1.357436515573563, "EJ1685": 2.544187647581335, "EK9231": 1.099331325239869, "EL0142": 1.2138147521300755, "EL3246": 1.872131981126257, "EL3248": 2.1598077978337025, "EL3249": 1.024897051455943, "EL9261": 1.148466182086978, "EL9263": 3.1974438736681887, "EL9265": 3.523209568200545, "EL9266": 1.641538115627505, "EL9267": 1.811364567829332, "EM9809": 1.7370560003309956, "EM9810": 1.7932336045443868, "EN6198": 0.8292627548748999, "EN6201": 0.6980357232138393, "EN6203": 2.6818153465750334, "EN6205": 0.7614230091229601, "EP7534": 0.9234435744099736, "ER8730": 2.034415228251863, "ER8731": 1.1363965757785093, "ER8732": 3.1525268156616346, "ER8735": 3.367330310022082, "ER8737": 2.009845009841715, "EW0151": 1.0514468637184116, "EW0153": 2.105417228026337, "EW0158": 1.1551710725595483, "EW0164": 2.094300539157167, "EW0168": 3.125293279490585, "EW0170": 2.8042271343436918, "EW0176": 1.3647982828430654, "EW0178": 1.566169035892844, "EW0180": 1.5872591836348855, "EW0182": 1.5007857334406007, "EW0191": 1.4214940134464598, "FA6780": 1.6821568097127058, "FC3180": 1.487596579833422, "FC3181": 1.4762736977243152, "FC3182": 3.184989704879536, "FC3183": 1.4001117616640812, "FC3184": 1.256099660215247, "FE3590": 1.5905124561902055, "FE3592": 1.574910424522108, "FF2588": 1.827352896374636, "FF8839": 3.235195658006345, "FF8841": 1.463049237472767, "FH8028": 6.463281237976515, "FJ1620": 2.2549287267455904, "FJ4989": 3.1659733996458312, "FK5127": 1.2395310792047034, "FK5618": 3.202466244341475, "FK9893": 3.914394198484134, "FK9896": 3.0087102087585493, "FL3197": 5.704774417392751, "FL8095": 3.392806241925064, "FM0698": 2.243531650641025, "FP4554": 3.0213798993167926, "FT9142": 7.748402391140746, "GH9693": 3.1122718840899397, "GH9703": 4.952459064715333, "GJ2524": 1.6718901831939466, "GJ5342": 2.213694523508328, "GJ6665": 2.433896856439229, "UNKNOWN": 0.0881995021238397}