{"003A21A": 46.65959604378508, "011F21A": 90.02640741335905, "025J20-2A": 24.05174466132201, "025J20A": 34.12881745353992, "029K20A": 73.18800087108013, "038A21A": 39.45660705473175, "052E21A": 81.85524329063368, "EJ1685": 21.686170900812336, "EL3249": 26.354495608867104, "EN6205": 19.579448806018974, "ER8729": 24.114875260622615, "ER8730": 26.08410953365781, "EW0186": 36.1770144171713, "FF8839": 41.47983004372422, "FH8030": 57.24988072519084}