{"003A21A": 36.29079692294395, "006B21A": 29.316272897130982, "007M20A": 17.516176716392962, "012L20A": 13.60221588879145, "025J20-2A": 18.70691251436157, "025J20A": 26.544635797197717, "025L20A": 13.195504033528708, "027B21A": 39.8617755944753, "028L20A": 13.97755335302264, "031L20A": 17.246142689625376, "039K20A": 7.969044892896331, "041L20A": 14.656948927200048, "EL1284": 17.733607250883093, "EL3246": 18.66931614512017, "ER2613": 15.649733893557425, "FC3183": 28.002235233281624, "FE3590": 31.81024912380411, "FF8839": 32.26209003400773, "FH8020": 31.429104896675653}