{"EY3014": 275.87799868550775, "FC1440": 514.0416029366779, "FC3182": 285.85282601293835}