{"002C21A": 12.945945008707982, "002M21A": 18.982204978765697, "010M20A": 5.461282832822076, "021B21A": 10.2993162026248, "028L20A": 4.057999360554961, "030L20A": 4.412473802828768, "031B21A": 10.51146932542216, "037K20A": 4.2778913804899465, "038A21A": 8.90955643171362, "044A21A": 6.70411396198071, "045A21A": 9.289177422120922, "047A21A": 9.110740931658482, "1805031": 7.095173973703124, "201A21A": 10.912680556436747, "EJ6134": 8.082265286470872, "EJ6789": 7.690055023342543, "EL0725": 11.139142747241086, "EL3248": 6.252991930824995, "EL3302": 8.556985509610142, "EM4965": 6.88357111213205, "EN5318": 4.305594737991547, "EN6198": 4.815074060563934, "EN6205": 4.421165859423639, "EP9598": 7.669316001096591, "ER7449": 10.525787022819433, "ER9470": 8.711431195421504, "ET6956": 8.479133522225085, "ET7205": 11.054926249415852, "EW0153": 6.095522458560123, "EW0162": 6.2198486640393575, "EW0178": 9.093884724539093, "EW0183": 7.824801883274287, "EX7389": 11.238640089393847, "EX7823": 9.23523361658829, "EX8679": 16.633498308141235, "FA1027": 7.748502040364126, "FC3095": 9.47141108585417, "FC3143": 8.977612379226086, "FD6840": 1.4387763663444957, "FE7010": 12.371825747532776, "FF0688": 12.092606057115706, "FF2382": 13.361396099764589, "FF3318": 2.981619140973089, "FF3319": 6.775614857525871, "FF4213": 10.503305232085454, "FG7387": 14.281431425049936, "FH9951": 12.526460411912964, "FJ1620": 13.093134542393752, "FL1939": 12.808083195462066, "FL3209": 22.41431409940125, "NOT KNOWN": 6.8260823026053545, "UNKNOWN": 2.638635105204873}