{"027A21A": 44.98876826162713, "030L20A": 27.357337577538363, "1802068": 64.76835711531045, "301308A": 90.94392422192152, "EK9788": 20.822153118975063, "EP6955": 29.229319965126415, "ER2613": 28.16952100840336, "FA4632": 101.04470835838846, "FE6975": 72.63671351351351, "FE8244": 25.988196975571924, "J07BX03": 91.76436373566357}