{"030H21B": 53.50347056388704, "3002621": 41.62732926950144, "301308A": 47.86522327469554, "EJ6788": 24.03013143577115, "EN1185": 42.59102778622857, "ER8737": 18.987746277188837, "ET6956": 27.66875149357659, "FA1027": 25.284585605398725, "FD7959": 63.63674744414994, "FD8813": 32.77207618601565, "FE1510": 52.161014450014754, "FE3592": 29.840408043576783, "FF3319": 22.109901114031796, "FF8841": 58.52196949891067, "FG3527": 38.52176355922486, "FL3198": 57.52670945656825, "UNKNOWN": 2.7938489349228064}