{"003B21A": 10.492304519805783, "006M20A": 12.137120144534778, "007B21A": 9.583461775585697, "011M20A": 17.061691810344826, "016B21A": 12.141865660311884, "020F21A": 27.657024861378485, "025C21A": 23.41927235738372, "027L20A": 7.319249225668543, "030L20A": 5.066173625470067, "031B21A": 12.068724040299514, "037F21A": 26.604408040519157, "037K20A": 4.911653066488458, "043A21A": 4.512549060807116, "088D21A": 26.938490632562463, "1805025": 9.103995487653416, "201A21A": 6.163643647617053, "203A21A": 6.899598988216423, "204A21A": 8.933579217959158, "206A21A": 15.422762378125984, "30155BA": 14.6916699462154, "EK9231": 3.654258757047343, "EK9788": 3.855954281291678, "EL0725": 12.789386117202728, "EL1284": 5.911202416961031, "EL3248": 7.17936110576203, "EL9269": 9.399115366311134, "EN6198": 5.528418365832666, "EN6201": 4.653571488092262, "ER8729": 6.2520046971984575, "ER8732": 10.61747238859626, "ER8733": 6.058707912868483, "ER8734": 6.4708198302469135, "EW0153": 6.998562822791253, "EW0161": 8.548264780181722, "EW0164": 14.185922519951376, "EW0171": 7.526309887458004, "EW0172": 6.733150295629975, "EW0181": 11.760201116223048, "EW0182": 10.005238222937338, "EW0186": 9.379225960007377, "EW2246": 18.357591051884743, "FA5831": 13.834638730346978, "FC3183": 9.334078411093875, "FE1248": 15.19458237236015, "FE1573": 11.242806164805442, "FE3592": 10.499402830147384, "FF2589": 10.273509921618295, "FJ1611": 20.596189670809128, "FJ8762": 17.016660083654887, "FK9413": 12.914354254607524}