{"EJ6134": 16.164530572941743, "EJ6788": 30.43816648531012, "EL1284": 10.296933242448247, "EM0477": 9.27464449731644, "EP2166": 16.668031850991373, "EP9605": 50.65323810530448, "ER2659": 28.961489343342823, "ER7449": 93.22839934497212, "ER7812": 26.05391594292804, "ER9470": 17.422862390843008, "ER9480": 34.27287296483438, "ET3620": 16.355311230405004, "EW0164": 12.12667570253908, "EW2246": 15.692779447578893, "EW4811": 14.952343408967405, "EW4815": 50.57480303098778, "FF0680": 4.972514516352189, "FG4493": 27.61576330388329, "FH9951": 25.052920823825925, "UNKNOWN": 1.0554540420819492}