{"036A21A": 459.8950541170024, "EW9127": 774.847094095941}