{"EW0182": 540.2828640386163, "FD8813": 622.6694475342973}