{"025L20A": 14.844942037719797, "027H21B": 72.7655438171112, "042A21A": 30.16748857213628, "044A21A": 25.97844160267525, "1802068": 40.48022319706903, "EK5730": 13.595715051318695, "EN5318": 16.684179609717244, "EN6202": 18.56387867647059, "EN6203": 20.00187279320546, "EN6207": 16.571563488924053, "FC3182": 35.731603251617294, "FC3184": 28.262242354843057, "FD0809": 45.78454808111644, "FE3594": 52.95176185073122, "FF2588": 41.115440168429295, "UNKNOWN": 0.9894881644518272}