{"001A21A": 5.776774901604602, "011J20A": 3.5581454473892764, "011L20A": 5.671868681142965, "012L20A": 4.996732367311145, "013L20A": 4.80863812078957, "022M20A": 4.465733467445796, "023M20A": 4.473410713547934, "025J20-2A": 3.4012568207930114, "026L20A": 1.7381387055719515, "029K20A": 10.349818305001232, "029L20A": 2.663005924569801, "031L20A": 3.1356623072046146, "039K20A": 2.927404246370081, "041L20A": 5.384185320195936, "EE8492": 8.055537573695657, "EH9899": 4.972650092764379, "EJ1685": 15.979283821651194, "EJ6134": 5.061620684456505, "EJ6136": 9.145753521702408, "EJ6788": 29.142925358275647, "EJ6795": 10.407075284548814, "EJ6796": 11.904995870156297, "EJ6797": 14.38799241644362, "EK1768": 6.553649299641187, "EK4176": 10.579337246709708, "EK4243": 11.238007349228798, "EK5730": 13.88498558432548, "EK9788": 4.249419003872461, "EL0725": 6.976028791201488, "EL0739": 5.927437929884198, "EL1283": 3.1718949964104004, "EL1284": 3.2242922274332897, "EL1484": 33.56493255105991, "EL1491": 7.207514825399278, "EL3246": 14.00198710884013, "EL3249": 3.726898368930701, "EL9261": 4.176240662134465, "EL9262": 3.877387303997532, "EL9264": 16.66411305797811, "EL9265": 6.38804159082826, "EL9269": 5.126790199806073, "EM0477": 31.94599771297884, "EN3924": 8.729748617865903, "EN5318": 5.447895382764814, "UNKNOWN": 1.010541104121015}