{"012M20A": 9.186620605768388, "025J20A": 14.053042480869378, "025L20A": 6.985855076574022, "026L20A": 5.061050936812447, "027L20A": 11.624689946650038, "032L20A": 11.53884773832367, "039K20A": 8.69350351952327, "042L20A": 9.670914071510955, "043L20A": 20.270818750150863, "EH9899": 7.166466310160428, "EJ1685": 50.601065435228776, "EJ6788": 13.42860286116623, "EK1768": 19.082684725425807, "EK4176": 15.246691914375754, "EK5730": 36.25524013684986, "EK9231": 11.959392295791304, "EL0140": 15.074133271076713, "EL0142": 12.852156199024328, "EL1283": 9.235811901312635, "EL3246": 9.883755606240092, "EL3247": 9.33224246269612, "EL8982": 12.07226674916542, "EL9263": 33.85528807413377, "EL9264": 15.84724477082232, "EN5318": 7.851378639866938}