{"008C21A": 118.73003815715091, "010A21A": 51.9117683455018, "028A21A": 78.91806860902255, "031L20A": 38.8038210516571, "EW0167": 60.82718509928976, "FC8889": 93.07294437056736, "FE3380": 64.21238142594859, "FG3739": 98.7717838664158, "UNKNOWN": 1.9789763289036544}