{"027C21A": 268.0173843700159, "027L20A": 98.80986454652532, "ER1749": 74.50053328593015, "EW2246": 121.6190407187364, "UNKNOWN": 3.957952657807309}