{"EJ1686": 501.8509715994021, "EJ6796": 583.3447976376585}