{"012L20A": 244.8398859982461, "UNKNOWN": 15.831810631229237}