{"EX3510": 769.3395923975269, "FA5833": 562.8741200134093}