{"001A21A": 9.6932324620145, "010M20A": 5.738975180253707, "013L20A": 3.993614710486253, "1808980": 8.666905011435386, "1822811": 15.856710769695368, "203A21A": 6.314887209554015, "204A21A": 8.176496233386349, "EJ6790": 8.402747604793417, "EK4243": 18.856995382604257, "EK4244": 33.309155425161805, "EL8713": 18.67753820505696, "EL9262": 6.506124459250096, "EM4965": 7.233583202579443, "EN6203": 5.424236689682837, "ER1741": 8.698673700114483, "ER2613": 4.774495086170062, "ER8731": 6.933945208140057, "ER8736": 7.057267527442487, "ET6956": 8.910275904711105, "EW0167": 8.247753911768102, "EW0168": 9.508307519806102, "EW0171": 6.88848701563953, "EW0175": 9.273939952994205, "EW0182": 9.157336678620617, "EY2172": 16.892358807326538, "EY3014": 9.351796565610432, "FA1027": 8.142493669535183, "FC3095": 9.953008259711162, "FC3098": 13.03965410843266, "FC3143": 9.434101144271478, "FD0168": 2.036354403245663, "FD0785": 17.146863743507588, "FD4555": 6.177363976443573, "FE1248": 13.90690590012624, "FE2707": 23.490667766907464, "FE3592": 9.609622929287438, "FE6208": 1.4743852036598075, "FE6975": 12.311307375171785, "FE7010": 13.000901633000542, "FF0688": 12.707484331206336, "FF2590": 9.0928425778743, "FF3319": 7.120137646891594, "FF4213": 11.037371599818613, "FF8222": 13.610724470946623, "FL3197": 17.356050981728792, "UNKNOWN": 2.7938489349228064, "XD985": 15.418401805951934}