{"022M20A": 15.789557617040492, "025A21A": 21.09062021150996, "031H21A": 43.84502504434937, "032B21A": 26.32353632545603, "037K20A": 9.472473771084882, "038C21A": 52.31525054466231, "042A21A": 8.080577296107933, "048A21A": 24.03670893322266, "062E21A": 49.713960366755394, "065F21A": 48.78405990596157, "1805031": 15.710742370342633, "204A21A": 17.22904563463552, "206A21A": 14.596542965012093, "939902": 57.25826009946181, "EM9809": 22.3335771471128, "EN3924": 30.86589689888301, "EN6207": 9.469464850813743, "EW0162": 13.772522041801436, "EW0164": 13.425962384953982, "EW0175": 19.5415163295235, "EW0181": 22.680387867001592, "EW0182": 19.295816572807723, "FC3182": 20.418059000924167, "FF2588": 23.494537239102456, "FF2589": 19.813197705978144, "FJ6369": 26.908771986031464, "FL3198": 39.03598141695703, "FM9992": 28.1079878191614, "UNKNOWN": 0.5654218082581871}