{"EK1768": 648.8112806644775, "FC3184": 452.1958776774889}