{"1808978": 229.1609093391589, "205A21A": 174.1844428289542, "EN6203": 160.0149823456437}