{"030A21A": 17.176469685184426, "038C21A": 56.33950058655941, "042A21A": 8.702160165039311, "046A21A": 19.858112823667184, "1805018": 13.247032154620202, "1808978": 17.62776225685838, "204A21A": 18.55435683729979, "EK9231": 7.589614341559867, "EP9598": 18.28836892569187, "ER2613": 10.834431157078216, "ER2659": 16.708551544236247, "ER8734": 13.439395032051282, "EW0153": 14.535476631951065, "EW0182": 20.780110155331396, "EW0183": 18.6591429524233, "EW0187": 18.56237559163091, "EW2246": 18.710621649036373, "EY2172": 38.33266037047176, "FD0168": 4.62095806890362, "FE8235": 66.96679621325362, "FF3318": 7.110014874628135, "FG7387": 34.055721090503695, "UNKNOWN": 2.753358370648563}