{"037A21B": 738.5192349967026, "205A21A": 348.3688856579084}