{"014F21A": 80.11621975926587, "026B21A": 43.44740654507825, "041L20A": 17.58833871264006, "042A21A": 15.08374428606814, "043B21A": 43.91676799372426, "070H21A": 101.13889891696752, "1805025": 32.77438375555231, "EK5730": 14.502096054739942, "EN6201": 16.752857357132143, "EW0162": 25.708707811362675, "EW0177": 34.28339204574462, "EW0183": 32.34251445086706, "EW0187": 32.17478435882691, "FC3183": 33.60268227993795, "FT9142": 92.72254861398427, "UNKNOWN": 1.0554540420819492}