{"036A21A": 229.9475270585012, "EW0169": 196.34452896430665, "EX6537": 246.6039371235493}