{"1805018": 86.10570900503131, "EK5730": 54.38286020527478, "ER1749": 74.50053328593015, "ER7449": 163.1496988537012, "EW0217": 127.00348010289}