{"FD9234": 650.1949283778553, "FG3739": 790.1742709313264}