{"017F21A": 18.321227877975264, "1802070": 13.97135955831608, "EP7534": 4.81796647518247, "ER1749": 8.764768621874135, "ER7812": 11.705382525083612, "ER8734": 5.064119867149759, "ER8735": 5.823692033757998, "ET1831": 13.687949046248194, "EW0168": 8.130291937225508, "EW0171": 11.95355099772742, "FA7485": 8.381353838321067, "FC2336": 8.547973203422876, "FE3590": 8.29832585838368, "FF2590": 7.775039305718606, "FF2593": 8.353972944869824, "FF8222": 35.95669002026198, "FF8288": 34.41406626289954, "FH4751": 31.369224783278604, "FH8028": 11.178041947804791, "FH8030": 11.61591782829959, "FH8469": 9.343411499624468, "FJ1611": 16.11875713367671, "FJ8762": 13.317386152425565, "FK0596": 58.39516020302096, "FK9413": 31.22575207830476, "FK9706": 10.08801059478549, "FK9712": 75.4372752606976, "FK9896": 15.697618480479386, "FL1939": 61.08470447066524, "FL3198": 15.840688111228935, "FL3209": 20.14039817627358, "GH9693": 8.096417437596292, "GH9694": 7.251480593533338, "GH9702": 8.557005340508367, "UNKNOWN": 0.9595036746199538}