{"001A21A": 0.859354944040354, "001B21A": 1.6711181379164826, "001C21A": 1.1425309474260277, "001M21A": 6.586535348355773, "002A21A": 2.036714629746644, "002B21A": 1.3191785749912224, "002C21A": 0.8036531569861275, "002M21A": 5.321311418312615, "003A21A": 1.966092835554525, "003B21A": 1.990509966618112, "003C21A": 0.2359764244839994, "004C21A": 1.0841415816161954, "004M20A": 0.8164016687527428, "004M21A": 2.476047158973755, "005C21A": 0.4018177351943212, "006B21A": 0.7929269904558343, "006C21A": 0.2125568980747328, "006M20A": 1.4783559875298002, "007B21A": 0.5181546291680877, "007C21A": 0.1848442369006764, "007M20A": 1.1870902895145834, "008B21A": 1.371884203873466, "008C21A": 0.2375788657471754, "009C21A": 1.1046851921790248, "010A21A": 1.2499447607645278, "010M20A": 0.9339505747203248, "011A21A": 0.6282414432058145, "011F21A": 0.6306578452774715, "011J20A": 0.4370747729307459, "011L20A": 1.6076951719436925, "011M20A": 0.4527007088602132, "012A21A": 0.9057735085555728, "012H21B": 1.0476548362913167, "012L20A": 1.230660397075879, "012M20A": 0.2344933187658597, "013A21A": 1.0098980208470256, "013F21A": 1.2101757905760482, "013L20A": 1.1248346960942437, "013M20A": 1.1547401533326207, "014C21A": 1.580794839893198, "014F21A": 1.5044357741474566, "014M20A": 0.7655365035481995, "015M20A": 1.2290269188023384, "016B21A": 1.1497057163321371, "016C21A": 1.0331661890842214, "016M20A": 1.250254936415612, "017B21A": 0.7936768060481492, "017C21A": 0.506823004534896, "017F21A": 1.899571335207052, "018B21A": 1.6003355322851522, "019B21A": 0.6607440046620161, "020B21A": 0.8313713650744999, "020F21A": 1.121230737623452, "021B21A": 0.4793976010230764, "021C21A": 0.5010785800912066, "022C21A": 0.8929436336548863, "022M20A": 0.5534647136669176, "023C21A": 0.955546231578038, "023M20A": 0.9989496104689748, "024C21A": 1.0921009715903702, "024M20A": 0.9588900827023517, "025A21A": 1.0355114131903689, "025B21A": 1.3957057806638926, "025C21A": 0.6327949498617567, "025J20-2A": 0.4215378383306311, "025J20A": 0.5981515327360525, "025L20A": 0.4164913597757057, "026A21A": 1.3137907977621854, "026B21A": 0.6525267566219513, "026C21A": 0.6645723130751857, "026L20A": 0.8214670616032262, "026L21B": 0.6591848040007464, "027A21A": 0.9018044251892184, "027B21A": 0.1794677240371574, "027C21A": 0.2681514601000659, "027H21B": 0.2912077791580237, "027L20A": 0.6930551621499772, "028A21A": 0.7903662354433906, "028L20A": 1.074116355104201, "029A21A": 1.281692683485363, "029K20A": 1.2827140863734623, "029L20A": 0.9262048209419684, "030A21A": 1.5689422748825923, "030B21A": 0.6651940320970834, "030H21B": 1.272616350417944, "030L20A": 1.0300202401181613, "030M20A": 1.3911735327989756, "031A21A": 1.0161622521275315, "031B21A": 0.8158626667202978, "031H21A": 1.2291971977389562, "031L20A": 1.0905967271732986, "031M20A": 1.0227524098643204, "032B21A": 1.4774422793540842, "032F21A": 1.3085956979661593, "032H21A": 2.1513745733056697, "032L20A": 1.0821286494817084, "032M20A": 1.556202891702454, "033B21A": 1.165260482088737, "033C21A": 0.7294644877847458, "033F21A": 1.9147049793545072, "033H21A": 0.8967805278265736, "034F21A": 1.1791961395332111, "035C21A": 0.5987223872341365, "036A21A": 1.268516949670769, "036B21A": 0.6368610468585222, "036C21A": 1.4854433001534353, "037A21B": 1.2949986585613522, "037B21A": 1.0653938820965394, "037C21A": 1.0744404324051298, "037F21A": 1.0785570827237494, "037K20A": 0.6649016434955545, "038A21A": 1.6625808841722935, "038B21A": 1.1339321575560466, "038C21A": 0.3663899487870297, "038K20A": 0.7639961034645567, "039A21A": 0.2294629433198718, "039B21A": 0.8048081633141906, "039K20A": 0.6123876788614458, "040A21A": 1.248291727007908, "040B21A": 0.7809562132946819, "040C21A": 0.3333894346062801, "041A21A": 0.8941175452076142, "041B21A": 1.718551421887227, "041C21A": 0.3014490393278389, "041J21A": 1.240320664644989, "041L20A": 0.9933173218734972, "042A21A": 0.8518680884451134, "042B21A": 0.5634188790671731, "042L20A": 0.6591051434354749, "043A21A": 0.6721299253057741, "043B21A": 1.155125410656575, "043L20A": 0.3448625656768222, "044A21A": 1.4602687375154977, "044B21A": 0.6281288135745308, "045A21A": 0.8654079641945862, "045B21A": 0.5439042088811111, "045J21A": 1.942176069826937, "046A21A": 1.9439417673770585, "046B21A": 0.5971612592706342, "046C21A": 1.0555354601778693, "047A21A": 0.7071431369088957, "047B21A": 0.4313362009706356, "047C21A": 1.1548955755435542, "048A21A": 0.8425486356162175, "048B21A": 0.225336730027212, "048C21A": 0.9009201990280178, "050C21A": 0.7927602157791765, "050E21A": 0.8479366076977086, "051F21A": 0.719165710323786, "052E21A": 0.5734167656086422, "054C21A": 1.1668776960039096, "058H21A": 0.9083854372731264, "059H21A": 2.1354342523424914, "062E21A": 1.0450382059077712, "065F21A": 1.3676632564374709, "067F21A": 0.735207218350826, "068H21A": 1.7053226360711784, "070H21A": 0.3794606012392478, "076C21A": 1.4569566466132529, "084J21A": 0.7734301875832161, "088D21A": 1.4564991180559428, "1802068": 1.1357176848877084, "1802070": 1.2068400219376685, "1802072": 1.5476294618463189, "1805018": 1.4704139157062104, "1805020": 1.2174228441101789, "1805022": 1.6172483011116967, "1805025": 1.1089077210525216, "1805029": 0.8466239432343023, "1805031": 0.8817855903174014, "1808609": 0.8114427434963668, "1808978": 0.5737629177244841, "1808980": 1.0250010436976955, "1808982": 1.388370431408814, "1820095": 1.8369883502687467, "1822809": 0.4860022184268259, "1822811": 0.468124060751577, "201A21A": 0.3332533236258531, "202A21A": 0.6196140800577109, "203A21A": 0.8404022827752333, "204A21A": 0.6039224809336436, "205A21A": 0.6983089664904203, "206A21A": 1.1273157555726492, "207A21A": 0.4485227513973409, "211D21A": 0.3481718084715235, "213C21A": 11.710199773368412, "213D21A": 0.6437012987448203, "21C11-01": 0.967469132614268, "3001531": 0.4092092274847886, "3001659": 2.457872290964647, "3002332": 1.3632535540759405, "3002621": 0.990134271557996, "3003608": 3.0357434170056283, "3003651": 2.408906632701555, "3004675": 2.45006696006603, "3004732": 1.3777485770630664, "3004737": 1.837637076460373, "301308A": 1.1385068129935092, "30135BA": 1.853526974958471, "30145BA": 1.0432442438459275, "30155BA": 1.7895116776593196, "32030BD": 1.4815178303865748, "33130BA": 1.9010023280296409, "AS7140C": 3.5709567836975413, "AS7146B": 3.02541693472559, "AS7147B": 1.4173179355661107, "EE8492": 1.5985932744592732, "EE8493": 1.1105243530554545, "EH9899": 0.9173940306681272, "EJ1685": 0.7611090313646846, "EJ1686": 1.0059653652706633, "EJ1688": 1.8790612366283852, "EJ6134": 0.8786831498818533, "EJ6136": 1.123444278173522, "EJ6788": 1.0298627758187633, "EJ6789": 0.3579455040895177, "EJ6790": 2.2415769797263523, "EJ6795": 0.1275504474594526, "EJ6796": 0.73027641166457, "EJ6797": 1.0393132219552956, "EK1768": 0.9749230363102592, "EK4176": 0.3891798236402219, "EK4243": 1.1139551715380738, "EK4244": 2.1788695654053214, "EK5730": 0.6547221695142187, "EK9231": 0.7926888190029888, "EK9788": 1.2045008091962437, "EL0140": 1.027352605796258, "EL0142": 0.4375202110306155, "EL0725": 1.0377563491043535, "EL0739": 1.0289865945415206, "EL1283": 1.0241417110838398, "EL1284": 0.6398495224573203, "EL1484": 0.8938794365174706, "EL1491": 0.5356936694553517, "EL3246": 1.0114302200516572, "EL3247": 1.0348347136256109, "EL3248": 1.362006774392997, "EL3249": 0.4618965179320724, "EL3302": 0.3982981243211927, "EL8713": 1.379537749246821, "EL8723": 0.7564269818946722, "EL8982": 0.925843013845769, "EL9261": 0.6212589414745485, "EL9262": 1.2519311239951891, "EL9263": 1.1525204450768942, "EL9264": 0.9448006651943168, "EL9265": 0.9502871788008982, "EL9266": 0.8879845554108217, "EL9267": 1.6347236009490085, "EL9269": 1.9109647205602456, "EM0477": 0.7207670579513903, "EM4965": 1.177180415866113, "EM9809": 0.7828494743604888, "EM9810": 0.6463720627143722, "EN1185": 1.4189896531984971, "EN3924": 1.732388099561462, "EN5318": 0.6021358054634796, "EN6198": 1.3498172950488196, "EN6199": 0.9575766988544546, "EN6200": 1.126176565700707,