{"3002332": 302.18787115350005, "FK9413": 348.6875648744032, "UNKNOWN": 7.915905315614618}