{"002C21A": 200.6621476349737, "054C21A": 388.5702727693019, "204A21A": 120.60331944244864, "ER8729": 84.40206341217917, "FC3182": 142.92641300646918}