{"012M20A": 78.0862751490313, "027A21A": 112.47192065406784, "ER8727": 82.92031744462025, "ET3620": 126.75366203563878, "FK9706": 174.0181827600497}