{"1805020": 485.6299725155504, "EW4109": 284.91475437701854}