{"023M20A": 73.81127677354092, "025J20A": 79.63390739159313, "042A21A": 90.50246571640884, "045B21A": 181.16542690815007, "1805031": 73.31679772826561, "EW0217": 84.66898673526}