{"EN6200": 280.3475788241197, "ER8733": 327.1702272948981}