{"030M20A": 197.99380457871132, "FM0698": 403.8356971153846, "UNKNOWN": 7.915905315614618}