{"024M20A": 14.71158669192185, "025A21A": 22.712975612395343, "027A21A": 17.303372408318126, "031B21A": 25.06581146831438, "032L20A": 15.089262427038644, "039K20A": 5.51703107969746, "042A21A": 8.702160165039311, "042L20A": 12.646579939668174, "043L20A": 26.50799375019728, "047A21A": 21.72561299087792, "203A21A": 14.329936360141804, "3001659": 34.27270872855598, "EE8493": 34.11872512387296, "EK9231": 7.589614341559867, "EL0140": 19.7123281237157, "EN6199": 14.691436352809305, "EN6202": 11.423925339366516, "EN6208": 11.163912753912754, "EP7534": 12.78614179952271, "ER1741": 9.702366819358463, "ER8735": 15.455182704973147, "EW0164": 14.458728722258137, "EW4109": 10.95825978373148, "FK6304": 37.983114446529086, "NOT KNOWN": 8.007519624210127, "UNKNOWN": 1.266544850498339}