{"003B21A": 43.58341877457787, "EK9788": 34.7035885316251, "EL9265": 48.6473936532306, "ER7812": 62.12856878698225, "ER8730": 28.09057949778533, "ER8732": 21.64330909983084, "ET3045": 75.94388954171563, "EW0158": 31.989352778572112, "EW0187": 37.12475118326182, "FE2296": 59.20711957000616, "FE2707": 52.40225886463973, "FF0680": 11.857534615916755, "FF2590": 41.26751631496798}