{"007C21A": 18.94890408022832, "011A21A": 10.720376421883834, "028L20A": 6.451178470625836, "030H21B": 26.065793351637275, "EJ6134": 12.848729429774206, "EJ6788": 11.706987109734662, "EK9788": 5.339013620250016, "EL3249": 9.460588167285628, "EM0477": 7.372153318379732, "EN6201": 6.443406675820055, "EP7534": 8.52409453301514, "EP9605": 9.091606839413624, "ER7812": 20.709522928994087, "ER8733": 8.388980187048668, "ET3045": 25.314629847238542, "EW0151": 9.705663357400722, "EW0176": 12.59813799547445, "EW0196": 15.544445987225773, "EX7823": 46.42576899149789, "EX8679": 13.008248676879685, "FC0681": 9.036054746108324, "FC9001": 21.394344584312304, "FD0168": 3.0806387126024126, "FD4555": 3.009485014164817, "FD7958": 32.02862837470556, "FE6975": 18.62479833679834, "FE7051": 11.35407956159935, "FF0680": 3.952511538638919, "FF3319": 10.77149028632318, "FG7911": 21.079884311105257, "FH9951": 19.91386014201548, "UNKNOWN": 2.7938489349228064}