{"040A21A": 226.28124578670625, "045A21A": 287.96450008574857, "206A21A": 204.35160151016927}