{"053E21A": 1535.8081315669256, "FK0596": 452.5624915734125}