{"020B21A": 22.13664821405035, "025B21A": 20.62542986981086, "030L20A": 9.11911252584612, "046A21A": 17.210364447178225, "205A21A": 11.612296188596948, "EJ1685": 10.120213087045755, "EJ6134": 16.70334825870647, "EM9810": 21.51880325453264, "EN1185": 26.974317597944765, "EN6200": 19.33431578097378, "EN6207": 8.838167194092827, "EN6208": 9.675391053391053, "EP2163": 15.671956115779643, "ER8727": 11.056042325949369, "EW0172": 12.119670532133954, "EW0179": 12.44560798278804, "EW0217": 16.933797347052, "FC3095": 19.57424957743195, "FC3181": 17.71528437269178, "FC3182": 19.056855067529224, "FE7051": 14.760303430079157, "FE7053": 27.94465236194278, "FF2593": 19.2141377732006, "FF8839": 19.357254020404635, "FG7387": 29.514958278436534, "FH8469": 21.48984644913628, "FK0596": 15.085416385780414, "UNKNOWN": 1.696265424774561}