{"004M20A": 9.048451828676232, "011M20A": 11.303370824353449, "013A21A": 12.5953218787515, "020F21A": 37.33698356286095, "026B21A": 16.292777454404344, "027C21A": 26.801738437001596, "032M20A": 17.24791538303553, "037A21B": 18.46298087491757, "043L20A": 17.23019593762823, "1805020": 24.90410115464361, "207A21A": 22.97241527990227, "211D21A": 34.79977225672878, "30145BA": 20.833587549603173, "EJ6136": 11.203548064085448, "EL9267": 16.302281110463987, "EM9810": 16.13910244089948, "EN6198": 7.463364793874098, "EN6199": 9.549433629326048, "EN6203": 8.000749117282183, "EN6205": 6.852807082106641, "EN6208": 7.25654329004329, "EP2166": 12.917724684518314, "EW4815": 12.222244065822048, "EX6537": 12.330196856177464, "FA7484": 18.90406257033536, "FC0681": 8.810153377455615, "FC3180": 13.388369218500795, "FC3181": 13.286463279518836, "FD6840": 2.230103367833968, "FE2707": 17.03073413100791, "FF3318": 4.621509668508287, "FG4509": 19.75900964478946, "FG6273": 18.768703910614526, "FH9951": 19.41601363846509, "FJ8757": 24.960687759952467, "UNKNOWN": 1.7115470952680256}