{"003B21A": 113.31688881390248, "025J20A": 95.56068886991176, "041C21A": 241.03865184654, "EW0183": 97.02754335260116, "FF2593": 115.2848266392036, "UNKNOWN": 3.1663621262458475}