{"005C21A": 17.085803059273424, "006B21A": 11.227508769113994, "010M20A": 7.204245439041887, "012M20A": 13.580221765048922, "014C21A": 26.866785491631635, "019B21A": 14.040810099067842, "026L20A": 3.661185784077089, "033B21A": 33.0239779179191, "037A21B": 15.713175212695798, "039K20A": 3.051974639832637, "041L20A": 5.6132995891404445, "044A21A": 8.843724800910724, "048B21A": 19.16800524784668, "1805029": 16.318983253646696, "EK4176": 11.029521810399482, "EL9262": 8.167262619058631, "EL9269": 10.798983612357471, "EN6202": 6.319618272841052, "EN6206": 7.183154332951419, "ER8727": 7.05704829315917, "ER8729": 7.183154332951419, "ER8733": 6.961068665848895, "ER8734": 7.434558953900709, "EW0161": 9.82141059850666, "EW0164": 7.998445676142797, "EW0172": 7.735959914128056, "EW0173": 17.679052149679432, "EW0180": 12.15772991720338, "EW0187": 20.983555016626248, "EW4815": 10.401909843252806, "FA8016": 12.132912787273783, "FC3098": 16.368927497819723, "FC5089": 18.80461011561664, "FE3380": 10.929767051225292, "FF0900": 16.391477652500157, "FF2832": 15.451274480043416, "FF8839": 12.355694055577429, "FH8027": 17.085803059273424, "FJ6369": 32.75850502647309, "FP4554": 23.142484335192453, "GJ5342": 16.955958052404213, "UNKNOWN": 0.6883395926621407}