{"1805025": 491.6157563332845, "UNKNOWN": 15.831810631229237}