{"040A21A": 452.5624915734125, "EN6205": 274.11228328426563}