{"EL9261": 82.68956511026241, "EM0477": 57.50279588336191, "EN1185": 161.8459055876686, "EW0182": 108.05657280772326, "FA5833": 112.57482400268188, "FL3197": 204.80140158439977}