{"ER8735": 401.8347503293018, "FA4598": 372.95208981769673}