{"002C21A": 133.77476508998248, "EP2163": 78.35978057889822, "ER1741": 42.043589550553335, "FK5127": 74.3718647522822, "UNKNOWN": 11.873857973421927}