{"FC1440": 1028.0832058733558, "FH8020": 565.7238881401618}