{"EM9810": 80.6955122044974, "EN6200": 35.04344735301497, "ER1741": 31.532692162915, "ET1831": 58.17378344655484, "EW0181": 79.38135753450558, "EY3014": 68.96949967137694, "FC8889": 93.07294437056736, "FG7387": 110.681093544137, "UNKNOWN": 1.9789763289036544}