{"039K20A": 71.72140403606699, "EL3302": 265.2665507979144, "ET1831": 232.69513378621932}