{"ER8735": 401.8347503293018, "EW0153": 377.92239243072765}