{"EW0153": 75.58447848614553, "EW0196": 121.246678700361, "FF8841": 105.3395450980392, "FG4509": 158.0720771583157, "GH9702": 295.2166842475387}