{"043B21A": 164.68787997646598, "203A21A": 93.1445863409217, "EN6199": 95.49433629326047, "EN6208": 72.5654329004329, "FL0007": 197.12579206758977}