{"011J20A": 5.1279154977080745, "012A21A": 15.192638009049777, "012M20A": 9.186620605768388, "014F21A": 35.345391070264355, "016C21A": 30.349256804349004, "026L21B": 77.5123778351466, "029L20A": 7.754046662717951, "030L20A": 8.046275758099517, "036C21A": 43.63489694200717, "1805018": 10.130083412356626, "1805029": 11.039312200996294, "201A21A": 9.789316381509437, "202A21A": 9.091469829082076, "AS7146B": 59.21808735470236, "EK5730": 6.39798355356174, "EL3248": 11.402514697386753, "EM9810": 18.987179342234683, "EN3924": 25.418973916727182, "EN6198": 8.780429169263645, "EN6203": 9.41264602033198, "EN6208": 8.537109752992107, "EP2163": 13.828196572746744, "EW0171": 11.95355099772742, "EW0182": 15.890672471724008, "EW9127": 22.789620414586494, "FC3098": 22.627635070515492, "FD4555": 3.45205633977729, "FG3527": 21.526867871331536, "FG7911": 24.179867298032494, "FK9893": 20.665698783173596, "FK9896": 31.856931622149347, "GJ2524": 17.702366645582966, "GJ3277": 28.5586620663868, "UNKNOWN": 0.9595036746199538}