{"018B21A": 75.95878294310599, "032B21A": 105.29414530182412, "067F21A": 209.90166083916083, "ER8732": 40.19471689968584, "EW0196": 86.60477050025786, "FG7387": 126.4926783361566, "UNKNOWN": 5.277270210409746}