{"EN6208": 290.2617316017316, "ER9470": 540.1087341161332}