{"011J20A": 58.11637564069151, "012A21A": 172.1832307692308, "EJ6795": 169.98222964763062, "EK9788": 69.4071770632502}