{"001C21A": 13.131708213005911, "006C21A": 6.0700177035913, "011L20A": 1.985154038400038, "021B21A": 4.561125746876698, "030M20A": 2.828482922553019, "047A21A": 4.034756698305899, "050C21A": 11.316652080247744, "1805029": 5.400526832142073, "206A21A": 2.9193085930024183, "207A21A": 3.199729271129245, "30135BA": 8.810872870249018, "EJ6134": 3.579288912579957, "EJ6788": 16.785753576457786, "EJ6789": 3.405595796051698, "EJ6790": 3.54115791916294, "EJ6795": 3.642476349592084, "EJ6796": 4.166748554554704, "EK9788": 1.4872966513553614, "EL0725": 9.93707698315032, "EL1484": 3.1852435992332366, "EL9262": 5.5231847927446855, "EL9264": 3.848616587199706, "EL9269": 3.625373069862866, "EN6204": 2.37386119132552, "EN6206": 2.4114875260622624, "EP2163": 10.220840945073682, "EP2166": 3.690778481290946, "EP9598": 10.33690417539106, "EP9605": 5.101764989023473, "ER2659": 9.443963916307442, "ER7449": 4.661419967248605, "ER7812": 5.769081387362637, "ER8729": 7.339309861928624, "ER8731": 2.9221626234304523, "ER8737": 2.57690842333277, "ER9480": 7.397022942050587, "ET1831": 6.696262842768901, "ET3620": 3.621533201018251, "ET3674": 3.78952215425592, "ET6956": 11.428397356042506, "EW0162": 2.7545044083602868, "EW0176": 3.509481298739311, "EW0182": 3.859163314561545, "EW0186": 3.61770144171713, "EW2239": 8.496842318502951, "EW4811": 3.3108760405570683, "EX6537": 3.522913387479275, "EX7823": 12.44748878757552, "EX8679": 3.623726417130769, "EX8680": 9.452446648196796, "FA4598": 5.3662171196790895, "FC2473": 2.022512760488941, "FC3095": 21.589245857461712, "FC3098": 5.495282802839478, "FC3143": 3.9757997679429806, "FC3183": 3.6002873871362087, "FC8889": 10.713432445532934, "FD9234": 9.355322710472736, "FE1573": 4.336510949282099, "FE2296": 5.497803960072001, "FE2625": 5.812448534754178, "FE2707": 4.865924037430832, "FE3590": 4.089889173060529, "FE3592": 4.049769663056849, "FE8244": 1.8562997839694235, "FE8405": 13.635901431139354, "FF0680": 1.101056785763699, "FF0900": 5.502853211910767, "FF2382": 5.917189701324317, "FF2832": 5.187213575443147, "FF2834": 3.955438418771202, "FF4213": 19.013282463921115, "FG4493": 6.114919017288443, "FG6273": 16.320612096186544, "FG7911": 5.872253486665035, "FH0161": 4.946287952410401, "FH9951": 5.547432468132884, "FK6304": 14.209510440428147, "GH9702": 4.217381203536267, "GJ6739": 9.195880067844833, "UNKNOWN": 2.770566860465116}