{"001M21A": 27.060589959102177, "002M21A": 84.0640506202481, "010A21A": 9.43850333554578, "011J20A": 3.962480157319876, "024C21A": 33.060874867235746, "026B21A": 14.811615867640317, "026L21B": 59.895928327158735, "027H21B": 26.4601977516768, "027L20A": 8.982714958775029, "041A21A": 10.13756569012383, "046C21A": 31.95393711265731, "065F21A": 31.044401758339177, "067F21A": 33.39344604259377, "084J21A": 35.12955067920585, "1802070": 21.909632034632036, "213D21A": 29.237205580489164, "30135BA": 28.03459549624687, "EH9899": 5.537723966942148, "EJ6136": 10.185043694623134, "EL9262": 8.724121433994446, "EL9266": 13.43076640058868, "EN6201": 5.711201371749595, "EN6203": 14.885114636804063, "EN6204": 7.553194699672108, "EN6206": 7.672914855652652, "EP6955": 6.643027264801459, "FD7218": 26.607786327222065, "FE3592": 12.885630746089973, "FF8839": 13.198127741184978, "FJ6369": 17.12376399111093, "FK5618": 13.064606610438515, "FK9893": 15.96894905972505, "FK9894": 13.95208620661006, "FK9895": 60.227424269582365, "FM0698": 18.3561680506993, "FM7553": 49.00317853758111, "FM9992": 17.88690133946634, "GJ2524": 13.679101498859565, "GJ5342": 18.112046101431773}