{"008B21A": 99.62373655037496, "021B21A": 58.05069132388524, "030L20A": 24.87030688867124, "036A21A": 41.80864128336385, "065F21A": 124.17760703335672, "EM0477": 26.13763449243724, "EP2163": 42.74169849758085, "EP7534": 30.221789707962763, "ER8729": 30.69165942261061, "FJ1611": 101.10856747488116, "UNKNOWN": 3.1663621262458475}