{"042L20A": 65.76221568627452, "202A21A": 61.82199483775811, "EM6950": 191.97783490431303, "ET1831": 93.07805351448772, "UNKNOWN": 7.915905315614618}