{"001C21A": 15.735408979377777, "002M21A": 20.291322563508164, "011J20A": 3.0060194296909404, "011M20A": 15.864380104355716, "013F21A": 20.83901846272117, "013M20A": 5.287913529743864, "020B21A": 11.449990455543285, "025J20-2A": 5.805593538939796, "027L20A": 6.814473417001746, "031B21A": 11.23639824441679, "037C21A": 18.50167899766592, "041J21A": 28.48460560874354, "043A21A": 4.201338780751453, "043B21A": 11.35778482596317, "044B21A": 14.425303097953014, "076C21A": 25.503131476462684, "1805020": 8.37293056061294, "203A21A": 6.42376457523598, "205A21A": 6.006360097550145, "3003651": 20.71971200670669, "EJ1685": 10.652855881100797, "EJ6795": 17.89286627869796, "EL0739": 10.1175233630782, "EL1284": 5.503533284756822, "EL3248": 6.684232753640512, "EL9262": 6.61829901889234, "EL9266": 10.1888572694121, "EM9810": 11.1304154764824, "EN6198": 10.474897956314525, "EN6199": 6.585816296086929, "EN6201": 4.332635523396244, "EN6203": 5.517758011918748, "EN6204": 5.730009772165047, "EN6208": 5.004512613822959, "ER7934": 11.771632324081862, "ER8734": 6.024556393678162, "ER8737": 6.220123780458411, "EW0169": 6.770500998769193, "EW0170": 8.678599493356769, "EW0186": 8.732382790351695, "EW4109": 4.912323351327906, "EY7015": 11.571421681766507, "FA4632": 17.42150144110146, "FA5833": 9.704726207127749, "FC9001": 14.385852392899652, "FF2589": 9.56499199598945, "FF2590": 9.249615725768686, "FF3319": 7.242898640803518, "FF8288": 9.79020850582487, "FK9413": 12.023709133600107, "FL3198": 18.844956546117185, "GH9702": 10.17988566370823, "GJ5342": 13.740172904534449, "UNKNOWN": 0.272962252262573}