{"003B21A": 29.820233898395387, "011F21A": 66.33524756773825, "021B21A": 33.60829497698619, "025A21A": 31.080913995909416, "1805022": 18.825337680484395, "EJ6797": 18.174306210244573, "EP2163": 24.74519386702049, "EP2166": 27.195209862143816, "ER8727": 17.456908935709528, "ET3674": 27.92279482083309, "EW2246": 25.60400857236556, "EX6537": 25.958309170899923, "FA4598": 19.629057358826145, "FC0681": 18.54769132095919, "FC5435": 42.41713903372006, "FF8288": 29.885899649360127, "UNKNOWN": 3.957952657807309}