{"010A21A": 24.42906745670673, "017C21A": 59.5815161507641, "018B21A": 31.277145917749525, "028L20A": 14.79976237378868, "033C21A": 85.75498699045967, "043A21A": 14.333979369622606, "1805020": 28.566468971502967, "EK5730": 12.79596710712348, "EP9598": 27.970446592234623, "ER8734": 43.67803385416667, "EW0162": 48.203827146305024, "EW0167": 28.62455769378341, "EW0191": 30.102226167101502, "FA4598": 21.9383582245704, "FK9894": 36.11128194652015, "UNKNOWN": 0.9312829783076022}