{"017F21A": 97.24344027540718, "301308A": 69.95686478609348, "EX8680": 50.53423400382133, "FD7959": 93.00755395683454, "FF8839": 44.67058620093377, "FG3527": 56.30103904809787, "FJ8757": 76.80211618446913, "FP4554": 83.66898182723426, "GH9693": 152.35985541658474, "GH9702": 45.41795142269826, "GJ3277": 74.69188540439625, "UNKNOWN": 1.2178315870176335}