{"012M20A": 34.705011177347245, "018B21A": 59.07905340019354, "026A21A": 52.923209105814095, "027L20A": 43.915495354011256, "031M20A": 50.38002611553874, "038A21A": 61.376944307360496, "213D21A": 142.93744950461368, "3002188": 142.28351322751325, "EN3924": 96.02723479652492, "EW3143": 46.16670105787352}