{"205A21A": 116.12296188596946, "EM0477": 95.83799313893653, "EM9809": 208.44672003971948, "EN6198": 99.51153058498798}