{"EJ6790": 99.15242173656232, "ER8730": 73.03550669424186, "ET7205": 137.08108549275656, "EW2239": 78.17094933022713, "UNKNOWN": 7.915905315614618}