{"ER8731": 409.1027672802633, "EW0178": 563.8208529214238}