{"003C21A": 26.955249859629426, "006B21A": 15.076940347095931, "030A21A": 12.75966319470843, "030L20A": 7.816382165010959, "036B21A": 24.23711184044433, "042B21A": 32.171217994735585, "058H21A": 34.57055435565155, "205A21A": 9.953396733083098, "3001659": 25.45972648407016, "EK9231": 5.637999225158758, "EL9263": 32.887994129158514, "EP7533": 9.631365398420677, "EP7534": 9.498276765359726, "ER1741": 7.207472494380572, "ER8729": 9.64595010424905, "ER8731": 11.68865049372181, "ER9480": 14.688374127786163, "EW0164": 10.740769907963186, "EW0168": 16.028289819101712, "EW0175": 15.6332130636188, "EW0198": 22.261867214418235, "EY3014": 15.7644570677433, "FC0681": 10.068746717092132, "FC3184": 12.919882219356824, "FD7958": 17.386969689125877, "FD7959": 34.54566289825283, "FE1573": 17.346043797128395, "FE3592": 16.199078652227396, "FF2832": 20.74885430177259, "FG7911": 23.48901394666014, "FH8020": 16.163539661147478, "FJ8757": 28.526500297088536, "FK9895": 24.090969707832944, "FM0698": 23.076325549450548, "UNKNOWN": 0.9312829783076022}