{"007C21A": 82.1119176809894, "012L20A": 27.2044317775829, "028L20A": 27.95510670604528, "039K20A": 15.938089785792664, "EK5730": 24.170160091233235, "EN3924": 96.02723479652492, "EW0171": 45.15785932474803, "FE3380": 57.077672378620974, "FH8469": 71.63282149712091, "FK5127": 49.58124316818814}