{"013L20A": 235.6232679186889, "FC3184": 452.1958776774889}