{"204A21A": 482.41327776979455, "EJ6790": 495.7621086828116}