{"EM0477": 143.7569897084048, "FD4555": 58.68495777621393, "UNKNOWN": 7.915905315614618}