{"001B21A": 20.564037086027827, "002C21A": 29.72772557555166, "010A21A": 15.381264694963493, "014M20A": 16.16942710139901, "017B21A": 19.562663497223824, "033F21A": 47.19393199112684, "036B21A": 31.418478311687096, "1805022": 13.24745984922976, "202A21A": 23.777690322214657, "203A21A": 13.799197976432843, "206A21A": 31.438707924641427, "EL1484": 16.516077921950114, "EP7533": 12.485103294249022, "EW0164": 13.92322025106339, "FC1440": 79.08332352871967, "FC3180": 19.834621064445628, "FD6840": 3.303856841235508, "FD8813": 23.06183139015916, "FE3592": 20.99880566029477, "FE6975": 26.902486486486485, "FF2834": 20.509680689924757, "FH8030": 29.68512333898784, "UNKNOWN": 1.899817275747508}