{"007C21A": 28.423356120342483, "012H21B": 40.24404875945972, "016M20A": 15.976815485541811, "035C21A": 30.673008453687306, "038C21A": 56.33950058655941, "042A21A": 8.702160165039311, "045J21A": 59.6696247914522, "1805022": 13.756977535738596, "211D21A": 53.53811116419813, "EK9788": 16.65772249518005, "EN5318": 10.267187452133689, "EN6200": 10.782599185543068, "EN6204": 12.7823294917528, "EN6208": 11.163912753912754, "ER1741": 9.702366819358463, "ER8732": 10.82165454991542, "ET3674": 20.40511929214726, "EW0168": 21.576543987252307, "FA5833": 21.64900461590036, "FE8244": 9.995460375219972, "GH9702": 22.70897571134913, "UNKNOWN": 3.5981387798248265}