{"007B21A": 103.50138717632552, "032M20A": 137.98332306428424, "051F21A": 287.45053441641727, "939902": 320.64625655698615, "EW0185": 98.38089377289376, "FF2587": 107.53652522017616}