{"030A21A": 37.2156843178996, "038C21A": 122.0689179375454, "EL9267": 54.34093703487997, "EP7533": 28.091482412060305, "EP9605": 29.54772222809428, "ER2659": 36.201861679178535, "EW4811": 38.626887139832455, "EY2173": 65.08157058732372, "FH9951": 64.72004546155031, "GH9702": 49.20278070792312, "GJ6665": 73.01690569317688, "UNKNOWN": 1.3193175526024363, "XE393": 35.033717482984684}