{"012M20A": 15.61725502980626, "031A21A": 25.346897176506115, "044A21A": 20.7827532821402, "048A21A": 33.65139250651172, "1805018": 17.22114180100626, "206A21A": 20.435160151016927, "EJ6788": 22.82862486398259, "EL1284": 15.960246525794783, "EN6205": 13.705614164213282, "EN6207": 13.257250791139242, "ER2613": 14.08476050420168, "ER8734": 17.471213541666668, "ER8736": 20.81893920595533, "ER9470": 27.005436705806662, "EW0150": 14.84846324180691, "EW0164": 18.796347338935576, "EW0179": 18.66841197418206, "EW0180": 28.57066530542794, "EW4815": 24.444488131644096, "FF2834": 27.688068931398416, "FH8027": 40.15163718929254}