{"001M21A": 26.459243515566577, "011L20A": 6.176034786133451, "012M20A": 6.9410022354694485, "013F21A": 26.85917935195173, "024M20A": 8.500027866443734, "033B21A": 34.49171026982661, "033F21A": 28.316359194676103, "033H21A": 39.827019663586825, "035C21A": 17.722182662130443, "042A21A": 5.027914762022713, "043A21A": 5.415058872968539, "1805025": 10.9247945851841, "203A21A": 16.935379334713037, "206A21A": 9.082293400451968, "EJ6134": 11.135565505804312, "EL3247": 7.051027638481513, "EN1185": 17.982878398629843, "EN6204": 7.385345928568284, "EP6955": 6.495404436694759, "ER8732": 6.252511517728909, "ER8735": 8.92966111842893, "ET7205": 15.231231721417398, "EW0169": 8.726423509524738, "EW0178": 12.529352287142752, "EW0183": 10.780838150289018, "EW0196": 13.471853188929002, "EW2245": 21.67797452023867, "EW2246": 10.810581397221016, "EW4811": 21.06921116718134, "FC1440": 22.84629346385235, "FC3098": 17.09643538661171, "FD0809": 16.2789504288414, "FE7051": 9.840202286719435, "FF0900": 17.119987770389056, "FF2588": 14.618823170997086, "FF2590": 11.921726935435194, "FF8841": 11.704393899782136, "FH4751": 15.568430077627156, "FH8469": 14.326564299424184, "FJ8762": 20.419992100385866, "FM7553": 23.412629745733195, "UNKNOWN": 1.104544927760179}