{"006C21A": 283.2674928342607, "EY2172": 332.21638987742193, "UNKNOWN": 15.831810631229237}