{"EL3249": 92.24073463103488, "EL9269": 126.8880574452003, "EN6205": 68.52807082106641, "EW4109": 71.22868859425463, "FH8020": 141.43097203504044}