{"050C21A": 1584.3312912346842, "EW0151": 378.52087093862815}