{"EJ6796": 72.91809970470732, "EL8723": 94.43518102091298, "EM0477": 35.9392474271012, "ER7812": 100.95892427884615, "ET6956": 65.71328479724441, "EW4815": 61.11122032911023, "EY3014": 68.96949967137694, "FA5833": 70.35926500167616, "FA8016": 71.28086262523348}