{"025B21A": 36.39781741731328, "EM0477": 16.91258702451821, "EP9605": 20.85721569041949, "ET3620": 29.824391067209127, "EW2239": 48.85684333139197, "EW2246": 28.61624487499681, "EW6126": 23.332033096926715, "FC2473": 16.65598743932069, "FE2296": 45.27603261235765, "FE2707": 40.07231560237155, "FH8469": 37.92325843965226, "FJ4991": 67.94346068324238, "UNKNOWN": 6.089157935088167}