{"ET1831": 116.34756689310969, "EW8904": 204.37731143552315, "FF3318": 46.21509668508287, "UNKNOWN": 10.554540420819492}