{"FE2296": 384.8462772050401, "UNKNOWN": 31.663621262458477}