{"FC3098": 384.6697961987634, "GH9694": 250.17608047690013, "UNKNOWN": 7.915905315614618}