{"011A21A": 27.87297869689797, "028L20A": 16.77306402362717, "EJ6795": 72.84952699184169, "EL1491": 47.56959784763524, "EN6198": 19.9023061169976, "EN6200": 18.68983858827465, "EN6202": 19.801470588235293, "EN6206": 22.507216909914444, "ER1741": 16.817435820221334, "EW0150": 19.79795098907588, "EW0153": 25.194826162048507, "EW0217": 33.867594694104, "FA5833": 37.52494133422729, "FD6840": 5.946942314223915, "UNKNOWN": 1.0554540420819492}