{"EK9788": 41.644306237950126, "EN6205": 54.82245665685313, "FA5831": 149.41409828774738, "FE2296": 153.93851088201603, "FE2707": 136.2458730480633, "UNKNOWN": 3.1663621262458475}