{"1808609": 231.37710228839265, "1808980": 255.6736978373439, "EW0158": 207.9307930607187}