{"1805029": 46.91707685423425, "EK9788": 26.027691398718822, "ET3045": 123.40882050528788, "EW2246": 138.99318939284163, "EW4811": 57.940330709748686, "EY2173": 97.62235588098558, "FC8889": 93.07294437056736, "UNKNOWN": 1.9789763289036544}