{"036A21A": 459.8950541170024, "043B21A": 658.7515199058639}