{"012M20A": 312.3451005961252, "EL1283": 314.0176046446296}