{"017B21A": 264.0959572125216, "044B21A": 418.3337898406375, "EW0153": 188.96119621536383}