{"045A21A": 63.99211113016635, "EL0739": 65.2018172287262, "FD0785": 112.40721787410529, "FE2707": 75.69215169336849, "FE4728": 125.78511283260356, "FJ1611": 123.57713802485478, "UNKNOWN": 10.554540420819492}