{"067F21A": 36.73279064685315, "EJ6789": 11.91958528618094, "EL0725": 17.265671258223684, "EM0477": 14.744306636759465, "EP2163": 11.753967086834733, "EP2166": 12.917724684518314, "EP9605": 27.992578952931424, "ER2659": 22.27806872564833, "ER7449": 33.46660489306691, "ER7812": 20.19178485576923, "ER9480": 12.852327361812891, "ET1831": 11.634756689310969, "ET3620": 12.67536620356388, "ET3674": 13.263327539895718, "EW2239": 9.771368666278391, "EW4811": 11.588066141949737, "EW4815": 12.222244065822048, "EW6126": 9.916114066193852, "EW9127": 19.37117735239852, "EX0893": 12.713840502877916, "EX7389": 35.73311207909839, "EY2173": 40.05019728450691, "EY7015": 16.77856143856144, "FA5831": 18.676762285968422, "FA5833": 14.071853000335237, "FC3143": 13.915299187800432, "FD1921": 3.977561631448696, "FE1248": 20.512686202686204, "FG7911": 20.55288720332762, "J07BX03": 22.94109093391589, "UNKNOWN": 1.7115470952680256}