{"EW0176": 491.3273818235036, "UNKNOWN": 15.831810631229237}