{"027B21A": 8.750145862201894, "038A21A": 6.736493887393225, "EJ6790": 12.241039720563249, "EJ6797": 4.211119731642035, "EK9788": 16.225054378422126, "EL1484": 5.438220779178697, "EM0477": 7.099110602884187, "EP2166": 12.758246601993395, "EP9605": 4.324056911428431, "ER1741": 3.0763602110160977, "ER2659": 5.297833416465151, "ER9470": 13.336018126324277, "ET1831": 17.45213503396645, "EW0187": 5.885631285151264, "EW0217": 6.195291712336099, "EW2239": 9.650734485213228, "EX0893": 6.201873416038008, "EX6537": 6.014730173745105, "EX7823": 21.47191815856777, "EX8679": 25.687174602445957, "EY2172": 12.154258166247145, "EY3014": 20.69084990141308, "FA4598": 4.548196217288985, "FA5833": 6.864318536748894, "FA8016": 14.080170395107848, "FC0681": 4.297635793880787, "FC1526": 9.510850488031345, "FC2336": 7.192806719953396, "FC3098": 9.382190151189354, "FC3143": 6.787950823317284, "FC5089": 21.82263396133289, "FC5435": 19.89939855902917, "FD0168": 4.5054341171810295, "FD1921": 1.9402739665603397, "FD7959": 14.74510001754694, "FD9234": 7.92920644363238, "FE1248": 10.006188391554245, "FE2296": 19.004754429878524, "FE2625": 9.92369262031201, "FE2707": 8.307675185857518, "FE6208": 1.0608381343405937, "FE8235": 20.66876426334988, "FF0680": 1.879853048864852, "FF0688": 9.143189945624073, "FF2832": 17.931108655852853, "FF4213": 7.941523468162172, "FG3739": 9.636271596723493, "FG6273": 9.155465322250988, "UNKNOWN": 1.6887264673311184}