{"001A21A": 1.584486830154405, "001B21A": 1.2010664560931714, "001C21A": 1.1835225911695912, "001M21A": 0.617138540877935, "002A21A": 1.2287008956198324, "002B21A": 0.7964620472322308, "002C21A": 1.3884251695898546, "002M21A": 0.6100017494903974, "003A21A": 0.9602234205292562, "003B21A": 0.9309958001661104, "003C21A": 0.896877642032437, "004C21A": 0.9356951301755748, "004M20A": 1.2858037430923683, "004M21A": 0.5124448926301671, "005C21A": 0.9023619733093664, "006B21A": 0.6386325008711106, "006C21A": 0.5873872324194104, "006M20A": 1.8158392735719564, "007B21A": 1.0297309045140095, "007C21A": 1.4704703659455665, "007M20A": 1.1200882433669532, "008B21A": 1.8956255008720369, "008C21A": 0.902968054431707, "009C21A": 1.297119155703786, "010A21A": 1.5114691649990124, "010M20A": 0.9381112675600864, "011A21A": 1.412604395537149, "011F21A": 1.743551379957844, "011J20A": 1.1058724707021843, "011L20A": 1.0598499632990324, "011M20A": 1.2919256635333407, "012A21A": 1.4759840545634988, "012H21B": 1.0852327755359925, "012L20A": 1.488776235222136, "012M20A": 1.1911236285516995, "013A21A": 1.4395899973982145, "013F21A": 0.4175723167517112, "013L20A": 1.2064369354510671, "013M20A": 1.276361302827026, "014C21A": 1.8561661571823325, "014F21A": 1.350390081515848, "014M20A": 0.9065399516963624, "015M20A": 0.9638706474989036, "016B21A": 0.8502560028402028, "016C21A": 0.9809542861314084, "016M20A": 1.0066748895165691, "017B21A": 1.2800219494461842, "017C21A": 1.4888939185102317, "017F21A": 1.4205325790080223, "018B21A": 0.8276380708086609, "019B21A": 0.8557768755807754, "020B21A": 1.206304677350724, "020F21A": 1.2905974269913911, "021B21A": 1.3259545344787769, "021C21A": 0.6921759407722664, "022C21A": 1.2336051028815649, "022M20A": 0.8413812709426424, "023C21A": 1.2099786868102502, "023M20A": 0.8044477876884487, "024C21A": 1.7605030185180863, "024M20A": 1.2258593674862557, "025A21A": 1.789972097278926, "025B21A": 1.3921629714825607, "025C21A": 1.858961696850692, "025J20-2A": 1.0206421480945511, "025J20A": 1.199368119634485, "025L20A": 1.1332999907342258, "026A21A": 1.0303471531373345, "026B21A": 1.127332811237111, "026C21A": 0.8031995139322081, "026L20A": 1.181777172587867, "027A21A": 1.4027331174593594, "027B21A": 0.9925809589494108, "027C21A": 1.390251842500299, "027H21B": 0.9054038114286712, "027L20A": 0.9578245481401104, "028A21A": 0.7640753530610759, "028L20A": 1.661854074998694, "029A21A": 1.5249527988948006, "029K20A": 2.1276317955254305, "029L20A": 1.2579220316893007, "030A21A": 0.9660556628337698, "030B21A": 1.034116716709211, "030H21B": 0.5269001074881756, "030L20A": 1.1861488717281634, "030M20A": 1.3723361953125028, "031A21A": 1.1845369515632458, "031B21A": 1.2967692065102514, "031H21A": 0.636313424969825, "031L20A": 1.372990979886922, "031M20A": 1.6502296249283923, "032B21A": 1.2749680282179017, "032F21A": 0.7903861488903594, "032H21A": 1.1134241775524332, "032L20A": 1.1550838227833533, "032M20A": 1.6120942114823344, "033B21A": 1.6098118881336536, "033C21A": 1.133717533011348, "033F21A": 1.4318497820801728, "033H21A": 1.0838454595274167, "034C21A": 0.9304188462164296, "034F21A": 0.6104295841527962, "035C21A": 0.965160362823494, "036A21A": 1.07461414635734, "036B21A": 1.6879379731428052, "036C21A": 0.5125536348344252, "037A21B": 0.8937819234054146, "037B21A": 1.165041333751595, "037C21A": 1.11297913417247, "037F21A": 0.993010564498382, "037K20A": 1.334892173224735, "038A21A": 1.3386697217807548, "038B21A": 1.1092729325127828, "038C21A": 0.6326453378468276, "038K20A": 0.8574236674179219, "039A21A": 1.427972263323353, "039B21A": 1.4600679193245398, "039K20A": 0.8972964536223845, "040A21A": 0.8612780981500928, "040B21A": 1.0250565286185287, "040C21A": 1.3824279615100168, "041A21A": 1.5070659901457588, "041B21A": 1.355788103292668, "041C21A": 1.0414736080476148, "041J21A": 0.7135298977745207, "041L20A": 1.3738504462225354, "042A21A": 1.8314756096322615, "042B21A": 1.2652696160087034, "042L20A": 1.2539164024077305, "043A21A": 1.7802159105775854, "043B21A": 1.1965904262627056, "043L20A": 1.0131027442790488, "044A21A": 0.971240741874142, "044B21A": 1.0125644982311417, "045A21A": 1.295790412293088, "045B21A": 1.315516585432625, "045J21A": 1.4748520171424535, "046A21A": 1.3408351802683869, "046B21A": 1.7206428946709458, "046C21A": 0.9718149182353012, "047A21A": 1.2708994792171575, "047B21A": 1.0432534203801362, "047C21A": 1.2961254584634476, "048A21A": 1.2225226929102089, "048B21A": 0.7006019372538791, "048C21A": 0.9332265917176078, "050C21A": 1.50614849222898, "050E21A": 0.4390537983808284, "051F21A": 0.8691808816047174, "052E21A": 1.386897275671179, "053E21A": 1.3271760556229912, "054C21A": 2.0155802166644867, "058A22-2A": 0.5411053636938578, "058H21A": 1.1502604292564038, "059H21A": 0.4419513466027763, "062E21A": 0.9621502611157084, "065F21A": 0.2359160064537001, "066H21A": 0.3211261499495195, "067F21A": 0.5076219125493612, "068H21A": 0.5884232104944168, "070H21A": 0.6552144267748607, "076C21A": 0.5652426530469783, "084J21A": 0.9347647178570542, "088D21A": 1.5087417398358234, "1802068": 1.850684721452286, "1802070": 1.4170691536450293, "1802072": 1.8172234362376365, "1805018": 1.8236084538866104, "1805020": 2.4865198627455936, "1805022": 2.0499282260617777, "1805025": 1.490131763372734, "1805029": 1.594684308233749, "1805031": 1.562770318096642, "1808609": 2.127328722575212, "1808978": 1.508682355316708, "1808980": 1.9500160694822557, "1808982": 1.7987100908130336, "1820095": 2.156988067558104, "1822809": 2.101054411884597, "1822811": 1.7804507421336146, "201A21A": 1.124545917168978, "202A21A": 1.8525656404956612, "203A21A": 2.005195955950398, "204A21A": 2.427973803423124, "205A21A": 1.4801071184633237, "206A21A": 1.2033173625468925, "207A21A": 1.7082971320988165, "211D21A": 2.4078721506126124, "213D21A": 1.0004262861724451, "3001531": 0.5652162692983883, "3001659": 1.2327033400552732, "3001943": 0.1395013896437855, "3002188": 0.3317777750360875, "3002332": 0.7837499900237748, "3002339": 0.3207710281377174, "3002621": 1.7794998839679568, "3002916": 0.2296589083098314, "3003608": 1.74472539404968, "3003651": 1.6624496578094252, "3004675": 2.229685670511055, "3004732": 2.699542522792345, "3004737": 2.0852580649869075, "301308A": 0.8645606831225794, "30135BA": 1.1726509567179575, "301458A": 1.860808645625117, "30145BA": 0.8643147816602873, "30155BA": 1.097492895861154, "32030BD": 0.8948303699084353, "33130BA": 0.7650815848921022, "939902": 0.830976822452452, "AS7140C": 0.2460198032844471, "AS7146B": 0.1738550185700613, "EE8492": 1.0341897896548844, "EE8493": 1.0735836743680631, "EH9899": 1.3326305092771626, "EJ1685": 1.2370611575842667, "EJ1686": 0.9985787997911798, "EJ1688": 1.2969907550314852, "EJ6134": 0.9970854138340222, "EJ6136": 0.7363743430515386, "EJ6788": 0.750227228946933, "EJ6789": 0.370781189235733, "EJ6790": 1.0724282008367476, "EJ6795": 0.7495973810660754, "EJ6796": 0.302355631118344, "EJ6797": 1.1666950447709634, "EK1768": 1.7412474851180682, "EK4176": 1.5712794126705765, "EK4243": 1.5390803770688586, "EK4244": 1.2526569214096468, "EK5730": 0.9431644156308496, "EK9231": 1.027581875788352, "EK9788": 0.5768908223438978, "EL0140": 1.3309916842536569, "EL0142": 0.6801729154101427, "EL0725": 0.5370812799585696, "EL0739": 1.4220926035692405, "EL1283": 0.9518157237864412, "EL1284": 1.300618269115483, "EL1484": 1.700563405380199, "EL1491": 0.8018040954524046, "EL3246": 0.9602193947702296, "EL3247": 0.9617535750072213, "EL3248": 1.0068009860919744, "EL3249": 1.2145349674218031, "EL3302": 1.3317285507036296, "EL8713": 1.1429297363163635, "EL8723": 0.5221921190028019, "EL8982": 1.2797899273322773, "EL9261": 0.9302218297277705, "EL9262": 1.3970690130001504, "EL9263": 0.6961173703364005, "EL9264": 0.7920196694799223, "EL9265": 1.1487534354581743, "EL9266": 0.9710387192676756, "EL9267": 0.9585431176061836, "EL9269": 1.0099231148852346, "EM0477": 0.4475312720081782, "EM4965": 0.6273483745946549, "EM6950": 0.4145673207746244, "EM9809": 1.0275415586148933,