{"EH9899": 243.65985454545452, "UNKNOWN": 15.831810631229237}