{"EK4244": 482.9827536648462, "EL3249": 73.7925877048279, "EW0164": 75.1853893557423, "FC1440": 205.61664117467117, "FH0161": 138.49606266749123}