{"028L20A": 83.86532011813586, "EW0191": 170.57928161357518, "FC3182": 190.56855067529224, "FE1573": 202.370510966498}