{"001A21A": 0.4264733148835611, "001B21A": 0.2759587481723416, "001C21A": 1.3621697325431503, "002A21A": 0.8830809995018377, "002B21A": 1.310314010151809, "002C21A": 0.5985448102460066, "002M21A": 0.2923966978095586, "003A21A": 0.8122784688050125, "003B21A": 1.1280924720149574, "003C21A": 5.894987160003935, "004C21A": 0.8074469833252612, "004M20A": 0.3599583024833906, "005C21A": 1.3986636492911062, "006B21A": 1.7094462641237604, "006C21A": 0.4223670370292157, "006M20A": 0.4887430930685145, "007B21A": 0.7723984117636233, "007C21A": 5.3618239966820695, "007M20A": 0.8638114545070502, "008B21A": 0.8171969441119497, "008C21A": 1.1810996086262215, "009C21A": 1.7569388382530713, "010A21A": 0.7233289443513562, "010M20A": 0.8431263337524121, "011A21A": 0.2078005370047065, "011F21A": 1.2534755880527366, "011J20A": 0.2167982180080509, "011L20A": 0.4148083065313512, "011M20A": 0.4496616936590134, "012A21A": 1.28622931351517, "012H21B": 2.6054414037498823, "012L20A": 0.793151885865238, "012M20A": 0.2329195381030016, "013A21A": 0.2504040134940656, "013F21A": 1.202051786014747, "013L20A": 0.3516765192816252, "013M20A": 0.3813715303719772, "014C21A": 1.88468495239804, "014F21A": 0.8961545834369786, "014M20A": 0.7603935611257557, "015M20A": 0.8871640078164126, "016B21A": 0.4889341876635658, "016C21A": 1.5401115393251734, "016M20A": 0.723508439504506, "017B21A": 1.7110627678857622, "017C21A": 0.7553212338277329, "017F21A": 2.5170029339577766, "018B21A": 1.323982770422664, "019B21A": 0.6563083785740315, "020B21A": 0.9911932036141948, "020F21A": 1.8570994062601816, "021B21A": 0.476180167459163, "021C21A": 0.497716472322205, "022C21A": 2.3681451867163936, "022M20A": 0.5497483378228474, "023C21A": 1.5826754295721788, "023M20A": 0.5506934352664082, "024C21A": 1.0847714348682873, "024M20A": 0.5708973940148777, "025A21A": 0.73431654553877, "025B21A": 2.004464901377083, "025C21A": 4.413003465150072, "025J20-2A": 0.251099496837068, "025J20A": 0.594135096181993, "025L20A": 0.6507371852151144, "026A21A": 0.8295999436840727, "026B21A": 0.323912076628317, "026C21A": 0.9904159341392682, "026L20A": 0.2997089134016826, "027A21A": 0.7835814327728039, "027B21A": 0.3566162826543516, "027C21A": 0.7994552852200327, "027H21B": 0.5786524359213614, "027L20A": 0.5899096390837333, "028A21A": 1.414513552364855, "028L20A": 0.4382114263450741, "029A21A": 0.8480852084753896, "029K20A": 0.2545669595515831, "029L20A": 0.5906742043295228, "030A21A": 1.1120224397778762, "030B21A": 2.6508231004766567, "030H21B": 2.2775935938323832, "030L20A": 0.6812086050183854, "030M20A": 0.4923994145205455, "031A21A": 0.6303630235390728, "031B21A": 0.810384354857217, "031H21A": 0.6101693346132119, "031L20A": 0.540685239833988, "031M20A": 0.7897341739932673, "032B21A": 1.4675142202344824, "032F21A": 1.6251678106735905, "032H21A": 1.067665755805312, "032L20A": 0.4878398695635473, "032M20A": 0.6861428297577535, "033B21A": 5.028071394928625, "033C21A": 0.3621949761087737, "033F21A": 2.2193712730338326, "033H21A": 0.4452710272947595, "034C21A": 0.445984619619105, "034F21A": 2.344892273486898, "035C21A": 1.1902958504415968, "036A21A": 0.8010115398902752, "036B21A": 2.9601657033443978, "036C21A": 1.4754714033100385, "037A21B": 0.9183278226768248, "037B21A": 0.5287245552089835, "037C21A": 0.2666080451837573, "037F21A": 1.428779745587304, "037K20A": 0.859202704379491, "038A21A": 0.6868844799381304, "038B21A": 0.5627381438132356, "038C21A": 1.8214710460713064, "038K20A": 0.9488200799990376, "039A21A": 2.0553984631654534, "039B21A": 1.8009010151830795, "039K20A": 0.3929939947181752, "040A21A": 1.2398972371874313, "040B21A": 0.6204155377223192, "040C21A": 0.6624706558428967, "041A21A": 2.7871337813387185, "041B21A": 1.707006040351782, "041C21A": 3.301899340363561, "041J21A": 0.4104613975918323, "041L20A": 0.262381979800697, "042A21A": 1.6986198520347005, "042B21A": 1.1198335453165047, "042L20A": 0.4907628036289141, "043A21A": 1.890865363652344, "043B21A": 1.4759182671527944, "043L20A": 1.02866841418676, "044A21A": 0.6203806949892597, "044B21A": 1.2487575816138432, "045A21A": 1.577887671702732, "045B21A": 4.609347354609954, "045J21A": 0.7710786503865593, "046A21A": 0.256615772075222, "046B21A": 4.370432952464203, "046C21A": 0.698793853358311, "047A21A": 0.8430834891982476, "047B21A": 0.8573101915860917, "047C21A": 2.0089981817663287, "048A21A": 1.0045191792988573, "048B21A": 1.3446212636549155, "048C21A": 2.090116928523821, "050C21A": 1.5756651330031668, "050E21A": 1.263684795289986, "051F21A": 0.3570814092129407, "052E21A": 3.1396531673119763, "053E21A": 1.5274073909168826, "054C21A": 10.10282709200185, "058H21A": 1.2033509721012472, "059H21A": 0.4237974859058837, "062E21A": 0.6918443788614071, "065F21A": 1.0186082605271618, "066H21A": 0.6160238055443152, "067F21A": 2.559139432973098, "068H21A": 2.966493376320633, "070H21A": 1.5087851653451143, "076C21A": 0.7228634978410606, "084J21A": 1.5372453802934436, "088D21A": 5.440084121759061, "1802068": 0.8053762386882671, "1802070": 0.4791370822682949, "1802072": 4.00478529369472, "1805018": 0.6857597531510707, "1805020": 0.9669088551827784, "1805022": 0.7121581203169807, "1805025": 1.1014542710977249, "1805029": 1.403652261906784, "1805031": 0.9855880202455424, "1808609": 1.1522764058186885, "1808978": 1.484720568855752, "1808980": 0.8906274619862689, "1808982": 1.206360560533343, "1820095": 2.921625274653409, "1822809": 1.6916964505305003, "1822811": 1.86270967727631, "201A21A": 1.4947758546616203, "202A21A": 1.2333565054914335, "203A21A": 1.7666554933641256, "204A21A": 17.379788699889662, "205A21A": 3.3194628021565995, "206A21A": 2.040455332103537, "207A21A": 2.461330208560957, "211D21A": 4.8573959281575565, "213D21A": 1.92005529185302, "3001659": 0.4428878861543019, "3002332": 0.3003855578066601, "3003651": 0.2985697630780095, "301308A": 4.312289893228122, "30135BA": 1.5338500395857528, "301458A": 4.467454355470328, "30145BA": 1.867087756499164, "30155BA": 0.7890106186928212, "32030BD": 1.8399228215600492, "33130BA": 2.203488267013208, "939902": 4.392414473383372, "EE8492": 0.3963708845903926, "EH9899": 0.4851365944160369, "EJ1685": 1.0594440420137632, "EJ1686": 0.8740872856919172, "EJ1688": 0.6215284557535737, "EJ6134": 0.2490558885493012, "EJ6789": 0.2369698864051877, "EJ6790": 0.2464026385103437, "EJ6795": 0.3802734444018582, "EJ6796": 0.2899328020067885, "EJ6797": 0.3434229915411704, "EK4176": 0.3865678785151198, "EK4244": 0.2399914303924701, "EK5730": 0.2704942064425505, "EK9231": 0.4913594942244933, "EK9788": 0.2070825770161617, "EL0140": 1.7884564897887625, "EL0142": 0.7610881252470243, "EL1283": 0.390472027660569, "EL1284": 0.7151716142999902, "EL1491": 0.1772780044011251, "EL3246": 0.7529074472266537, "EL3247": 0.6317496141994388, "EL3248": 0.3855648928007456, "EL3249": 0.6426326373896432, "EL3302": 1.0563127956114062, "EL8982": 1.022054455855638, "EL9261": 1.2360174156989896, "EL9262": 0.7642834108427191, "EL9263": 0.8583741942733392, "EL9264": 1.2071836942672718, "EL9265": 0.4716003859000729, "EL9266": 0.4406813733228201, "EL9267": 0.9732705140575516, "EL9269": 1.010556953271879, "EM0477": 0.5007708026667498, "EM9809": 0.6219196023064728, "EM9810": 1.1243962884926235, "EN1185": 0.2010508143946194, "EN3924": 0.8595177654587015, "EN5318": 2.4085432218539182, "EN6198": 0.9670943665124672, "EN6199": 1.04651327444669, "EN6200": 1.3996384364659, "EN6201": 0.9397638756805616, "EN6202": 0.5173312793641965, "EN6203": 0.796887362279102, "EN6204": 0.7446017179661824, "EN6205": 1.025102031728742, "EN6206": 1.0936723890937745, "EN6207": 0.9915670000852088, "EN6208": 1.0128774283210973, "EN9581": 1.0306649842762738, "EP2166": 0.2568136120182567, "EP6955": 1.75288275652932, "EP7533": 1.5139122257996571, "EP7534": 1.076928962930146, "EP9598": 0.2363308111669923, "EP9605": 0.2644091474549824, "ER1741": 0.0626736738641788, "ER1749": 0.148112392218549, "ER2613": 0.7014322960259801, "ER7812": 0.2006637004300047, "ER7934": 0.1696284906327324, "ER8727": 1.4064808147254122,