{"019B21A": 13.467715809309972, "023M20A": 18.45281919338523, "024C21A": 29.68731620731373, "027A21A": 9.181381277883087, "028L20A": 5.134611435804236, "030L20A": 5.583130117864972, "030M20A": 8.081379778722912, "1808978": 9.35350650363914, "205A21A": 7.109569095059355, "EH9899": 4.972650092764379, "EK5730": 4.439417159614267, "EK9788": 8.675897132906275, "EL1283": 6.408522543767951, "EL3302": 10.827206155016912, "EL9262": 7.833904961137871, "EL9269": 10.35820877103676, "EN5318": 5.447895382764814, "EN6206": 6.889964360177891, "EN6208": 5.9237088081986045, "EP2166": 10.54508137511699, "EP6955": 5.965167339821718, "EP7534": 6.784483403828377, "ER1749": 6.081676186606542, "ER2613": 5.748881838449666, "ER8733": 6.6769434141815935, "EW0180": 11.661496043031812, "EW2239": 7.976627482676238, "EW8904": 16.68386215800189, "EY2173": 15.93834381730377, "FA1027": 9.804227071481138, "FC0681": 7.191961940780094, "FC5089": 18.037075008856775, "FD5996": 23.06451148044961, "FD9234": 13.269284252609287, "FF0680": 3.145876530753425, "FF2589": 11.32182726055894, "FG3527": 14.937010359699435, "FG6273": 15.321390947440428, "FM0698": 16.483089678178963, "GH9703": 18.14217147176331, "UNKNOWN": 3.0155829773769973}