{"001A21A": 2.491942114417671, "001B21A": 0.9651960040378118, "001C21A": 0.7925781335683116, "002A21A": 1.54443104308002, "002B21A": 0.8576523174614414, "002C21A": 1.046023358653208, "003A21A": 1.4200746622021545, "003B21A": 1.9733023737727904, "004C21A": 1.4111030468798982, "004M20A": 2.211756012247355, "006B21A": 2.0684826695710883, "006C21A": 2.2178403092721584, "006M20A": 1.424792364793213, "007B21A": 0.8996209228711476, "007C21A": 1.6065375198454448, "007M20A": 1.650019263297375, "008B21A": 0.951681373907186, "009C21A": 0.7663243868976162, "010A21A": 0.902813362530466, "010M20A": 1.0314172103763188, "011A21A": 1.0911561908311516, "011F21A": 1.09454598678856, "011J20A": 0.8360245841947775, "011L20A": 1.2109872129673434, "011M20A": 2.168039739631873, "012A21A": 1.3481070699635294, "012H21B": 0.4541429113480697, "012L20A": 1.4961843753712116, "012M20A": 1.4977315198593624, "013A21A": 2.6366133893592325, "013F21A": 0.5245933467178073, "013L20A": 1.750697357787461, "013M20A": 1.3363790184102138, "014C21A": 0.5480637665393605, "014F21A": 0.5215899723910539, "014M20A": 2.0934262637818244, "015M20A": 2.331852365943968, "016B21A": 0.8544666537665182, "016C21A": 1.3447542111397035, "016M20A": 1.2653526624754612, "017B21A": 2.7641966738336325, "017F21A": 0.5486826057206133, "018B21A": 1.6196607329034782, "019B21A": 0.2864227754584151, "020B21A": 1.1544536226362634, "020F21A": 1.9463240779944893, "021B21A": 0.5545441637540057, "022C21A": 2.06762437206138, "022M20A": 0.961103507124204, "023C21A": 0.552425165131053, "023M20A": 1.3490311681848213, "024C21A": 1.2632900513750525, "024M20A": 1.332176766181865, "025A21A": 1.5412023469045988, "025B21A": 0.5373537960002829, "025J20-2A": 1.0257053859049423, "025J20A": 1.664095583281006, "025L20A": 0.5163458100076451, "026A21A": 1.450897377574538, "026B21A": 0.2828607196945198, "026L20A": 0.9005271618924895, "027A21A": 1.1741305331438137, "027B21A": 0.3114201218318382, "027C21A": 1.8636584745416147, "027L20A": 0.5150818308246324, "028A21A": 1.0975133400646335, "028L20A": 1.5374698581238349, "029A21A": 0.9877741671942826, "029K20A": 0.4447187552930217, "029L20A": 1.958845704130671, "030A21A": 1.360364439818784, "030B21A": 0.865806958588569, "030L20A": 0.7139801020671169, "030M20A": 2.5938053001577908, "031A21A": 1.3230220361812677, "031B21A": 0.8493194155206435, "031L20A": 1.352638642323559, "031M20A": 1.3811756506870934, "032B21A": 1.281284688592384, "032F21A": 1.7032492875895329, "032H21A": 0.6214148344335605, "032L20A": 1.3663763973983625, "032M20A": 0.899109403112191, "033C21A": 0.6327407894261347, "035C21A": 0.3461363801197352, "036A21A": 1.400898772332035, "036B21A": 0.7366903294967881, "037F21A": 0.6235408134496676, "037K20A": 0.6922033899705351, "038A21A": 1.4416507144834567, "038B21A": 0.655346809251888, "038C21A": 1.2721033567091138, "038K20A": 1.3264512965410271, "039A21A": 1.1955597489915477, "039B21A": 0.6980478967521041, "039K20A": 1.3188699516264506, "040A21A": 1.1811113307701064, "040B21A": 0.8129815245609799, "040C21A": 1.1575258007432982, "041B21A": 0.4253755751595866, "041C21A": 0.523087352097526, "041L20A": 1.1495646217411803, "042A21A": 0.0982014601957561, "042B21A": 0.488712078913084, "042L20A": 2.00932129988617, "043L20A": 1.498277907619846, "044A21A": 1.62930992630019, "044B21A": 1.0903574018435382, "045A21A": 1.001180356664923, "045B21A": 1.889600280658671, "045J21A": 0.6733551408757628, "046A21A": 1.122415072642058, "046B21A": 0.6907675183226095, "047A21A": 1.7206534222540388, "047B21A": 1.123404080329907, "047C21A": 0.5006301892682834, "048A21A": 1.756488517086301, "048B21A": 0.3910139959413167, "048C21A": 1.0421412983980196, "052E21A": 0.4973842908285032, "053E21A": 2.001487573718843, "058A22-2A": 0.9064610830745342, "058H21A": 0.5251603309235261, "062E21A": 0.6041627127904302, "065F21A": 0.5928618391349496, "068H21A": 0.7392321973854554, "076C21A": 0.3154684232114524, "088D21A": 3.79646409958688, "203A21A": 0.1617093512863224, "206A21A": 0.1773885429775775, "3001531": 2.132083177433777, "3001659": 0.3867579978048853, "3001943": 1.4030096339250373, "3002188": 1.112072617496847, "3002545": 1.6224408726711073, "3003608": 0.4377715930122048, "3003651": 0.5215899723910539, "30155BA": 0.3443360143644234, "AS7140C": 0.6182528910663841, "EE8492": 0.3461363801197352, "EE8493": 1.1560645350400047, "EJ1685": 0.2636616522895116, "EJ1688": 0.5427583563264715, "EJ6134": 3.282317343413935, "EJ6136": 9.328020531656618, "EJ6788": 1.7897005555387049, "EJ6789": 6.075008318088704, "EJ6790": 1.2938550030869376, "EJ6795": 4.914072341981437, "EJ6796": 0.76022345478409, "EJ6797": 0.7506778652057541, "EK1768": 0.2816021183439572, "EK4176": 0.2249945855420033, "EK4243": 1.4499079855434205, "EK4244": 1.2588603483879572, "EK5730": 0.0944146878563798, "EK9788": 3.9582342357025975, "EL0725": 1.8024189221286144, "EL1283": 0.272703086968849, "EL1484": 0.9694219649840286, "EL1491": 8.774365874399122, "EL3247": 0.5515797370389711, "EL3249": 0.320419399499904, "EL3302": 0.4607321768092303, "EL8713": 0.9569906679099962, "EL8723": 11.310598519457653, "EL8982": 0.178149769735948, "EL9262": 0.3333576579207604, "EL9263": 0.9996350799136328, "EL9266": 0.2564903305667976, "EL9269": 0.2202917663979172, "EM0477": 3.919495761618777, "EM6950": 2.9239443958446287, "EN1185": 0.3512280937232391, "EN5318": 0.1158623584008142, "EN6198": 0.5189649574184511, "EN6200": 0.2434629429649324, "EN6201": 0.2182308817689814, "EN6203": 0.1389018943972601, "EN6204": 0.1442450376673492, "EN6205": 0.2380480097996228, "EN6206": 0.1465313600905888, "EN6207": 0.2302605434848326, "EN6208": 0.3782733252846198, "EP2163": 2.460490275482195, "EP2166": 4.979236847295715, "EP6955": 0.1268633679041945, "EP7533": 0.2927466686450053, "EP7534": 0.1442880585015583, "EP9598": 4.792482303928018, "EP9605": 0.9253745108407084, "ER1741": 0.3287509174239618, "ER1749": 0.5180393448826085, "ER2613": 0.1222635460434173, "ER2659": 13.205506987129944, "ER7449": 4.274664598786931, "ER7812": 1.755807378762542, "ER8727": 0.2880427874758844, "ER8729": 0.4399760038862511, "ER8732": 0.2443447835847163, "ER8735": 0.5236769118105585, "ER8737": 0.31330193596751, "ER9470": 0.703877585729105, "ER9480": 6.093289530622442, "ET1831": 0.4041600239448012, "ET3045": 1.2866254092645133, "ET3620": 0.2200584410340951, "ET3674": 3.009131902594142, "ET6956": 0.2281711277682097, "ET7205": 0.5952283347492687, "ET8885": 0.170558023805806, "EW0150": 0.1288929100851294, "EW0151": 0.658011075078015, "EW0153": 0.328200080269846, "EW0158": 0.3611477083121471, "EW0161": 0.200349955785509, "EW0167": 0.2112055038169783, "EW0170": 0.4371331051799327, "EW0171": 0.176397887987297, "EW0172": 0.3157534658827778, "EW0175": 0.4751736493501155, "EW0178": 0.2447139118582568, "EW0179": 0.3242451059345559, "EW0180": 0.2480092474429509, "EW0182": 0.2344977708500938, "EW0183": 0.2105632451228323, "EW0185": 0.2135002035002035, "EW0198": 0.6766524989184874, "EW0217": 0.2204921529564062, "EW2239": 0.3394309567096272, "EW2245": 0.8471635722194877, "EW2246": 1.0575568758150993, "EW4109": 0.7435791762775603, "EW4811": 1.816944168598391, "EW4815": 1.4892203387424603, "EW6126": 14.446137398591764, "EW8904": 2.84722419065596, "EW9127": 1.3469745225483545, "EX0893": 0.6627545005844266, "EX3510": 2.007845826178844, "EX3599": 0.9834472426414628, "EX6537": 1.2871888845074342, "EX7389": 0.3024286829611192, "EX7823": 0.746200457291669, "EX8679": 1.3240235712874493, "EX8680": 1.1420165876569792, "EY2172": 1.2988477449595122, "EY2173": 0.3389665134756444, "EY3014": 2.162806609903806, "EY7015": 3.5123024380765333, "FA1027": 0.2085100375445207, "FA4598": 0.4860366070604214, "FA5831": 0.3242493452425073, "FA5833": 5.175287443205603, "FA8016": 0.2475029952265051, "FC0681": 1.3813829337473962, "FC1440": 1.339813039800203, "FC1526": 6.138178976971694, "FC2336": 12.810592819491465, "FC2473": 0.6155473618879386, "FC3095": 0.7652834326537253, "FC3098": 0.6681194897069274, "FC3143": 0.4833799109961071, "FC3180": 0.2324369655989721,