{"ER8729": 337.6082536487167, "FF3318": 184.86038674033148}