{"030B21A": 221.45417985232064, "EW2246": 162.15872095831523, "FA4598": 124.31736327256556, "UNKNOWN": 5.277270210409746}