{"1820095": 733.6931470973374, "EW0162": 192.8153085852201, "EX3599": 377.3159254267745}