{"012M20A": 312.3451005961252, "EX8680": 656.9450420496773}