{"FD0168": 120.1449097914941, "FK6304": 987.5609756097562}