{"012A21A": 24.5976043956044, "1805031": 20.947656493790177, "1820095": 69.87553781879403, "EH9899": 11.602850216450216, "EJ1685": 14.457447267208222, "EK5730": 34.34706960333144, "EK9231": 9.396665375264597, "EN6200": 13.349884705910464, "ER8732": 13.398238966561948, "EW0169": 18.699478948981582, "EW0179": 17.779439975411485, "FA6780": 28.836973880789245, "FC3183": 24.001915914241398, "FD7218": 55.74964754275099, "GH9703": 42.33173343411439, "GJ2524": 28.660974569039084, "GJ3277": 97.09945102571513, "UNKNOWN": 1.5831810631229235}