{"3002188": 640.2758095238096, "EK9788": 104.1107655948753, "EW2246": 243.23808143747283}