{"043L20A": 28.716993229380385, "3001659": 37.12876778926898, "3004675": 37.01085998766411, "AS7140C": 59.35227754237288, "EE8492": 33.22909249149458, "EK1768": 27.03380336101989, "EL0725": 28.77611876370614, "EL0739": 24.45068146077232, "EL8713": 45.91561475409837, "EL8723": 31.478393673637655, "ER1741": 10.510897387638334, "ER1749": 12.416755547655024, "EW2239": 16.28561444379732, "EW3143": 36.13046169746623, "EY2172": 41.52704873467774, "FA1027": 20.016963604273997, "FC5089": 36.82569480974925, "FD8813": 25.944560313929053, "FE2707": 28.384556885013183, "FE7010": 31.960549847793, "FH3220": 22.839447981281968, "UNKNOWN": 2.158883267894896}