{"002B21A": 18.80300604567846, "004M21A": 56.510470588235286, "011F21A": 36.01056296534362, "016M20A": 11.868491503545348, "020B21A": 18.97426989775744, "031B21A": 18.62031709074782, "047B21A": 24.62929707542329, "048B21A": 25.739892761394103, "EJ6795": 14.569905398368336, "EL3249": 10.54179824354684, "EM0477": 8.214685126194558, "EN6208": 8.293192331478044, "ER8737": 21.22159878038752, "ET8885": 11.22759105281649, "EX0893": 14.530103431860477, "EX3599": 21.56091002438712, "EX7823": 16.359556692242116, "EY2172": 28.475690560921883, "FA1027": 13.725917900073592, "FA7485": 16.523240424118676, "FC3098": 21.981131211357912, "FC3143": 15.903199071771922, "FE1573": 17.346043797128395, "FE8244": 7.425199135877693, "FF2587": 15.36236074573945, "FF2834": 15.821753675084809, "FH0161": 19.785151809641604, "FK9894": 17.539765516881218, "GH9693": 15.96150866268983, "UNKNOWN": 3.1663621262458475}