{"011F21A": 48.47575783796257, "012A21A": 19.867295857988164, "024M20A": 14.71158669192185, "030M20A": 15.230292659900874, "032B21A": 28.34842373510649, "048B21A": 34.64985564033822, "051F21A": 55.278948926234094, "1805018": 13.247032154620202, "205A21A": 13.398803294534938, "33130BA": 48.65834805014331, "EM6950": 36.91881440467559, "EN6203": 12.308844795818745, "EN6208": 11.163912753912754, "ER2613": 10.834431157078216, "ER7449": 25.099953669800183, "ER8729": 12.98493283264295, "EW0168": 21.576543987252307, "EW6126": 15.255560101836698, "EX6537": 18.96953362488841, "FC8889": 28.637829037097653, "FE2707": 54.49834921922532, "FF2593": 22.17015896907761, "FJ6369": 28.978677523418497, "FK9894": 23.61122281118625, "GH9703": 34.191015466015465, "UNKNOWN": 0.6089157935088169}