{"012L20A": 27.2044317775829, "031A21A": 56.3264381700136, "037F21A": 159.6264482431149, "30135BA": 137.05802242609582, "EW0162": 42.84784635227113, "EW0217": 56.44599115684, "FF2593": 64.04712591066865, "GJ3277": 107.88827891746124, "UNKNOWN": 3.957952657807309}