{"038C21A": 1464.8270152505447, "ER2613": 281.69521008403365}