{"Abdominal pain lower": 1.376487378577162, "Abnormal dreams": 2.971961385564327, "Acne": 2.9131106650581025, "Acute coronary syndrome": 4.843196332030755, "Acute pulmonary oedema": 10.699060988031576, "Acute respiratory failure": 2.351441975391555, "Addison's disease": 147.11208858543418, "Adverse reaction": 4.35887669882768, "Ageusia": 1.273697736670426, "Agitation": 1.816198624511533, "Allergic respiratory symptom": 90.53051605257488, "Anal incontinence": 4.670225034458228, "Angiogram cerebral": 5.551399569261667, "Angiogram normal": 8.116529025403265, "Angiogram pulmonary abnormal": 3.2332327161633887, "Anion gap": 2.4166256851816703, "Anosmia": 1.5681501781258806, "Antiacetylcholine receptor antibody": 22.63262901314372, "Anticoagulant therapy": 4.229637767056508, "Anticoagulation drug level below therapeutic": 90.53051605257488, "Appendicitis perforated": 13.684845449807831, "Arteriogram coronary abnormal": 18.106103210514977, "Arthritis": 2.160765071022289, "Asthenia": 1.4065835241576945, "Astigmatism": 168.12810124049622, "Atelectasis": 2.015234090211427, "Atrial fibrillation": 1.4950415506649817, "Atrial flutter": 3.072837359486876, "Atrioventricular block second degree": 15.904009576803691, "Axillary mass": 1.676491038010646, "Bacterial infection": 6.161762872688342, "Balance test": 22.20559827704667, "Biopsy": 1.0612233622033125, "Biopsy bone marrow normal": 98.0747257236228, "Biopsy prostate abnormal": 168.12810124049622, "Bite": 47.07586834733894, "Blindness": 1.1197875439424103, "Blister": 1.234938833875628, "Blood bicarbonate decreased": 20.11789245612775, "Blood bilirubin increased": 4.326826134865711, "Blood calcium normal": 3.4614609078925684, "Blood chloride decreased": 6.066477879811719, "Blood chloride increased": 6.611779262266705, "Blood chloride normal": 2.303124674527345, "Blood creatinine decreased": 17.83176831338596, "Blood creatinine increased": 1.0154415087864308, "Blood creatinine normal": 1.827479361309741, "Blood culture": 1.5304248487431384, "Blood culture negative": 5.671791367149269, "Blood donation": 168.12810124049622, "Blood electrolytes": 1.7618214201848406, "Blood glucose fluctuation": 9.56826592425588, "Blood glucose normal": 1.2869291511027592, "Blood lactic acid": 1.269575737522625, "Blood magnesium normal": 3.362562024809924, "Blood potassium normal": 3.348212542484988, "Blood pressure abnormal": 2.159443502171511, "Blood pressure decreased": 1.9992582820217557, "Blood sodium decreased": 5.551399569261667, "Blood sodium increased": 14.010675103374682, "Blood test": 1.1168946462963316, "Blood test abnormal": 3.772104835523953, "Blood test normal": 1.6177274346164583, "Blood thyroid stimulating hormone decreased": 5.301336525601232, "Blood urea normal": 5.289423409813363, "Blood urine present": 2.0396823374063664, "Body mass index": 1.7513343879218353, "Body temperature abnormal": 4.843196332030755, "Body temperature increased": 1.8321022902252944, "Bone pain": 1.131631450657186, "Bowel movement irregularity": 7.355604429271708, "Bradykinesia": 7.642186420022554, "Brain fog": 14.010675103374682, "Brain injury": 10.145661281754082, "Brain natriuretic peptide increased": 4.764764002767099, "Breast cancer recurrent": 130.76630096483038, "Breast mass": 3.1637008297942835, "Breast swelling": 1.9846487498878131, "Bronchial disorder": 30.176838684191623, "Bronchial secretion retention": 49.0373628618114, "Bronchitis": 3.610112603323538, "Bruxism": 14.529588996092263, "Bundle branch block left": 7.220225206647076, "C-reactive protein increased": 1.0631406582506535, "C-reactive protein normal": 2.743348971290148, "COVID-19": 1.789140633450096, "COVID-19 pneumonia": 1.1498746543072529, "Canalith repositioning procedure": 69.22921815785138, "Carbon dioxide decreased": 5.855207505887927, "Carbon dioxide normal": 3.0176838684191627, "Cardiac discomfort": 2.569643468741208, "Cardiac disorder": 1.1887845542257307, "Cardiac failure": 1.827479361309741, "Cardiac failure congestive": 3.113483356305485, "Cardiac flutter": 1.0738108655871108, "Cardiac function test normal": 21.016012655062028, "Cardiac infection": 39.22989028944912, "Cardiac monitoring": 1.244076859073439, "Cardiac monitoring abnormal": 5.577709519826888, "Cardiac murmur": 7.59288199150628, "Cardiac operation": 28.021350206749364, "Cardiac pacemaker insertion": 16.121872721691417, "Cardiac stress test": 2.149583029558856, "Cardiac valve disease": 22.20559827704667, "Cardiomyopathy": 5.525336660485791, "Catheter placement": 17.307304539462844, "Catheterisation cardiac": 2.3920664810639702, "Catheterisation cardiac normal": 16.57600998145737, "Cerebral haemorrhage": 1.7565622517663784, "Chest X-ray abnormal": 1.529430420641291, "Chest X-ray normal": 4.352428656373792, "Chiropractic": 42.032025310124055, "Cholecystitis infective": 65.38315048241519, "Chronic kidney disease": 2.927603752943964, "Chronic left ventricular failure": 15.088419342095811, "Chronic obstructive pulmonary disease": 6.186053659308665, "Chronic respiratory failure": 5.072830640877041, "Clostridium difficile colitis": 24.518681430905698, "Coma": 5.855207505887927, "Computerised tomogram abdomen normal": 6.922921815785137, "Computerised tomogram abnormal": 2.647686633708602, "Computerised tomogram head abnormal": 3.52892566321881, "Computerised tomogram head normal": 4.793876613781969, "Computerised tomogram neck": 3.588099721595956, "Computerised tomogram thorax abnormal": 2.79105938818215, "Concussion": 6.361603830721478, "Condition aggravated": 1.359563818926366, "Confusional state": 1.568299440469125, "Constipation": 2.1476217311742216, "Contusion": 1.4300081514987526, "Coronary artery disease": 3.610112603323538, "Corrective lens user": 51.16942211667276, "Cough": 5.21131109021715, "Crepitations": 14.897426692195866, "Culture positive": 15.485483008993072, "Cyanosis": 1.676491038010646, "Deafness bilateral": 7.845978057889822, "Deafness neurosensory": 5.4234871367902, "Decreased appetite": 1.817507529110687, "Delirium": 4.058264512701633, "Diarrhoea": 1.0043797212660164, "Discharge": 13.845843631570274, "Disorientation": 1.6662058169185558, "Diuretic therapy": 13.37382623503947, "Dizziness postural": 1.2414522243496555, "Dry throat": 1.5797271257496288, "Dysgeusia": 1.3257073598236817, "Dysphonia": 3.879879259396066, "Dyspnoea at rest": 6.09791040768639, "Dyspnoea exertional": 2.311039192309226, "Dysstasia": 2.192634762335302, "Dysuria": 1.874039345037378, "Ear congestion": 4.965808897398622, "Ear disorder": 7.845978057889822, "Ear infection": 2.7822617226559654, "Ear pain": 1.7788644327138354, "Echocardiogram abnormal": 3.651179034178304, "Echocardiogram normal": 1.054566943264761, "Eczema": 1.4748079056183878, "Ejection fraction": 1.6323116625290894, "Ejection fraction decreased": 3.048955203843195, "Electrocardiogram ST-T segment abnormal": 31.808019153607383, "Electrocardiogram abnormal": 2.8496288345846814, "Electrocardiogram normal": 1.3146011825562396, "Electromyogram abnormal": 10.999034660593209, "Emphysema": 7.355604429271708, "Encephalopathy": 2.8021350206749367, "End stage renal disease": 12.388386407194456, "Endocarditis": 14.352398886383822, "Epistaxis": 1.112378741666799, "Exercise tolerance decreased": 1.4897426692195863, "Expired product administered": 3.344237436118862, "Exposure to SARS-CoV-2": 13.752175562722012, "Extra dose administered": 4.383227965301577, "Eye pruritus": 1.054566943264761, "Eye swelling": 1.0310089432181109, "Eyelid disorder": 9.194505536589636, "Face injury": 8.52823701944546, "Fall": 1.6506265198926695, "Fatigue": 1.36074061638352, "Fear": 3.929538259377207, "Feeding disorder": 2.222656673623179, "Feeling abnormal": 2.8322452693860174, "Fibrin D dimer normal": 2.979485338439173, "Fluid intake reduced": 6.502191760682174, "Fluid retention": 3.2243745443382834, "Full blood count normal": 3.858677733388437, "Fungal infection": 7.176199443191911, "Gait disturbance": 1.1723746920142757, "Gait inability": 1.2486967731389638,