{"COVID19": 0.3980267557647239, "PNC13": 52.87384167094312, "PPV": 18.03244826947313}