{"Abasia": 9.288035778612857, "Abnormal behaviour": 2.364921692529644, "Activities of daily living impaired": 10.876330815255503, "Adverse event": 14.332667091794931, "Adverse reaction": 3.225027320542357, "Alopecia": 5.215168130716224, "Amenorrhoea": 2.3366872727690904, "Amnesia": 2.934240305972597, "Anaemia": 2.0176112635057755, "Anogenital warts": 29.465727559679788, "Antinuclear antibody positive": 5.221698332259498, "Anxiety": 2.2804938494646456, "Autoimmune disorder": 2.395886706141738, "Bedridden": 3.634509729637132, "Blindness": 2.6771942778493063, "Blood test normal": 2.415691255140074, "CSF test normal": 15.709984780302886, "Central nervous system lesion": 9.938862467568065, "Cervical dysplasia": 12.106433270609608, "Cervix carcinoma": 83.926504330916, "Chronic fatigue syndrome": 18.22658697672603, "Complex regional pain syndrome": 31.61073383913936, "Computerised tomogram normal": 2.5790308920292957, "Convulsion": 2.795439023503022, "Death": 4.6421206360508815, "Demyelination": 5.369601012192291, "Depression": 5.063357415285712, "Disability": 23.839999252517195, "Disturbance in attention": 2.7195869634460745, "Dyskinesia": 3.0041672702453366, "Electroencephalogram": 2.030841459749944, "Electroencephalogram abnormal": 5.226577305609192, "Electroencephalogram normal": 6.907271453553096, "Encephalitis": 3.4642631116175093, "Epilepsy": 44.2431453861569, "Gait disturbance": 2.289152452108669, "Gait inability": 2.404355634664787, "Human papilloma virus test positive": 10.277968885871688, "Hyperaesthesia": 2.956482589396946, "Hyperventilation": 2.9476817803482733, "Ill-defined disorder": 23.69378318954112, "Immunoglobulin therapy": 2.48693403189947, "Inappropriate schedule of drug administration": 2.7769907506061022, "Infertility female": 43.96757532653614, "Laboratory test normal": 4.41371870253248, "Loss of personal independence in daily activities": 3.358125568352528, "Memory impairment": 3.0242325447894856, "Menorrhagia": 20.17658424935084, "Mental disorder": 6.517624821907305, "Monoplegia": 2.585190948963824, "Multiple sclerosis": 5.777576247386084, "Muscular weakness": 2.1583536115011444, "Nervous system disorder": 4.020811945893214, "Neurological examination normal": 13.645770966994055, "Neurological symptom": 2.9781642941384194, "Nuclear magnetic resonance imaging": 4.009642222159491, "Nuclear magnetic resonance imaging abnormal": 4.272476968925867, "Nuclear magnetic resonance imaging brain abnormal": 9.783467360727885, "Nuclear magnetic resonance imaging brain normal": 8.634006511121301, "Nuclear magnetic resonance imaging normal": 5.492886024522719, "Ophthalmological examination normal": 18.42873920645089, "Optic neuritis": 4.384091938150887, "Papilloma viral infection": 14.03227233652204, "Paralysis": 6.975427174859057, "Photophobia": 2.752266315274131, "Post viral fatigue syndrome": 17.638961220310822, "Postural orthostatic tachycardia syndrome": 19.27400635730591, "Psychogenic seizure": 37.73738433572562, "Seizure": 8.837835628995501, "Sensory loss": 3.086634096197522, "Skin papilloma": 19.67967042892109, "Smear cervix abnormal": 10.036035413508444, "Somatic symptom disorder": 34.772972017155176, "Stress": 33.825617356189994, "Syncope": 4.015189205813114, "Systemic lupus erythematosus": 10.02349228900511, "Visual acuity reduced": 7.769624020792215, "Weight decreased": 2.631193022768824, "Wheelchair user": 23.76428657258043}