{"Convulsion": 12.352152033348643, "Infection": 16.52995195367691, "Lung neoplasm malignant": 670.4366234234234, "Neoplasm malignant": 106.98625207092594, "Paralysis": 56.37277274231116, "Poliomyelitis": 10170.438779239272}