{"Acanthosis": 3.550433963644087, "Accidental needle stick": 5.316841011916915, "Acne": 2.726252105738241, "Activated protein C resistance test": 2.029895539985724, "Activities of daily living impaired": 2.4027545143114355, "Adiposis dolorosa": 8.452610113423876, "Adjustment disorder": 4.157667011456385, "Adrenocortical insufficiency chronic": 42.61131185707794, "Affect lability": 6.668817576239765, "Agoraphobia": 2.131364463114625, "Albumin CSF abnormal": 3.044026266091169, "Albumin globulin ratio abnormal": 3.277821836051275, "Albumin urine present": 4.531079107902881, "Alcohol abuse": 5.147449940679572, "Alopecia": 2.7786389930691957, "Alpha 1 globulin increased": 7.417122436908125, "Amblyopia": 6.643951804596499, "Amnesia": 10.838754618940186, "Anal fissure": 9.469560274516326, "Anger": 3.40002981373, "Angioneurotic oedema": 10.95736688164367, "Anhedonia": 4.670910546089179, "Anion gap normal": 2.125657896580225, "Ankylosing spondylitis": 2.0834667894001906, "Anorexia": 5.43014330623929, "Anti-GAD antibody negative": 10.502372468267746, "Anti-GAD antibody positive": 11.365348755860955, "Anti-SS-A antibody positive": 3.044026266091169, "Anti-insulin antibody": 3.044026266091169, "Anti-insulin antibody increased": 10.488610754333733, "Anti-islet cell antibody": 9.533004616744323, "Anti-islet cell antibody positive": 3.872374092583656, "Antibody test normal": 2.7317281789107217, "Antigliadin antibody positive": 6.069740602257276, "Antinuclear antibody negative": 3.1683204065605253, "Antinuclear antibody positive": 2.1352317252044077, "Aortic embolus": 4.729324517445519, "Aphthous stomatitis": 5.069569483701641, "Arthralgia": 2.5422752830790047, "Arthritis": 2.8916015251692624, "Arthropathy": 6.320089192575857, "Aspiration joint": 2.125657896580225, "Astigmatism": 3.002750562348456, "Atonic urinary bladder": 10.488610754333733, "Atrial septal defect repair": 8.452610113423876, "Autoantibody negative": 3.376032235950852, "Barium swallow normal": 9.821752346818414, "Basophil count normal": 4.46998870518712, "Biliary neoplasm": 18.920603915888208, "Biopsy colon normal": 3.550433963644087, "Biopsy intestine normal": 4.729324517445519, "Biopsy oesophagus normal": 13.71467675298102, "Biopsy prostate abnormal": 3.044026266091169, "Biopsy rectum normal": 18.920603915888208, "Biopsy small intestine normal": 6.069740602257276, "Biopsy stomach normal": 14.524677701853, "Blood 25-hydroxycholecalciferol decreased": 2.5073045408515813, "Blood alcohol increased": 2.663894653277486, "Blood androstenedione": 2.663894653277486, "Blood arsenic normal": 7.068204831963919, "Blood calcium normal": 2.2773807813770253, "Blood cholesterol increased": 13.03134506023982, "Blood cortisol normal": 2.131364463114625, "Blood folate normal": 4.495183354582853, "Blood human chorionic gonadotropin": 2.029895539985724, "Blood human chorionic gonadotropin increased": 8.452610113423876, "Blood immunoglobulin G normal": 2.2945119524058866, "Blood insulin normal": 8.452610113423876, "Blood ketone body absent": 3.277821836051275, "Blood lead normal": 10.502372468267746, "Blood mercury normal": 16.059781515070746, "Blood phosphorus normal": 2.294195831812583, "Blood pressure orthostatic decreased": 3.872374092583656, "Blood testosterone decreased": 18.132997687008945, "Blood thyroid stimulating hormone decreased": 2.678372869959432, "Blood urine absent": 2.620437806945064, "Bone development abnormal": 4.258308752005793, "Bone disorder": 6.018050010939158, "Booster dose missed": 3.044026266091169, "Borrelia burgdorferi serology negative": 2.656522421701053, "Borrelia burgdorferi serology positive": 15.158695804838334, "Breast cancer in situ": 7.068204831963919, "Bronchitis acute": 4.258308752005793, "CSF myelin basic protein normal": 4.258308752005793, "Cachexia": 2.008943660113336, "Cardiac enzymes normal": 4.388299287382552, "Cardiac function test normal": 3.5937303357930674, "Cardiac stress test normal": 2.113868974768896, "Cardiolipin antibody positive": 2.3140031560707404, "Carpal tunnel syndrome": 4.863855971842061, "Cellulitis": 2.5237298832824755, "Cellulitis staphylococcal": 2.663894653277486, "Chlamydia serology positive": 10.488610754333733, "Cholecystitis chronic": 8.452610113423876, "Chondrodystrophy": 13.71467675298102, "Chronic fatigue syndrome": 3.249195717362087, "Chronic respiratory disease": 2.029895539985724, "Ciliary muscle spasm": 18.920603915888208, "Coagulation factor decreased": 7.068204831963919, "Coagulation factor level normal": 4.258308752005793, "Coagulation time prolonged": 3.4870848144923463, "Coccidioidomycosis": 3.277821836051275, "Coeliac disease": 2.001052879681515, "Collagen-vascular disease": 10.488610754333733, "Colon adenoma": 10.488610754333733, "Colonoscopy normal": 2.552028843541379, "Complement factor abnormal": 11.284112819612677, "Completed suicide": 2.822591457959739, "Congenital brain damage": 5.316841011916915, "Coordination abnormal": 2.506740044503704, "Coronary artery atherosclerosis": 10.488610754333733, "Creatinine renal clearance normal": 3.550433963644087, "Cryoglobulins absent": 3.063538201724349, "Crystal urine absent": 3.872374092583656, "Cyanopsia": 2.24350312647337, "Cyst": 13.04730900065872, "Cytomegalovirus antibody positive": 2.24350312647337, "Dental caries": 30.11638144927761, "Dependence on enabling machine or device": 18.920603915888208, "Depersonalisation": 5.07274000071528, "Depression": 6.466681678547697, "Depression suicidal": 2.464765202506072, "Dermatitis": 3.67373947094902, "Dermatitis acneiform": 2.5469634938303254, "Dermatitis atopic": 4.109588928803898, "Dermatitis contact": 3.380067282687873, "Dermatitis exfoliative": 3.76569173711628, "Diabetes mellitus": 3.671906553465932, "Difficulty in walking": 8.785210092911793, "Disturbance in attention": 2.448991976689108, "Drug abuser": 5.316841011916915, "Dry skin": 3.535100221474201, "Dysphasia": 4.729324517445519, "Ear disorder": 3.165142378697317, "Ecchymosis": 3.027071924690825, "Echovirus test negative": 3.277821836051275, "Eczema nummular": 4.902810269400304, "Ejaculation disorder": 6.755323735368182, "Electrocardiogram Q wave abnormal": 2.663894653277486, "Electromyogram normal": 2.045346482375534, "Electrophoresis protein abnormal": 4.531079107902881, "Eosinophil count normal": 2.507081753138936, "Epidural blood patch": 2.24350312647337, "Erectile dysfunction": 4.524954311287728, "Erythema": 2.699400754729593, "Exercise electrocardiogram normal": 2.24350312647337, "Exercise test normal": 3.872374092583656, "Expired drug administered": 8.012947638887217, "Exposure to chemical pollution": 13.71467675298102, "Extranodal marginal zone B-cell lymphoma (MALT type)": 4.729324517445519, "Facial palsy": 2.197834124359174, "Feeling hot and cold": 13.25642045251421, "Fibroma": 3.872374092583656, "Fibromyalgia": 4.445764590619137, "Fibrous histiocytoma": 13.25642045251421, "Flashback": 2.5073045408515813, "Fluctuance": 16.059781515070746, "Foetal growth retardation": 3.872374092583656, "Folliculitis": 6.311632040584448, "Frustration": 5.957816360119197, "Fungal infection": 2.271792361512631, "Gammopathy": 8.452610113423876, "Gastric emptying study": 2.245332688197509, "Gastric hypomotility": 10.488610754333733, "Gastric ulcer": 5.084072054805048, "Gastritis": 3.993555239660583, "Gastrointestinal disorder": 2.425522788130711, "Gastrooesophageal reflux disease": 5.036217467338287, "Gaucher's disease": 18.920603915888208, "Gulf war syndrome": 13.71467675298102, "HLA marker study": 5.083729262048019, "HLA marker study positive": 3.1238247867933766, "Haemorrhoid operation": 3.044026266091169, "Haemorrhoids": 11.079239243359211, "Hearing impaired": 6.028677182756174, "Heat exhaustion": 3.941130531100675, "Heat rash": 4.399374279525225, "Heat therapy": 3.4870848144923463, "Helicobacter infection": 2.061775331155821, "Helicobacter pylori identification test negative": 12.191239642803769, "Hepatic enzyme abnormal": 6.258549734352116, "Hepatitis C virus": 5.147449940679572,