{"Acoustic stimulation tests": 3.81483153872905, "Angiogram": 1.2785564773783282, "Anosmia": 1.1417581145768574, "Aphthous ulcer": 9.487121272024943, "Bell's palsy": 1.0403114306589722, "Biopsy skin": 4.320716199411272, "Blood creatinine increased": 2.067640608572514, "Blood gases": 5.382624507786852, "Blood glucose normal": 1.2128242580434638, "Blood potassium decreased": 4.542926687287288, "Blood test abnormal": 1.7974391504950469, "Blood urea increased": 3.6772000500108, "Chills": 1.4355749073455073, "Clostridium test": 25.56423455326983, "Computerised tomogram abnormal": 2.4813000765639126, "Computerised tomogram head normal": 1.9542960020868083, "Computerised tomogram neck": 9.730981427499382, "Computerised tomogram normal": 1.1675814671115765, "Computerised tomogram thorax abnormal": 2.1781041347326178, "Congenital anomaly": 18.92944684196509, "Death neonatal": 100.6522505316283, "Differential white blood cell count": 2.703192573890809, "Drooling": 5.09623807100248, "Dry mouth": 1.6541970096288996, "Dysphagia": 4.184728212918349, "Dysuria": 3.227811044746301, "Electric shock sensation": 4.8008008575926135, "Emotional disorder": 8.030487336151282, "Erectile dysfunction": 7.340877660046052, "Escherichia infection": 22.71551529040593, "Feeling abnormal": 1.1338308704537738, "Fungal infection": 9.730981427499382, "Gastrointestinal disorder": 1.849284549809924, "Grip strength decreased": 4.134224927224489, "Groin pain": 5.426714790751839, "Hot flush": 6.347710722443407, "Immunosuppression": 34.12280687984296, "Impaired work ability": 2.125921557020535, "Laboratory test abnormal": 2.2610394528337823, "Leukopenia": 4.8211804590741325, "Low birth weight baby": 67.95822665103069, "Lung opacity": 2.528653397244476, "Magnetic resonance imaging normal": 3.3844620519876427, "Mass": 2.1656442036644195, "Menometrorrhagia": 12.137790979796836, "Mesenteric panniculitis": 193.95964190692325, "Nervous system disorder": 1.9538157109849887, "Normocytic anaemia": 33.405893660937515, "Ophthalmoplegia": 19.111468044691087, "Pain": 1.491634804327132, "Pain in jaw": 1.59224308667279, "Pancreatitis acute": 10.935670597220067, "Pathogen resistance": 81.97215021972858, "Pelvic pain": 5.112624872929543, "Pregnancy": 13.707378994555311, "Premature baby": 12.500407671415813, "Premature labour": 15.619473821508146, "Prohormone brain natriuretic peptide increased": 36.638956031325655, "Quality of life decreased": 6.6472896750473085, "Renal transplant": 104.62597065084572, "Scan with contrast": 4.7691215749435685, "Sensory disturbance": 1.5730252060891756, "Skin swelling": 6.01827970817897, "Stool analysis": 6.527221971830619, "Throat tightness": 2.2120532412859037, "Tonsillar inflammation": 61.63584999163543, "Troponin I": 2.7691015402224246, "Ultrasound Doppler abnormal": 3.8913902455138834, "Urinary tract infection": 1.1583945864365055, "Urine analysis normal": 1.2587181483222798, "Vitiligo": 23.947140229231145}