{"Activities of daily living impaired": 4.226892091100783, "Acute interstitial pneumonitis": 41.69583986381544, "Administration site pain": 5.801937321373925, "Administration site rash": 6.955825264363456, "Allergic reaction to excipient": 6.228964432648213, "Allergy to chemicals": 3.161334791377081, "Altered visual depth perception": 4.173120625611536, "Amino acid level": 3.234863456013538, "Anti-neutrophil cytoplasmic antibody positive vasculitis": 2.692183425703208, "Antimicrobial susceptibility test resistant": 10.702186689055138, "Application site wound": 102.69904717455898, "Aspiration joint": 2.0760092130947547, "Aspiration tracheal normal": 34.764642920950266, "Atrioventricular block second degree": 2.207831490990823, "Basophil percentage increased": 2.318233681568314, "Blood copper increased": 23.18756169844016, "Blood creatine phosphokinase MB normal": 5.282634067895042, "Blood pressure systolic increased": 2.672757247326921, "Bronchoscopy abnormal": 2.4838387069468806, "Cardiac valve sclerosis": 102.69904717455898, "Chronic sinusitis": 2.3844754428405794, "Colour blindness acquired": 16.696249284785438, "Coxsackie virus test": 3.7936931877899114, "Coxsackie virus test positive": 14.393226828238182, "Cupping therapy": 82.76404990098317, "Derealisation": 3.7259392427444262, "Drug administered at inappropriate site": 6.058200188646529, "Drug administered to patient of inappropriate age": 162.30306365305594, "Dyspnoea paroxysmal nocturnal": 6.420661923153235, "Ejection fraction decreased": 2.163862503437051, "Exposure during breast feeding": 7.321995787996911, "Exposure via eye contact": 2.591843093238291, "Eyelid function disorder": 2.094669456006061, "Faecal fat increased": 82.76404990098317, "Fine motor delay": 5.152176316925464, "Generalised erythema": 2.492890838855641, "Granulomatosis with polyangiitis": 3.5067373437204705, "Guillain-Barre syndrome": 2.912590826297908, "Hallucination, tactile": 24.55073610457028, "Heart injury": 4.585914226966241, "Hepatitis A antibody": 2.469139952443854, "Hepatitis B DNA assay negative": 6.841773134451321, "Hepatobiliary scan": 2.763507465741083, "High density lipoprotein decreased": 2.426069276852985, "Histology abnormal": 2.096875463436108, "Hospice care": 12.648395716635523, "Human herpes virus 6 serology positive": 12.648395716635523, "Idiopathic urticaria": 6.420661923153235, "Immunoglobulin therapy": 2.330797196093604, "Incorrect product storage": 2.124941083213213, "Incorrect route of drug administration": 8.368288005412513, "Infective tenosynovitis": 59.43246418159649, "Influenza": 2.0780527711515897, "Influenza A virus test positive": 11.846499452776008, "Influenza B virus test positive": 4.111527792973975, "Influenza virus test positive": 5.103210329886707, "Injected limb mobility decreased": 2.142074998703849, "Injection site anaesthesia": 9.586782089008093, "Injection site dermatitis": 5.419869784865341, "Injection site injury": 2.657884417745675, "Injection site nerve damage": 3.974371801329356, "Kidney enlargement": 8.183590413924353, "Local reaction": 2.808523956464537, "Local swelling": 4.828066695166388, "Loss of employment": 4.909680759946937, "Lumbar puncture abnormal": 2.334828502899382, "Lymphoblast count": 37.91694139628411, "Medical induction of coma": 3.477510662654512, "Microscopic polyangiitis": 7.588304465352942, "Mouth swelling": 2.6843672215333707, "Musculoskeletal pain": 4.048929646565191, "Myocardial oedema": 3.660562909605443, "Myopia": 3.6287275782739337, "Nasal ulcer": 8.183590413924353, "Neurogenic shock": 4.585914226966241, "No adverse event": 8.094025468820071, "Nuclear magnetic resonance imaging abnormal": 3.7246475537526265, "Nuclear magnetic resonance imaging heart": 11.925520994111286, "Obsessive-compulsive symptom": 20.86966812320891, "Onychalgia": 10.43458235160919, "Organising pneumonia": 2.529004071909862, "Palatal swelling": 2.6749239782291, "Parvovirus B19 test positive": 4.173120625611536, "Peak expiratory flow rate decreased": 7.874714368280005, "Pharyngeal oedema": 3.3514017469241555, "Pharyngeal ulceration": 3.9000738044151366, "Post procedural complication": 3.4204948421156125, "Product administration error": 2.3926204732158416, "Product use issue": 38.92826029791367, "Prostatic specific antigen abnormal": 82.76404990098317, "Pruritus generalised": 12.33800225029212, "Pseudomonas test positive": 3.161334791377081, "Right ventricular systolic pressure increased": 18.14801602819192, "Roseolovirus test positive": 8.517683597460373, "Rotator cuff syndrome": 2.357875291990615, "Rubber sensitivity": 6.048381284856948, "Serum sickness-like reaction": 3.759510980492739, "Shock symptom": 4.05155552185718, "Skeletal injury": 6.521004187995408, "Skin irritation": 2.952909572880147, "Steatorrhoea": 8.880213119468445, "Syringe issue": 3.2694060432788605, "Systolic dysfunction": 3.5067373437204705, "Tendon disorder": 2.403914942993977, "Throat tightness": 2.0981926629470204, "Thyrotoxic crisis": 6.841773134451321, "Tongue haemorrhage": 7.321995787996911, "Tonsillar disorder": 3.2601390203120264, "Typhus rickettsia test": 5.639634338240883, "Urinary tract pain": 9.937604059493278, "VIIth nerve paralysis": 7.603893396127006, "Vaccination site extravasation": 10.180032252242842, "Vaccination site necrosis": 7.321995787996911, "Vascular injury": 4.215279777495438, "Ventricular dysfunction": 6.624532348548199, "Viral myocarditis": 3.045943847161797, "Visual acuity tests abnormal": 3.0683431930466862, "Weight bearing difficulty": 2.1110460659238623, "Wound complication": 4.68898533336917}