{"Abnormal labour affecting foetus": 16.96751457551306, "Acrodynia": 30.607995429664832, "Acute flaccid myelitis": 5.743569941627371, "Administration site induration": 2.3779361878224665, "Administration site inflammation": 3.1345443544029554, "Administration site joint pain": 13.67386114632175, "Administration site swelling": 6.165591520636079, "Alcoholism": 2.028197833302586, "Allergy to synthetic fabric": 13.67386114632175, "Alpha 1 foetoprotein normal": 16.096783770516463, "Alphavirus test": 6.8887052280326575, "Amniotic cavity infection": 3.5791956305110504, "Angina bullosa haemorrhagica": 4.924349677132486, "Anti-myelin-associated glycoprotein antibodies positive": 2.089668001141986, "Aortic aneurysm repair": 4.309407328695484, "Aortic stent insertion": 9.819073990407333, "Apgar score abnormal": 13.644501987248606, "Apgar score low": 16.495922443762623, "Apgar score normal": 40.379286674981216, "Arthrogram abnormal": 13.67386114632175, "Axillary vein thrombosis": 2.9354044716794987, "Bacterial vaginosis": 16.61623378083555, "Beta 2 microglobulin normal": 11.434297768015668, "Beta haemolytic streptococcal infection": 6.966934279836403, "Bickerstaff's encephalitis": 2.6523310117925565, "Biopsy bone normal": 3.8308752920175855, "Blast cell count increased": 5.302562869950256, "Blindness transient": 2.9271996326624845, "Blood copper": 2.258369131401268, "Blood pressure orthostatic decreased": 4.924349677132486, "Blunted affect": 6.8887052280326575, "Bone contusion": 3.8614910461826, "Bone marrow oedema": 4.437768920314254, "Brachiocephalic vein thrombosis": 2.154979691979607, "Breast calcifications": 2.758425017078473, "Breath sounds normal": 2.6523310117925565, "Breech presentation": 2.866653646050224, "Bursa injury": 4.419152190588573, "Bursitis": 7.0189703779267685, "Caesarean section": 12.403175273348, "Carcinoma in situ": 2.6523310117925565, "Cardiac electrophysiologic study abnormal": 2.758425017078473, "Cardiac index increased": 16.96751457551306, "Central cord syndrome": 11.434297768015668, "Cerumen removal": 2.866653646050224, "Change in seizure presentation": 8.601101989271262, "Chromosome analysis normal": 6.33582081220447, "Colour blindness acquired": 2.758425017078473, "Complication of pregnancy": 6.826836483317654, "Computerised tomogram liver abnormal": 2.758425017078473, "Congenital cystic kidney disease": 2.758425017078473, "Congenital megacolon": 8.601101989271262, "Corneal pachymetry": 4.596429120020775, "Creatinine renal clearance normal": 2.5540929639213785, "Dandruff": 2.154979691979607, "Death neonatal": 3.122628439043337, "Decreased nasolabial fold": 2.8733560887991216, "Delivery": 14.14432033344338, "Dental operation": 2.4628697614795145, "Dermal filler reaction": 5.743569941627371, "Device leakage": 136.06410919773774, "Documented hypersensitivity to administered product": 6.725911501756442, "Drug administered at inappropriate site": 4.243042766002152, "Drug dispensed to wrong patient": 4.857588558348894, "Ear infection fungal": 6.264375340409009, "Ear injury": 6.375617715741964, "Eclampsia": 27.25100134793791, "Electrophoresis protein normal": 2.5362087448629427, "Encapsulation reaction": 6.8887052280326575, "Epidural blood patch": 2.998275706486369, "Exposure during breast feeding": 18.79622525080836, "Exposure during pregnancy": 6.685013784604543, "Exposure to contaminated device": 7.650671523087905, "Exposure via skin contact": 9.636268646254166, "Extra dose administered": 2.3078577282932438, "Eyelid injury": 2.4628697614795145, "Eyelid skin dryness": 2.3779361878224665, "Fall": 2.03865008279913, "Foetal disorder": 2.27594097428294, "Foetal exposure during pregnancy": 16.64500851998893, "Foetal non-stress test normal": 62.95438366590194, "Foetal renal imaging abnormal": 68.93272995721772, "Gastrectomy": 2.5540929639213785, "Gastritis alcoholic": 22.18634302979037, "Gene mutation identification test negative": 7.01492015791245, "Genital herpes simplex": 2.3779361878224665, "Genital tract inflammation": 3.629336117302702, "Gestational diabetes": 12.73739843924635, "Gestational hypertension": 4.3164087903972, "Gingival pruritus": 2.8733560887991216, "Grip strength decreased": 2.5105367884929057, "Guillain-Barre syndrome": 2.0689589643380786, "Haemoglobin electrophoresis normal": 5.743569941627371, "Head injury": 3.132534419326076, "Heart sounds normal": 3.1345443544029554, "Heel-knee-shin test abnormal": 8.601101989271262, "Heteronymous diplopia": 30.607995429664832, "Immediate post-injection reaction": 3.814046553130428, "Immune-mediated encephalitis": 6.8887052280326575, "Incorrect route of product administration": 2.298495109263261, "Influenza": 2.653515129471316, "Influenza A virus test positive": 16.54947345741259, "Influenza B virus test positive": 4.5800397868408815, "Injected limb mobility decreased": 5.40527807198499, "Injection site bruising": 4.7982569991369886, "Injection site discomfort": 2.774381651625953, "Injection site extravasation": 2.0036438333373074, "Injection site haemorrhage": 5.950993457600725, "Injection site hypertrophy": 21.44507251120064, "Injection site hypoaesthesia": 6.33140372445209, "Injection site injury": 3.041171411153312, "Injection site joint inflammation": 2.028197833302586, "Injection site joint movement impairment": 2.10729788879709, "Injection site joint pain": 2.533692033222036, "Injection site muscle atrophy": 3.4479283713463262, "Injection site pain": 2.147443722663565, "Injection site paraesthesia": 3.82598974175276, "Injection site scab": 2.9879670132507394, "Injury associated with device": 3.4229427696030577, "Intentional medical device removal by patient": 3.4775053351158025, "Intraocular pressure test abnormal": 2.4628697614795145, "Jaw fracture": 2.866653646050224, "Jaw operation": 5.302562869950256, "Joint crepitation": 2.6210953288982464, "Joint injection": 2.121368869123205, "Joint manipulation": 4.05609007843479, "Joint range of motion decreased": 4.402043586931197, "Large for dates baby": 7.433336976033214, "Lip neoplasm": 30.607995429664832, "Lordosis": 2.2986636316642666, "Loss of consciousness": 2.5294393389678413, "Loss of personal independence in daily activities": 2.5339453578089874, "Low birth weight baby": 53.85381483687049, "Lumbosacral plexopathy": 5.302562869950256, "Magnetic resonance imaging abnormal": 2.551935857508924, "Micropenis": 11.434297768015668, "Microphthalmos": 16.96751457551306, "Missed labour": 22.18634302979037, "Mobility decreased": 3.395233101323649, "Multi-organ disorder": 2.833471880778187, "Multiple use of single-use product": 4.610611295133226, "Musculoskeletal pain": 4.500640157537937, "Nasal mucosal disorder": 2.2245045245536565, "Needle issue": 5.411999730044545, "Neisseria test": 2.36758391034112, "Neonatal disorder": 3.280501847339507, "Nerve root compression": 6.8887052280326575, "Neuropathic muscular atrophy": 2.3779361878224665, "Neurovascular conflict": 30.607995429664832, "Nicotine dependence": 6.8887052280326575, "Nipple exudate bloody": 6.264375340409009, "No adverse event": 2.110556085379494, "Nonreassuring foetal heart rate pattern": 13.67386114632175, "Nuclear magnetic resonance imaging": 2.0303912797754124, "Nuclear magnetic resonance imaging neck": 21.44507251120064, "Nuclear magnetic resonance imaging spinal": 2.8703748592787464, "Nuclear magnetic resonance imaging thoracic": 11.088640427532413, "Oesophageal manometry": 2.8733560887991216, "Oesophageal motility disorder": 5.302562869950256, "Oesophagram": 2.028197833302586, "Oligohydramnios": 6.424783809362676, "Oral infection": 2.2245045245536565, "Orbital swelling": 2.6523310117925565, "Otoacoustic emissions test": 3.283781159896744, "Overwork": 6.264375340409009, "Paranasal sinus hypersecretion": 2.362043694072986, "Patellofemoral pain syndrome": 3.283781159896744, "Patient uncooperative": 3.6870119899976186, "Periarthritis": 3.1042803729505617, "Peripheral nerve neurostimulation": 5.302562869950256, "Peripheral swelling": 2.05686170406603,