{"Abasia": 2.720804534555281, "Activities of daily living impaired": 3.3381745137954946, "Alanine aminotransferase increased": 21.780649210471108, "Alanine aminotransferase normal": 2.868358084794903, "Anaphylactic shock": 2.79945552324251, "Anorexia": 4.2277587855619885, "Antibody test negative": 2.9060172424171102, "Antinuclear antibody negative": 2.8166202483962706, "Arthropathy": 2.763275117971284, "Aspartate aminotransferase increased": 19.09724990952791, "Aspartate aminotransferase normal": 4.816082167421151, "Autoimmune thyroiditis": 4.285213582914118, "Blood alkaline phosphatase increased": 10.71828368344386, "Blood bilirubin increased": 23.77293872679705, "Blood creatine phosphokinase increased": 3.055585371885812, "Blood glucose normal": 2.052452191419488, "Blood lactate dehydrogenase increased": 8.389225214165577, "Borrelia burgdorferi serology negative": 17.439190078099767, "Borrelia test negative": 5.5470426491162055, "C-reactive protein increased": 3.177509378239321, "C-reactive protein normal": 3.0180869070275382, "CSF cell count normal": 14.846574294994149, "CSF glucose normal": 8.534324063636152, "CSF oligoclonal band present": 17.02901534797938, "CSF test abnormal": 2.606743463340386, "CSF test normal": 5.933991997257977, "Cardiovascular disorder": 4.736909623667302, "Chromaturia": 5.843219075601474, "Circulatory collapse": 7.41879879822238, "Colitis ulcerative": 2.9298643670034927, "Convulsion": 2.8012982207427704, "Coordination abnormal": 2.192291502433933, "Demyelination": 6.224292769943082, "Dermatitis allergic": 3.781637198863805, "Diabetes mellitus": 2.0613124039970256, "Difficulty in walking": 6.3923796088150455, "Diplopia": 2.897729897261572, "Drug exposure during pregnancy": 2.334475678551412, "Electroencephalogram normal": 3.170847361108324, "Electromyogram abnormal": 4.248984266429583, "Electroneurography": 14.651267611366904, "Encephalitis": 3.6240422599024806, "Eye disorder": 2.4966996782684188, "Facial palsy": 4.242043165091744, "Formication": 3.449842459203897, "Gamma-glutamyltransferase increased": 55.16264902213612, "Gastrointestinal disorder": 2.0824034523476413, "Grand mal convulsion": 5.035341903718252, "Guillain-Barre syndrome": 2.1429329916002726, "Henoch-Schonlein purpura": 4.348243484427847, "Hepatic enzyme abnormal": 31.25117672318793, "Hepatic enzyme increased": 25.97068038616511, "Hepatic steatosis": 10.151349505793672, "Hepatitis": 13.951929382977044, "Hepatitis A": 80.434493843066, "Hepatitis A antibody": 26.612378479611984, "Hepatitis A antibody negative": 103.64993832780443, "Hepatitis A antibody positive": 131.60401173872373, "Hepatitis B": 9.977838801538129, "Hepatitis B antibody negative": 26.1595946215942, "Hepatitis B antibody positive": 70.73079928652608, "Hepatitis B surface antigen negative": 17.886545273475036, "Hepatitis B surface antigen positive": 12.904647461197932, "Hepatitis C antibody negative": 15.779609084596894, "Hypoaesthesia facial": 11.543919237220212, "Immediate post-injection reaction": 2.107110099170667, "Inappropriate schedule of drug administration": 3.2942598022924825, "Incomplete course of vaccination": 19.411440579806253, "Jaundice": 19.704121748014927, "Laboratory test abnormal": 7.858913228193495, "Liver disorder": 9.407506469996084, "Liver function test abnormal": 22.402016806111583, "Liver function test normal": 5.038238854248905, "Maternal exposure before pregnancy": 4.98179399027034, "Meningitis": 3.97370286735134, "Multiple sclerosis": 9.58679973604855, "Muscle atrophy": 4.097130773776324, "Muscle disorder": 4.73027556082126, "Myelitis": 5.250940249250178, "Nervous system disorder": 3.014964388565281, "Neurological examination abnormal": 9.825458403624848, "Neurological examination normal": 6.150276013429075, "No reaction on previous exposure to drug": 11.531576716425736, "No therapeutic response": 27.30567258622556, "Nuclear magnetic resonance imaging abnormal": 7.697171473319936, "Nuclear magnetic resonance imaging brain normal": 3.803988963263692, "Nuclear magnetic resonance imaging normal": 6.640843801572411, "Optic neuritis": 7.68246125097724, "Paresis": 9.448556181684737, "Pharyngeal oedema": 4.04595887129766, "Platelet count increased": 3.010451071080744, "Platelet count normal": 2.157366593075168, "Polyneuropathy": 4.868228060409286, "Product quality issue": 5.718965959175085, "Pruritus generalised": 3.5450560883362114, "Rash generalised": 2.117027195779836, "Red blood cell sedimentation rate increased": 3.2339623006186904, "Red blood cell sedimentation rate normal": 2.151136735252454, "Rheumatoid factor negative": 5.989317536790278, "Sensory disturbance": 3.1414993485425926, "Systemic lupus erythematosus": 3.8641699818445594, "Therapeutic response decreased": 45.24448498272541, "Transaminases increased": 25.35612476948902, "Ultrasound abdomen normal": 6.442939530269629, "Ultrasound scan abnormal": 5.095186650406931, "Ultrasound scan normal": 2.22348092539011, "Vaccine positive rechallenge": 3.711475768082867, "Vasculitis": 3.846592307282608, "Viral infection": 3.993828439032741, "Visual acuity reduced": 3.79576722625137, "Visual disturbance": 10.756996541199804, "White blood cell count decreased": 2.3558188071610924}