{"Abscess": 3.333684907849761, "Acidosis": 3.723469445793997, "Administration site abscess": 4.197755561739116, "Adrenal cortex necrosis": 6.8110269911773935, "Adrenal haemorrhage": 1.8603425112402567, "Adverse event": 4.450935816553083, "Affect lability": 3.048304036985634, "Agitation": 30.223189985967448, "Agonal rhythm": 2.1147691031540767, "Akathisia": 1.6026460471684818, "Albuminuria": 1.65887396641985, "Alkalosis": 5.246734618481399, "Alpha hydroxybutyrate dehydrogenase increased": 2.3486861087151243, "Amblyopia": 1.2131122178052258, "Anaemia": 1.839851326698476, "Anal fistula": 3.683474019540671, "Anaphylactoid reaction": 4.42641424848553, "Angioneurotic oedema": 4.506121469968231, "Anorexia": 19.48840579178944, "Anti-HBs antibody negative": 1.638781761480904, "Antigliadin antibody positive": 1.0080898653352304, "Antisocial behaviour": 2.225824293423867, "Aortic valve stenosis": 1.349677603459353, "Apnoea": 12.903461976551869, "Application site abscess": 3.01436717069673, "Application site nodule": 2.3486861087151243, "Application site oedema": 1.0380566634721762, "Apraxia": 1.3523805269338771, "Asphyxia": 2.4621908125480174, "Aspiration biopsy": 1.1141720562756174, "Aspiration tracheal normal": 1.763222700857113, "Asthma": 2.872333754873009, "Atelectasis": 1.6347104479985426, "Athetosis": 1.2451816141952368, "Atrioventricular septal defect": 1.763222700857113, "Attention deficit/hyperactivity disorder": 2.304973497472574, "Autism": 5.174919559305228, "Autism spectrum disorder": 2.1213752737368905, "Autopsy": 1.0331045602974671, "B-lymphocyte count decreased": 1.1670194981890665, "Benign rolandic epilepsy": 1.763222700857113, "Blood acid phosphatase increased": 3.683474019540671, "Blood aldosterone increased": 1.5117294294058603, "Blood arsenic normal": 1.9231053300573235, "Blood fibrinogen abnormal": 1.3229477008480663, "Blood heavy metal increased": 1.1318654098103684, "Blood mercury abnormal": 5.921360068701751, "Blood thromboplastin decreased": 2.1848056817205874, "Blood zinc increased": 5.208882229246917, "Bone disorder": 2.204740154542544, "Bone marrow depression": 2.9847082041957727, "Bradycardia": 1.3437489998096086, "Brain injury": 1.1225616827344125, "Brain lobectomy": 4.197755561739116, "Brain malformation": 1.0584815463741777, "Brain neoplasm": 2.0208163978137077, "Brain neoplasm malignant": 7.527992298697993, "Brain oedema": 3.283734509923396, "Bronchiolitis": 1.98405937310902, "Bronchitis": 2.8611082489648143, "Bronchopneumonia": 2.198880048803853, "Buccoglossal syndrome": 1.2451816141952368, "CD4/CD8 ratio increased": 1.3229477008480663, "CSF test abnormal": 6.241904915073312, "Calcium metabolism disorder": 9.251487369850192, "Cardiac arrest": 3.66569973931751, "Cardiac murmur functional": 1.5117294294058603, "Cardiovascular disorder": 1.9241297520078875, "Cellulitis": 1.5221479976286645, "Central auditory processing disorder": 1.1760427344444575, "Cerebral ischaemia": 1.0174155125158766, "Cerebral palsy": 3.2531289296248884, "Chondrodystrophy": 8.916790753617384, "Choreoathetosis": 4.312914925253579, "Chromosome abnormality": 1.552841443177627, "Clostridium colitis": 3.01436717069673, "Coagulation factor IX level increased": 9.396433092101464, "Coagulation factor VIII level normal": 1.9231053300573235, "Coma": 2.373266338321621, "Congenital anomaly": 4.195210350030608, "Congenital arterial malformation": 5.21566684523448, "Congenital central nervous system anomaly": 6.633585018753502, "Congenital genitourinary abnormality": 10.107212894594046, "Congenital laryngeal stridor": 6.8110269911773935, "Congenital musculoskeletal anomaly": 1.8603425112402567, "Conjunctival pallor": 1.1760427344444575, "Conjunctivitis": 4.7247955491026925, "Conversion disorder": 1.0608626466577853, "Convulsion": 12.130127081129237, "Coombs positive haemolytic anaemia": 2.472240277611588, "Coordination abnormal": 2.654132906667924, "Corneal lesion": 4.7342280380001664, "Corneal light reflex test normal": 5.208882229246917, "Cows milk free diet": 1.5117294294058603, "Crying": 11.62012212460975, "Crystal urine absent": 1.2451816141952368, "Cyanosis": 9.44411688514077, "DNA test for fragile X": 4.585294681009317, "Death neonatal": 4.103792176460511, "Dehydration": 1.7112538832493494, "Delirium": 3.1238894527369845, "Dementia": 2.3878062048317936, "Dependence on enabling machine or device": 3.510227510545077, "Depersonalisation": 1.5189144053329284, "Dermatitis bullous": 4.668679292102377, "Dermatitis exfoliative": 8.229605306447343, "Developmental delay": 1.044438468300999, "Diarrhoea": 1.046919183836233, "Disbacteriosis": 3.510227510545077, "Drug effect increased": 2.640460077628937, "Drug toxicity": 6.243933547704749, "Drug withdrawal syndrome": 2.312738484296556, "Dysmorphism": 1.462204031813285, "Dysphagia": 1.182437883037718, "Dystonia": 1.332600793686148, "Ear disorder": 3.9390079798159774, "Ecchymosis": 9.159828363007955, "Electrocardiogram QT interval abnormal": 3.01436717069673, "Electroencephalogram abnormal": 5.438795875372131, "Encephalitis": 2.736826825382974, "Encephalopathy": 3.165830534070543, "Encopresis": 1.3229477008480663, "Endocrine disorder": 2.972351826344475, "Enterocolitis infectious": 2.1147691031540767, "Erythema multiforme": 1.949982021594255, "Excessive masturbation": 4.197755561739116, "Eye disorder": 3.9694129649046346, "Eyes sunken": 4.030400182887524, "Face oedema": 9.474306923328024, "Facial palsy": 1.4550706389675316, "Faecal incontinence": 2.0337074361857086, "Fat atrophy": 6.8110269911773935, "Febrile convulsion": 5.654504063304056, "Fontanelle depressed": 1.819462386942941, "Gastroenteritis": 2.2643614150396947, "Gastrointestinal disorder": 1.4303568582067778, "Gaze palsy": 11.142143749401413, "Genital labial adhesions": 3.01436717069673, "Globulins decreased": 2.281921072447745, "Glycosuria": 1.1491736878247076, "Grand mal convulsion": 7.400158169605442, "Granulocytopenia": 1.585603286527293, "Growth retardation": 7.522929929458735, "Haemoglobin distribution width increased": 6.8110269911773935, "Haemolytic anaemia": 2.058459883222964, "Haemophilus bacteraemia": 1.9231053300573235, "Haemorrhage": 1.756981965588707, "Haemorrhage intracranial": 1.5303134200426267, "Hair metal test abnormal": 1.858956077687817, "Hallucination": 1.4965826444960535, "Hearing impaired": 1.4960325064518891, "Heart disease congenital": 2.295756371259296, "Hemiplegia": 1.23195139906207, "Hepatic congestion": 2.1147691031540767, "Hepatic fibrosis": 1.957233700200195, "Hepatic steatosis": 1.3127086918144963, "Hepatitis C virus": 1.1670194981890665, "Hepatocellular damage": 9.097570958372929, "Hirsutism": 1.6554562951281049, "Hoover's sign of leg paresis": 4.197755561739116, "Hostility": 9.735295499297424, "Hydrocephalus": 3.213444089378438, "Hyperchloraemia": 4.653545847320983, "Hyperglycaemia": 2.60184938197712, "Hyperkalaemia": 1.1775030867944247, "Hyperkinesia": 19.754530913357478, "Hyperreflexia": 2.0709511077253584, "Hypersensitivity": 1.6318662510171735, "Hypertonia": 18.24269979682504, "Hypertrophy": 1.025831983733186, "Hypertrophy breast": 2.1147691031540767, "Hyperventilation": 4.845978104941311, "Hypochloraemia": 1.7791884669353395, "Hypocholesterolaemia": 1.763222700857113, "Hypochromic anaemia": 13.576559179816812, "Hypokinesia": 9.062760803073104, "Hyporeflexia": 2.518720022216213, "Hypotension": 1.022249739822475, "Hypothermia": 6.026118651855551, "Hypotonia": 10.854531673626935, "Hypoventilation": 11.39970883948108, "Hypoxia": 1.4748209018498637, "Immune system disorder": 1.8450743641283232, "Immunoglobulins decreased": 2.0817525004551958, "Immunoglobulins increased": 1.3407814992933524, "Increased viscosity of nasal secretion": 2.3486861087151243, "Indirect infection transmission": 8.916790753617384, "Infantile haemangioma": 6.8110269911773935, "Infection": 7.131794151995447, "Injection site abscess": 5.4729368405513785, "Injection site atrophy": 2.381862313865053, "Injection site cyst": 1.646761832430119,