{"Abdomen scan normal": 3.504916038524093, "Abdominal lymphadenopathy": 3.504916038524093, "Abdominal rigidity": 4.333789034442413, "Abdominal tenderness": 4.650837504434798, "Acoustic stimulation tests normal": 2.280739744634993, "Activated partial thromboplastin time shortened": 3.0438153063860325, "Adenovirus infection": 2.3662594710761247, "Adenovirus test": 2.5810774548642392, "Administration site abscess sterile": 41.22693587830565, "Alanine aminotransferase normal": 3.061711372934985, "Alpha 1 foetoprotein increased": 11.260608304031992, "Altered state of consciousness": 2.5184243398975257, "Anti-GAD antibody positive": 3.910813018032252, "Anti-erythrocyte antibody negative": 119.5523210044662, "Anti-islet cell antibody positive": 18.57984391648568, "Antidepressant drug level": 17.695307832362314, "Anxiety": 4.4860189634707055, "Apathy": 21.770801031244915, "Apnoea": 7.538072474700098, "Apparent life threatening event": 11.942415227201176, "Application site reaction": 3.0204349038837246, "Aspiration bone marrow normal": 8.077773246675127, "Aspiration bronchial": 30.95027283979224, "Asthmatic crisis": 14.476865358213562, "Asymptomatic bacteriuria": 11.612552922814931, "Atonic seizures": 7.833995549305295, "Atopy": 7.905871401745965, "Autopsy": 2.4526515747439324, "B-lymphocyte count": 3.12197573830313, "BK virus infection": 91.43113941588275, "Bacterial test positive": 7.6970938751136035, "Band neutrophil count": 2.972101739961105, "Band neutrophil count decreased": 8.077773246675127, "Band neutrophil percentage": 8.830355737631965, "Base excess decreased": 6.181944042810997, "Basophil count decreased": 3.113227000469229, "Bilirubin urine": 2.7460154087079105, "Biopsy intestine abnormal": 9.063074049061075, "Biopsy site unspecified abnormal": 4.4230318070456365, "Blood alcohol": 6.2976087493790125, "Blood bicarbonate normal": 4.192399977561899, "Blood corticotrophin normal": 16.891118771229426, "Blood count abnormal": 2.396795170281325, "Blood creatine decreased": 8.445020020450611, "Blood creatine phosphokinase decreased": 2.9485106173368205, "Blood culture negative": 2.224416178963601, "Blood immunoglobulin G decreased": 7.114350891609401, "Blood immunoglobulin M decreased": 11.510695420414091, "Blood insulin normal": 41.22693587830565, "Blood pH normal": 2.4187415431056523, "Blood potassium increased": 2.414981539964966, "Blood potassium normal": 4.404405130656978, "Blood sodium normal": 5.190035704259565, "Bloody discharge": 2.6920881437444626, "Bone marrow transplant": 5.463951652276626, "Brachial plexopathy": 11.25681978427515, "Bronchiolitis": 118.10850282809506, "Bronchitis": 2.807149026855907, "Bronchopulmonary dysplasia": 19.55739099472326, "Bronchospasm": 3.934587479149736, "C-reactive protein increased": 5.4059727814870415, "C-reactive protein normal": 3.4106022347827376, "CD4/CD8 ratio increased": 23.222068558053916, "CSF glucose normal": 2.6316503723636924, "CSF lactate normal": 14.2781815976611, "CSF pressure normal": 10.92936441909231, "CSF test normal": 2.9529310311777954, "CSF white blood cell count negative": 4.425028977021191, "Cafe au lait spots": 16.891118771229426, "Calcium ionised normal": 17.974520552462604, "Candida infection": 19.238246749048123, "Capillary nail refill test": 2.1107862825947, "Capillary nail refill test abnormal": 3.5383010759058062, "Cardiac massage": 18.74054561319703, "Central nervous system function test normal": 23.222068558053916, "Cerebral congestion": 8.077773246675127, "Cerebral hypoperfusion": 4.270488433279597, "Child abuse": 21.8570268947186, "Child maltreatment syndrome": 2.3814294402449168, "Choking": 3.2574952963864905, "Circadian rhythm sleep disorder": 4.128115923889554, "Colitis": 5.575125936720921, "Coma scale normal": 3.95242397445818, "Combined immunodeficiency": 5.629557777770574, "Congestive hepatopathy": 12.386821289528234, "Conjunctival oedema": 4.95389349310868, "Conjunctivitis": 2.532882254559546, "Conjunctivitis allergic": 59.54619250401899, "Constipation": 3.323605608461479, "Coombs test negative": 5.716183041983027, "Cortisol normal": 5.716183041983027, "Crying": 9.771445466783264, "Culture urine negative": 3.3656868767339096, "Cutaneous symptom": 8.641455262740397, "Cyanosis": 6.110869241842922, "Cyanosis central": 3.830165305446345, "Cystitis escherichia": 14.864331504133403, "Cytomegalovirus test negative": 6.479419443865823, "Daydreaming": 2.4123604750488084, "Decreased appetite": 2.205477066017883, "Decreased eye contact": 7.387812603599126, "Defaecation disorder": 5.307809970854458, "Dermatitis atopic": 2.8586442813287034, "Dermatitis contact": 9.399244681292084, "Developmental regression": 7.908021369253726, "Diarrhoea haemorrhagic": 8.863780338181435, "Diffuse cutaneous mastocytosis": 41.22693587830565, "Drowning": 5.805515711154071, "Drug withdrawal convulsions": 52.9115878936044, "Dysentery": 21.439841417825207, "Dyskinesia": 2.1839272124028963, "Dysmorphism": 7.145544937535973, "Dystonia": 4.7905288866689855, "Ear infection": 2.5427403964692803, "Ear tube insertion": 2.32188742044877, "Echography normal": 5.629557777770574, "Electroencephalogram normal": 6.65968104517039, "Electrophoresis protein abnormal": 8.847245132137608, "Emergency care": 5.089641493286215, "Endophthalmitis": 67.99181281995112, "Enteritis": 3.1157072601851783, "Enteritis infectious": 55.80236665316792, "Enterocolitis": 4.574231124756402, "Enterovirus infection": 2.6348029765538663, "Eosinophil count normal": 2.747831983858249, "Epilepsy": 3.881260122831897, "Epstein-Barr virus test negative": 3.3458929470303893, "Escherichia infection": 3.775611383379637, "Escherichia urinary tract infection": 3.202727511508417, "Ewing's sarcoma": 24.768731612060144, "Exanthema subitum": 22.84617327371089, "Extravasation": 5.545518682621205, "Eye discharge": 3.749170176716571, "Eye movement disorder": 2.4832568433785003, "Face injury": 3.646323867678511, "Faeces discoloured": 2.580576028165245, "Febrile convulsion": 7.308526675931533, "Fluid intake reduced": 2.289325176474771, "Gastroenteritis": 9.307574988497937, "Gastroenteritis adenovirus": 11.987200803882182, "Gastroenteritis rotavirus": 2.3229196612674814, "Gastrointestinal hypermotility": 4.221952207210634, "Gastrointestinal obstruction": 10.043057515203358, "Gastrointestinal tube insertion": 3.754469909815944, "Gaze palsy": 3.155504325798753, "Generalised tonic-clonic seizure": 3.2889823371708222, "Glucose tolerance test normal": 9.063074049061075, "Glucose urine absent": 4.781552792214415, "Gluten sensitivity": 2.0754065726194546, "Granulocytopenia": 7.741132746010964, "Grimacing": 2.814470959108048, "Guthrie test": 91.43113941588275, "HIV test negative": 3.526182551672983, "HLA marker study positive": 2.616245865721722, "Haemarthrosis": 4.825198269920036, "Haematochezia": 3.217169615310026, "Haematocrit decreased": 3.020410514828221, "Haematoma": 4.017990702765958, "Haemoglobin decreased": 2.7272317318445927, "Haemoglobin increased": 2.534940663598677, "Haemoglobin normal": 2.1190184492845967, "Haemoglobin urine absent": 5.3847491973507084, "Haemorrhage intracranial": 6.432863328772672, "Haemorrhagic diathesis": 7.880796556259268, "Head deformity": 10.043057515203358, "Head titubation": 3.8640881611393114, "Heart sounds abnormal": 2.251519958518427, "Heat stroke": 5.02085015236523, "Hepatitis toxic": 12.813996488259525, "Herpes simplex serology negative": 2.161170263751401, "Histamine normal": 23.222068558053916, "Homeopathy": 21.8570268947186, "Human herpes virus 6 serology negative": 10.520507604768838, "Human polyomavirus infection": 119.5523210044662, "Hydronephrosis": 10.428772209670711, "Hyperaesthesia": 2.1570561336623606, "Hyperthermia": 2.1414034686975847, "Hypogammaglobulinaemia": 8.276345505179249, "Hypoperfusion": 4.476330428667341, "Hyporesponsive to stimuli": 11.502774178394514, "Hypotonia": 8.808648486897173, "Hypotonic-hyporesponsive episode": 64.5162231427917, "Immunology test normal": 3.2301466270728354,