{"Abasia": 2.171716866817217, "Abscess sterile": 2.7107417168751904, "Acid-base balance disorder mixed": 3.3835682029916403, "Acute graft versus host disease": 3.3835682029916403, "Adenosine deaminase increased": 10.918507372652115, "Adenosine deaminase normal": 6.026097705235372, "Administration site cellulitis": 3.816468922429336, "Administration site necrosis": 2.4525859425668703, "Administration site oedema": 5.427441785432494, "Administration site pain": 2.4033850392666327, "Administration site pruritus": 2.5974054054891704, "Administration site reaction": 4.241262503692212, "Administration site swelling": 8.209892269520648, "Administration site warmth": 4.143656620712026, "Adverse reaction": 2.502938767184089, "Albumin globulin ratio increased": 3.331357861005789, "Allergic granulomatous angiitis": 2.5974054054891704, "Allergy to vaccine": 3.5506998495065827, "Alpha 1 foetoprotein decreased": 3.3835682029916403, "Alpha 1 globulin increased": 4.283061209647227, "Alpha hydroxybutyrate dehydrogenase increased": 16.14322461382037, "Alveolitis allergic": 3.816468922429336, "Alveolitis fibrosing": 3.3835682029916403, "Angioneurotic oedema": 2.82782704866585, "Anti-HLA antibody test positive": 7.62011302237384, "Anti-SS-A antibody positive": 2.0179030767275457, "Antibiotic prophylaxis": 9.81034377026748, "Antibiotic resistant Staphylococcus test": 3.3835682029916403, "Antibody test abnormal": 2.7996052025025646, "Antibody test negative": 3.1113940634672703, "Antimicrobial susceptibility test resistant": 6.786620097464524, "Antimicrobial susceptibility test sensitive": 2.1186253833584896, "Apolipoprotein B increased": 3.3835682029916403, "Application site cellulitis": 14.077719086105317, "Application site erythema": 2.770248307443536, "Application site hyperaesthesia": 3.3835682029916403, "Application site induration": 3.210843381116651, "Application site oedema": 5.579137875332049, "Application site pain": 2.9644782532342977, "Application site reaction": 9.404011813182182, "Arthritis allergic": 2.3706059364528014, "Arthritis bacterial": 4.113746091933802, "Arthroscopy": 2.323065937767708, "Aspiration bursa": 2.871924614426224, "Aspiration bursa normal": 3.3835682029916403, "Asplenia": 3.210843381116651, "B-lymphocyte count": 2.453608694169994, "B-lymphocyte count decreased": 6.959034674750847, "Bacteraemia": 2.657784965212966, "Bacterial infection": 8.747539259339383, "Band neutrophil count increased": 4.856852832272436, "Band neutrophil percentage increased": 4.141920869653431, "Base excess negative": 2.0362370993285275, "Benign soft tissue neoplasm": 3.3835682029916403, "Beta globulin normal": 2.180122262840876, "Biliary neoplasm": 3.3835682029916403, "Bilirubin conjugated decreased": 2.7976902748383585, "Bilirubin conjugated normal": 6.945871612350197, "Biopsy bronchus normal": 3.3835682029916403, "Biopsy thymus gland abnormal": 2.4525859425668703, "Blood bilirubin unconjugated decreased": 4.1981670286335415, "Blood bilirubin unconjugated normal": 7.527946027379579, "Blood cholinesterase increased": 2.2079582834274536, "Blood corticotrophin increased": 4.1981670286335415, "Blood creatine decreased": 2.0179030767275457, "Blood creatine phosphokinase decreased": 4.268533024650423, "Blood culture negative": 4.5369643132295, "Blood culture positive": 7.134838740616194, "Blood electrolytes increased": 6.026097705235372, "Blood immunoglobulin A decreased": 11.363467102775164, "Blood immunoglobulin A normal": 5.165385680856802, "Blood immunoglobulin E increased": 2.0995973602723312, "Blood immunoglobulin G decreased": 8.209123935447108, "Blood immunoglobulin G normal": 2.427232869730813, "Blood immunoglobulin M decreased": 8.860649539587184, "Blood immunoglobulin M normal": 2.416334053212461, "Blood lactate dehydrogenase increased": 2.706219278146092, "Blood pressure": 2.226059433122077, "Blood zinc normal": 2.0179030767275457, "Body height below normal": 2.4525859425668703, "Body temperature increased": 2.34052805346569, "Breath sounds abnormal": 4.452227977897787, "Bronchial fistula": 3.3835682029916403, "Bronchiectasis": 4.4239591945145325, "Bronchitis acute": 5.995250566088497, "Bronchitis pneumococcal": 3.3835682029916403, "Bronchoalveolar lavage abnormal": 4.265477947458206, "C-reactive protein increased": 3.700897486310601, "CD4 lymphocyte percentage decreased": 2.4525859425668703, "CD4 lymphocytes decreased": 5.006082555114399, "CD4 lymphocytes normal": 2.527668078218014, "CD8 lymphocytes decreased": 3.857982053405197, "CD8 lymphocytes increased": 4.881806300402917, "CSF bacteria identified": 3.3835682029916403, "Caecum operation": 2.4525859425668703, "Candida test negative": 4.116021924655056, "Carcinoid tumour": 4.954197381335768, "Cell marker decreased": 3.3835682029916403, "Cell-mediated immune deficiency": 4.954197381335768, "Cellulitis": 14.958673766542272, "Central nervous system leukaemia": 3.3835682029916403, "Chest wall pain": 2.4525859425668703, "Cholangitis infective": 3.3835682029916403, "Cholelithotomy": 2.871924614426224, "Cochlea implant": 3.128382019134514, "Cold compress therapy": 5.2066702776435205, "Compartment syndrome": 2.4916289899257054, "Continuous haemodiafiltration": 2.180122262840876, "Corynebacterium test": 2.4525859425668703, "Corynebacterium test negative": 8.14494839731411, "Corynebacterium test positive": 3.537076511906954, "Coxiella test positive": 3.3835682029916403, "Cryptococcal cutaneous infection": 2.4525859425668703, "Cryptococcus test positive": 2.4525859425668703, "Culture negative": 2.323474985262556, "Culture wound negative": 2.548027334936048, "Cyanosis central": 2.305151890121481, "Cystatin C": 2.1186253833584896, "Debridement": 5.514031507120289, "Dermatoglyphic anomaly": 3.3835682029916403, "Dermo-hypodermitis": 5.935077157824697, "Device failure": 4.699994868602241, "Device loosening": 4.116021924655056, "Dopamine transporter scintigraphy abnormal": 3.3835682029916403, "Drug administered at inappropriate site": 2.094403159981088, "Drug dose omission": 2.386005431665028, "Drug effect decreased": 4.466439723157136, "Drug effect incomplete": 9.81034377026748, "Endophthalmitis": 2.871924614426224, "Eosinophil percentage decreased": 2.96844872487696, "Eosinophilia myalgia syndrome": 2.4525859425668703, "Erysipelas": 5.992548127268488, "Erythema": 5.701991876870065, "Erythroblast count normal": 2.4525859425668703, "Eschar": 2.5411173081123226, "Expired drug administered": 6.498175142773767, "Eye excision": 2.4525859425668703, "Facet joint block": 2.4525859425668703, "Fasciotomy": 2.1186253833584896, "Feeling hot": 2.110122799042026, "Feeling hot and cold": 2.3706059364528014, "Fibrin increased": 2.3706059364528014, "Gamma-glutamyltransferase decreased": 2.5974054054891704, "Gamma-glutamyltransferase normal": 3.224090255432628, "Gastritis atrophic": 3.3835682029916403, "Gastroenteritis eosinophilic": 2.5974054054891704, "Generalised erythema": 2.6545852949888364, "Gingival inflammation": 6.026097705235372, "Granulocyte count increased": 2.139476971231269, "Granulomatous lymphadenitis": 2.5974054054891704, "Heat therapy": 4.56281057722196, "Herpangina": 3.7301293774331623, "Histiocytosis haematophagic": 2.7107417168751904, "Humoral immune defect": 2.3706059364528014, "Hyperaemia": 2.0642179357435166, "Hyperglobulinaemia": 5.381884463364722, "Hypersensitivity": 2.187955647785265, "Hyperthermia": 3.1914950709987457, "Hypokinesia": 4.019193293702311, "Iliac artery disease": 3.3835682029916403, "Immunodeficiency common variable": 20.258056365485515, "Immunoglobulins decreased": 3.231742732876912, "Immunoglobulins normal": 2.4856220061761536, "Inadequate aseptic technique in use of product": 2.305151890121481, "Incisional drainage": 3.403333689007411, "Incorrect product storage": 4.42253857226284, "Incorrect storage of drug": 2.5960455029509477, "Induration": 5.234850556934064, "Inflammation": 2.095968458470808, "Influenza serology negative": 2.3279543345999656, "Infusion site cellulitis": 3.3835682029916403,