{"Choking": 42.36001358696474, "Constipation": 8.5597172573392, "Death": 3.691136948346893, "Dehydration": 6.487475465373406, "Diarrhoea": 8.857438038403677, "Enterovirus test positive": 461.4460801391692, "Faeces discoloured": 23.101088946812062, "Gastroenteritis": 140.82513672743346, "Gastroenteritis norovirus": 2103.088584041706, "Gastroenteritis rotavirus": 310.9297116560469, "Gene sequencing": 96.8158610524234, "Haematochezia": 27.221477589879942, "Immunology test": 45.26640392570248, "Intussusception": 76.30132338886996, "Irritability": 7.963807024042626, "Norovirus test positive": 2391.9796419725844, "Pneumonia": 4.620318798973224, "Polymerase chain reaction": 15.940751410420454, "Polymerase chain reaction positive": 270.32212159886296, "Rotavirus infection": 122.82639672815728, "Rotavirus test positive": 170.789888372232, "Stool analysis": 35.70973718259974, "Stool analysis abnormal": 190.74505190205383, "Ultrasound abdomen abnormal": 41.74127329034842, "Vaccination failure": 3.4623461391508394, "Vomiting": 3.244652317923007}