{"Acid base balance abnormal": 24.196675018434263, "Acne": 6.974357598611343, "Administration site acne": 150.39209527145067, "Administration site cellulitis": 11.684449017274456, "Administration site erythema": 16.16963896750087, "Administration site induration": 11.684449017274456, "Administration site nodule": 15.402176549289718, "Administration site reaction": 5.554162273874674, "Administration site swelling": 2.0163837373954925, "Administration site warmth": 5.377805798079527, "Anorectal disorder": 9.51715662697374, "Application site acne": 109.01417202386986, "Aspiration joint normal": 12.550026935839991, "Bilirubin urine present": 5.377805798079527, "Biopsy lymph gland normal": 6.643452137656784, "Blister rupture": 2.2434192599363274, "Blood HIV RNA": 58.60878278188627, "Blood HIV RNA below assay limit": 9.157766317811404, "Blood HIV RNA increased": 43.90515249305451, "Blood methaemoglobin present": 19.930345269029687, "Bronchitis chronic": 2.437118898067603, "CD4 lymphocytes": 14.80012133089389, "CD4 lymphocytes decreased": 2.2140903023505154, "CD4 lymphocytes increased": 32.007066870063326, "CD4 lymphocytes normal": 8.916729654186069, "CSF lactate dehydrogenase normal": 56.18404503784483, "Chlamydia test negative": 6.870199015910096, "Chlamydial infection": 13.923677713919696, "Coagulation factor V level normal": 8.916729654186069, "Corneal lesion": 10.588911793240827, "Coronavirus test negative": 2.065568939455247, "Cranial nerve paralysis": 4.578263804318051, "Cryotherapy": 7.208971858987256, "Culture tissue specimen negative": 15.402176549289718, "Dependence on respirator": 6.050172384556461, "Discoloured vomit": 2.2434192599363274, "Economic problem": 7.529436641374751, "Ehrlichia test": 4.234835441433185, "Expired product administered": 4.793889052481872, "Exposure to communicable disease": 16.82294004407077, "Exposure via eye contact": 7.499679230299625, "Extra dose administered": 5.551448339188559, "Eye contusion": 4.170982549656337, "Eyelid bleeding": 26.055082208568503, "Eyelid injury": 12.101785409420556, "Eyelid irritation": 2.185518295429, "Fundoscopy normal": 2.0782424631299614, "Furuncle": 2.20956483575485, "Gangrene": 2.799714116896176, "Gastroenteritis sapovirus": 67.18827197655536, "Genital lesion": 4.910085307946858, "Gingival disorder": 4.033142897127581, "Gonorrhoea": 10.930534739926635, "Guttate psoriasis": 21.211815136168436, "HIV test negative": 10.067272986008364, "HIV test positive": 36.120740970753445, "Hemianopia": 2.320257475393229, "High risk sexual behaviour": 33.84881245887448, "Hypertensive emergency": 2.228658294665978, "Immune reconstitution inflammatory syndrome": 19.930345269029687, "Immunisation reaction": 4.356415406615027, "Inappropriate schedule of product administration": 4.930358755867328, "Incisional drainage": 2.45788775103304, "Incomplete course of vaccination": 2.907568874964672, "Incorrect dose administered": 3.9215197782521303, "Incorrect product formulation administered": 2.3445600680601983, "Incorrect route of product administration": 112.50790270226028, "Induration": 3.091711307237172, "Influenza A virus test negative": 2.045737659929879, "Injection": 270.6325522121588, "Injection site bruising": 3.898718898327224, "Injection site discharge": 79.2069590361276, "Injection site discolouration": 8.065961388087858, "Injection site dryness": 6.488337590763135, "Injection site extravasation": 5.471002531447309, "Injection site induration": 3.0281515719206578, "Injection site macule": 4.305343472313441, "Injection site mass": 2.9637302020213627, "Injection site nodule": 3.2827746178668327, "Injection site phlebitis": 26.055082208568503, "Injection site pruritus": 4.369374711356272, "Injection site pustule": 9.51268151647696, "Injection site scab": 4.233096252287366, "Injection site scar": 12.85107694971659, "Injection site swelling": 2.2390653412592108, "Injection site vesicles": 6.049175188766876, "Insurance issue": 9.68115944253105, "Intentional underdose": 89.70114879960207, "Keloid scar": 24.06341393614101, "Limb mass": 2.3727235589991142, "Lipids increased": 7.058754824056348, "Lymphangitis": 4.4012355916740855, "Lymphocytic infiltration": 2.2434192599363274, "Metabolic function test normal": 2.1656064668014903, "Methaemoglobinaemia": 28.222034470430703, "Molluscum contagiosum": 5.944007935439245, "Monkeypox": 1945.9227710815624, "Muscle tightness": 2.028694525558357, "Necrosis": 2.9310336894428906, "Needle issue": 17.844621771431555, "Neisseria test": 3.2574284988683866, "Neurologic neglect syndrome": 5.2123034096030425, "No adverse event": 2.314640292497169, "Nodule": 2.636898949762452, "Nothing by mouth order": 4.033142897127581, "Occupational exposure to product": 5.8565278922169925, "Oropharyngeal discomfort": 2.041165527105264, "Orthopoxvirus test positive": 865.048759196663, "Parasitic blood test negative": 6.643452137656784, "Paronychia": 7.529436641374751, "Percutaneous coronary intervention": 2.6886002048244926, "Periorbital cellulitis": 4.131529172688734, "Pharyngeal haemorrhage": 5.293761445380015, "Pharyngeal lesion": 33.84881245887448, "Pharyngitis streptococcal": 2.590206594527982, "Polymerase chain reaction positive": 3.609194060859183, "Product administered at inappropriate site": 19.00639074757522, "Product administration error": 70.5415186072128, "Product closure issue": 107.19424367068557, "Product colour issue": 22.11489022027848, "Product container issue": 12.351063110094376, "Product leakage": 45.72727910534252, "Product storage error": 8.084865332677014, "Pupil fixed": 3.4134568665932417, "Pustule": 11.487516877296102, "Rectal neoplasm": 109.01417202386986, "Respiratory tract irritation": 2.320257475393229, "Reticulocyte count decreased": 9.157766317811404, "Reticulocyte count increased": 3.226400840927468, "Retrograde amnesia": 5.293761445380015, "Scab": 3.467022084767659, "Scar": 4.03932088130864, "Sensation of blood flow": 3.642778011653761, "Sexually transmitted disease": 10.588911793240827, "Skin culture": 29.05945514434701, "Skin exfoliation": 4.013658832502983, "Skin induration": 2.7067808585585142, "Skin lesion": 3.583351002981968, "Skin mass": 6.879832187646431, "Skin swelling": 4.92147789686547, "Smear site unspecified normal": 3.849788383877497, "Soft tissue swelling": 6.488337590763135, "Substance use": 4.033142897127581, "Superinfection bacterial": 4.982306101968244, "Supine position": 18.97534592970728, "Syphilis": 15.648554702769236, "Syringe issue": 14.162666272096688, "T-lymphocyte count decreased": 2.823048168299077, "Therapeutic response changed": 457.6371438606727, "Throat lesion": 4.910085307946858, "Treatment delayed": 48.24750731872607, "Trendelenburg position": 29.05945514434701, "Treponema test": 2.6213027223482754, "Treponema test false positive": 83.48692987795079, "Treponema test negative": 7.262845889333119, "Treponema test positive": 45.89457118893981, "Underdose": 7.829375710500235, "Urinary casts present": 13.032737058128404, "Vaccination error": 60.0086026260663, "Vaccination site induration": 2.3110992380446884, "Vaccination site macule": 13.032737058128404, "Vaccination site nodule": 2.380073754216051, "Vaccination site scab": 5.554162273874674, "Vaccinia virus infection": 5.293761445380015, "Vein discolouration": 14.25365126038989, "Viral pericarditis": 4.982306101968244, "Viral test": 3.078046161617536, "Viral test negative": 5.788807209003683, "Viral test positive": 3.365701211922548, "Von Willebrand's factor antigen test": 18.823715701536464, "Wall motion score index abnormal": 4.771747691496094, "Wound secretion": 5.384626280526111, "Wrong technique in product usage process": 138.31643100740462}