{"Abscess": 12.293402733267524, "Acanthosis": 2.320563939037213, "Accessory nerve disorder": 4.619781619551351, "Acinetobacter infection": 4.619781619551351, "Acinetobacter test positive": 3.967184398680371, "Activated protein C resistance test positive": 8.963928267775595, "Affect lability": 2.675870875188036, "Amblyopia": 7.878152499491106, "Analgesic effect": 12.36654356122088, "Anaphylactoid reaction": 2.8943545016585053, "Angioneurotic oedema": 2.4584940107829376, "Anorexia": 5.287933525324965, "Anti-aquaporin-4 antibody positive": 2.717438577805694, "Antibiotic resistant Staphylococcus test positive": 4.619781619551351, "Arthropathy": 2.7364440085497805, "Aspergillus test positive": 2.783231237652698, "Atherosclerosis": 3.475088606101142, "Benign neoplasm of skin": 12.36654356122088, "Biopsy lip": 2.783231237652698, "Blood gonadotrophin increased": 8.963928267775595, "Brucella test positive": 18.107134805930677, "Brucellosis": 2.142384547871438, "Calcium metabolism disorder": 3.475088606101142, "Calculus ureteric": 8.963928267775595, "Capillary fragility increased": 3.475088606101142, "Cellulitis": 9.821837119801296, "Chest wall pain": 8.963928267775595, "Cold compress therapy": 3.700833653574601, "Convulsion": 3.368523162141548, "Corynebacterium infection": 3.091087419155822, "Corynebacterium test positive": 8.069943212380075, "Depersonalisation": 5.211303781147634, "Dermatitis exfoliative": 5.648418712070198, "Difficulty in walking": 2.6634547611777077, "ECG signs of ventricular hypertrophy": 12.36654356122088, "Ecchymosis": 10.382603339879578, "Expanded disability status scale score decreased": 8.664364626402502, "Face oedema": 5.265552018116481, "Facial palsy": 3.5036160895199844, "Faecal incontinence": 4.328349336638958, "Feeling hot": 2.394898352634956, "Frustration": 3.894011486535711, "Gaze palsy": 2.090224747834548, "Genital discharge": 3.091087419155822, "Gingivitis ulcerative": 8.664364626402502, "Hepatic neoplasm malignant": 3.091087419155822, "Hepatitis A antigen negative": 3.091087419155822, "Homeopathy": 3.475088606101142, "Hyperkinesia": 3.003240499660899, "Hypersensitivity": 2.1079835955619908, "Hypertonia": 24.26220298980629, "Hypokinesia": 13.235228513600562, "Hyporeflexia": 2.391806409074223, "Hypothermia": 2.380148770974676, "Hypoventilation": 4.8486938447409775, "Incorrect route of drug administration": 2.103623065876137, "Injection site abscess": 26.82522109335196, "Injection site atrophy": 4.082616467026519, "Injection site erythema": 3.326004375360711, "Injection site hypersensitivity": 55.388355468423285, "Injection site induration": 5.897307559111516, "Injection site infection": 2.186841551652396, "Injection site inflammation": 6.256047309517004, "Injection site mass": 21.68854995040593, "Injection site necrosis": 3.06142069387614, "Injection site nodule": 2.0470974855002035, "Injection site oedema": 44.04164903042356, "Injection site pain": 5.237365455952903, "Injection site reaction": 6.433413110426974, "Injection site swelling": 2.178866606660294, "Injection site warmth": 2.830834211760581, "Injury": 9.9705236835037, "Inspiratory capacity": 5.524630647623221, "Joint range of motion decreased": 2.9341801693847347, "Joint sprain": 6.8643234685435015, "Lacrimal disorder": 4.506336588234844, "Laryngospasm": 7.506926793800732, "Local anaesthesia": 3.091087419155822, "Medication error": 6.125238246726404, "Mixed receptive-expressive language disorder": 2.783231237652698, "Multiple chemical sensitivity": 2.142384547871438, "Muscle atrophy": 2.8720031650778832, "Muscle twitching": 2.3977743623740437, "Myasthenic syndrome": 12.442273687516508, "Myeloproliferative disorder": 12.36654356122088, "Myopathy": 3.464418343228054, "Nerve degeneration": 5.374215582856451, "Nerve root lesion": 3.894011486535711, "Neuritis": 5.517485036180768, "Neuropathy": 7.86967548982644, "Nuchal rigidity": 10.183372958082996, "Oedema": 16.277530539507726, "Oedema peripheral": 7.429324000264827, "Open angle glaucoma": 3.475088606101142, "Osteoarthritis": 2.263149225613815, "Pain": 2.0993185408070247, "Parasite blood test positive": 2.320563939037213, "Pharyngitis": 3.7144392489299, "Pharyngolaryngeal pain": 4.159338825046032, "Pitting oedema": 3.091087419155822, "Postpartum depression": 5.524630647623221, "Prostatic specific antigen normal": 2.448392695107072, "Pruritus": 2.7737057229798703, "Radiculitis brachial": 8.691699656377885, "Rash maculo-papular": 3.536762008085575, "Sensation of heaviness": 3.431195654207308, "Serum sickness": 11.80424820683988, "Shoulder pain": 15.416119617131889, "Skin discolouration": 2.019580706159235, "Skin nodule": 49.783711737083244, "Skin striae": 21.637222125148664, "Spasmodic dysphonia": 3.091087419155822, "Stomach discomfort": 2.910820937944908, "Stupor": 8.296485929841262, "Subcutaneous nodule": 16.272199692968005, "Subdural effusion": 2.5309841487831224, "Superficial injury of eye": 2.320563939037213, "Swan ganz catheter placement": 12.36654356122088, "Sweat test abnormal": 3.967184398680371, "Synovectomy": 3.967184398680371, "Tenderness": 3.041634117251787, "Tendon disorder": 3.5590607999887904, "Tetanus": 4.818552229822558, "Tetany": 4.595454760651919, "Thermal burn": 3.03649142061943, "Tongue oedema": 5.200052032325439, "Transaminases abnormal": 2.320563939037213, "Type II hypersensitivity": 3.475088606101142, "Type III immune complex mediated reaction": 5.602304009537691, "Urine glucose false positive": 6.855364009768606, "Urodynamics measurement": 2.510533914666501, "Vasodilatation": 53.83732899420376, "Vasodilation procedure": 38.319991834345934, "Vein pain": 12.36654356122088, "Ventricular flutter": 3.967184398680371, "Violence-related symptom": 2.783231237652698, "Visual disturbance": 3.7663712279561072}