{"Acute polyneuropathy": 113.55713271899792, "Albumin CSF": 65.1679723559706, "Amniotic cavity infection": 86.89498030276663, "Amniotic fluid volume decreased": 177.74598733660963, "Anal incontinence": 22.18828237288443, "Areflexia": 6.004981484416418, "Aura": 12.987920458989583, "Bacterial infection": 2.8368548970970173, "Bacterial test negative": 6.315425616210044, "Blood culture negative": 9.52351905676344, "Blood glucose abnormal": 8.535562273077367, "Blood glucose fluctuation": 15.891921451684922, "Blood pressure fluctuation": 2.7902820861672786, "Blood pressure normal": 13.207323538342823, "Body temperature increased": 2.6269208008182536, "Bordetella test positive": 548.9020052814939, "Borrelia test negative": 17.066176034649974, "Bradyphrenia": 9.92211069717412, "CSF protein increased": 3.777007787065727, "CSF test normal": 7.897527991325938, "Cheilitis": 6.955978271710628, "Coordination abnormal": 2.09832131511193, "Crying": 2.441598612449034, "Cytomegalovirus test": 3.2933397820715555, "Cytomegalovirus test negative": 25.4369855909103, "Death neonatal": 130.3493285392176, "Delirium": 2.122243781960977, "Delivery": 7.043714120715924, "Diabetes mellitus inadequate control": 10.207092787949517, "Diphtheria": 122.20189015855398, "Diplegia": 6.12734344757715, "Disability": 5.56078953354079, "Drug administered to patient of inappropriate age": 6.6632537763503, "Dysphagia": 2.617104903984316, "Electromyogram abnormal": 4.483045601622332, "Eosinophil count normal": 8.010816274215461, "Epstein-Barr virus antibody negative": 17.689783984774046, "Epstein-Barr virus test positive": 22.468499817895363, "Erythema nodosum": 8.195558862235124, "Exposure during pregnancy": 7.433975194972862, "Facial pain": 4.677450880376146, "Foetal exposure during pregnancy": 16.42094500964736, "Foetal growth restriction": 15.637633843808212, "Foetal hypokinesia": 21.48078760098065, "Food intolerance": 11.298656945949764, "Foot deformity": 33.13288145318324, "Forceps delivery": 487.6696830856554, "Gastroenteritis": 3.1173773008288244, "Gingival erosion": 775.1930918532253, "Glossitis": 12.450174975483796, "Guillain-Barre syndrome": 5.812120289656017, "Heart rate normal": 12.332343659685822, "Herpes simplex test negative": 79.92413882687276, "Homeopathy": 487.6696830856554, "Hyporeflexia": 6.834366505324003, "Hypotonia": 4.072960884976959, "Illusion": 16.85098494629342, "Immunology test abnormal": 90.60795454981256, "Infection susceptibility increased": 15.637633843808212, "Injection site paraesthesia": 3.698393227275915, "Libido disorder": 217.22845068070288, "Liver function test normal": 4.79071235557372, "Meconium in amniotic fluid": 217.22845068070288, "Monocyte percentage increased": 6.751737790681264, "Monoparesis": 21.17417883798337, "Muscle fatigue": 2.7053174114899177, "Muscular weakness": 2.533926006548312, "Mycoplasma test negative": 16.15461580315741, "Nerve conduction studies abnormal": 8.62977740753106, "Neurodermatitis": 24.434685718354277, "Neurological examination abnormal": 6.603468848772818, "Neutrophil count decreased": 6.387662968792979, "Odynophagia": 3.769723170890724, "Paraneoplastic syndrome": 325.6731884007698, "Paraparesis": 7.680299691586043, "Paresis": 5.923093168138638, "Pertussis": 314.57440054460693, "Placental disorder": 37.23560204251493, "Plasmapheresis": 8.027266180859923, "Plethysmography": 71.09341389212392, "Poliovirus test negative": 961.834356326392, "Polymerase chain reaction positive": 13.907008895287335, "Premature rupture of membranes": 26.4160825526862, "Psoriasis": 2.1863390464520664, "Pulse abnormal": 4.960944581320606, "Quadriplegia": 16.635850920405012, "Renal function test normal": 7.961868602613685, "Rubella antibody negative": 10.889493833420934, "Sciatica": 3.481030913303334, "Sensory loss": 6.828435761392551, "Speech disorder": 2.430922418911107, "Staring": 14.654862512700904, "Stevens-Johnson syndrome": 12.293560631295216, "Stillbirth": 15.271103007275908, "Stomatitis": 2.374956045769084, "Stool analysis normal": 10.739905812349733, "Sudden hearing loss": 2.232538582027518, "Suicidal ideation": 4.194431951028679, "Tongue paralysis": 24.28290284688621, "Tumour marker decreased": 775.1930918532253, "Ultrasound antenatal screen abnormal": 11.169523116767635, "Urinary incontinence": 5.328394341237972, "Vaccination failure": 3.4438685104381945, "Varicella virus test negative": 10.889493833420934, "Vitamin B complex deficiency": 260.63446942418403, "Vitamin D decreased": 11.1376995593415, "Wrong drug administered": 3.5984276987490404}