{"Abscess": 4.765528194942736, "Activities of daily living impaired": 2.3832210737659247, "Affect lability": 2.002696913694736, "Alcohol poisoning": 2.942765938520365, "Allergic reaction to excipient": 3.070738845036792, "Allergy to vaccine": 49.57774785964817, "Amblyopia": 3.5754993717696117, "Anaphylactic reaction": 2.224387875950646, "Anaphylactoid reaction": 2.4006995043854324, "Angiotensin converting enzyme decreased": 6.141964863397942, "Anti-aquaporin-4 antibody negative": 2.077102473950536, "Apallic syndrome": 3.363251385753067, "Apparent death": 3.363251385753067, "Application site oedema": 6.141964863397942, "Arthropathy": 3.6624460601771713, "Arthroscopy": 3.817836168655553, "Autoimmune hypothyroidism": 6.421110596978672, "Autoimmune myositis": 2.5681609422714025, "Autoimmune thyroid disorder": 4.154763390029968, "Bartonella test negative": 3.2103466502661884, "Biopsy muscle": 3.0504076605712087, "Biopsy muscle abnormal": 2.9088486519629018, "Blood creatine phosphokinase increased": 2.7095289593273173, "Brain damage": 15.672354146931555, "Brain stem auditory evoked response normal": 3.070738845036792, "Brucella test negative": 4.708811931858029, "CD4/CD8 ratio": 2.2419847392878225, "CSF lymphocyte count abnormal": 3.817836168655553, "Carcinoembryonic antigen normal": 10.862281625077385, "Cast application": 6.421110596978672, "Cellulitis": 4.49442555391054, "Central nervous system neoplasm": 8.82781061419323, "Chondropathy": 3.285020948480736, "Circadian rhythm sleep disorder": 2.7696278161203405, "Clostridium test positive": 4.8975068160243325, "Cold compress therapy": 4.422403142861108, "Cold urticaria": 2.478032206749338, "Complement factor C3 decreased": 3.2103466502661884, "Congenital rubella infection": 28.010725695400392, "Coordination abnormal": 2.906711468236751, "Cytomegalovirus antibody negative": 4.556897193762734, "Cytomegalovirus serology": 23.423039952082025, "Deafness permanent": 4.154763390029968, "Drain placement": 2.315507064298393, "Drug abuse": 4.556897193762734, "Drug hypersensitivity": 3.2823131201090554, "Drug withdrawal syndrome": 2.077102473950536, "Dysmetria": 2.39401462240186, "Dystonia": 5.3005416542475245, "Ecchymosis": 5.502880230500476, "Extensor plantar response": 3.0690772161986684, "Face oedema": 3.406940480641515, "Facial palsy": 4.893601795466306, "Fat necrosis": 5.433298477291194, "Fear of needles": 11.765680300140618, "Feeling hot": 2.1839877404753896, "Gait spastic": 8.82781061419323, "Gastric atony": 23.423039952082025, "Gastric ulcer haemorrhage": 4.154763390029968, "Glucose tolerance decreased": 28.010725695400392, "Grand mal convulsion": 3.1798104540888463, "Guillain-Barre syndrome": 2.4758802494988195, "Hair metal test abnormal": 2.5681609422714025, "Heat rash": 4.036036919977899, "Histiocytosis": 10.087515249256452, "Hypermagnesaemia": 23.423039952082025, "Hypersensitivity": 3.286209611775261, "Hypertonia": 13.277807054139007, "Hypokinesia": 10.222819437402242, "Hypometabolism": 6.726821498666475, "Hyporeflexia": 5.895073172427206, "Immunosuppressant drug therapy": 2.942765938520365, "Incorrect route of drug administration": 2.502841148237448, "Injection site abscess": 12.30374349107519, "Injection site abscess sterile": 3.7173488412034823, "Injection site atrophy": 2.52762765254058, "Injection site cyst": 2.2419847392878225, "Injection site erythema": 2.285500294156724, "Injection site hypersensitivity": 26.021292517986023, "Injection site induration": 3.964495743465885, "Injection site infection": 2.181492597309273, "Injection site inflammation": 3.959433070857108, "Injection site mass": 13.256927478162584, "Injection site nodule": 3.0042372222384333, "Injection site oedema": 23.17559665265926, "Injection site pain": 3.281039921033452, "Injection site reaction": 4.714729507669475, "Injury": 7.691912019476942, "Intentional overdose": 16.497490298676716, "Irritability postvaccinal": 2.7696278161203405, "Jaw disorder": 2.361014352884771, "Job dissatisfaction": 4.4144757442533775, "Joint range of motion decreased": 3.63262848200728, "Joint range of motion measurement": 5.433298477291194, "Joint stabilisation": 7.434689034490952, "Knee operation": 2.478032206749338, "Kounis syndrome": 15.672354146931555, "Laboratory test abnormal": 2.002053761118763, "Labour induction": 2.2419847392878225, "Laryngeal pain": 2.6157291934973257, "Legal problem": 28.010725695400392, "Lesion excision": 7.8475408666058195, "Lymphangitis": 2.339120166055264, "Lymphoid tissue hyperplasia": 15.972180373656142, "Macrophages decreased": 34.75766187038199, "Magnetic resonance neurography": 4.280684895816888, "Medical device complication": 2.5681609422714025, "Medication error": 3.689402369995174, "Microbiology test normal": 2.942765938520365, "Multiple chemical sensitivity": 10.862281625077385, "Muscle atrophy": 3.719456238695048, "Musculoskeletal pain": 2.4714497389241696, "Myasthenic syndrome": 17.777795615648785, "Myelitis": 2.0573670347104107, "Myofascitis": 3.152532406502581, "Myokymia": 2.5681609422714025, "Myopathy": 3.102123955725562, "Myosclerosis": 2.690360143556134, "Nail pitting": 23.423039952082025, "Necrosis": 2.103508752379629, "Nephritis": 7.1010638483459365, "Nephritis interstitial": 28.010725695400392, "Nerve conduction studies": 3.3043840183013327, "Nerve conduction studies abnormal": 2.1475157003880208, "Neuritis": 3.6404321302670817, "Neurodermatitis": 3.146098047497968, "Neuropathy": 12.11416953946416, "Nosocomial infection": 4.871201543928248, "Nuchal rigidity": 4.748604534891938, "Nuclear magnetic resonance imaging abnormal": 3.581744783301082, "Oedema": 11.740313693178374, "Oedema peripheral": 5.382028267559648, "Oesophagostomy": 62.699247935873416, "Oligohydramnios": 2.6650926861910813, "Open wound": 11.765680300140618, "Opisthotonus": 4.278938387623759, "Oral intake reduced": 2.361014352884771, "Organic brain syndrome": 5.886067533508664, "Orthosis user": 5.096609495964213, "Osteoarthritis": 2.350333592205316, "Pallanaesthesia": 10.862281625077385, "Pallor": 2.4374236154074147, "Paraesthesia mucosal": 7.063076241473806, "Paralysis": 2.1464333252745003, "Paresis": 2.287589819628323, "Patent ductus arteriosus": 8.308891946574224, "Periodic limb movement disorder": 20.11428927173297, "Peripheral nerve paresis": 5.433298477291194, "Pharyngitis": 2.528248499113237, "Pharyngolaryngeal pain": 2.283031503188972, "Pleural disorder": 2.942765938520365, "Positron emission tomogram normal": 2.108109923350882, "Post vaccination autoinoculation": 2.6157291934973257, "Product intolerance": 14.111476680030696, "Product packaging quantity issue": 12.72933107291616, "Prosopagnosia": 6.141964863397942, "Protein total increased": 2.0435036100970145, "Pruritus": 2.218829793766505, "Pseudolymphoma": 4.154763390029968, "Pyoderma": 10.862281625077385, "Pyramidal tract syndrome": 2.522291755921529, "Quadriparesis": 2.157818921352141, "Quadriplegia": 2.1394065863666345, "Radiculitis brachial": 11.737441858518038, "Radiculopathy": 6.792403682780173, "Radioisotope scan abnormal": 7.8475408666058195, "Reflex test normal": 2.0177457079474563, "Removal of foreign body": 20.11428927173297, "Renal failure acute": 3.5718831685194496, "Risus sardonicus": 62.699247935873416, "Rotator cuff repair": 3.622014732261604, "Scan lymph nodes": 5.886067533508664, "Sedative therapy": 4.556897193762734, "Serum sickness": 4.967390594129605, "Shoulder pain": 22.90143396461549, "Skeletal injury": 2.4352990342238474, "Skin hyperplasia": 141.2088495955039, "Skin nodule": 22.88348635923136, "Skin plaque": 3.005993315716028, "Small for dates baby": 3.7173488412034823, "Somatic hallucination": 34.75766187038199, "Stomach discomfort": 3.518442630341625, "Stress ulcer": 62.699247935873416, "Stress urinary incontinence": 5.650631669588146, "Subcutaneous nodule": 8.037272976027538, "Swelling": 2.1692729957920696, "Syncope vasovagal": 4.098163014244953, "T-cell prolymphocytic leukaemia": 45.448183087266,