{"Abasia": 2.2160737583867, "Abnormal behaviour": 2.25937729283886, "Abnormal labour": 6.620273713352728, "Abnormal product of conception": 3.138749308768541, "Abortion": 11.585483940301016, "Abscess bacterial": 2.9683818286311943, "Accidental exposure": 3.345433832305678, "Accidental overdose": 2.064882745739916, "Acne": 2.3268012780374736, "Acrodermatitis": 2.2751279933218287, "Acute graft versus host disease in intestine": 2.2751279933218287, "Acute graft versus host disease in skin": 2.2751279933218287, "Acute lymphocytic leukaemia": 2.193878284852563, "Anal spasm": 2.2751279933218287, "Anti factor VIII antibody negative": 5.590073578754251, "Anti factor VIII antibody positive": 2.1990775855369264, "Antibody test abnormal": 2.6925916178715785, "Antibody test negative": 14.670226551425872, "Antiviral prophylaxis": 6.868483006534843, "Aphthous stomatitis": 2.6751713035239155, "Application site vesicles": 3.0903112767587877, "Arthropod bite": 2.2802933868037987, "Attention deficit/hyperactivity disorder": 2.257350509624909, "Auricular swelling": 3.06226439154244, "Autism": 2.040826650321083, "Balanitis": 2.236817079120494, "Blister": 6.744892836973926, "Blood HIV RNA decreased": 2.2751279933218287, "Blood group A": 2.905588078890394, "Blood human chorionic gonadotropin positive": 3.524919331649742, "Blood immunoglobulin G abnormal": 2.694456909723413, "Blood immunoglobulin G decreased": 2.1221649197117207, "Blood immunoglobulin M increased": 2.430526929647674, "Blood lead": 3.4422554541590293, "Blood lead normal": 3.314089552185989, "Blood pressure": 3.5861566697062126, "Bone marrow granuloma": 3.138749308768541, "Bullous impetigo": 3.540321387768305, "CD4 lymphocytes decreased": 2.917417363970548, "CD4 lymphocytes normal": 2.9683818286311943, "CSF monocyte count negative": 2.4636708122577087, "CSF virus identified": 3.5241918032874024, "Candida pneumonia": 2.2751279933218287, "Candidiasis": 3.2486146246776904, "Cellulitis": 2.3025609264789706, "Central nervous system neoplasm": 2.21842901588356, "Cerebellar ataxia": 8.435387025445857, "Cold compress therapy": 6.303474234180279, "Colitis collagenous": 3.138749308768541, "Congenital HIV infection": 3.138749308768541, "Congenital tongue anomaly": 2.2751279933218287, "Contraindicated product administered": 2.810603574480991, "Coordination abnormal": 2.2348038749380565, "Corneal decompensation": 3.138749308768541, "Croup infectious": 3.0352699997396595, "Culture throat negative": 2.3691453683354804, "Culture throat positive": 2.46782014645462, "Culture wound": 2.0443577108772875, "Culture wound negative": 3.1613077238547067, "Cytomegalovirus oesophagitis": 3.138749308768541, "Dacryostenosis congenital": 2.2751279933218287, "Decreased eye contact": 2.004495851763796, "Delayed delivery": 2.1990775855369264, "Dermatitis bullous": 56.28150840989671, "Dermatitis diaper": 2.598664215136389, "Device temperature issue": 2.2751279933218287, "Diabetes mellitus insulin-dependent": 3.281143046409911, "Disseminated varicella": 5.394977141198614, "Disseminated varicella zoster vaccine virus infection": 15.71878072968705, "Disseminated varicella zoster virus infection": 2.213359128289371, "Drooling": 2.197635038159713, "Drug exposure before pregnancy": 2.218670420046404, "Drug exposure during pregnancy": 2.493647705224176, "Drug ineffective": 4.050524314695282, "Drug label confusion": 3.3761618587654194, "Ear infection": 2.0312332576650816, "Electrocardiogram Q waves normal": 3.138749308768541, "Encephalitis haemorrhagic": 2.2751279933218287, "Encephalitis lethargica": 2.2751279933218287, "Encephalitis post varicella": 3.138749308768541, "End stage AIDS": 3.138749308768541, "Erb's palsy": 3.138749308768541, "Erythema": 2.461541204080739, "Erythema infectiosum": 3.1260137135905643, "Erythema multiforme": 2.698093732015101, "Excessive eye blinking": 2.299795780220441, "Excessive ocular convergence": 2.022376571617666, "Excoriation": 5.507873638658315, "Expired drug administered": 2.3398930537822022, "Exposure during pregnancy": 2.19313950626814, "Exposure to communicable disease": 12.490409788027714, "Exposure to vaccinated person": 3.3089801932492007, "Exposure via eye contact": 3.5838900991843854, "Extra dose administered": 2.028231736249886, "Eye oedema": 2.4001767980860307, "Eyelid oedema": 2.526826843265359, "Failed induction of labour": 3.300073318675675, "Fear of needles": 3.018272246273716, "Febrile convulsion": 3.378312221651969, "Foetal disorder": 3.492215401639496, "Foetal haemoglobin increased": 2.2751279933218287, "Gianotti-Crosti syndrome": 3.2390017159119378, "Graft versus host disease in skin": 2.2751279933218287, "HIV antibody positive": 3.8181997957652873, "HIV antigen positive": 7.068753735089947, "Haemoglobin electrophoresis abnormal": 2.2751279933218287, "Hand-foot-and-mouth disease": 5.286920225116596, "Head banging": 2.228098074214261, "Heat rash": 2.5154332102631303, "Heat therapy": 3.591109953972409, "Hepatoblastoma": 3.138749308768541, "Herpes simplex serology": 2.239986542531001, "Herpes simplex serology negative": 2.092422519835216, "Herpes simplex serology positive": 2.1881518847950803, "Herpes zoster": 2.5508918308472954, "Herpes zoster disseminated": 3.5877163649243724, "Herpes zoster meningitis": 3.8114794460885126, "Herpes zoster ophthalmic": 3.3152501048182343, "Human chorionic gonadotropin positive": 4.448705549453302, "Human herpesvirus 6 infection": 2.1339590784897084, "Hyperparathyroidism primary": 2.5952580687943287, "Hypoglobulinaemia": 2.409466734038655, "Hypolipidaemia": 3.138749308768541, "Idiopathic thrombocytopenic purpura": 3.4428664816097254, "Impetigo": 4.424922315897386, "In vitro fertilisation": 2.138358136187269, "Inappropriate schedule of drug administration": 2.118653874372858, "Incorrect product storage": 9.793256971065198, "Incorrect route of drug administration": 2.9651265898053927, "Incorrect route of product administration": 2.007718468555802, "Incorrect storage of drug": 8.64221678925247, "Induration": 3.9055705844508, "Infection": 20.92424468968288, "Infection transmission via personal contact": 23.813613712284923, "Infectious disease carrier": 3.8944038111516632, "Infusion site cellulitis": 3.138749308768541, "Injection site cellulitis": 4.319893162172723, "Injection site discharge": 2.736374680990767, "Injection site discolouration": 2.03035732092686, "Injection site erythema": 3.159573521865491, "Injection site haematoma": 2.019063059496439, "Injection site induration": 3.5282362797310984, "Injection site infection": 2.1985913659930167, "Injection site irritation": 2.13482458883634, "Injection site macule": 4.123613002593295, "Injection site nodule": 2.061861142741428, "Injection site papule": 6.993930232820666, "Injection site pruritus": 2.111114646901004, "Injection site pustule": 3.4377715259269475, "Injection site rash": 2.499287612357993, "Injection site reaction": 2.1649706214429387, "Injection site scab": 3.1115905886627004, "Injection site swelling": 2.8731279859318746, "Injection site urticaria": 4.340562311433456, "Injection site vesicles": 7.265489764959037, "Injection site warmth": 2.9524096962585853, "Irritability": 2.581207756303014, "Joint tuberculosis": 3.138749308768541, "Laboratory test abnormal": 2.253497650494251, "Lichen striatus": 2.741679085717716, "Linear IgA disease": 3.434674919509904, "Local reaction": 4.223866650626518, "Local swelling": 2.01415508677134, "Lymphocytic leukaemia": 2.5952580687943287, "Lymphohistiocytosis": 2.664122822607748, "Macule": 3.7980285309019406, "Measles": 3.2174016269584054, "Measles antibody": 3.142505854467293, "Measles antibody negative": 2.974632566559841, "Measles antibody positive": 3.258660370516014, "Measles post vaccine": 3.138641134582988, "Meconium stain": 4.595731090812924, "Meningoencephalitis viral": 3.1473264775456635, "Methicillin-resistant staphylococcal aureus test positive": 2.741679085717716, "Mitochondrial DNA mutation": 2.664122822607748,