{"013M20A": 17.038832484730225, "033F21A": 70.79089798669025, "036B21A": 47.12771746753064, "043A21A": 13.537647182421347, "043B21A": 36.59730666143688, "1805018": 19.13460200111807, "1805025": 27.31198646296025, "205A21A": 19.35382698099491, "EL3246": 18.66931614512017, "EL9266": 32.8307623125501, "ER8727": 18.42673720991561, "ER8729": 18.75601409159537, "ER8732": 33.101531564447164, "ER8734": 19.412459490740744, "EW0150": 16.498292490896564, "EW0168": 31.166119092697777, "GH9703": 49.38702233980012, "UNKNOWN": 0.879545035068291}