{"COVID19": 3.67294512879984, "COVID19-2": 0.0900342929288119, "FLU4": 0.0928595035756964, "FLUN3": 0.6526848541811711, "PNC13": 0.1893811201247003, "PPV": 0.0645870724147752}