{"COVID19": 2.8599045575325155, "COVID19-2": 0.5115655453268859, "MENB": 1.424771336365671, "PNC13": 0.117916260829791, "PPV": 0.070878154643162, "UNK": 0.4685051110773088, "VARZOS": 0.0483742844885519, "YF": 0.967762690577132}